origin_vert,dest_vert,hour,origin_coord,dest_coord,tnc_time_min,tnc_cost,tnc_buffer_time,tnc_buffer_cost,tnc_buffer_distance_mi,flight_time_min,uam_total_cost,uam_total_time,tnc_avg_time,utility_uam,utility_tnc,Puam,Ptnc
LAX,ANH,9,"(33.94417072663332, -118.40248449470265)","(33.84464405194965, -117.90546271033686)",38.1,77,11.883333333333333,5.915838277874,2.3663353111496,15,92.915838277874,39.38333333333333,52,-11.260750494454067,-10.3,0.2767279585469868,0.7232720414530132
LAX,PSD,12,"(33.94417072663332, -118.40248449470265)","(34.13053110459639, -118.53647997155251)",45.5,57,53.18333333333333,7.591728158707016,3.0366912634828065,10,46.591728158707014,75.68333333333334,47,-8.443339482537368,-8.05,0.4029136474171832,0.5970863525828168
LAX,HWD,0,"(33.94417072663332, -118.40248449470265)","(34.11748516918767, -118.26585663481808)",35.916666666666664,57,19.85,9.855084532730046,3.9420338130920185,10,42.85508453273005,42.35,45,-6.403008453273005,-7.95,0.8244787929006792,0.17552120709932084
LAX,UVS,9,"(33.94417072663332, -118.40248449470265)","(34.115735421811245, -118.35164350193766)",42.85,57,15.65,3.9423682608036605,1.5769473043214641,10,45.94236826080366,38.15,45,-6.501736826080366,-7.95,0.8097309908368521,0.1902690091631479
LAX,PSD,10,"(33.94417072663332, -118.40248449470265)","(34.12113977887095, -118.59268041060758)",47.166666666666664,57,31.683333333333334,8.29330815431576,3.317323261726304,10,47.29330815431576,54.18333333333334,47,-7.438497482098244,-8.05,0.6482834704926304,0.3517165295073696
LAX,BVH,9,"(33.94417072663332, -118.40248449470265)","(34.10840191798023, -118.3861991291978)",44.45,45,23.516666666666666,8.049845999093224,3.2199383996372895,10,33.54984599909322,46.016666666666666,29,-5.6558179332426555,-5.95,0.5730196624465743,0.4269803375534256
LAX,ANH,11,"(33.94417072663332, -118.40248449470265)","(33.782190076964525, -117.89340427696884)",40.68333333333333,77,10.283333333333333,6.348213407112659,2.5392853628450633,15,93.34821340711265,37.78333333333333,52,-11.223988007377931,-10.3,0.2841460076488202,0.7158539923511797
LAX,BVH,12,"(33.94417072663332, -118.40248449470265)","(34.11412713483153, -118.44519667464071)",31.416666666666668,45,11.7,9.502524267983711,3.8010097071934843,10,35.00252426798371,34.2,29,-5.210252426798371,-5.95,0.6769406549818019,0.32305934501819816
LAX,LGB,4,"(33.94417072663332, -118.40248449470265)","(33.782144544263645, -118.14176472852336)",28.05,62,8.766666666666667,5.99072890485136,2.396291561940544,15,56.99072890485136,36.266666666666666,34,-7.51240622381847,-7.9,0.5957033159481707,0.4042966840518292
LAX,BVH,17,"(33.94417072663332, -118.40248449470265)","(34.07483711423171, -118.40851921680043)",30.433333333333334,45,3.5166666666666666,1.468146028109473,0.5872584112437892,10,26.968146028109473,26.016666666666666,29,-3.997647936144281,-5.95,0.8757028840309496,0.12429711596905037
LAX,ANH,8,"(33.94417072663332, -118.40248449470265)","(33.78570585270341, -117.87310430944889)",41.38333333333333,77,10.15,8.025600653298815,3.210240261319526,15,95.02560065329881,37.65,52,-11.385060065329881,-10.3,0.2525496411798688,0.7474503588201312
LAX,WDHL,11,"(33.94417072663332, -118.40248449470265)","(34.195564972957264, -118.56461240990397)",39.7,78,10.083333333333334,7.19286646521609,2.877146586086436,15,67.19286646521608,37.583333333333336,48,-8.598453313188276,-10.200000000000001,0.8322344449517267,0.16776555504827323
LAX,LGB,11,"(33.94417072663332, -118.40248449470265)","(33.77146945981807, -118.1005412837366)",29.966666666666665,62,11.533333333333333,10.58419841777074,4.233679367108296,15,61.584198417770736,39.03333333333333,34,-8.110086508443741,-7.9,0.44767070010880416,0.5523292998911958
LAX,LGB,12,"(33.94417072663332, -118.40248449470265)","(33.801028786504816, -118.1276505321645)",24.533333333333335,62,6.1,4.259731116349053,1.7038924465396212,15,55.25973111634905,33.6,34,-7.205973111634906,-7.9,0.6668621286191936,0.3331378713808065
LAX,ANH,7,"(33.94417072663332, -118.40248449470265)","(33.80182572415404, -117.88331700068619)",43.8,77,12.333333333333334,5.432762382913285,2.173104953165314,15,92.43276238291328,39.833333333333336,52,-11.234942904957995,-10.3,0.28192298313090497,0.7180770168690951
LAX,HWD,14,"(33.94417072663332, -118.40248449470265)","(34.06020243182826, -118.33746032956003)",29.716666666666665,57,10.683333333333334,5.628887006522424,2.2515548026089696,10,38.628887006522426,33.18333333333334,45,-5.5220553673189094,-7.95,0.9189335506345391,0.08106644936546102
LAX,DTLA,10,"(33.94417072663332, -118.40248449470265)","(34.00423886219792, -118.26249105256433)",21.466666666666665,50,11.65,6.734381190181599,2.69375247607264,10,36.7343811901816,34.15,35,-5.38093811901816,-6.75,0.7972285440435763,0.20277145595642365
LAX,DTLA,8,"(33.94417072663332, -118.40248449470265)","(34.024292116489015, -118.20528792774194)",29.25,50,11.366666666666667,9.463828283434022,3.785531313373609,10,39.463828283434026,33.86666666666667,35,-5.639716161676736,-6.75,0.752182023889823,0.24781797611017703
LAX,UVS,8,"(33.94417072663332, -118.40248449470265)","(34.13811295954259, -118.38300436044716)",37.083333333333336,57,9.933333333333334,3.996888132218834,1.5987552528875335,10,45.996888132218835,32.43333333333334,45,-6.221355479888551,-7.95,0.8492389573903911,0.15076104260960893
LAX,DTLA,4,"(33.94417072663332, -118.40248449470265)","(34.09837904801702, -118.27970884338738)",38.21666666666667,50,17.283333333333335,9.687763738457031,3.875105495382812,10,39.68776373845703,39.78333333333333,35,-5.95794304051237,-6.75,0.688272828938246,0.3117271710617539
LAX,BVH,3,"(33.94417072663332, -118.40248449470265)","(34.07720800916306, -118.38658306778503)",33.45,45,6.533333333333333,3.999580413101894,1.5998321652407577,10,29.499580413101896,29.03333333333333,29,-4.401624707976856,-5.95,0.8246789496420092,0.17532105035799087
LAX,BVH,8,"(33.94417072663332, -118.40248449470265)","(34.11730505792231, -118.46216824732667)",29.683333333333334,45,19.633333333333333,11.358872788350055,4.5435491153400225,10,36.858872788350055,42.13333333333333,29,-5.792553945501673,-5.95,0.5392804027865599,0.4607195972134402
LAX,DTLA,7,"(33.94417072663332, -118.40248449470265)","(34.047924905175854, -118.23986629916485)",31.166666666666668,50,11.916666666666666,4.015691068275958,1.6062764273103831,10,34.015691068275956,34.416666666666664,35,-5.122402440160929,-6.75,0.8358402627068132,0.16415973729318684
LAX,DTLA,15,"(33.94417072663332, -118.40248449470265)","(34.06931710286196, -118.21169629691717)",30.5,50,12.616666666666667,9.15874846432118,3.663499385728472,10,39.15874846432118,35.11666666666667,35,-5.671708179765451,-6.75,0.7461705900874425,0.25382940991255754
LAX,ANH,9,"(33.94417072663332, -118.40248449470265)","(33.78964960094346, -117.92098504110183)",42.266666666666666,77,8.416666666666666,3.899016388632013,1.5596065554528051,15,90.899016388632,35.916666666666664,52,-10.885734972196534,-10.3,0.3576140469795106,0.6423859530204893
LAX,ANH,8,"(33.94417072663332, -118.40248449470265)","(33.83681659932064, -117.9556427461899)",36.666666666666664,77,10.45,6.765282741051437,2.706113096420575,15,93.76528274105144,37.95,52,-11.274028274105145,-10.3,0.2740783102813534,0.7259216897186466
LAX,UVS,8,"(33.94417072663332, -118.40248449470265)","(34.1667415992138, -118.32416210847207)",40.333333333333336,57,11.966666666666667,6.591948260506949,2.6367793042027796,10,48.591948260506946,34.46666666666667,45,-6.582528159384029,-7.95,0.7969713842810728,0.2030286157189271
LAX,BVH,7,"(33.94417072663332, -118.40248449470265)","(34.05133239871334, -118.44429778912675)",20.15,45,8.683333333333334,5.403354716328883,2.1613418865315532,10,30.903354716328884,31.183333333333334,29,-4.649502138299556,-5.95,0.7859187604277,0.21408123957229994
LAX,ANH,4,"(33.94417072663332, -118.40248449470265)","(33.82056442284083, -117.8815025323055)",41.36666666666667,77,10.316666666666666,5.578350156606074,2.23134006264243,15,92.57835015660608,37.81666666666666,52,-11.148668348993942,-10.3,0.29971227630202957,0.7002877236979704
LAX,BVH,14,"(33.94417072663332, -118.40248449470265)","(34.05190875396373, -118.42617432629851)",24.35,45,6.716666666666667,3.3071726845457103,1.3228690738182842,10,28.807172684545712,29.21666666666667,29,-4.341550601787905,-5.95,0.8331959944487581,0.16680400555124184
LAX,LGB,14,"(33.94417072663332, -118.40248449470265)","(33.792271955921706, -118.17597530236402)",25.533333333333335,62,9.4,5.423273357355098,2.1693093429420394,15,56.4232733573551,36.9,34,-7.48732733573551,-7.9,0.601728560125046,0.3982714398749539
LAX,WDHL,1,"(33.94417072663332, -118.40248449470265)","(34.1839906840433, -118.66390888009764)",43.333333333333336,78,8.416666666666666,8.687574704451457,3.475029881780583,15,68.68757470445146,35.916666666666664,48,-8.66459080377848,-10.200000000000001,0.8227963661370543,0.17720363386294566
LAX,PSD,8,"(33.94417072663332, -118.40248449470265)","(34.08408726371031, -118.54466563017188)",40.86666666666667,57,1.4666666666666666,1.0977131330235599,0.439085253209424,10,40.09771313302356,23.966666666666665,47,-5.2081046466356895,-8.05,0.9448982281176468,0.055101771882353295
LAX,WDHL,7,"(33.94417072663332, -118.40248449470265)","(34.17364048684784, -118.56744059622993)",35.516666666666666,78,5.15,5.437065426199995,2.174826170479998,15,65.4370654262,32.65,48,-8.17620654262,-10.200000000000001,0.8832726913424785,0.11672730865752143
LAX,ANH,9,"(33.94417072663332, -118.40248449470265)","(33.851870959165794, -117.96162484918814)",34.9,77,11.0,9.181147868212504,3.6724591472850014,15,96.1811478682125,38.5,52,-11.543114786821253,-10.3,0.2238942773999118,0.7761057226000881
LAX,HWD,13,"(33.94417072663332, -118.40248449470265)","(34.08001527112134, -118.33656249907814)",34.71666666666667,57,6.316666666666666,2.4220911441547193,0.9688364576618878,10,35.42209114415472,28.816666666666666,45,-4.983042447748806,-7.95,0.9510588576936042,0.048941142306395805
LAX,LGB,12,"(33.94417072663332, -118.40248449470265)","(33.86964677635753, -118.10432633571622)",28.916666666666668,62,18.566666666666666,11.439717984452873,4.575887193781149,15,62.43971798445287,46.06666666666666,34,-8.54730513177862,-7.9,0.3435970764171517,0.6564029235828482
LAX,ANH,7,"(33.94417072663332, -118.40248449470265)","(33.86035683193269, -117.92702191083471)",38.65,77,14.816666666666666,8.375162627827304,3.350065051130922,15,95.37516262782731,42.31666666666666,52,-11.653349596116064,-10.3,0.20532329333062216,0.7946767066693778
LAX,WDHL,3,"(33.94417072663332, -118.40248449470265)","(34.15436273827931, -118.5691428681825)",38.916666666666664,78,7.583333333333333,5.921752828580456,2.3687011314321826,15,65.92175282858045,35.083333333333336,48,-8.346341949524712,-10.200000000000001,0.8645560282071911,0.13544397179280893
LAX,HWD,19,"(33.94417072663332, -118.40248449470265)","(34.04469191886903, -118.35365787468017)",24.216666666666665,57,17.7,8.948424246060133,3.579369698424053,10,41.948424246060135,40.2,45,-6.204842424606014,-7.95,0.8513409891847358,0.14865901081526425
LAX,ANH,10,"(33.94417072663332, -118.40248449470265)","(33.76558818648626, -117.92014748332365)",37.06666666666667,77,14.083333333333334,8.03594178312826,3.214376713251304,15,95.03594178312827,41.583333333333336,52,-11.582760844979495,-10.3,0.21708063316590268,0.7829193668340974
LAX,DTLA,17,"(33.94417072663332, -118.40248449470265)","(34.06048440764718, -118.33049761714724)",30.883333333333333,50,17.416666666666668,9.550611816614122,3.8202447266456487,10,39.55061181661412,39.91666666666667,35,-5.950894514994745,-6.75,0.6897831031875001,0.3102168968124998
LAX,UVS,10,"(33.94417072663332, -118.40248449470265)","(34.12389430548277, -118.337480920827)",38.233333333333334,57,11.716666666666667,3.557730175732888,1.4230920702931553,10,45.557730175732885,34.21666666666667,45,-6.266606350906622,-7.95,0.8433533834313041,0.156646616568696
LAX,LGB,11,"(33.94417072663332, -118.40248449470265)","(33.8259513753831, -118.08977825165161)",30.266666666666666,62,14.466666666666667,8.999683959789373,3.599873583915749,15,59.99968395978937,41.96666666666667,34,-8.098301729312272,-7.9,0.4505863883045631,0.5494136116954369
LAX,UVS,7,"(33.94417072663332, -118.40248449470265)","(34.191903343070884, -118.29832984590594)",44.2,57,19.85,12.28995610419734,4.915982441678937,10,54.289956104197344,42.35,45,-7.5464956104197345,-7.95,0.599529335420014,0.4004706645799861
LAX,ANH,11,"(33.94417072663332, -118.40248449470265)","(33.797985278958954, -117.98331228657243)",38.93333333333333,77,15.316666666666666,9.573264676699251,3.8293058706797005,15,96.57326467669925,42.81666666666666,52,-11.798159801003258,-10.3,0.18270014336806348,0.8172998566319366
LAX,PSD,3,"(33.94417072663332, -118.40248449470265)","(34.06708756656959, -118.50235433912836)",29.916666666666668,57,26.033333333333335,7.810459393599201,3.1241837574396802,10,46.8104593935992,48.53333333333333,47,-7.107712606026587,-8.05,0.7195614686939942,0.2804385313060058
LAX,LGB,8,"(33.94417072663332, -118.40248449470265)","(33.81554695486367, -118.1242944841032)",27.333333333333332,62,6.733333333333333,3.8721875631335516,1.5488750252534207,15,54.87218756313355,34.233333333333334,34,-7.198885422980022,-7.9,0.6684348419009406,0.33156515809905934
LAX,LGB,13,"(33.94417072663332, -118.40248449470265)","(33.82395076117747, -118.14061703639553)",28.183333333333334,62,6.483333333333333,2.0483180246221497,0.8193272098488599,15,53.04831802462215,33.983333333333334,34,-7.003998469128882,-7.9,0.7101271234294336,0.2898728765705664
LAX,UVS,16,"(33.94417072663332, -118.40248449470265)","(34.170479852858485, -118.37741163216931)",39.13333333333333,57,11.2,6.379747499637702,2.551898999855081,10,48.3797474996377,33.7,45,-6.522974749963771,-7.95,0.8064373920685416,0.1935626079314584
LAX,ANH,7,"(33.94417072663332, -118.40248449470265)","(33.83306767857313, -117.88549979478267)",41.983333333333334,77,12.283333333333333,6.007279653159491,2.4029118612637967,15,93.00727965315949,39.78333333333333,52,-11.289894631982616,-10.3,0.2709328903093882,0.7290671096906118
LAX,WDHL,14,"(33.94417072663332, -118.40248449470265)","(34.11929173747886, -118.54101858411741)",45.5,78,21.116666666666667,12.819113439630225,5.12764537585209,15,72.81911343963023,48.61666666666667,48,-9.712744677296357,-10.200000000000001,0.6194596437025066,0.38054035629749333
LAX,DTLA,11,"(33.94417072663332, -118.40248449470265)","(34.095300440622026, -118.20421088286224)",31.383333333333333,50,10.683333333333334,12.751011749346056,5.100404699738422,10,42.751011749346056,33.18333333333334,35,-5.934267841601272,-6.75,0.6933296455472349,0.30667035445276514
LAX,PSD,11,"(33.94417072663332, -118.40248449470265)","(34.04073724969593, -118.53629434797344)",35.43333333333333,57,15.616666666666667,8.412278717866243,3.364911487146497,10,47.41227871786624,38.11666666666667,47,-6.647061205119958,-8.05,0.8026498168169471,0.19735018318305292
LAX,ANH,13,"(33.94417072663332, -118.40248449470265)","(33.76781808280818, -117.9687957659478)",35.13333333333333,77,12.916666666666666,10.482814697572069,4.193125879028828,15,97.48281469757207,40.416666666666664,52,-11.769114803090542,-10.3,0.1870771968234311,0.8129228031765688
LAX,ANH,8,"(33.94417072663332, -118.40248449470265)","(33.8359940071988, -117.95404147378706)",38.2,77,9.716666666666667,6.497112076999092,2.598844830799637,15,93.49711207699909,37.21666666666667,52,-11.210544541033244,-10.3,0.28688842023501404,0.713111579764986
LAX,HWD,4,"(33.94417072663332, -118.40248449470265)","(34.035091531216715, -118.3316428158658)",22.033333333333335,57,20.833333333333332,9.782516342531244,3.9130065370124973,10,42.782516342531245,43.33333333333333,45,-6.444918300919792,-7.95,0.8183311707862646,0.18166882921373537
LAX,HWD,11,"(33.94417072663332, -118.40248449470265)","(34.1267733404062, -118.26034781229289)",36.93333333333333,57,20.5,11.33105213777387,4.532420855109548,10,44.33105213777387,43.0,45,-6.583105213777387,-7.95,0.7968779962643846,0.20312200373561537
LAX,PSD,15,"(33.94417072663332, -118.40248449470265)","(34.102865241907594, -118.53883201373637)",41.56666666666667,57,38.266666666666666,3.058997787506014,1.2235991150024055,10,42.058997787506016,60.766666666666666,47,-7.2442331120839345,-8.05,0.6912067209619869,0.30879327903801307
LAX,LGB,7,"(33.94417072663332, -118.40248449470265)","(33.78886874856464, -118.17070111084027)",27.033333333333335,62,8.833333333333334,5.451896339692266,2.1807585358769064,15,56.45189633969227,36.333333333333336,34,-7.461856300635894,-7.9,0.6078166226840577,0.39218337731594227
LAX,UVS,16,"(33.94417072663332, -118.40248449470265)","(34.09590271250855, -118.41447725615767)",33.96666666666667,57,26.183333333333334,11.229067094096486,4.491626837638594,10,53.229067094096486,48.68333333333334,45,-7.757073376076316,-7.95,0.548082609456005,0.451917390543995
LAX,PSD,14,"(33.94417072663332, -118.40248449470265)","(34.036641174263174, -118.49957581589557)",28.666666666666668,57,22.15,11.496389375490551,4.598555750196221,10,50.49638937549055,44.65,47,-7.282138937549055,-8.05,0.6830580170702396,0.31694198292976034
LAX,WDHL,13,"(33.94417072663332, -118.40248449470265)","(34.13711693774097, -118.55227427794681)",42.28333333333333,78,15.05,9.58441873489556,3.833767493958224,15,69.58441873489556,42.55,48,-9.085941873489556,-10.200000000000001,0.7528848973264896,0.24711510267351042
LAX,LGB,10,"(33.94417072663332, -118.40248449470265)","(33.771201463606424, -118.12726929006094)",31.116666666666667,62,11.833333333333334,8.453613692010506,3.3814454768042026,15,59.45361369201051,39.333333333333336,34,-7.912028035867718,-7.9,0.49699302728545897,0.5030069727145411
LAX,BVH,9,"(33.94417072663332, -118.40248449470265)","(34.04934651532171, -118.39885021047779)",26.183333333333334,45,7.5,3.488228309814993,1.3952913239259972,10,28.988228309814993,30.0,29,-4.3988228309815,-5.95,0.8250836865895375,0.17491631341046257
LAX,WDHL,9,"(33.94417072663332, -118.40248449470265)","(34.1973104894676, -118.59862707281866)",41.9,78,6.916666666666667,4.622215672270047,1.848886268908019,15,64.62221567227004,34.416666666666664,48,-8.183054900560338,-10.200000000000001,0.8825647562271384,0.11743524377286167
LAX,PSD,17,"(33.94417072663332, -118.40248449470265)","(34.10223087902572, -118.49990602151418)",34.03333333333333,57,30.733333333333334,7.670381986946108,3.068152794778443,10,46.67038198694611,53.233333333333334,47,-7.328704865361279,-8.05,0.6728921507636912,0.3271078492363087
LAX,UVS,5,"(33.94417072663332, -118.40248449470265)","(34.17809474610796, -118.31744137345645)",40.85,57,15.416666666666666,8.70791333497435,3.4831653339897404,10,50.70791333497435,37.916666666666664,45,-6.966624666830769,-7.95,0.7277774425787973,0.2722225574212027
LAX,BVH,11,"(33.94417072663332, -118.40248449470265)","(34.07099009305011, -118.41701698135563)",27.266666666666666,45,3.5166666666666666,1.0931020251874786,0.43724081007499144,10,26.593102025187477,26.016666666666666,29,-3.9601435358520813,-5.95,0.8797279513075943,0.1202720486924057
LAX,WDHL,8,"(33.94417072663332, -118.40248449470265)","(34.18739486189113, -118.64985539684565)",44.516666666666666,78,9.4,6.977117875280394,2.7908471501121577,15,66.9771178752804,36.9,48,-8.54271178752804,-10.200000000000001,0.839873641891804,0.16012635810819592
LAX,WDHL,6,"(33.94417072663332, -118.40248449470265)","(34.132677217632455, -118.63630298429729)",44.18333333333333,78,9.45,7.968933314545824,3.1875733258183296,15,67.96893331454582,36.95,48,-8.644393331454584,-10.200000000000001,0.8257220343666691,0.1742779656333309
LAX,DTLA,6,"(33.94417072663332, -118.40248449470265)","(34.07862094065011, -118.23252382929016)",30.983333333333334,50,10.283333333333333,7.889161537849445,3.155664615139778,10,37.889161537849446,32.78333333333333,35,-5.428082820451611,-6.75,0.7895004983984941,0.21049950160150593
LAX,HWD,7,"(33.94417072663332, -118.40248449470265)","(34.12043846378093, -118.39212084478322)",42.3,57,20.533333333333335,10.53027740591263,4.212110962365052,10,43.53027740591263,43.03333333333333,45,-6.504694407257929,-7.95,0.809274908561676,0.19072509143832395
LAX,LGB,8,"(33.94417072663332, -118.40248449470265)","(33.8197880925056, -118.18715048713102)",21.733333333333334,62,6.233333333333333,5.20949370763746,2.083797483054984,15,56.20949370763746,33.733333333333334,34,-7.307616037430413,-7.9,0.6439119502628947,0.35608804973710523
LAX,ANH,5,"(33.94417072663332, -118.40248449470265)","(33.81963235244195, -117.87143362668198)",42.43333333333333,77,12.5,6.956233759346782,2.7824935037387126,15,93.95623375934679,40.0,52,-11.39562337593468,-10.3,0.25056083979529326,0.7494391602047067
LAX,HWD,12,"(33.94417072663332, -118.40248449470265)","(34.13702470640193, -118.3141520188281)",42.61666666666667,57,17.05,8.024914755966437,3.2099659023865748,10,41.024914755966435,39.55,45,-6.0799914755966435,-7.95,0.8664592638081905,0.13354073619180956
LAX,PSD,14,"(33.94417072663332, -118.40248449470265)","(34.12875039411073, -118.60833010146001)",48.3,57,40.63333333333333,10.839965852607401,4.33598634104296,10,49.8399658526074,63.13333333333333,47,-8.140663251927407,-8.05,0.47734970001867966,0.5226502999813204
LAX,ANH,10,"(33.94417072663332, -118.40248449470265)","(33.79177312280548, -117.9293824015962)",42.5,77,8.8,3.8272053969342896,1.5308821587737158,15,90.82720539693429,36.3,52,-10.89772053969343,-10.3,0.3548653713494353,0.6451346286505647
LAX,HWD,4,"(33.94417072663332, -118.40248449470265)","(34.089559526241345, -118.32269260945685)",38.36666666666667,57,3.1333333333333333,0.7548597976603253,0.3019439190641301,10,33.75485979766032,25.633333333333333,45,-4.657152646432699,-7.95,0.9641826161157803,0.035817383884219706
LAX,LGB,7,"(33.94417072663332, -118.40248449470265)","(33.82164152456161, -118.14438524331895)",29.483333333333334,62,7.783333333333333,1.3808662831802683,0.5523465132721073,15,52.38086628318027,35.28333333333333,34,-7.002253294984694,-7.9,0.7104862298009865,0.28951377019901336
LAX,WDHL,5,"(33.94417072663332, -118.40248449470265)","(34.183363225514626, -118.56403591056515)",37.35,78,7.683333333333334,6.27504227884914,2.510016911539656,15,66.27504227884914,35.18333333333334,48,-8.386670894551582,-10.200000000000001,0.8597637456141035,0.14023625438589638
LAX,DTLA,13,"(33.94417072663332, -118.40248449470265)","(34.0291168600902, -118.2075910900495)",28.166666666666668,50,10.283333333333333,8.893329383239726,3.5573317532958906,10,38.893329383239724,32.78333333333333,35,-5.528499604990639,-6.75,0.7723274832906503,0.2276725167093498
LAX,HWD,14,"(33.94417072663332, -118.40248449470265)","(34.13547957713506, -118.3423132002112)",38.8,57,11.1,7.838776104767232,3.135510441906893,10,40.838776104767234,33.6,45,-5.763877610476724,-7.95,0.8989963563496665,0.10100364365033361
LAX,HWD,9,"(33.94417072663332, -118.40248449470265)","(34.06032883511902, -118.32125619832529)",29.866666666666667,57,10.066666666666666,5.481498706654744,2.1925994826618975,10,38.48149870665475,32.56666666666666,45,-5.476483203998808,-7.95,0.9222642688423801,0.0777357311576199
LAX,ANH,23,"(33.94417072663332, -118.40248449470265)","(33.84021157784719, -117.90876979771072)",39.9,77,10.85,5.042168192061074,2.0168672768244296,15,92.04216819206107,38.35,52,-11.121716819206108,-10.3,0.3053993484021896,0.6946006515978105
LAX,DTLA,4,"(33.94417072663332, -118.40248449470265)","(34.01395866355114, -118.23312737036365)",28.716666666666665,50,10.233333333333333,7.016262953072218,2.806505181228887,10,37.016262953072214,32.733333333333334,35,-5.338292961973888,-6.75,0.8040350487361158,0.1959649512638843
LAX,ANH,9,"(33.94417072663332, -118.40248449470265)","(33.852384491539425, -117.9709591134719)",34.86666666666667,77,10.366666666666667,10.186950112077056,4.074780044830822,15,97.18695011207706,37.86666666666667,52,-11.612028344541041,-10.3,0.21214762662449116,0.7878523733755088
LAX,PSD,11,"(33.94417072663332, -118.40248449470265)","(34.13993483721516, -118.59916538984837)",44.083333333333336,57,37.61666666666667,11.323788621143034,4.5295154484572135,10,50.32378862114304,60.11666666666667,47,-8.038212195447638,-8.05,0.5029469170147527,0.4970530829852473
LAX,HWD,11,"(33.94417072663332, -118.40248449470265)","(34.06345812682092, -118.29560121604516)",34.36666666666667,57,15.7,6.660231423225817,2.6640925692903266,10,39.66023142322582,38.2,45,-5.876023142322582,-7.95,0.8883480189256487,0.11165198107435127
LAX,ANH,8,"(33.94417072663332, -118.40248449470265)","(33.7758475162072, -117.87188284507398)",41.46666666666667,77,10.116666666666667,9.228693861289813,3.691477544515925,15,96.22869386128981,37.61666666666667,52,-11.503702719462316,-10.3,0.2308171783140834,0.7691828216859167
LAX,DTLA,5,"(33.94417072663332, -118.40248449470265)","(34.07648628661202, -118.2527479586785)",30.8,50,10.75,6.114643587754958,2.445857435101983,10,36.114643587754955,33.25,35,-5.273964358775496,-6.75,0.8139730408494179,0.18602695915058218
LAX,HWD,16,"(33.94417072663332, -118.40248449470265)","(34.091556937358405, -118.33860587952913)",37.11666666666667,57,3.6333333333333333,1.6275436601637103,0.6510174640654841,10,34.62754366016371,26.133333333333333,45,-4.769421032683038,-7.95,0.9600968527076245,0.03990314729237557
LAX,DTLA,9,"(33.94417072663332, -118.40248449470265)","(34.09657677110535, -118.3164208891812)",35.666666666666664,50,14.983333333333333,11.599218988495847,4.639687595398339,10,41.59921898849585,37.483333333333334,35,-6.034088565516251,-6.75,0.6717060524974076,0.3282939475025925
LAX,LGB,8,"(33.94417072663332, -118.40248449470265)","(33.84677232608371, -118.20661615329897)",21.283333333333335,62,8.4,9.569367196625633,3.827746878650253,15,60.569367196625635,35.9,34,-7.851936719662564,-7.9,0.5120135074941973,0.4879864925058027
LAX,BVH,12,"(33.94417072663332, -118.40248449470265)","(34.0344345852494, -118.44907432838991)",20.583333333333332,45,12.116666666666667,7.7457124402858435,3.0982849761143374,10,33.24571244028584,34.61666666666667,29,-5.055404577361918,-5.95,0.7098375953449882,0.29016240465501164
LAX,UVS,13,"(33.94417072663332, -118.40248449470265)","(34.09199039570108, -118.3910878364594)",36.45,57,26.8,9.519738459083095,3.8078953836332383,10,51.519738459083094,49.3,45,-7.616973845908309,-7.95,0.5824955040563629,0.41750449594363725
LAX,HWD,5,"(33.94417072663332, -118.40248449470265)","(34.137698160057724, -118.39543628899278)",36.15,57,18.216666666666665,12.577081190511246,5.030832476204498,10,45.577081190511244,40.71666666666667,45,-6.593541452384458,-7.95,0.7951835160117079,0.20481648398829203
LAX,LGB,8,"(33.94417072663332, -118.40248449470265)","(33.76200384257696, -118.10506952410505)",29.283333333333335,62,10.85,11.430176819996927,4.572070727998771,15,62.43017681999693,38.35,34,-8.160517681999693,-7.9,0.4352364547557781,0.5647635452442219
LAX,LGB,13,"(33.94417072663332, -118.40248449470265)","(33.78860740104816, -118.18379739979916)",27.033333333333335,62,12.383333333333333,6.652616280830141,2.661046512332056,15,57.65261628083014,39.88333333333333,34,-7.75942829474968,-7.9,0.5350851705681804,0.46491482943181967
LAX,LGB,8,"(33.94417072663332, -118.40248449470265)","(33.84741639518493, -118.16209214878376)",26.983333333333334,62,10.05,5.633694016414469,2.2534776065657875,15,56.633694016414466,37.55,34,-7.540869401641446,-7.9,0.5888299601575117,0.4111700398424884
LAX,ANH,6,"(33.94417072663332, -118.40248449470265)","(33.7855391501664, -117.91341772648975)",41.63333333333333,77,9.2,4.665615325986568,1.8662461303946272,15,91.66561532598656,36.7,52,-11.001561532598657,-10.3,0.33146610692494843,0.6685338930750515
LAX,UVS,8,"(33.94417072663332, -118.40248449470265)","(34.13801066867985, -118.34154563299634)",38.416666666666664,57,6.216666666666667,1.9450594178522178,0.7780237671408872,10,43.94505941785222,28.71666666666667,45,-5.830339275118556,-7.95,0.8927994622999479,0.10720053770005214
LAX,LGB,9,"(33.94417072663332, -118.40248449470265)","(33.797963914602896, -118.17192983767461)",24.7,62,7.133333333333334,4.306357050537589,1.722542820215036,15,55.30635705053759,34.63333333333333,34,-7.262302371720426,-7.9,0.654232821059009,0.34576717894099096
LAX,ANH,5,"(33.94417072663332, -118.40248449470265)","(33.86644212591305, -117.9880162063092)",33.96666666666667,77,10.766666666666667,13.632189681309537,5.452875872523815,15,100.63218968130954,38.266666666666666,52,-11.976552301464288,-10.3,0.15755254091058332,0.8424474590894167
LAX,ANH,17,"(33.94417072663332, -118.40248449470265)","(33.86060029255133, -117.96965717586194)",36.55,77,12.15,11.072715965024905,4.429086386009962,15,98.07271596502491,39.65,52,-11.789771596502492,-10.3,0.18395601200908027,0.8160439879909197
LAX,LGB,6,"(33.94417072663332, -118.40248449470265)","(33.839841183063356, -118.09186897622851)",29.05,62,14.716666666666667,9.470478131454227,3.788191252581691,15,60.47047813145423,42.21666666666667,34,-8.157881146478756,-7.9,0.4358846404739345,0.5641153595260656
LAX,ANH,13,"(33.94417072663332, -118.40248449470265)","(33.790518122237515, -117.97193118600114)",39.43333333333333,77,15.383333333333333,8.485227945035712,3.3940911780142846,15,95.48522794503572,42.88333333333333,52,-11.69268946117024,-10.3,0.19897874677744443,0.8010212532225556
LAX,HWD,12,"(33.94417072663332, -118.40248449470265)","(34.08654544892904, -118.32411431727832)",38.65,57,3.65,1.0029191187860629,0.40116764751442513,10,34.00291911878606,26.15,45,-4.707791911878607,-7.95,0.9623921096582191,0.03760789034178091
LAX,BVH,10,"(33.94417072663332, -118.40248449470265)","(34.110341045067315, -118.42298116278216)",35.1,45,11.333333333333334,7.705018167774311,3.0820072671097245,10,33.20501816777431,33.833333333333336,29,-5.012168483444098,-5.95,0.7186614258273198,0.2813385741726802
LAX,LGB,16,"(33.94417072663332, -118.40248449470265)","(33.85945005264811, -118.14717412466575)",26.266666666666666,62,13.6,7.508063850675352,3.003225540270141,15,58.508063850675356,41.1,34,-7.905806385067535,-7.9,0.4985484078113752,0.5014515921886247
LAX,WDHL,5,"(33.94417072663332, -118.40248449470265)","(34.11419030407377, -118.66796020760187)",52.2,78,17.45,13.292547962997634,5.317019185199054,15,73.29254796299763,44.95,48,-9.576754796299763,-10.200000000000001,0.650956259216407,0.349043740783593
LAX,HWD,20,"(33.94417072663332, -118.40248449470265)","(34.10652942321103, -118.27493939642774)",40.21666666666667,57,16.316666666666666,7.920103613925963,3.168041445570385,10,40.92010361392596,38.81666666666666,45,-6.032843694725929,-7.95,0.871820989069016,0.12817901093098408
LAX,LGB,13,"(33.94417072663332, -118.40248449470265)","(33.79703484002715, -118.14806974727638)",25.933333333333334,62,4.866666666666666,3.299986287642271,1.3199945150569083,15,54.29998628764227,32.36666666666667,34,-7.048331962097561,-7.9,0.7009169343856575,0.2990830656143426
LAX,DTLA,8,"(33.94417072663332, -118.40248449470265)","(34.02626394098028, -118.29703096255287)",26.05,50,10.133333333333333,5.164672192037116,2.0658688768148465,10,35.164672192037116,32.63333333333333,35,-5.1481338858703785,-6.75,0.8322790387483578,0.16772096125164215
LAX,PSD,17,"(33.94417072663332, -118.40248449470265)","(34.10890456974632, -118.59007925750856)",50.333333333333336,57,30.15,6.697038291450942,2.6788153165803767,10,45.697038291450944,52.65,47,-7.202203829145095,-8.05,0.7001046347679323,0.29989536523206767
LAX,ANH,15,"(33.94417072663332, -118.40248449470265)","(33.82248326687145, -117.85167138508464)",43.35,77,15.783333333333333,9.840267747106314,3.936107098842525,15,96.84026774710631,43.28333333333333,52,-11.848193441377298,-10.3,0.17534734452774708,0.8246526554722529
LAX,BVH,22,"(33.94417072663332, -118.40248449470265)","(34.0798188434845, -118.45803756916672)",24.266666666666666,45,12.783333333333333,7.055978894601605,2.8223915578406418,10,32.55597889460161,35.28333333333333,29,-5.019764556126828,-5.95,0.7171230495091229,0.2828769504908771
LAX,WDHL,14,"(33.94417072663332, -118.40248449470265)","(34.21022975933809, -118.64303238798387)",46.93333333333333,78,12.083333333333334,8.647663171276449,3.4590652685105794,15,68.64766317127645,39.583333333333336,48,-8.843932983794312,-10.200000000000001,0.7951197412163509,0.20488025878364918
LAX,HWD,6,"(33.94417072663332, -118.40248449470265)","(34.05424218480954, -118.36638791867044)",25.133333333333333,57,18.066666666666666,8.558536773106555,3.4234147092426217,10,41.55853677310655,40.56666666666666,45,-6.1841870106439885,-7.95,0.853936202267217,0.14606379773278302
LAX,LGB,10,"(33.94417072663332, -118.40248449470265)","(33.87355255735797, -118.09575015904599)",29.816666666666666,62,19.033333333333335,12.724080668644289,5.0896322674577155,15,63.72408066864429,46.53333333333333,34,-8.699074733531097,-7.9,0.3102234771243393,0.6897765228756608
LAX,ANH,11,"(33.94417072663332, -118.40248449470265)","(33.816502999499875, -117.90600835703181)",40.28333333333333,77,6.333333333333333,2.006214553207014,0.8024858212828055,15,89.00621455320702,33.833333333333336,52,-10.592288121987368,-10.3,0.427443789431168,0.5725562105688319
LAX,LGB,10,"(33.94417072663332, -118.40248449470265)","(33.80338838231723, -118.18289577109152)",23.8,62,7.583333333333333,5.049170278125857,2.0196681112503425,15,56.04917027812586,35.083333333333336,34,-7.359083694479253,-7.9,0.632025547996796,0.36797445200320406
LAX,HWD,9,"(33.94417072663332, -118.40248449470265)","(34.09868465209109, -118.38103813563758)",41.38333333333333,57,16.7,7.802080550415495,3.1208322201661978,10,40.802080550415496,39.2,45,-6.04020805504155,-7.95,0.8709957721490699,0.12900422785093024
LAX,LGB,6,"(33.94417072663332, -118.40248449470265)","(33.85544075758226, -118.16626257351507)",26.55,62,11.45,7.131047296620199,2.8524189186480795,15,58.131047296620196,38.95,34,-7.76060472966202,-7.9,0.5347924979488007,0.4652075020511993
LAX,ANH,5,"(33.94417072663332, -118.40248449470265)","(33.8629092678295, -117.89275927795417)",40.36666666666667,77,17.916666666666668,9.513491614457491,3.8053966457829964,15,96.5134916144575,45.41666666666667,52,-11.922182494779085,-10.3,0.16490409737884867,0.8350959026211513
LAX,WDHL,10,"(33.94417072663332, -118.40248449470265)","(34.20248002684521, -118.57604785476458)",40.9,78,11.633333333333333,6.843078985337533,2.737231594135013,15,66.84307898533753,39.13333333333333,48,-8.64097456520042,-10.200000000000001,0.8262134647393808,0.1737865352606192
LAX,ANH,9,"(33.94417072663332, -118.40248449470265)","(33.829326097529844, -117.90580519206948)",42.63333333333333,77,9.95,3.5042997457259606,1.4017198982903842,15,90.50429974572596,37.45,52,-10.922929974572597,-10.3,0.349115368097499,0.650884631902501
LAX,ANH,13,"(33.94417072663332, -118.40248449470265)","(33.79176512080493, -117.9205623025155)",43.233333333333334,77,7.75,3.531161162476644,1.4124644649906577,15,90.53116116247665,35.25,52,-10.815616116247664,-10.3,0.37387790239552554,0.6261220976044746
LAX,LGB,16,"(33.94417072663332, -118.40248449470265)","(33.77646299300667, -118.15560261434324)",31.833333333333332,62,9.8,6.842701539341986,2.7370806157367946,15,57.84270153934199,37.3,34,-7.649270153934199,-7.9,0.5623561327182077,0.43764386728179233
LAX,WDHL,12,"(33.94417072663332, -118.40248449470265)","(34.1320614214724, -118.56396302694691)",42.516666666666666,78,13.233333333333333,8.954857874483642,3.5819431497934566,15,68.95485787448364,40.733333333333334,48,-8.93215245411503,-10.200000000000001,0.7803740606125066,0.21962593938749342
LAX,WDHL,7,"(33.94417072663332, -118.40248449470265)","(34.21675421944196, -118.64311851303951)",47.516666666666666,78,12.566666666666666,9.557892099389017,3.823156839755607,15,69.55789209938902,40.06666666666666,48,-8.959122543272237,-10.200000000000001,0.7757167113816129,0.22428328861838706
LAX,PSD,14,"(33.94417072663332, -118.40248449470265)","(34.091595249286634, -118.61813347141057)",50.25,57,29.75,9.695584046079729,3.8782336184318917,10,48.69558404607973,52.25,47,-7.482058404607974,-8.05,0.6382880734920122,0.36171192650798784
LAX,UVS,14,"(33.94417072663332, -118.40248449470265)","(34.18722592672211, -118.33877100222315)",43.68333333333333,57,15.533333333333333,8.727610143421824,3.49104405736873,10,50.72761014342183,38.03333333333333,45,-6.97442768100885,-7.95,0.726228784761509,0.273771215238491
LAX,DTLA,7,"(33.94417072663332, -118.40248449470265)","(34.05451960561584, -118.25224634847068)",25.983333333333334,50,5.933333333333334,2.9149005347122072,1.1659602138848828,10,32.91490053471221,28.433333333333334,35,-4.7131567201378886,-6.75,0.8846114397778627,0.11538856022213718
LAX,DTLA,11,"(33.94417072663332, -118.40248449470265)","(34.042144797687605, -118.32823786821234)",25.1,50,10.183333333333334,8.748228184837732,3.4992912739350928,10,38.74822818483773,32.68333333333334,35,-5.50898948515044,-6.75,0.7757398600236304,0.22426013997636962
LAX,ANH,11,"(33.94417072663332, -118.40248449470265)","(33.799751594689816, -117.9217769398355)",42.983333333333334,77,6.9,2.185112947931267,0.8740451791725068,15,89.18511294793127,34.4,52,-10.638511294793128,-10.3,0.4161711466210862,0.5838288533789139
LAX,WDHL,21,"(33.94417072663332, -118.40248449470265)","(34.12525636144069, -118.64142423331256)",45.61666666666667,78,10.883333333333333,9.440171670863844,3.7760686683455376,15,69.44017167086385,38.38333333333333,48,-8.863183833753052,-10.200000000000001,0.7919658735545221,0.2080341264454779
LAX,BVH,8,"(33.94417072663332, -118.40248449470265)","(34.06462405998779, -118.45197505668628)",21.916666666666668,45,12.15,5.824196842949268,2.3296787371797074,10,31.32419684294927,34.65,29,-4.864919684294927,-5.95,0.7474541814302791,0.252545818569721
LAX,BVH,5,"(33.94417072663332, -118.40248449470265)","(34.046549268879666, -118.40895626228922)",25.45,45,7.066666666666666,3.4851628244288335,1.3940651297715334,10,28.985162824428834,29.566666666666666,29,-4.376849615776218,-5.95,0.8282322567792388,0.1717677432207611
LAX,ANH,8,"(33.94417072663332, -118.40248449470265)","(33.84984092692056, -117.93882044670788)",35.88333333333333,77,10.116666666666667,7.083095197123202,2.833238078849281,15,94.0830951971232,37.61666666666667,52,-11.289142853045654,-10.3,0.27108141346400794,0.7289185865359921
LAX,PSD,14,"(33.94417072663332, -118.40248449470265)","(34.13385174347008, -118.54397296279963)",40.95,57,48.63333333333333,7.945371777689763,3.178148711075905,10,46.945371777689765,71.13333333333333,47,-8.251203844435643,-8.05,0.4498680491496594,0.5501319508503406
LAX,LGB,9,"(33.94417072663332, -118.40248449470265)","(33.76276047970994, -118.19810110305437)",25.233333333333334,62,13.133333333333333,11.3875322670185,4.5550129068074,15,62.3875322670185,40.63333333333333,34,-8.270419893368517,-7.9,0.40843956442368584,0.5915604355763141
LAX,LGB,15,"(33.94417072663332, -118.40248449470265)","(33.7866850162801, -118.19872276964882)",23.516666666666666,62,11.416666666666666,8.498888123858778,3.399555249543511,15,59.49888812385878,38.916666666666664,34,-7.895722145719212,-7.9,0.5010694619392648,0.4989305380607351
LAX,LGB,15,"(33.94417072663332, -118.40248449470265)","(33.812549289751004, -118.11712320006582)",28.0,62,7.2,4.938906638966601,1.9755626555866403,15,55.9389066389666,34.7,34,-7.328890663896661,-7.9,0.6390191092418482,0.3609808907581519
LAX,HWD,5,"(33.94417072663332, -118.40248449470265)","(34.096671240312595, -118.3281964795289)",39.65,57,2.933333333333333,0.859309846014549,0.3437239384058196,10,33.85930984601455,25.433333333333334,45,-4.657597651268121,-7.95,0.9641672449219086,0.03583275507809133
LAX,UVS,14,"(33.94417072663332, -118.40248449470265)","(34.19185580540863, -118.36689108447898)",43.81666666666667,57,15.316666666666666,9.359052353071602,3.743620941228641,10,51.359052353071604,37.81666666666666,45,-7.026738568640494,-7.95,0.7157061784879891,0.2842938215120109
LAX,ANH,4,"(33.94417072663332, -118.40248449470265)","(33.797264082408994, -117.85092914576948)",46.266666666666666,77,16.816666666666666,10.121496471151627,4.048598588460651,15,97.12149647115163,44.31666666666666,52,-11.927982980448498,-10.3,0.1641068600684741,0.8358931399315259
LAX,WDHL,10,"(33.94417072663332, -118.40248449470265)","(34.154731242744816, -118.62155290679524)",42.75,78,8.233333333333333,3.6543361589870225,1.461734463594809,15,63.65433615898702,35.733333333333334,48,-8.15210028256537,-10.200000000000001,0.885735224765519,0.11426477523448095
LAX,HWD,9,"(33.94417072663332, -118.40248449470265)","(34.06243963900057, -118.27534921428214)",30.1,57,19.166666666666668,8.993962136464775,3.5975848545859104,10,41.99396213646477,41.66666666666667,45,-6.282729546979811,-7.95,0.8412115622983704,0.15878843770162976
LAX,LGB,8,"(33.94417072663332, -118.40248449470265)","(33.777717441912266, -118.1484528454132)",30.716666666666665,62,8.9,6.60927824447405,2.6437112977896198,15,57.60927824447405,36.4,34,-7.580927824447405,-7.9,0.5790981175939284,0.42090188240607157
LAX,HWD,17,"(33.94417072663332, -118.40248449470265)","(34.08588343735542, -118.3149511660609)",38.36666666666667,57,5.45,2.0327524419376948,0.813100976775078,10,35.032752441937696,27.95,45,-4.9007752441937695,-7.95,0.9547490452099058,0.04525095479009423
LAX,DTLA,13,"(33.94417072663332, -118.40248449470265)","(34.00458244053362, -118.33209098335732)",21.85,50,17.916666666666668,11.428435389664,4.5713741558656,10,41.428435389664,40.41666666666667,35,-6.1636768722997335,-6.75,0.6425210564549794,0.3574789435450207
LAX,LGB,12,"(33.94417072663332, -118.40248449470265)","(33.78483315290822, -118.21377291511193)",23.633333333333333,62,11.533333333333333,10.480290384382688,4.192116153753075,15,61.480290384382684,39.03333333333333,34,-8.099695705104935,-7.9,0.45024132185861854,0.5497586781413815
LAX,WDHL,10,"(33.94417072663332, -118.40248449470265)","(34.22136590800414, -118.6310387363671)",47.93333333333333,78,12.033333333333333,9.420460128420364,3.7681840513681455,15,69.42046012842036,39.53333333333333,48,-8.918712679508703,-10.200000000000001,0.7826688271733055,0.2173311728266944
LAX,HWD,12,"(33.94417072663332, -118.40248449470265)","(34.11547728402474, -118.36899655586178)",42.516666666666666,57,16.033333333333335,7.2470254876921665,2.8988101950768668,10,40.24702548769217,38.53333333333333,45,-5.951369215435884,-7.95,0.8806532441685748,0.11934675583142522
LAX,LGB,7,"(33.94417072663332, -118.40248449470265)","(33.84276921811903, -118.19919456455926)",22.016666666666666,62,9.133333333333333,8.298934086247074,3.31957363449883,15,59.29893408624707,36.63333333333333,34,-7.761560075291374,-7.9,0.5345548101220654,0.4654451898779346
LAX,PSD,16,"(33.94417072663332, -118.40248449470265)","(34.110409343025516, -118.50330071966499)",41.35,57,38.05,7.8006275598007315,3.1202510239202925,10,46.80062755980073,60.55,47,-7.7075627559800735,-8.05,0.5847824368976492,0.4152175631023508
LAX,LGB,15,"(33.94417072663332, -118.40248449470265)","(33.78634229818297, -118.10503844848787)",28.2,62,9.766666666666667,8.380954767767292,3.352381907106917,15,59.38095476776729,37.266666666666666,34,-7.801428810110063,-7.9,0.5246228638147492,0.4753771361852508
LAX,DTLA,12,"(33.94417072663332, -118.40248449470265)","(34.09308440913868, -118.24074188447975)",31.15,50,10.45,9.412011456030537,3.7648045824122147,10,39.41201145603054,32.95,35,-5.588701145603054,-6.75,0.7615686433415426,0.23843135665845747
LAX,DTLA,8,"(33.94417072663332, -118.40248449470265)","(34.048277499278264, -118.3364163725415)",29.116666666666667,50,14.216666666666667,9.9591355485462,3.9836542194184803,10,39.9591355485462,36.71666666666667,35,-5.831746888187954,-6.75,0.7146860315214628,0.2853139684785371
LAX,DTLA,5,"(33.94417072663332, -118.40248449470265)","(34.028423898544176, -118.30542202132986)",26.8,50,9.55,6.031596113745571,2.4126384454982284,10,36.03159611374557,32.05,35,-5.205659611374557,-6.75,0.8240948043992795,0.1759051956007205
LAX,WDHL,10,"(33.94417072663332, -118.40248449470265)","(34.18759210527014, -118.56893291670256)",37.833333333333336,78,7.45,5.933191105568422,2.373276442227369,15,65.93319110556843,34.95,48,-8.340819110556843,-10.200000000000001,0.8652014454744141,0.134798554525586
LAX,LGB,7,"(33.94417072663332, -118.40248449470265)","(33.775309784043586, -118.14749695035971)",30.433333333333334,62,9.4,7.032534505929576,2.81301380237183,15,58.032534505929576,36.9,34,-7.648253450592958,-7.9,0.5626063394347606,0.4373936605652394
LAX,ANH,11,"(33.94417072663332, -118.40248449470265)","(33.77680258214241, -117.96553882817929)",37.71666666666667,77,16.866666666666667,9.060855360639113,3.6243421442556456,15,96.06085536063911,44.36666666666667,52,-11.824418869397245,-10.3,0.1788117398464396,0.8211882601535604
LAX,ANH,10,"(33.94417072663332, -118.40248449470265)","(33.78987291741673, -117.87669220082036)",41.1,77,9.866666666666667,7.198565152684947,2.879426061073979,15,94.19856515268495,37.36666666666667,52,-11.28818984860183,-10.3,0.2712697646741604,0.7287302353258396
LAX,BVH,19,"(33.94417072663332, -118.40248449470265)","(34.091902831507454, -118.4254446044638)",31.483333333333334,45,7.733333333333333,4.789532314861859,1.9158129259447434,10,30.28953231486186,30.233333333333334,29,-4.540619898152853,-5.95,0.8036681510106616,0.1963318489893384
LAX,LGB,6,"(33.94417072663332, -118.40248449470265)","(33.77903818909454, -118.12593733484447)",29.6,62,11.65,7.334413628351059,2.9337654513404234,15,58.33441362835106,39.15,34,-7.790941362835106,-7.9,0.5272376680575449,0.4727623319424551
LAX,ANH,6,"(33.94417072663332, -118.40248449470265)","(33.78848025936386, -117.8780344206409)",40.166666666666664,77,8.933333333333334,7.170326825103981,2.8681307300415924,15,94.17032682510398,36.43333333333334,52,-11.238699349177066,-10.3,0.2811631428426788,0.7188368571573213
LAX,LGB,11,"(33.94417072663332, -118.40248449470265)","(33.863066218689106, -118.11354156574934)",28.7,62,16.75,9.751293355753972,3.900517342301589,15,60.75129335575397,44.25,34,-8.287629335575398,-7.9,0.4042881199254306,0.5957118800745694
LAX,ANH,7,"(33.94417072663332, -118.40248449470265)","(33.83967973249127, -117.86835151391111)",41.583333333333336,77,15.133333333333333,8.683056880775382,3.4732227523101527,15,95.68305688077538,42.63333333333333,52,-11.699972354744204,-10.3,0.19782049836264837,0.8021795016373516
LAX,DTLA,7,"(33.94417072663332, -118.40248449470265)","(34.02135375296962, -118.30500553647765)",26.616666666666667,50,11.4,6.586797731993319,2.6347190927973276,10,36.58679773199332,33.9,35,-5.353679773199333,-6.75,0.8015993147578061,0.19840068524219395
LAX,WDHL,10,"(33.94417072663332, -118.40248449470265)","(34.158412977960964, -118.59203655821473)",39.333333333333336,78,5.666666666666667,2.889031267361124,1.1556125069444496,15,62.889031267361126,33.166666666666664,48,-7.947236460069446,-10.200000000000001,0.9048886459514208,0.09511135404857916
LAX,LGB,9,"(33.94417072663332, -118.40248449470265)","(33.827258196904516, -118.12667368458541)",29.583333333333332,62,8.55,4.0264447190094135,1.6105778876037653,15,55.02644471900941,36.05,34,-7.305144471900942,-7.9,0.6444784521318505,0.35552154786814955
LAX,UVS,8,"(33.94417072663332, -118.40248449470265)","(34.1841352631683, -118.39827462469593)",39.5,57,12.616666666666667,10.012365152544099,4.004946061017639,10,52.0123651525441,35.11666666666667,45,-6.957069848587744,-7.95,0.7296662934643561,0.27033370653564387
LAX,WDHL,14,"(33.94417072663332, -118.40248449470265)","(34.184644837380105, -118.61334625880257)",40.766666666666666,78,4.866666666666666,2.610410669708684,1.0441642678834735,15,62.610410669708685,32.36666666666667,48,-7.879374400304202,-10.200000000000001,0.9105708972987255,0.08942910270127452
LAX,HWD,17,"(33.94417072663332, -118.40248449470265)","(34.10107661666011, -118.38482891484098)",41.31666666666667,57,16.633333333333333,8.408372682034672,3.3633490728138686,10,41.408372682034674,39.13333333333333,45,-6.097503934870135,-7.95,0.8644199033503902,0.13558009664960985
LAX,PSD,16,"(33.94417072663332, -118.40248449470265)","(34.0718598305902, -118.60836438353552)",53.2,57,32.71666666666667,8.735970982687121,3.494388393074848,10,47.73597098268712,55.21666666666667,47,-7.534430431602045,-8.05,0.6261112010046466,0.37388879899535343
LAX,ANH,10,"(33.94417072663332, -118.40248449470265)","(33.812349790953625, -117.93332557798809)",41.233333333333334,77,8.483333333333333,2.0637796216265034,0.8255118486506013,15,89.06377962162651,35.983333333333334,52,-10.705544628829317,-10.3,0.39998091517869744,0.6000190848213026
LAX,ANH,14,"(33.94417072663332, -118.40248449470265)","(33.85603921950586, -117.86761756852347)",41.43333333333333,77,16.766666666666666,10.56205232407984,4.224820929631936,15,97.56205232407984,44.266666666666666,52,-11.969538565741319,-10.3,0.15848570970681608,0.841514290293184
LAX,BVH,3,"(33.94417072663332, -118.40248449470265)","(34.10362447999042, -118.43627442212579)",33.03333333333333,45,9.283333333333333,7.295924712518516,2.9183698850074062,10,32.79592471251851,31.78333333333333,29,-4.868759137918518,-5.95,0.7467287331347638,0.2532712668652362
LAX,UVS,17,"(33.94417072663332, -118.40248449470265)","(34.192126479043665, -118.34817328425258)",43.7,57,16.65,9.305562917364629,3.7222251669458513,10,51.305562917364625,39.15,45,-7.0880562917364625,-7.95,0.7030665906745942,0.2969334093254058
LAX,WDHL,7,"(33.94417072663332, -118.40248449470265)","(34.17853298894918, -118.64846773614596)",42.71666666666667,78,8.35,6.3184205025606595,2.527368201024264,15,66.31842050256066,35.85,48,-8.424342050256065,-10.200000000000001,0.8551598821717704,0.1448401178282296
LAX,WDHL,7,"(33.94417072663332, -118.40248449470265)","(34.12174327575013, -118.56566054349803)",53.43333333333333,78,17.416666666666668,10.219191459674658,4.087676583869863,15,70.21919145967466,44.91666666666667,48,-9.2677524793008,-10.200000000000001,0.7175310361735199,0.28246896382648007
LAX,DTLA,12,"(33.94417072663332, -118.40248449470265)","(34.010748633402876, -118.31291025406824)",25.15,50,13.083333333333334,8.602569358475339,3.4410277433901357,10,38.602569358475336,35.583333333333336,35,-5.639423602514201,-6.75,0.7522365541307866,0.24776344586921348
LAX,HWD,9,"(33.94417072663332, -118.40248449470265)","(34.04892999289472, -118.27312956674544)",25.333333333333332,57,21.933333333333334,10.708375814773937,4.283350325909575,10,43.70837581477394,44.43333333333334,45,-6.592504248144062,-7.95,0.7953523903164986,0.2046476096835014
LAX,ANH,6,"(33.94417072663332, -118.40248449470265)","(33.8151731675086, -117.92154027220346)",41.78333333333333,77,7.383333333333334,0.6288580642913015,0.2515432257165206,15,87.62885806429131,34.88333333333333,52,-10.507052473095797,-10.3,0.4484210192298178,0.5515789807701823
LAX,ANH,18,"(33.94417072663332, -118.40248449470265)","(33.755650402601376, -117.95509121815019)",36.46666666666667,77,15.6,11.044961649674672,4.417984659869869,15,98.04496164967468,43.1,52,-11.959496164967469,-10.3,0.1598296423964039,0.840170357603596
LAX,LGB,7,"(33.94417072663332, -118.40248449470265)","(33.76297834674699, -118.16915720541584)",32.68333333333333,62,16.066666666666666,9.494669430239126,3.7978677720956506,15,60.49466943023913,43.56666666666666,34,-8.227800276357247,-7.9,0.4187759458665228,0.5812240541334772
LAX,WDHL,10,"(33.94417072663332, -118.40248449470265)","(34.21098701701419, -118.66159829157613)",46.45,78,11.55,10.600620937247925,4.24024837489917,15,70.60062093724792,39.05,48,-9.012562093724792,-10.200000000000001,0.7662825226799982,0.23371747732000178
LAX,ANH,15,"(33.94417072663332, -118.40248449470265)","(33.807514285936115, -117.87920529130716)",41.583333333333336,77,12.2,5.777605710156811,2.3110422840627245,15,92.7776057101568,39.7,52,-11.262760571015683,-10.3,0.2763258231475569,0.7236741768524431
LAX,DTLA,14,"(33.94417072663332, -118.40248449470265)","(34.0615184324083, -118.2052989203972)",34.88333333333333,50,14.2,9.435483008882887,3.774193203553155,10,39.43548300888288,36.7,35,-5.778548300888288,-6.75,0.725408757633228,0.27459124236677207
LAX,BVH,15,"(33.94417072663332, -118.40248449470265)","(34.10619103945149, -118.47603765582815)",27.966666666666665,45,19.6,11.496045404206281,4.598418161682512,10,36.996045404206285,42.1,29,-5.804604540420629,-5.95,0.5362849658749537,0.4637150341250464
LAX,PSD,13,"(33.94417072663332, -118.40248449470265)","(34.142320541010314, -118.57927278929465)",45.85,57,44.78333333333333,10.208447551642214,4.083379020656886,10,49.208447551642216,67.28333333333333,47,-8.285011421830887,-8.05,0.4415160711691226,0.5584839288308774
LAX,LGB,5,"(33.94417072663332, -118.40248449470265)","(33.77255520021317, -118.15479368694513)",32.1,62,10.183333333333334,7.504526199281576,3.0018104797126304,15,58.50452619928158,37.68333333333334,34,-7.734619286594826,-7.9,0.5412512001396449,0.45874879986035505
LAX,WDHL,5,"(33.94417072663332, -118.40248449470265)","(34.12593784361595, -118.59146828039948)",48.28333333333333,78,12.266666666666667,8.023131153343904,3.2092524613375613,15,68.02313115334391,39.766666666666666,48,-8.790646448667726,-10.200000000000001,0.8036639616865304,0.19633603831346952
LAX,BVH,16,"(33.94417072663332, -118.40248449470265)","(34.05964418846813, -118.39562803600383)",29.666666666666668,45,6.766666666666667,2.569850917548819,1.0279403670195275,10,28.06985091754882,29.266666666666666,29,-4.270318425088215,-5.95,0.8428623617803248,0.1571376382196752
LAX,ANH,14,"(33.94417072663332, -118.40248449470265)","(33.84884763904483, -117.86855065398785)",42.483333333333334,77,17.033333333333335,9.613510654519184,3.845404261807673,15,96.61351065451919,44.53333333333333,52,-11.888017732118586,-10.3,0.16966297093924007,0.8303370290607599
LAX,LGB,7,"(33.94417072663332, -118.40248449470265)","(33.842206949726496, -118.10686541520768)",29.1,62,12.9,7.8133050427781425,3.125322017111257,15,58.81330504277814,40.4,34,-7.901330504277814,-7.9,0.49966737397961564,0.5003326260203843
LAX,WDHL,13,"(33.94417072663332, -118.40248449470265)","(34.15278719710624, -118.6174092374499)",43.733333333333334,78,9.2,3.5967173270061847,1.438686930802474,15,63.59671732700618,36.7,48,-8.19467173270062,-10.200000000000001,0.8813553777608637,0.11864462223913624
LAX,LGB,22,"(33.94417072663332, -118.40248449470265)","(33.78663581402056, -118.11960960785461)",28.95,62,11.133333333333333,6.802642629126794,2.7210570516507175,15,57.802642629126794,38.63333333333333,34,-7.711930929579347,-7.9,0.5468791727265597,0.4531208272734402
LAX,BVH,8,"(33.94417072663332, -118.40248449470265)","(34.110706390931604, -118.38938286052489)",45.55,45,25.066666666666666,8.220336558004918,3.2881346232019673,10,33.72033655800492,47.56666666666666,29,-5.750366989133825,-5.95,0.5497431597595848,0.45025684024041523
LAX,LGB,15,"(33.94417072663332, -118.40248449470265)","(33.810048192737426, -118.12022233991708)",27.033333333333335,62,7.483333333333333,4.573888849380604,1.8295555397522418,15,55.5738888493806,34.983333333333334,34,-7.306555551604727,-7.9,0.6441550712420784,0.3558449287579216
LAX,WDHL,6,"(33.94417072663332, -118.40248449470265)","(34.189964978957484, -118.67507957798648)",45.78333333333333,78,10.866666666666667,10.513814075211922,4.205525630084769,15,70.51381407521193,38.36666666666667,48,-8.969714740854526,-10.200000000000001,0.7738684973918664,0.22613150260813364
LAX,WDHL,12,"(33.94417072663332, -118.40248449470265)","(34.1518428124874, -118.56535211707772)",40.03333333333333,78,9.616666666666667,6.608402288153348,2.643360915261339,15,66.60840228815334,37.11666666666667,48,-8.516673562148668,-10.200000000000001,0.8433445040531123,0.15665549594688766
LAX,DTLA,11,"(33.94417072663332, -118.40248449470265)","(33.99542084208623, -118.30635357928533)",24.133333333333333,50,15.65,9.950502548663808,3.980201019465523,10,39.950502548663806,38.15,35,-5.902550254866381,-6.75,0.7000318948278182,0.29996810517218164
LAX,UVS,4,"(33.94417072663332, -118.40248449470265)","(34.11924487639471, -118.42148177290353)",37.93333333333333,57,33.833333333333336,10.068900656074227,4.027560262429691,10,52.06890065607423,56.333333333333336,45,-8.02355673227409,-7.95,0.4816191038130343,0.5183808961869657
LAX,WDHL,14,"(33.94417072663332, -118.40248449470265)","(34.162905826289474, -118.55304367304824)",36.916666666666664,78,7.633333333333334,7.61216509765518,3.044866039062072,15,67.61216509765518,35.13333333333333,48,-8.517883176432186,-10.200000000000001,0.8431846300260185,0.15681536997398146
LAX,ANH,12,"(33.94417072663332, -118.40248449470265)","(33.804700793860675, -117.85794766939246)",45.016666666666666,77,14.3,8.873191872374624,3.54927674894985,15,95.87319187237462,41.8,52,-11.677319187237462,-10.3,0.20143989514825444,0.7985601048517456
LAX,LGB,9,"(33.94417072663332, -118.40248449470265)","(33.84243412618893, -118.15170614158149)",28.8,62,10.75,4.554190461322673,1.8216761845290692,15,55.554190461322676,38.25,34,-7.467919046132268,-7.9,0.6063704713665231,0.3936295286334769
LAX,DTLA,6,"(33.94417072663332, -118.40248449470265)","(33.99178951703093, -118.30570829211258)",23.216666666666665,50,14.55,10.424041932867773,4.169616773147109,10,40.42404193286777,37.05,35,-5.894904193286777,-6.75,0.7016350104985117,0.2983649895014882
LAX,UVS,8,"(33.94417072663332, -118.40248449470265)","(34.08466821945228, -118.3865285583239)",35.63333333333333,57,27.4,10.300545034630847,4.120218013852339,10,52.300545034630844,49.9,45,-7.725054503463085,-7.95,0.5560004356454391,0.443999564354561
LAX,HWD,9,"(33.94417072663332, -118.40248449470265)","(34.065305569635406, -118.29093874981119)",33.93333333333333,57,14.766666666666667,6.918905889637951,2.7675623558551807,10,39.918905889637955,37.266666666666666,45,-5.855223922297129,-7.95,0.8903944034321831,0.10960559656781695
LAX,ANH,4,"(33.94417072663332, -118.40248449470265)","(33.77237631909524, -117.86970612722234)",41.85,77,10.9,9.867398719687596,3.9469594878750387,15,96.8673987196876,38.4,52,-11.606739871968761,-10.3,0.21303289285459853,0.7869671071454015
LAX,PSD,11,"(33.94417072663332, -118.40248449470265)","(34.05755813804989, -118.51809368686595)",34.55,57,20.666666666666668,7.030380416029088,2.812152166411635,10,46.03038041602909,43.16666666666667,47,-6.7613713749362425,-8.05,0.7839149792922974,0.2160850207077027
LAX,PSD,18,"(33.94417072663332, -118.40248449470265)","(34.095650421558325, -118.55568506951104)",37.55,57,5.5,1.4924769725040399,0.596990789001616,10,40.492476972504036,28.0,47,-5.449247697250404,-8.05,0.9309099808911034,0.06909001910889659
LAX,PSD,10,"(33.94417072663332, -118.40248449470265)","(34.128727036430156, -118.54206475036483)",41.03333333333333,57,48.733333333333334,7.111628307035145,2.844651322814058,10,46.11162830703515,71.23333333333333,47,-8.172829497370182,-8.05,0.46933117456442197,0.530668825435578
LAX,ANH,14,"(33.94417072663332, -118.40248449470265)","(33.801083110042846, -117.91304053666241)",45.6,77,8.416666666666666,2.099761133178262,0.8399044532713049,15,89.09976113317826,35.916666666666664,52,-10.705809446651159,-10.3,0.39991736159605673,0.6000826384039433
LAX,ANH,5,"(33.94417072663332, -118.40248449470265)","(33.8312523898317, -117.95859529865872)",37.016666666666666,77,10.45,6.574223191876575,2.62968927675063,15,93.57422319187657,37.95,52,-11.254922319187658,-10.3,0.27789598207517524,0.7221040179248247
LAX,BVH,5,"(33.94417072663332, -118.40248449470265)","(34.08417386701381, -118.40507650338066)",31.316666666666666,45,6.45,3.150972396860584,1.2603889587442336,10,28.650972396860585,28.95,29,-4.312597239686059,-5.95,0.8371812206938637,0.1628187793061363
LAX,BVH,14,"(33.94417072663332, -118.40248449470265)","(34.04997095763919, -118.34452505276397)",26.983333333333334,45,17.933333333333334,10.01803225128246,4.007212900512984,10,35.51803225128246,40.43333333333334,29,-5.573469891794913,-5.95,0.593035935374991,0.40696406462500906
LAX,DTLA,8,"(33.94417072663332, -118.40248449470265)","(34.015133352835036, -118.31417602620095)",26.133333333333333,50,14.216666666666667,8.279847298997343,3.311938919598937,10,38.27984729899734,36.71666666666667,35,-5.663818063233068,-6.75,0.7476620738105972,0.2523379261894029
LAX,DTLA,7,"(33.94417072663332, -118.40248449470265)","(33.99597823829443, -118.27550625313044)",19.566666666666666,50,9.666666666666666,8.208605223720857,3.283442089488343,10,38.20860522372086,32.166666666666664,35,-5.429193855705419,-6.75,0.7893157966585979,0.21068420334140214
LAX,ANH,15,"(33.94417072663332, -118.40248449470265)","(33.8287580991844, -117.96142100685243)",37.53333333333333,77,11.216666666666667,6.736658368731109,2.6946633474924435,15,93.73665836873111,38.71666666666667,52,-11.309499170206445,-10.3,0.2670778753958641,0.732922124604136
LAX,LGB,8,"(33.94417072663332, -118.40248449470265)","(33.8387193216898, -118.11028773175808)",30.766666666666666,62,12.666666666666666,7.067525791292974,2.82701031651719,15,58.06752579129297,40.166666666666664,34,-7.8150859124626315,-7.9,0.5212157755596911,0.4787842244403088
LAX,WDHL,10,"(33.94417072663332, -118.40248449470265)","(34.2171121484026, -118.65168076758172)",47.86666666666667,78,13.5,10.349755141365423,4.139902056546169,15,70.34975514136542,41.0,48,-9.084975514136543,-10.200000000000001,0.7530646437987538,0.2469353562012462
LAX,UVS,12,"(33.94417072663332, -118.40248449470265)","(34.1018203605102, -118.29992128582188)",38.46666666666667,57,15.383333333333333,10.117157924425698,4.046863169770279,10,52.1171579244257,37.88333333333333,45,-7.105882459109237,-7.95,0.6993317083928644,0.3006682916071356
LAX,WDHL,15,"(33.94417072663332, -118.40248449470265)","(34.20568106798731, -118.53972733447077)",41.5,78,14.216666666666667,11.12154668868212,4.448618675472848,15,71.12154668868212,41.71666666666667,48,-9.197988002201544,-10.200000000000001,0.7314539774567473,0.26854602254325277
LAX,PSD,23,"(33.94417072663332, -118.40248449470265)","(34.11418436862566, -118.57541358190866)",53.43333333333333,57,34.25,5.731855235818015,2.292742094327206,10,44.73185523581802,56.75,47,-7.310685523581802,-8.05,0.6768459329207405,0.3231540670792596
LAX,LGB,11,"(33.94417072663332, -118.40248449470265)","(33.77684503619574, -118.21922782172146)",27.083333333333332,62,14.966666666666667,11.885467947642624,4.75418717905705,15,62.885467947642624,42.46666666666667,34,-8.411880128097597,-7.9,0.3747528831434035,0.6252471168565965
LAX,DTLA,9,"(33.94417072663332, -118.40248449470265)","(34.08056380052587, -118.30787299758117)",36.6,50,15.916666666666666,8.691972837511553,3.4767891350046214,10,38.69197283751156,38.416666666666664,35,-5.790030617084489,-6.75,0.7231156750321159,0.2768843249678842
LAX,WDHL,10,"(33.94417072663332, -118.40248449470265)","(34.21258933242492, -118.56056421735452)",40.9,78,12.55,9.601842750870926,3.8407371003483703,15,69.60184275087093,40.05,48,-8.962684275087094,-10.200000000000001,0.7750964317526844,0.22490356824731567
LAX,DTLA,8,"(33.94417072663332, -118.40248449470265)","(34.04244832238428, -118.2213314959454)",30.4,50,9.716666666666667,6.589183568250644,2.6356734273002576,10,36.58918356825065,32.21666666666667,35,-5.269751690158398,-6.75,0.814610083511853,0.18538991648814698
LAX,LGB,13,"(33.94417072663332, -118.40248449470265)","(33.77113023070341, -118.20882132092537)",24.5,62,12.383333333333333,11.334611952859571,4.533844781143829,15,62.334611952859575,39.88333333333333,34,-8.227627861952625,-7.9,0.41881791257763445,0.5811820874223655
LAX,WDHL,13,"(33.94417072663332, -118.40248449470265)","(34.153431576879996, -118.61223344730794)",41.266666666666666,78,5.266666666666667,3.197193061852217,1.2788772247408868,15,63.19719306185222,32.766666666666666,48,-7.958052639518556,-10.200000000000001,0.9039536639764296,0.09604633602357039
LAX,DTLA,14,"(33.94417072663332, -118.40248449470265)","(34.052075833516845, -118.23394971812382)",28.566666666666666,50,7.883333333333334,5.020993498390162,2.0083973993560646,10,35.02099349839016,30.383333333333333,35,-5.021266016505683,-6.75,0.8492504112218311,0.150749588778169
LAX,LGB,6,"(33.94417072663332, -118.40248449470265)","(33.75847793223537, -118.1258603552036)",33.833333333333336,62,15.4,10.56213406712587,4.224853626850348,15,61.56213406712587,42.9,34,-8.301213406712588,-7.9,0.40102084082816764,0.5989791591718323
LAX,UVS,12,"(33.94417072663332, -118.40248449470265)","(34.17750920526439, -118.38603040069684)",38.666666666666664,57,10.783333333333333,8.059619196162055,3.223847678464822,10,50.05961919616205,33.28333333333333,45,-6.670128586282872,-7.95,0.7824278873979896,0.2175721126020103
LAX,DTLA,15,"(33.94417072663332, -118.40248449470265)","(34.06087734769223, -118.20593225447413)",34.2,50,13.516666666666667,9.313132425030883,3.7252529700123533,10,39.31313242503089,36.016666666666666,35,-5.732146575836422,-6.75,0.7345542616721461,0.26544573832785395
LAX,HWD,9,"(33.94417072663332, -118.40248449470265)","(34.0780200291993, -118.37921742015834)",31.883333333333333,57,16.333333333333332,7.8162706224369884,3.1265082489747953,10,40.81627062243699,38.83333333333333,45,-6.023293728910366,-7.95,0.8728844055075011,0.1271155944924989
LAX,PSD,13,"(33.94417072663332, -118.40248449470265)","(34.07909600691952, -118.61475076207215)",57.8,57,37.3,9.321647094175132,3.728658837670053,10,48.321647094175134,59.8,47,-7.822164709417514,-8.05,0.556713705697037,0.443286294302963
LAX,UVS,5,"(33.94417072663332, -118.40248449470265)","(34.162047738854874, -118.34941033947436)",37.8,57,10.016666666666667,4.150482255622501,1.6601929022490005,10,46.1504822556225,32.516666666666666,45,-6.240881558895584,-7.95,0.8467219070339147,0.1532780929660854
LAX,HWD,14,"(33.94417072663332, -118.40248449470265)","(34.09953409761115, -118.3575198312384)",40.18333333333333,57,10.5,4.541297601215503,1.8165190404862013,10,37.541297601215504,33.0,45,-5.404129760121551,-7.95,0.9272955833102909,0.07270441668970914
LAX,ANH,4,"(33.94417072663332, -118.40248449470265)","(33.789018325715936, -117.8850414723682)",41.166666666666664,77,8.35,6.309266462636664,2.523706585054666,15,93.30926646263666,35.85,52,-11.123426646263667,-10.3,0.3050367625186217,0.6949632374813783
LAX,BVH,14,"(33.94417072663332, -118.40248449470265)","(34.01785452730829, -118.44789370256223)",22.2,45,17.65,9.904601922936783,3.961840769174713,10,35.404601922936784,40.15,29,-5.5479601922936785,-5.95,0.5991776470269946,0.40082235297300545
LAX,HWD,11,"(33.94417072663332, -118.40248449470265)","(34.064821737677114, -118.28677190621428)",32.96666666666667,57,17.85,7.430809014369983,2.9723236057479934,10,40.430809014369984,40.35,45,-6.060580901436999,-7.95,0.868689282362969,0.13131071763703098
LAX,ANH,6,"(33.94417072663332, -118.40248449470265)","(33.85063622749898, -117.90516571263673)",37.083333333333336,77,13.55,6.911494207506478,2.764597683002591,15,93.91149420750648,41.05,52,-11.44364942075065,-10.3,0.2416509531954821,0.758349046804518
LAX,UVS,6,"(33.94417072663332, -118.40248449470265)","(34.09640574434545, -118.37740992886079)",42.45,57,23.833333333333332,7.915460350917254,3.1661841403669015,10,49.91546035091726,46.33333333333333,45,-7.308212701758393,-7.95,0.655157369990997,0.3448426300090029
LAX,DTLA,0,"(33.94417072663332, -118.40248449470265)","(34.032333477443295, -118.2124840943463)",28.416666666666668,50,10.533333333333333,8.074516573483557,3.2298066293934227,10,38.07451657348356,33.03333333333333,35,-5.459118324015022,-6.75,0.7842963845982678,0.21570361540173222
LAX,ANH,8,"(33.94417072663332, -118.40248449470265)","(33.75953770357048, -117.96920987343752)",35.31666666666667,77,16.233333333333334,11.602434519658452,4.64097380786338,15,98.60243451965846,43.733333333333334,52,-12.046910118632514,-10.3,0.14843734634741207,0.851562653652588
LAX,DTLA,10,"(33.94417072663332, -118.40248449470265)","(34.03998558601851, -118.25011767402196)",29.916666666666668,50,7.566666666666666,2.5176712466610884,1.0070684986644354,10,32.51767124666109,30.066666666666666,35,-4.7551004579994425,-6.75,0.8802605216476151,0.11973947835238476
LAX,BVH,1,"(33.94417072663332, -118.40248449470265)","(34.03269782194569, -118.40911568030235)",20.183333333333334,45,10.7,5.863185354534604,2.3452741418138414,10,31.363185354534604,33.2,29,-4.7963185354534605,-5.95,0.7601827089080736,0.23981729109192643
LAX,HWD,8,"(33.94417072663332, -118.40248449470265)","(34.130391638660846, -118.27910482843346)",36.46666666666667,57,20.35,9.590123734017626,3.83604949360705,10,42.590123734017624,42.85,45,-6.401512373401762,-7.95,0.8246951907846207,0.17530480921537925
LAX,HWD,14,"(33.94417072663332, -118.40248449470265)","(34.12846295506406, -118.35741708955764)",39.18333333333333,57,14.0,7.662683730151559,3.0650734920606237,10,40.66268373015156,36.5,45,-5.891268373015156,-7.95,0.8868269322110752,0.11317306778892483
LAX,ANH,10,"(33.94417072663332, -118.40248449470265)","(33.8130754651027, -117.86675716563371)",44.95,77,14.666666666666666,7.51217978235053,3.004871912940212,15,94.51217978235053,42.166666666666664,52,-11.559551311568388,-10.3,0.22105114110496257,0.7789488588950375
LAX,WDHL,6,"(33.94417072663332, -118.40248449470265)","(34.1653336762888, -118.54509856317469)",38.05,78,9.35,8.6755084146117,3.47020336584468,15,68.6755084146117,36.85,48,-8.710050841461172,-10.200000000000001,0.8160706414328704,0.18392935856712958
LAX,BVH,13,"(33.94417072663332, -118.40248449470265)","(34.05635329983869, -118.3543854405729)",29.266666666666666,45,15.783333333333333,8.3723745221235,3.3489498088494005,10,33.8723745221235,38.28333333333333,29,-5.301404118879017,-5.95,0.6566939779724213,0.3433060220275787
LAX,ANH,7,"(33.94417072663332, -118.40248449470265)","(33.82803076150451, -117.98161372684044)",38.18333333333333,77,13.95,9.411147456437575,3.7644589825750305,15,96.41114745643758,41.45,52,-11.713614745643758,-10.3,0.1956645420530029,0.804335457946997
LAX,PSD,12,"(33.94417072663332, -118.40248449470265)","(34.131159693757354, -118.58469773749711)",49.583333333333336,57,38.85,8.885309970012012,3.5541239880048043,10,47.88530997001201,61.35,47,-7.856030997001202,-8.05,0.548340781346655,0.451659218653345
LAX,DTLA,9,"(33.94417072663332, -118.40248449470265)","(34.02793708464638, -118.32028802694934)",26.15,50,10.483333333333333,8.04418814029979,3.217675256119916,10,38.04418814029979,32.983333333333334,35,-5.4535854806966455,-6.75,0.7852309340966958,0.21476906590330433
LAX,WDHL,6,"(33.94417072663332, -118.40248449470265)","(34.180012269651286, -118.66921367475321)",44.71666666666667,78,9.75,9.285970325125248,3.7143881300500996,15,69.28597032512525,37.25,48,-8.791097032512525,-10.200000000000001,0.8035928551454178,0.19640714485458216
LAX,DTLA,5,"(33.94417072663332, -118.40248449470265)","(34.03924778179842, -118.22294424877313)",32.833333333333336,50,12.133333333333333,6.391861665447203,2.556744666178881,10,36.3918616654472,34.63333333333333,35,-5.370852833211387,-6.75,0.798853996572614,0.20114600342738603
LAX,BVH,9,"(33.94417072663332, -118.40248449470265)","(34.05160330092956, -118.47757807536817)",25.483333333333334,45,16.7,9.834629708086883,3.9338518832347535,10,35.33462970808688,39.2,29,-5.493462970808689,-5.95,0.6121923423913097,0.3878076576086903
LAX,BVH,6,"(33.94417072663332, -118.40248449470265)","(34.02804479275848, -118.42115841114335)",18.166666666666668,45,12.483333333333333,6.800056033697185,2.720022413478874,10,32.30005603369719,34.983333333333334,29,-4.979172270036385,-5.95,0.7252844511826149,0.2747155488173852
LAX,DTLA,14,"(33.94417072663332, -118.40248449470265)","(34.08336739976904, -118.26291138994614)",33.266666666666666,50,13.233333333333333,6.9632052618320275,2.785282104732811,10,36.96320526183203,35.733333333333334,35,-5.48298719284987,-6.75,0.7802309609358111,0.21976903906418888
LAX,ANH,6,"(33.94417072663332, -118.40248449470265)","(33.86757287719227, -117.9145243175131)",41.516666666666666,77,17.983333333333334,9.559739532259687,3.823895812903875,15,96.55973953225968,45.483333333333334,52,-11.930140619892637,-10.3,0.16381109861854407,0.8361889013814559
LAX,LGB,6,"(33.94417072663332, -118.40248449470265)","(33.761624443168124, -118.1668437219104)",32.166666666666664,62,15.533333333333333,9.636310163930936,3.8545240655723747,15,60.636310163930936,43.03333333333333,34,-8.215297683059761,-7.9,0.4218221640332478,0.5781778359667522
LAX,LGB,6,"(33.94417072663332, -118.40248449470265)","(33.77508601530114, -118.15290765914717)",31.6,62,9.666666666666666,7.05496801799998,2.821987207199992,15,58.05496801799998,37.166666666666664,34,-7.663830135133332,-7.9,0.558769557902698,0.44123044209730206
LAX,LGB,15,"(33.94417072663332, -118.40248449470265)","(33.86886653453462, -118.17717320443127)",23.55,62,13.85,9.843255993977113,3.937302397590845,15,60.84325599397711,41.35,34,-8.151825599397712,-7.9,0.43737420800453974,0.5626257919954601
LAX,HWD,10,"(33.94417072663332, -118.40248449470265)","(34.07847219903927, -118.34960146375458)",36.61666666666667,57,8.966666666666667,3.9364698748660802,1.5745879499464321,10,36.93646987486608,31.46666666666667,45,-5.2669803208199415,-7.95,0.9360172074288019,0.06398279257119815
LAX,ANH,7,"(33.94417072663332, -118.40248449470265)","(33.81595611350052, -117.9652589946314)",41.416666666666664,77,14.116666666666667,6.687552531478885,2.675021012591554,15,93.68755253147889,41.61666666666667,52,-11.449588586481223,-10.3,0.24056423743319522,0.7594357625668048
LAX,PSD,7,"(33.94417072663332, -118.40248449470265)","(34.065158015155994, -118.58432805260513)",40.3,57,19.8,6.239618600609865,2.495847440243946,10,45.239618600609866,42.3,47,-6.638961860060986,-8.05,0.8039296339206335,0.19607036607936645
LAX,UVS,9,"(33.94417072663332, -118.40248449470265)","(34.14776155027897, -118.40565272825431)",33.333333333333336,57,12.616666666666667,7.41746802263942,2.966987209055768,10,49.41746802263942,35.11666666666667,45,-6.697580135597276,-7.95,0.7777184701840105,0.22228152981598942
LAX,ANH,15,"(33.94417072663332, -118.40248449470265)","(33.85309237445734, -117.88954991497533)",37.36666666666667,77,14.016666666666667,8.216586347021424,3.28663453880857,15,95.21658634702142,41.516666666666666,52,-11.597491968035476,-10.3,0.21458741722035846,0.7854125827796415
LAX,UVS,5,"(33.94417072663332, -118.40248449470265)","(34.16693748507704, -118.34820228873633)",39.35,57,11.366666666666667,5.010634079849332,2.004253631939733,10,47.01063407984933,33.86666666666667,45,-6.394396741318267,-7.95,0.8257215436691576,0.17427845633084235
LAX,BVH,6,"(33.94417072663332, -118.40248449470265)","(34.11039034398392, -118.34928649762827)",43.05,45,24.416666666666668,11.667966391144047,4.667186556457619,10,37.16796639114405,46.91666666666667,29,-6.062629972447739,-5.95,0.47187223519176136,0.5281277648082385
LAX,PSD,13,"(33.94417072663332, -118.40248449470265)","(34.06323921007476, -118.59218351914407)",56.9,57,36.4,7.335232466692334,2.9340929866769336,10,46.33523246669233,58.9,47,-7.578523246669234,-8.05,0.6157332244889342,0.38426677551106586
LAX,ANH,5,"(33.94417072663332, -118.40248449470265)","(33.85244438284059, -117.8641243011562)",42.55,77,17.35,10.500493462999723,4.200197385199889,15,97.50049346299973,44.85,52,-11.992549346299974,-10.3,0.15544087041881877,0.8445591295811813
LAX,HWD,7,"(33.94417072663332, -118.40248449470265)","(34.0373450274362, -118.26123929748748)",26.833333333333332,57,25.85,13.322715670241381,5.329086268096552,10,46.32271567024138,48.35,45,-7.0497715670241385,-7.95,0.7109964434095722,0.28900355659042765
LAX,HWD,13,"(33.94417072663332, -118.40248449470265)","(34.119325255714585, -118.28047405750284)",40.85,57,18.283333333333335,8.218638970787422,3.287455588314969,10,41.218638970787424,40.78333333333333,45,-6.161030563745409,-7.95,0.8568008799141577,0.14319912008584243
LAX,ANH,14,"(33.94417072663332, -118.40248449470265)","(33.862893330579915, -117.87405472336602)",40.5,77,15.833333333333334,10.861358225005073,4.344543290002029,15,97.86135822500508,43.333333333333336,52,-11.952802489167176,-10.3,0.1607305447951452,0.8392694552048547
LAX,HWD,8,"(33.94417072663332, -118.40248449470265)","(34.113474455201505, -118.39382674392454)",38.8,57,24.133333333333333,10.250613006387656,4.100245202555063,10,43.25061300638765,46.63333333333333,45,-6.656727967305432,-7.95,0.784700499730001,0.21529950026999897
LAX,BVH,5,"(33.94417072663332, -118.40248449470265)","(34.102407112562595, -118.34877620822135)",44.5,45,19.616666666666667,10.891448338105088,4.356579335242035,10,36.391448338105086,42.11666666666667,29,-5.744978167143842,-5.95,0.5510766705692758,0.4489233294307242
LAX,ANH,5,"(33.94417072663332, -118.40248449470265)","(33.85499225508083, -117.89361566807631)",39.416666666666664,77,16.833333333333332,8.223414133464985,3.2893656533859943,15,95.22341413346498,44.33333333333333,52,-11.739008080013166,-10.3,0.19169900005212287,0.8083009999478771
LAX,WDHL,15,"(33.94417072663332, -118.40248449470265)","(34.188199812753425, -118.6581176250432)",43.483333333333334,78,8.9,8.123297929200037,3.2493191716800145,15,68.12329792920004,36.4,48,-8.632329792920004,-10.200000000000001,0.8274512241849622,0.17254877581503783
LAX,BVH,16,"(33.94417072663332, -118.40248449470265)","(34.07400754397646, -118.46462698265536)",22.466666666666665,45,12.4,7.731508925653426,3.09260357026137,10,33.23150892565343,34.9,29,-5.068150892565344,-5.95,0.7072052549892096,0.2927947450107904
LAX,BVH,6,"(33.94417072663332, -118.40248449470265)","(34.06628655752593, -118.44162848564183)",25.616666666666667,45,10.0,4.330256237871628,1.732102495148651,10,29.830256237871627,32.5,29,-4.608025623787163,-5.95,0.7928144393880834,0.2071855606119166
LAX,BVH,8,"(33.94417072663332, -118.40248449470265)","(34.02051229262715, -118.43099704956016)",18.666666666666668,45,14.933333333333334,8.433888526648865,3.373555410659546,10,33.933888526648865,37.43333333333334,29,-5.265055519331554,-5.95,0.6648413592949896,0.3351586407050105
LAX,LGB,14,"(33.94417072663332, -118.40248449470265)","(33.82349960375687, -118.09118202165591)",35.71666666666667,62,18.1,8.72929550530059,3.4917182021202358,15,59.72929550530059,45.6,34,-8.252929550530059,-7.9,0.41267219343916317,0.5873278065608368
LAX,PSD,12,"(33.94417072663332, -118.40248449470265)","(34.04946176465115, -118.52080999780298)",30.483333333333334,57,16.25,7.909710600621164,3.1638842402484655,10,46.90971060062117,38.75,47,-6.628471060062117,-8.05,0.8055779940627823,0.19442200593721778
LAX,DTLA,16,"(33.94417072663332, -118.40248449470265)","(34.00017449095763, -118.2426194362589)",26.566666666666666,50,13.85,8.201061408513223,3.280424563405289,10,38.201061408513226,36.35,35,-5.6376061408513225,-6.75,0.7525751313683696,0.2474248686316303
LAX,DTLA,4,"(33.94417072663332, -118.40248449470265)","(34.07579457352569, -118.24709121836918)",31.4,50,10.716666666666667,6.329901276012984,2.5319605104051934,10,36.32990127601298,33.21666666666667,35,-5.293823460934632,-6.75,0.8109471897284274,0.1890528102715726
LAX,ANH,10,"(33.94417072663332, -118.40248449470265)","(33.79889670350093, -117.86792966130668)",42.5,77,11.183333333333334,7.692988691655635,3.077195476662254,15,94.69298869165563,38.68333333333334,52,-11.403465535832229,-10.3,0.249091120694684,0.7509088793053159
LAX,BVH,4,"(33.94417072663332, -118.40248449470265)","(34.051447339908165, -118.42965631306117)",23.316666666666666,45,6.866666666666666,3.7025202717026984,1.4810081086810793,10,29.2025202717027,29.366666666666667,29,-4.388585360503604,-5.95,0.8265562508318445,0.1734437491681555
LAX,DTLA,13,"(33.94417072663332, -118.40248449470265)","(34.049156370778846, -118.27904274445957)",25.833333333333332,50,5.183333333333334,1.9844346247976157,0.7937738499190463,10,31.984434624797615,27.683333333333334,35,-4.5826101291464285,-6.75,0.8972826494326135,0.10271735056738648
LAX,BVH,4,"(33.94417072663332, -118.40248449470265)","(34.07584943666294, -118.46947137312043)",22.3,45,14.216666666666667,8.470981649619029,3.3883926598476117,10,33.97098164961903,36.71666666666667,29,-5.232931498295237,-5.95,0.6719611548152454,0.3280388451847545
LAX,ANH,7,"(33.94417072663332, -118.40248449470265)","(33.76717404754948, -117.91676410481335)",36.916666666666664,77,14.0,7.767459683280867,3.106983873312347,15,94.76745968328086,41.5,52,-11.551745968328088,-10.3,0.22239804968502436,0.7776019503149756
LAX,DTLA,9,"(33.94417072663332, -118.40248449470265)","(34.03310689950525, -118.26825933135909)",23.483333333333334,50,4.8,1.7311886539292338,0.6924754615716935,10,31.731188653929234,27.3,35,-4.538118865392924,-6.75,0.9013113785611873,0.09868862143881273
LAX,PSD,11,"(33.94417072663332, -118.40248449470265)","(34.04535337951134, -118.50063878497753)",28.766666666666666,57,22.066666666666666,10.276005635853531,4.1104022543414125,10,49.27600563585353,44.56666666666666,47,-7.155933896918686,-8.05,0.7097285602492407,0.29027143975075936
LAX,BVH,7,"(33.94417072663332, -118.40248449470265)","(34.048328097546126, -118.37798073885489)",23.6,45,12.55,5.745309272765224,2.2981237091060898,10,31.245309272765226,35.05,29,-4.877030927276523,-5.95,0.7451611411913261,0.2548388588086738
LAX,DTLA,12,"(33.94417072663332, -118.40248449470265)","(33.98530527061213, -118.2952733220104)",19.733333333333334,50,12.783333333333333,10.742293965549855,4.2969175862199425,10,40.742293965549855,35.28333333333333,35,-5.838396063221653,-6.75,0.7133282656649428,0.2866717343350572
LAX,UVS,16,"(33.94417072663332, -118.40248449470265)","(34.08716756169387, -118.29098416588401)",34.75,57,17.3,12.74771109338696,5.099084437354784,10,54.74771109338696,39.8,45,-7.464771109338697,-7.95,0.6189818386040958,0.38101816139590416
LAX,HWD,6,"(33.94417072663332, -118.40248449470265)","(34.05990632811403, -118.3698394239293)",27.016666666666666,57,18.116666666666667,8.208725956822935,3.283490382729174,10,41.20872595682293,40.61666666666667,45,-6.151705929015627,-7.95,0.8579411465823212,0.14205885341767885
LAX,UVS,8,"(33.94417072663332, -118.40248449470265)","(34.08562777896941, -118.36692823083115)",37.96666666666667,57,23.033333333333335,9.255137076200615,3.7020548304802463,10,51.25513707620061,45.53333333333333,45,-7.402180374286729,-7.95,0.6336295797206627,0.36637042027933725
LAX,LGB,5,"(33.94417072663332, -118.40248449470265)","(33.81607635971715, -118.12614631364038)",27.533333333333335,62,6.933333333333334,3.605053217363676,1.4420212869454703,15,54.605053217363675,34.43333333333334,34,-7.182171988403034,-7.9,0.6721285512245796,0.3278714487754205
LAX,PSD,7,"(33.94417072663332, -118.40248449470265)","(34.04932225057265, -118.55825972715209)",33.63333333333333,57,10.933333333333334,6.766614923161216,2.7066459692644864,10,45.766614923161214,33.43333333333334,47,-6.248328158982789,-8.05,0.8583523253726252,0.14164767462737485
LAX,PSD,17,"(33.94417072663332, -118.40248449470265)","(34.141481925435606, -118.59306513236059)",43.483333333333334,57,41.483333333333334,11.030201750112854,4.412080700045141,10,50.03020175011285,63.983333333333334,47,-8.202186841677953,-8.05,0.4620265526995185,0.5379734473004815
LAX,BVH,7,"(33.94417072663332, -118.40248449470265)","(34.11919375733589, -118.40828051886038)",42.0,45,17.15,9.061846689884485,3.624738675953794,10,34.56184668988448,39.65,29,-5.438684668988449,-5.95,0.6251147681080379,0.3748852318919621
LAX,ANH,11,"(33.94417072663332, -118.40248449470265)","(33.82306375457064, -117.97855127731209)",39.083333333333336,77,15.5,8.769345435507443,3.507738174202977,15,95.76934543550745,43.0,52,-11.726934543550746,-10.3,0.19357676725589237,0.8064232327441075
LAX,LGB,8,"(33.94417072663332, -118.40248449470265)","(33.85419671401325, -118.11881963151649)",29.25,62,14.066666666666666,8.062017768489385,3.224807107395754,15,59.06201776848938,41.56666666666666,34,-7.9845351101822715,-7.9,0.4788787989571901,0.5211212010428098
LAX,UVS,8,"(33.94417072663332, -118.40248449470265)","(34.15401037206193, -118.39404301006381)",33.28333333333333,57,11.25,6.189958095651164,2.475983238260466,10,48.189958095651164,33.75,45,-6.506495809565116,-7.95,0.8089967089435247,0.19100329105647526
LAX,ANH,8,"(33.94417072663332, -118.40248449470265)","(33.83104903878192, -117.97221305786444)",38.4,77,13.216666666666667,8.315244465841348,3.326097786336539,15,95.31524446584135,40.71666666666667,52,-11.567357779917469,-10.3,0.21970989209229172,0.7802901079077083
LAX,PSD,16,"(33.94417072663332, -118.40248449470265)","(34.075607283199815, -118.51503948550103)",34.083333333333336,57,30.2,5.5374193528049895,2.214967741121996,10,44.53741935280499,52.7,47,-7.088741935280499,-8.05,0.7233736199226429,0.276626380077357
LAX,DTLA,22,"(33.94417072663332, -118.40248449470265)","(34.01709591565607, -118.25018485544493)",27.333333333333332,50,9.75,5.109667773979658,2.0438671095918632,10,35.10966777397966,32.25,35,-5.123466777397966,-6.75,0.8356941713856246,0.16430582861437537
LAX,DTLA,15,"(33.94417072663332, -118.40248449470265)","(33.98932442337456, -118.31270468334031)",24.2,50,16.15,11.333118924598653,4.533247569839461,10,41.33311892459865,38.65,35,-6.065811892459865,-6.75,0.6646727976846578,0.33532720231534224
LAX,ANH,11,"(33.94417072663332, -118.40248449470265)","(33.80426024308024, -117.88839516634867)",41.03333333333333,77,9.533333333333333,4.607460750714517,1.8429843002858068,15,91.60746075071452,37.03333333333333,52,-11.01241274173812,-10.3,0.3290659318206831,0.6709340681793169
LAX,ANH,4,"(33.94417072663332, -118.40248449470265)","(33.788528535864884, -117.90588799424329)",41.06666666666667,77,9.216666666666667,4.494856788220836,1.7979427152883343,15,91.49485678822083,36.71666666666667,52,-10.985319012155417,-10.3,0.33507519000824454,0.6649248099917554
LAX,HWD,10,"(33.94417072663332, -118.40248449470265)","(34.041776046908936, -118.26554417507492)",24.7,57,23.833333333333332,12.347136827071097,4.938854730828439,10,45.3471368270711,46.33333333333333,45,-6.851380349373776,-7.95,0.750001380364606,0.24999861963539405
LAX,WDHL,13,"(33.94417072663332, -118.40248449470265)","(34.20894524139525, -118.66866684522734)",46.03333333333333,78,11.116666666666667,11.180703167064136,4.472281266825655,15,71.18070316706414,38.61666666666667,48,-9.048903650039748,-10.200000000000001,0.7597111127681045,0.24028888723189543
LAX,PSD,9,"(33.94417072663332, -118.40248449470265)","(34.063731457973084, -118.490295772772)",28.416666666666668,57,25.716666666666665,9.61516905470069,3.846067621880276,10,48.61516905470069,48.21666666666667,47,-7.272350238803402,-8.05,0.6851733627575156,0.31482663724248444
LAX,UVS,18,"(33.94417072663332, -118.40248449470265)","(34.080631836782466, -118.32298475388477)",37.516666666666666,57,17.683333333333334,10.972642648138182,4.389057059255273,10,52.972642648138184,40.18333333333334,45,-7.306430931480486,-7.95,0.655559807200135,0.3444401927998651
LAX,LGB,14,"(33.94417072663332, -118.40248449470265)","(33.79575074381783, -118.12154103046852)",26.283333333333335,62,9.0,5.513241890465697,2.2052967561862786,15,56.51324189046569,36.5,34,-7.4763241890465695,-7.9,0.6043625036963673,0.39563749630363254
LAX,HWD,9,"(33.94417072663332, -118.40248449470265)","(34.07284354060223, -118.25731769780367)",30.65,57,19.716666666666665,10.543009291918352,4.217203716767341,10,43.54300929191835,42.21666666666667,45,-6.465134262525169,-7.95,0.8153063969560399,0.1846936030439601
LAX,WDHL,8,"(33.94417072663332, -118.40248449470265)","(34.20049108864661, -118.67244624853184)",56.1,78,21.2,10.873713659051019,4.349485463620407,15,70.87371365905102,48.7,48,-9.522371365905103,-10.200000000000001,0.6632092277674574,0.33679077223254256
LAX,BVH,14,"(33.94417072663332, -118.40248449470265)","(34.02959094376479, -118.46766676028845)",21.483333333333334,45,15.983333333333333,10.289377456060418,4.115750982424167,10,35.78937745606042,38.483333333333334,29,-5.503104412272709,-5.95,0.6099008791065239,0.3900991208934761
LAX,WDHL,12,"(33.94417072663332, -118.40248449470265)","(34.129574073705705, -118.64543931139167)",46.9,78,12.15,9.176748495047391,3.670699398018957,15,69.17674849504739,39.65,48,-8.90017484950474,-10.200000000000001,0.785805554686534,0.21419444531346601
LAX,WDHL,6,"(33.94417072663332, -118.40248449470265)","(34.14889743339306, -118.60776129153687)",42.0,78,6.0,3.8357558537337417,1.5343023414934966,15,63.835755853733744,33.5,48,-8.058575585373376,-10.200000000000001,0.8948646974649054,0.10513530253509466
LAX,BVH,8,"(33.94417072663332, -118.40248449470265)","(34.072334469671944, -118.44115840656015)",26.833333333333332,45,9.816666666666666,4.372535132294903,1.7490140529179612,10,29.872535132294903,32.31666666666666,29,-4.603086846562824,-5.95,0.7936245083495237,0.20637549165047633
LAX,WDHL,15,"(33.94417072663332, -118.40248449470265)","(34.22149569517062, -118.61500961329783)",45.333333333333336,78,9.433333333333334,8.801623481319348,3.5206493925277393,15,68.80162348131935,36.93333333333334,48,-8.726829014798604,-10.200000000000001,0.8135388817748371,0.18646111822516284
LAX,ANH,9,"(33.94417072663332, -118.40248449470265)","(33.84511580177126, -117.94887359154407)",37.88333333333333,77,9.766666666666667,7.114572830604834,2.8458291322419336,15,94.11457283060483,37.266666666666666,52,-11.274790616393817,-10.3,0.27392666125034576,0.7260733387496542
LAX,PSD,10,"(33.94417072663332, -118.40248449470265)","(34.1437708257752, -118.61118394466611)",43.6,57,41.15,12.938441394017211,5.175376557606884,10,51.93844139401721,63.65,47,-8.376344139401722,-8.05,0.4191304153263294,0.5808695846736707
LAX,DTLA,11,"(33.94417072663332, -118.40248449470265)","(34.0486595974142, -118.20024403178097)",30.316666666666666,50,12.433333333333334,9.659915629455282,3.863966251782113,10,39.659915629455284,34.93333333333334,35,-5.712658229612195,-6.75,0.7383367733287716,0.26166322667122854
LAX,WDHL,12,"(33.94417072663332, -118.40248449470265)","(34.17844242435206, -118.61218643284529)",39.43333333333333,78,3.716666666666667,1.6115493624996455,0.6446197449998582,15,61.611549362499645,31.21666666666667,48,-7.7219882695832975,-10.200000000000001,0.9225859126310599,0.07741408736894007
LAX,HWD,15,"(33.94417072663332, -118.40248449470265)","(34.06520661631778, -118.31358139154344)",32.28333333333333,57,10.383333333333333,4.975637512223144,1.9902550048892576,10,37.975637512223145,32.88333333333333,45,-5.441730417888982,-7.95,0.924719518862067,0.07528048113793298
LAX,DTLA,7,"(33.94417072663332, -118.40248449470265)","(34.0372161250232, -118.25155349425856)",29.45,50,7.066666666666666,2.4721264396989597,0.9888505758795839,10,32.47212643969896,29.566666666666666,35,-4.72554597730323,-6.75,0.8833407797360128,0.11665922026398715
LAX,DTLA,16,"(33.94417072663332, -118.40248449470265)","(34.05790039479402, -118.28326616117424)",30.0,50,9.05,3.4288045983591413,1.3715218393436566,10,33.42880459835914,31.55,35,-4.920380459835915,-6.75,0.8617163969973628,0.13828360300263726
LAX,DTLA,14,"(33.94417072663332, -118.40248449470265)","(34.09617221430701, -118.28138814972758)",38.36666666666667,50,17.25,9.36340756713311,3.7453630268532443,10,39.36340756713311,39.75,35,-5.923840756713311,-6.75,0.695542210098545,0.30445778990145506
LAX,WDHL,16,"(33.94417072663332, -118.40248449470265)","(34.12382973009382, -118.57046878430299)",51.25,78,15.233333333333333,9.544898764146444,3.8179595056585773,15,69.54489876414644,42.733333333333334,48,-9.091156543081311,-10.200000000000001,0.7519134331917767,0.24808656680822336
LAX,UVS,4,"(33.94417072663332, -118.40248449470265)","(34.15628636086983, -118.31051415931202)",44.85,57,16.516666666666666,7.091352699370952,2.8365410797483808,10,49.09135269937095,39.016666666666666,45,-6.8599686032704295,-7.95,0.748387633769855,0.251612366230145
LAX,UVS,8,"(33.94417072663332, -118.40248449470265)","(34.109258206438525, -118.39511733827672)",38.05,57,24.783333333333335,7.624874802760905,3.049949921104362,10,49.62487480276091,47.28333333333333,45,-7.326654146942758,-7.95,0.650979127631552,0.34902087236844803
LAX,HWD,14,"(33.94417072663332, -118.40248449470265)","(34.09099267294275, -118.35759314852174)",40.31666666666667,57,7.766666666666667,4.35116104191459,1.740464416765836,10,37.351161041914594,30.266666666666666,45,-5.248449437524793,-7.95,0.9371180771109019,0.06288192288909819
LAX,PSD,12,"(33.94417072663332, -118.40248449470265)","(34.07282360014904, -118.49528859778358)",28.983333333333334,57,25.683333333333334,8.35943009861024,3.343772039444096,10,47.35943009861024,48.18333333333334,47,-7.1451096765276905,-8.05,0.7119534279401025,0.28804657205989753
LAX,HWD,16,"(33.94417072663332, -118.40248449470265)","(34.08508479151206, -118.30634968369162)",36.53333333333333,57,8.65,3.209390045799039,1.2837560183196157,10,36.20939004579904,31.15,45,-5.1784390045799045,-7.95,0.9411195464126784,0.05888045358732167
LAX,UVS,11,"(33.94417072663332, -118.40248449470265)","(34.138441262427136, -118.31517488205954)",42.28333333333333,57,11.05,5.722097531427793,2.2888390125711173,10,47.72209753142779,33.55,45,-6.44970975314278,-7.95,0.8176177614924967,0.18238223850750335
LAX,ANH,10,"(33.94417072663332, -118.40248449470265)","(33.81252118149833, -117.9809103298763)",40.78333333333333,77,16.2,8.907817996124637,3.563127198449855,15,95.90781799612463,43.7,52,-11.775781799612464,-10.3,0.18606539914689274,0.8139346008531072
LAX,UVS,2,"(33.94417072663332, -118.40248449470265)","(34.11304508423692, -118.32527993555985)",39.766666666666666,57,13.9,6.116446902967578,2.4465787611870313,10,48.11644690296758,36.4,45,-6.631644690296759,-7.95,0.7889079427722373,0.21109205722776272
LAX,DTLA,5,"(33.94417072663332, -118.40248449470265)","(34.003640185026725, -118.31476982046736)",24.783333333333335,50,13.883333333333333,9.630061967837399,3.85202478713496,10,39.6300619678374,36.38333333333333,35,-5.782172863450407,-6.75,0.7246861882294064,0.2753138117705935
LAX,WDHL,7,"(33.94417072663332, -118.40248449470265)","(34.14661952293377, -118.6319284804792)",42.8,78,7.633333333333334,5.684590947644682,2.273836379057873,15,65.68459094764468,35.13333333333333,48,-8.325125761431135,-10.200000000000001,0.8670212607576522,0.1329787392423477
LAX,DTLA,10,"(33.94417072663332, -118.40248449470265)","(34.030682327720065, -118.25979310053201)",25.316666666666666,50,6.9,2.395873391479742,0.9583493565918967,10,32.39587339147974,29.4,35,-4.709587339147974,-6.75,0.8849752810406143,0.11502471895938562
LAX,ANH,10,"(33.94417072663332, -118.40248449470265)","(33.8379470348184, -117.93505245266661)",37.833333333333336,77,7.216666666666667,5.000038761179536,2.0000155044718144,15,92.00003876117954,34.71666666666667,52,-10.935837209451288,-10.3,0.34618814911649404,0.6538118508835059
LAX,ANH,13,"(33.94417072663332, -118.40248449470265)","(33.754476067595604, -117.8884538136153)",43.68333333333333,77,13.55,10.875008119533451,4.3500032478133805,15,97.87500811953345,41.05,52,-11.840000811953345,-10.3,0.17653515674502593,0.8234648432549739
LAX,LGB,9,"(33.94417072663332, -118.40248449470265)","(33.82080285699281, -118.17281042589697)",23.233333333333334,62,6.266666666666667,3.214261574448212,1.285704629779285,15,54.214261574448216,33.766666666666666,34,-7.109759490778155,-7.9,0.6878829702434661,0.3121170297565339
LAX,UVS,6,"(33.94417072663332, -118.40248449470265)","(34.10502841746117, -118.38158616411741)",45.61666666666667,57,24.533333333333335,6.893834448031603,2.757533779212641,10,48.893834448031605,47.03333333333333,45,-7.241050111469828,-7.95,0.6701690820544229,0.329830917945577
LAX,PSD,17,"(33.94417072663332, -118.40248449470265)","(34.05725889881684, -118.58989725687461)",59.28333333333333,57,38.78333333333333,7.738962651514959,3.0955850606059836,10,46.73896265151496,61.28333333333333,47,-7.738062931818163,-8.05,0.5773580069475361,0.42264199305246386
LAX,LGB,10,"(33.94417072663332, -118.40248449470265)","(33.75919232557266, -118.12003077652906)",33.38333333333333,62,16.066666666666666,10.768237061217654,4.3072948244870615,15,61.768237061217654,43.56666666666666,34,-8.355157039455099,-7.9,0.3881353356245126,0.6118646643754874
LAX,DTLA,6,"(33.94417072663332, -118.40248449470265)","(34.086501451069125, -118.30875681372544)",36.666666666666664,50,16.1,9.55457368145434,3.821829472581736,10,39.55457368145434,38.6,35,-5.885457368145435,-6.75,0.7036088657611748,0.2963911342388251
LAX,ANH,12,"(33.94417072663332, -118.40248449470265)","(33.75579497171622, -117.93157284604307)",39.483333333333334,77,15.1,9.889036866459838,3.9556147465839353,15,96.88903686645983,42.6,52,-11.818903686645985,-10.3,0.1796230138553622,0.8203769861446378
LAX,UVS,11,"(33.94417072663332, -118.40248449470265)","(34.166615340265956, -118.3063736287477)",39.85,57,14.15,8.504858970643198,3.401943588257279,10,50.5048589706432,36.65,45,-6.882985897064319,-7.95,0.7440286661756255,0.25597133382437454
LAX,DTLA,9,"(33.94417072663332, -118.40248449470265)","(34.02868095788761, -118.22475045939055)",29.283333333333335,50,11.4,6.586209605526676,2.6344838422106704,10,36.586209605526676,33.9,35,-5.353620960552668,-6.75,0.8016086680289711,0.19839133197102896
LAX,HWD,10,"(33.94417072663332, -118.40248449470265)","(34.04174196982037, -118.3455151901994)",24.466666666666665,57,17.75,9.00541029407496,3.6021641176299837,10,42.00541029407496,40.25,45,-6.2130410294074965,-7.95,0.8503003861496135,0.14969961385038663
LAX,UVS,9,"(33.94417072663332, -118.40248449470265)","(34.12103428518169, -118.29497664324413)",40.766666666666666,57,20.05,9.123569784612016,3.6494279138448067,10,51.123569784612016,42.55,45,-7.2398569784612015,-7.95,0.6704327615705314,0.32956723842946856
LAX,ANH,9,"(33.94417072663332, -118.40248449470265)","(33.75988656364692, -117.90767239260208)",40.15,77,16.3,9.162113341074305,3.664845336429722,15,96.1621133410743,43.8,52,-11.80621133410743,-10.3,0.181500952108393,0.818499047891607
LAX,DTLA,9,"(33.94417072663332, -118.40248449470265)","(34.00917642122702, -118.23742444737243)",28.366666666666667,50,10.483333333333333,7.247845621176481,2.8991382484705923,10,37.24784562117648,32.983333333333334,35,-5.373951228784315,-6.75,0.7983556658473865,0.20164433415261354
LAX,UVS,15,"(33.94417072663332, -118.40248449470265)","(34.18369684491383, -118.32009448160072)",43.333333333333336,57,16.766666666666666,9.273392275057322,3.7093569100229287,10,51.27339227505732,39.266666666666666,45,-7.0906725608390655,-7.95,0.702520117960369,0.2974798820396311
LAX,HWD,11,"(33.94417072663332, -118.40248449470265)","(34.10200762285632, -118.37130389539041)",47.266666666666666,57,16.416666666666668,6.557271184654945,2.622908473861978,10,39.557271184654944,38.91666666666667,45,-5.9015604517988285,-7.95,0.8857898487635479,0.11421015123645216
LAX,LGB,7,"(33.94417072663332, -118.40248449470265)","(33.86329200525093, -118.15022712375496)",24.983333333333334,62,14.2,8.148801823441739,3.2595207293766957,15,59.14880182344174,41.7,34,-7.9998801823441745,-7.9,0.4750506922630078,0.5249493077369921
LAX,BVH,9,"(33.94417072663332, -118.40248449470265)","(34.08973622774847, -118.42986150223435)",30.85,45,7.866666666666666,4.772619274980544,1.9090477099922176,10,30.272619274980542,30.366666666666667,29,-4.545595260831388,-5.95,0.8028819238996523,0.19711807610034773
LAX,DTLA,15,"(33.94417072663332, -118.40248449470265)","(34.01575752849549, -118.27912061525531)",19.383333333333333,50,7.466666666666667,5.012345093501138,2.0049380374004553,10,35.01234509350114,29.96666666666667,35,-4.999567842683447,-6.75,0.8520073013456583,0.14799269865434175
LAX,BVH,9,"(33.94417072663332, -118.40248449470265)","(34.06831619430174, -118.37837230512503)",28.516666666666666,45,9.766666666666667,4.7496848310919955,1.8998739324367984,10,30.249684831091997,32.266666666666666,29,-4.638301816442533,-5.95,0.7877971846903745,0.21220281530962548
LAX,PSD,15,"(33.94417072663332, -118.40248449470265)","(34.0669865597997, -118.48607495061535)",26.95,57,28.5,9.944629173224255,3.977851669289702,10,48.94462917322426,51.0,47,-7.444462917322426,-8.05,0.6469220793865664,0.35307792061343357
LAX,WDHL,12,"(33.94417072663332, -118.40248449470265)","(34.11507892416498, -118.54689555885598)",42.45,78,15.233333333333333,12.767841026854278,5.107136410741711,15,72.76784102685428,42.733333333333334,48,-9.413450769352096,-10.200000000000001,0.687089903658738,0.312910096341262
LAX,UVS,11,"(33.94417072663332, -118.40248449470265)","(34.17751830701369, -118.3383681480362)",42.65,57,14.683333333333334,7.149438766585097,2.8597755066340387,10,49.1494387665851,37.18333333333334,45,-6.774110543325177,-7.95,0.7642079123759015,0.23579208762409845
LAX,BVH,5,"(33.94417072663332, -118.40248449470265)","(34.055346213458606, -118.42674786800889)",23.483333333333334,45,5.6,2.9375929929356563,1.1750371971742626,10,28.437592992935656,28.1,29,-4.248759299293566,-5.95,0.8456967080994688,0.15430329190053108
LAX,BVH,9,"(33.94417072663332, -118.40248449470265)","(34.08693477542151, -118.38658765123192)",36.75,45,9.0,4.988646175377514,1.9954584701510059,10,30.488646175377514,31.5,29,-4.623864617537752,-5.95,0.7902006632092011,0.20979933679079885
LAX,UVS,11,"(33.94417072663332, -118.40248449470265)","(34.10413244398037, -118.41922010061616)",36.21666666666667,57,28.433333333333334,10.92421862357783,4.369687449431131,10,52.92421862357783,50.93333333333334,45,-7.83908852902445,-7.95,0.52769947847205,0.47230052152795005
LAX,PSD,12,"(33.94417072663332, -118.40248449470265)","(34.08269375435267, -118.55695344556884)",38.983333333333334,57,5.516666666666667,1.2963413430876423,0.5185365372350569,10,40.29634134308764,28.016666666666666,47,-5.430467467642098,-8.05,0.932108129846876,0.06789187015312413
LAX,UVS,9,"(33.94417072663332, -118.40248449470265)","(34.08648870981335, -118.42070474090362)",30.266666666666666,57,28.616666666666667,12.980442238936067,5.192176895574427,10,54.980442238936064,51.11666666666667,45,-8.05387755722694,-7.95,0.47405393751543484,0.5259460624845652
LAX,WDHL,7,"(33.94417072663332, -118.40248449470265)","(34.21314814728889, -118.55117103405618)",41.21666666666667,78,12.683333333333334,10.611954591246855,4.244781836498742,15,70.61195459124686,40.18333333333334,48,-9.070362125791354,-10.200000000000001,0.7557720638714809,0.2442279361285191
LAX,LGB,6,"(33.94417072663332, -118.40248449470265)","(33.769742972547654, -118.19761384982357)",24.416666666666668,62,12.316666666666666,10.397266028705673,4.158906411482269,15,61.39726602870567,39.81666666666666,34,-8.1305599362039,-7.9,0.44261400087068137,0.5573859991293185
LAX,UVS,8,"(33.94417072663332, -118.40248449470265)","(34.17426080121207, -118.40457057873654)",36.03333333333333,57,13.1,9.397523758996384,3.7590095035985533,10,51.397523758996385,35.6,45,-6.919752375899639,-7.95,0.7369639001138247,0.2630360998861752
LAX,BVH,6,"(33.94417072663332, -118.40248449470265)","(34.044836633548776, -118.48097625233814)",26.766666666666666,45,18.35,10.659481128370993,4.263792451348397,10,36.15948112837099,40.85,29,-5.6584481128371,-5.95,0.572376018082587,0.42762398191741313
LAX,PSD,14,"(33.94417072663332, -118.40248449470265)","(34.083389992879134, -118.57773020920584)",39.18333333333333,57,7.166666666666667,3.9675317206053444,1.5870126882421378,10,42.96753172060534,29.666666666666668,47,-5.780086505393868,-8.05,0.9063544457829729,0.0936455542170271
LAX,LGB,8,"(33.94417072663332, -118.40248449470265)","(33.80021619391846, -118.19437142426469)",23.633333333333333,62,10.233333333333333,6.777833100917526,2.7111332403670105,15,57.777833100917526,37.733333333333334,34,-7.664449976758419,-7.9,0.5586167327810088,0.4413832672189912
LAX,PSD,16,"(33.94417072663332, -118.40248449470265)","(34.09532867624834, -118.51351417191604)",39.78333333333333,57,36.483333333333334,5.466475009375169,2.1865900037500676,10,44.466475009375166,58.983333333333334,47,-7.3958141676041835,-8.05,0.6579531095354019,0.3420468904645981
LAX,LGB,10,"(33.94417072663332, -118.40248449470265)","(33.81477652971737, -118.11749127855205)",28.666666666666668,62,7.866666666666666,4.85447923872876,1.941791695491504,15,55.85447923872876,35.36666666666667,34,-7.35378125720621,-7.9,0.6332578663007654,0.36674213369923453
LAX,BVH,6,"(33.94417072663332, -118.40248449470265)","(34.06133519386004, -118.37470278906794)",26.583333333333332,45,11.983333333333333,5.347224926246696,2.1388899704986786,10,30.847224926246696,34.483333333333334,29,-4.808889159291336,-5.95,0.7578835323112737,0.2421164676887263
LAX,UVS,11,"(33.94417072663332, -118.40248449470265)","(34.155214031158174, -118.39295726989286)",33.166666666666664,57,10.383333333333333,6.144973558640822,2.4579894234563286,10,48.14497355864082,32.88333333333333,45,-6.4586640225307494,-7.95,0.816278710815401,0.18372128918459893
LAX,ANH,14,"(33.94417072663332, -118.40248449470265)","(33.77960275340482, -117.96323549713517)",38.45,77,15.816666666666666,8.49195780463445,3.39678312185378,15,95.49195780463445,43.31666666666666,52,-11.71502911379678,-10.3,0.19544204470282922,0.8045579552971709
LAX,HWD,5,"(33.94417072663332, -118.40248449470265)","(34.1262658638058, -118.3458208821036)",38.56666666666667,57,9.883333333333333,6.516281672575277,2.606512669030111,10,39.516281672575275,32.38333333333333,45,-5.570794833924195,-7.95,0.9152277867249472,0.08477221327505276
LAX,PSD,7,"(33.94417072663332, -118.40248449470265)","(34.0554043090923, -118.49826693135557)",29.566666666666666,57,23.866666666666667,9.385252286361185,3.7541009145444737,10,48.38525228636119,46.36666666666667,47,-7.156858561969452,-8.05,0.7095380294314468,0.2904619705685532
LAX,DTLA,16,"(33.94417072663332, -118.40248449470265)","(34.01263641064713, -118.20450530814534)",30.216666666666665,50,14.933333333333334,10.423470389048086,4.1693881556192345,10,40.423470389048084,37.43333333333334,35,-5.914013705571476,-6.75,0.6976192104424715,0.3023807895575284
LAX,BVH,10,"(33.94417072663332, -118.40248449470265)","(34.036309888638705, -118.35427017553793)",24.55,45,20.016666666666666,9.725747439642392,3.890298975856957,10,35.22574743964239,42.516666666666666,29,-5.648408077297573,-5.95,0.574831629353206,0.42516837064679397
LAX,HWD,4,"(33.94417072663332, -118.40248449470265)","(34.11196643058444, -118.29044942996465)",39.266666666666666,57,13.016666666666667,6.322481610655441,2.528992644262176,10,39.322481610655444,35.516666666666666,45,-5.708081494398877,-7.95,0.9039511587250441,0.09604884127495596
LAX,PSD,15,"(33.94417072663332, -118.40248449470265)","(34.10272196904639, -118.58164909972503)",51.36666666666667,57,30.866666666666667,5.112200017887236,2.0448800071548945,10,44.11220001788723,53.36666666666667,47,-7.079553335122057,-8.05,0.725208518621736,0.2747914813782641
LAX,DTLA,16,"(33.94417072663332, -118.40248449470265)","(34.03914050725524, -118.22900878809155)",28.933333333333334,50,11.05,5.529702503041387,2.211881001216555,10,35.529702503041385,33.55,35,-5.230470250304139,-6.75,0.8204692234072717,0.17953077659272837
LAX,BVH,14,"(33.94417072663332, -118.40248449470265)","(34.02881416651573, -118.4282653402879)",17.233333333333334,45,12.833333333333334,6.955288566825958,2.782115426730383,10,32.455288566825956,35.333333333333336,29,-5.012195523349263,-5.95,0.7186559586727993,0.28134404132720076
LAX,HWD,7,"(33.94417072663332, -118.40248449470265)","(34.099684140346056, -118.30604260743712)",37.53333333333333,57,8.55,3.3343352488366165,1.3337340995346465,10,36.33433524883662,31.05,45,-5.185933524883662,-7.95,0.9407028729050526,0.05929712709494742
LAX,LGB,5,"(33.94417072663332, -118.40248449470265)","(33.84492533766801, -118.16082554653092)",27.966666666666665,62,9.933333333333334,5.1710812628876965,2.0684325051550787,15,56.1710812628877,37.43333333333334,34,-7.488774792955437,-7.9,0.6013816240955441,0.39861837590445587
LAX,DTLA,17,"(33.94417072663332, -118.40248449470265)","(34.025158038124914, -118.33300993152785)",24.85,50,12.05,9.92685660966551,3.9707426438662043,10,39.926856609665506,34.55,35,-5.720185660966551,-6.75,0.7368798999992714,0.2631201000007286
LAX,PSD,12,"(33.94417072663332, -118.40248449470265)","(34.103970937065895, -118.5370151216532)",41.56666666666667,57,38.266666666666666,3.363636669211154,1.3454546676844616,10,42.363636669211154,60.766666666666666,47,-7.274697000254449,-8.05,0.6846669210614138,0.31533307893858614
LAX,BVH,15,"(33.94417072663332, -118.40248449470265)","(34.10703018792566, -118.34884990667308)",42.483333333333334,45,22.883333333333333,11.352323340511116,4.540929336204447,10,36.85232334051112,45.38333333333333,29,-5.954399000717778,-5.95,0.49890025159400986,0.5010997484059903
LAX,UVS,10,"(33.94417072663332, -118.40248449470265)","(34.18630803187677, -118.37755637659845)",41.65,57,14.1,8.85406548799657,3.541626195198628,10,50.85406548799657,36.6,45,-6.915406548799657,-7.95,0.7378054625147922,0.26219453748520777
LAX,LGB,14,"(33.94417072663332, -118.40248449470265)","(33.77452872709363, -118.17728533486941)",30.55,62,13.3,8.071226458260542,3.228490583304217,15,59.07122645826054,40.8,34,-7.947122645826054,-7.9,0.48822151801570685,0.5117784819842932
LAX,LGB,6,"(33.94417072663332, -118.40248449470265)","(33.854797312656395, -118.0904405170552)",27.8,62,14.416666666666666,11.001489089681996,4.400595635872799,15,62.001489089681996,41.916666666666664,34,-8.295982242301534,-7.9,0.40227803094885034,0.5977219690511497
LAX,BVH,7,"(33.94417072663332, -118.40248449470265)","(34.03171214034185, -118.45833836973058)",19.466666666666665,45,13.966666666666667,9.029983277750627,3.6119933111002513,10,34.52998327775063,36.46666666666667,29,-5.276331661108396,-5.95,0.66232407438012,0.33767592561988
LAX,LGB,15,"(33.94417072663332, -118.40248449470265)","(33.75861815466847, -118.21260075631703)",31.0,62,16.983333333333334,13.258209915577854,5.303283966231142,15,64.25820991557785,44.483333333333334,34,-8.649987658224452,-7.9,0.32082399004166,0.67917600995834
LAX,UVS,15,"(33.94417072663332, -118.40248449470265)","(34.12711675703905, -118.3012384335672)",42.6,57,21.883333333333333,7.961853259097045,3.184741303638818,10,49.96185325909705,44.38333333333333,45,-7.215351992576371,-7.95,0.6758244159327954,0.32417558406720465
LAX,PSD,9,"(33.94417072663332, -118.40248449470265)","(34.06475498743512, -118.60564642755539)",53.583333333333336,57,33.083333333333336,8.85232266492763,3.5409290659710524,10,47.85232266492763,55.583333333333336,47,-7.5643989331594295,-8.05,0.619069609982891,0.38093039001710904
LAX,LGB,14,"(33.94417072663332, -118.40248449470265)","(33.797700017654414, -118.16098669659696)",26.533333333333335,62,5.683333333333334,3.4534083558568422,1.381363342342737,15,54.453408355856844,33.18333333333334,34,-7.104507502252352,-7.9,0.6890094579632846,0.3109905420367155
LAX,HWD,12,"(33.94417072663332, -118.40248449470265)","(34.09010182503066, -118.38088697764539)",37.516666666666666,57,14.5,7.693869136101146,3.0775476544404583,10,40.69386913610114,37.0,45,-5.919386913610115,-7.95,0.8839739733202098,0.11602602667979027
LAX,LGB,6,"(33.94417072663332, -118.40248449470265)","(33.82714631729206, -118.16044436375988)",25.583333333333332,62,6.383333333333334,2.3339026387765016,0.9335610555106006,15,53.3339026387765,33.88333333333333,34,-7.027556930544317,-7.9,0.7052537955267532,0.2947462044732469
LAX,DTLA,7,"(33.94417072663332, -118.40248449470265)","(34.02632301229774, -118.33089076210162)",25.45,50,12.183333333333334,9.575839197111922,3.8303356788447687,10,39.57583919711192,34.68333333333334,35,-5.691750586377859,-6.75,0.7423558638672865,0.2576441361327134
LAX,PSD,7,"(33.94417072663332, -118.40248449470265)","(34.04079102490914, -118.53872503803422)",35.38333333333333,57,15.516666666666667,8.324847721882549,3.3299390887530196,10,47.32484772188255,38.016666666666666,47,-6.633318105521589,-8.05,0.8048177150757442,0.19518228492425582
LAX,UVS,13,"(33.94417072663332, -118.40248449470265)","(34.181690969614685, -118.31455928846687)",39.016666666666666,57,16.033333333333335,9.45022321844315,3.7800892873772596,10,51.45022321844315,38.53333333333333,45,-7.071688988510982,-7.95,0.7064720989560094,0.2935279010439907
LAX,DTLA,13,"(33.94417072663332, -118.40248449470265)","(34.06500485497107, -118.21160768312913)",30.516666666666666,50,12.633333333333333,8.827922313843777,3.5311689255375107,10,38.82792231384378,35.13333333333333,35,-5.6394588980510445,-6.75,0.7522299758058071,0.24777002419419283
LAX,HWD,14,"(33.94417072663332, -118.40248449470265)","(34.07444984594919, -118.34649722588244)",34.1,57,9.783333333333333,4.06122182756739,1.6244887310269562,10,37.061221827567394,32.28333333333333,45,-5.320288849423406,-7.95,0.9327494327508828,0.06725056724911717
LAX,UVS,10,"(33.94417072663332, -118.40248449470265)","(34.18872176152625, -118.3293553623438)",43.96666666666667,57,19.916666666666668,9.418284222747404,3.767313689098962,10,51.4182842227474,42.41666666666667,45,-7.262661755608074,-7.95,0.6653745446203313,0.3346254553796686
LAX,BVH,4,"(33.94417072663332, -118.40248449470265)","(34.068095824084665, -118.37314569956783)",29.35,45,12.65,5.496199941559717,2.198479976623887,10,30.996199941559716,35.15,29,-4.857119994155972,-5.95,0.7489236574427958,0.25107634255720424
LAX,WDHL,9,"(33.94417072663332, -118.40248449470265)","(34.15421126307164, -118.59817625098545)",40.0,78,6.35,3.076490134999721,1.2305960539998884,15,63.07649013499972,33.85,48,-8.000149013499973,-10.200000000000001,0.9002361286208582,0.09976387137914176
LAX,BVH,15,"(33.94417072663332, -118.40248449470265)","(34.04575979027655, -118.42008807413777)",23.216666666666665,45,6.75,3.8107441713963297,1.5242976685585319,10,29.31074417139633,29.25,29,-4.393574417139633,-5.95,0.8258398489269255,0.17416015107307448
LAX,LGB,12,"(33.94417072663332, -118.40248449470265)","(33.79918292346577, -118.16332905439103)",25.633333333333333,62,6.6,3.3823417599738557,1.3529367039895424,15,54.382341759973855,34.1,34,-7.143234175997386,-7.9,0.6806511477003988,0.3193488522996011
LAX,HWD,11,"(33.94417072663332, -118.40248449470265)","(34.05892951395254, -118.35693505391065)",28.1,57,14.616666666666667,7.077184273203487,2.830873709281395,10,40.077184273203486,37.11666666666667,45,-5.8635517606536816,-7.95,0.8895790250864003,0.11042097491359978
LAX,WDHL,5,"(33.94417072663332, -118.40248449470265)","(34.149796254946835, -118.6353067346523)",42.333333333333336,78,7.416666666666667,5.65082502109261,2.2603300084370437,15,65.65082502109261,34.916666666666664,48,-8.310915835442595,-10.200000000000001,0.8686510723213842,0.1313489276786159
LAX,ANH,7,"(33.94417072663332, -118.40248449470265)","(33.79819181833925, -117.861058454196)",43.9,77,14.85,8.674444676982148,3.4697778707928593,15,95.67444467698215,42.35,52,-11.684944467698214,-10.3,0.2002160704162679,0.7997839295837321
LAX,LGB,15,"(33.94417072663332, -118.40248449470265)","(33.82151032130644, -118.18269688047434)",22.8,62,6.666666666666667,4.626270956824394,1.8505083827297575,15,55.62627095682439,34.166666666666664,34,-7.270960429015773,-7.9,0.6522716559472198,0.3477283440527802
LAX,HWD,1,"(33.94417072663332, -118.40248449470265)","(34.03832814217025, -118.35917604159201)",24.616666666666667,57,19.216666666666665,10.279977282287721,4.111990912915088,10,43.27997728228772,41.71666666666667,45,-6.413831061562106,-7.95,0.8229071112914292,0.1770928887085707
LAX,PSD,10,"(33.94417072663332, -118.40248449470265)","(34.132959298387554, -118.56185665357998)",42.516666666666666,57,52.61666666666667,7.899441694606539,3.1597766778426157,10,46.89944169460654,75.11666666666667,47,-8.445777502793987,-8.05,0.4023272616335815,0.5976727383664185
LAX,PSD,9,"(33.94417072663332, -118.40248449470265)","(34.04868176606904, -118.59670354834113)",62.61666666666667,57,42.13333333333333,9.471939762441647,3.7887759049766583,10,48.47193976244165,64.63333333333333,47,-8.078860642910833,-8.05,0.4927853400449336,0.5072146599550663
LAX,PSD,6,"(33.94417072663332, -118.40248449470265)","(34.10682589147976, -118.53629315575255)",43.083333333333336,57,41.733333333333334,3.8295665811010253,1.5318266324404102,10,42.82956658110103,64.23333333333333,47,-7.49462332477677,-8.05,0.6353821187545918,0.36461788124540817
LAX,WDHL,8,"(33.94417072663332, -118.40248449470265)","(34.20933993298617, -118.54246055913097)",41.266666666666666,78,13.533333333333333,11.153964086095803,4.461585634438321,15,71.1539640860958,41.03333333333333,48,-9.167063075276246,-10.200000000000001,0.73748488363732,0.26251511636267993
LAX,DTLA,9,"(33.94417072663332, -118.40248449470265)","(34.085833490696935, -118.20758907875332)",37.03333333333333,50,16.35,11.287061238366407,4.514824495346563,10,41.287061238366405,38.85,35,-6.071206123836641,-6.75,0.6634694499198814,0.3365305500801185
LAX,HWD,15,"(33.94417072663332, -118.40248449470265)","(34.08247129113718, -118.39590040381312)",33.43333333333333,57,19.75,9.970338632403976,3.9881354529615907,10,42.97033863240398,42.25,45,-6.409533863240398,-7.95,0.8235324775711967,0.17646752242880337
LAX,LGB,15,"(33.94417072663332, -118.40248449470265)","(33.840289147366924, -118.18310054261202)",25.5,62,11.183333333333334,6.207555582934514,2.4830222331738057,15,57.20755558293452,38.68333333333334,34,-7.654922224960119,-7.9,0.5609646051103253,0.4390353948896747
LAX,ANH,11,"(33.94417072663332, -118.40248449470265)","(33.7766508246988, -117.98169413096598)",35.5,77,19.0,10.906623881327818,4.362649552531127,15,97.90662388132782,46.5,52,-12.115662388132783,-10.3,0.13995516646348652,0.8600448335365134
LAX,ANH,4,"(33.94417072663332, -118.40248449470265)","(33.77872346554795, -117.88374718589763)",37.666666666666664,77,10.15,7.680443724447875,3.07217748977915,15,94.68044372444787,37.65,52,-11.350544372444787,-10.3,0.2591205800687969,0.7408794199312031
LAX,UVS,13,"(33.94417072663332, -118.40248449470265)","(34.14677932155896, -118.31232640814393)",42.15,57,10.6,6.29641769020235,2.51856707608094,10,48.29641769020235,33.1,45,-6.484641769020235,-7.95,0.8123508345609936,0.18764916543900645
LAX,LGB,9,"(33.94417072663332, -118.40248449470265)","(33.77615907270894, -118.1180062877275)",31.716666666666665,62,13.283333333333333,8.364111666816559,3.3456446667266233,15,59.364111666816555,40.78333333333333,34,-7.975577833348322,-7.9,0.481114530304806,0.518885469695194
LAX,LGB,9,"(33.94417072663332, -118.40248449470265)","(33.87278973273219, -118.21679772762502)",19.333333333333332,62,13.166666666666666,13.588368994951317,5.435347597980527,15,64.58836899495131,40.666666666666664,34,-8.492170232828464,-7.9,0.3561370571978432,0.6438629428021568
LAX,WDHL,11,"(33.94417072663332, -118.40248449470265)","(34.16265419050412, -118.6290588417966)",37.71666666666667,78,2.8,3.7017325207408236,1.4806930082963294,15,63.701732520740826,30.3,48,-7.8851732520740825,-10.200000000000001,0.9100975622703082,0.08990243772969177
LAX,PSD,12,"(33.94417072663332, -118.40248449470265)","(34.08717529815088, -118.5933334673577)",51.0,57,30.5,6.123351665939374,2.4493406663757495,10,45.123351665939374,53.0,47,-7.162335166593938,-8.05,0.7084080411938841,0.29159195880611594
LAX,LGB,6,"(33.94417072663332, -118.40248449470265)","(33.76884944674596, -118.08648586433797)",32.95,62,14.516666666666667,12.35829266635908,4.943317066543632,15,63.35829266635908,42.016666666666666,34,-8.436662599969242,-7.9,0.36896428752988253,0.6310357124701174
LAX,UVS,3,"(33.94417072663332, -118.40248449470265)","(34.124298729269555, -118.40506457853753)",38.983333333333334,57,19.516666666666666,7.560835510875524,3.0243342043502097,10,49.56083551087552,42.016666666666666,45,-7.056916884420886,-7.95,0.7095260093880851,0.2904739906119149
LAX,LGB,6,"(33.94417072663332, -118.40248449470265)","(33.83344698901213, -118.19135603393066)",24.2,62,9.25,6.508279398025573,2.6033117592102295,15,57.50827939802557,36.75,34,-7.588327939802558,-7.9,0.5772933395031106,0.4227066604968895
LAX,LGB,10,"(33.94417072663332, -118.40248449470265)","(33.84315435251564, -118.17335624812733)",26.516666666666666,62,9.466666666666667,5.658696709459624,2.2634786837838496,15,56.658696709459626,36.96666666666667,34,-7.514203004279296,-7.9,0.5952705034601713,0.40472949653982865
LAX,LGB,11,"(33.94417072663332, -118.40248449470265)","(33.77268886421002, -118.21710158679983)",27.45,62,15.35,12.064574394090322,4.825829757636129,15,63.06457439409032,42.85,34,-8.448957439409032,-7.9,0.36610632482351047,0.6338936751764895
LAX,DTLA,9,"(33.94417072663332, -118.40248449470265)","(33.98837757381278, -118.24887857276977)",23.566666666666666,50,16.95,9.794412692519764,3.9177650770079055,10,39.794412692519764,39.45,35,-5.951941269251977,-6.75,0.6895590717420148,0.31044092825798514
LAX,LGB,11,"(33.94417072663332, -118.40248449470265)","(33.86126833069693, -118.14048353941617)",26.7,62,13.366666666666667,7.949981136531218,3.179992454612487,15,58.94998113653122,40.86666666666667,34,-7.9383314469864565,-7.9,0.49041831142243897,0.509581688577561
LAX,BVH,6,"(33.94417072663332, -118.40248449470265)","(34.072083763958204, -118.36387350821761)",31.233333333333334,45,13.05,6.883682185040438,2.7534728740161754,10,32.38368218504044,35.55,29,-5.015868218504044,-5.95,0.7179127820347434,0.2820872179652567
LAX,ANH,11,"(33.94417072663332, -118.40248449470265)","(33.8178825216621, -117.9357256862094)",39.03333333333333,77,8.216666666666667,2.5991272142991733,1.0396508857196693,15,89.59912721429917,35.71666666666667,52,-10.745746054763252,-10.3,0.39037265436837243,0.6096273456316276
LAX,UVS,6,"(33.94417072663332, -118.40248449470265)","(34.12566672654534, -118.3579063485049)",43.43333333333333,57,14.883333333333333,2.2357883671588037,0.8943153468635215,10,44.235788367158804,37.38333333333333,45,-6.292745503382547,-7.95,0.8398691075325525,0.16013089246744758
LAX,BVH,10,"(33.94417072663332, -118.40248449470265)","(34.123172439933064, -118.41925854586468)",36.25,45,16.383333333333333,9.800514514041259,3.920205805616504,10,35.30051451404126,38.88333333333333,29,-5.474218118070793,-5.95,0.6167513341324393,0.3832486658675606
LAX,LGB,8,"(33.94417072663332, -118.40248449470265)","(33.86137660727722, -118.15626201048329)",25.7,62,13.583333333333334,7.851180836275918,3.1404723345103673,15,58.851180836275915,41.083333333333336,34,-7.939284750294259,-7.9,0.49018007531123065,0.5098199246887694
LAX,ANH,12,"(33.94417072663332, -118.40248449470265)","(33.800935381888415, -117.89490524391164)",40.5,77,8.666666666666666,3.9707621421449284,1.5883048568579714,15,90.97076214214493,36.166666666666664,52,-10.905409547547828,-10.3,0.35310705195595204,0.646892948044048
LAX,DTLA,14,"(33.94417072663332, -118.40248449470265)","(34.03651455532194, -118.25087517922204)",26.566666666666666,50,8.233333333333333,2.611501344747364,1.0446005378989456,10,32.61150134474737,30.733333333333334,35,-4.797816801141404,-6.75,0.8756845023585527,0.12431549764144724
LAX,WDHL,8,"(33.94417072663332, -118.40248449470265)","(34.17698050925249, -118.60197385931319)",38.43333333333333,78,1.95,1.1242317694456603,0.4496927077782641,15,61.12423176944566,29.45,48,-7.584923176944566,-10.200000000000001,0.9318256176703276,0.06817438232967239
LAX,DTLA,6,"(33.94417072663332, -118.40248449470265)","(34.024488069637535, -118.26643095527986)",23.333333333333332,50,8.5,3.212578377811497,1.2850313511245988,10,33.2125783778115,31.0,35,-4.87125783778115,-6.75,0.8674665818019256,0.1325334181980744
LAX,HWD,16,"(33.94417072663332, -118.40248449470265)","(34.046104128617394, -118.38127668456721)",23.083333333333332,57,23.366666666666667,11.039093146452705,4.415637258581082,10,44.03909314645271,45.86666666666667,45,-6.697242647978605,-7.95,0.7777768070276754,0.22222319297232462
LAX,ANH,9,"(33.94417072663332, -118.40248449470265)","(33.85665362889498, -117.93086306870175)",37.7,77,13.533333333333333,7.845233180427669,3.1380932721710675,15,94.84523318042767,41.03333333333333,52,-11.536189984709434,-10.3,0.22509987024989198,0.7749001297501079
LAX,LGB,15,"(33.94417072663332, -118.40248449470265)","(33.818934892775346, -118.20546803965135)",21.7,62,9.55,7.819323558897176,3.1277294235588706,15,58.819323558897175,37.05,34,-7.734432355889718,-7.9,0.5412976143650948,0.4587023856349052
LAX,DTLA,13,"(33.94417072663332, -118.40248449470265)","(34.030567743058135, -118.31446224288018)",24.8,50,9.6,7.108105049593015,2.843242019837206,10,37.108105049593014,32.1,35,-5.315810504959302,-6.75,0.8075532484349461,0.19244675156505392
LAX,ANH,11,"(33.94417072663332, -118.40248449470265)","(33.77180399649024, -117.92835884274798)",39.11666666666667,77,12.283333333333333,7.092759587831104,2.8371038351324414,15,94.0927595878311,39.78333333333333,52,-11.398442625449778,-10.3,0.25003181320274354,0.7499681867972565
LAX,HWD,14,"(33.94417072663332, -118.40248449470265)","(34.089060833589556, -118.30904182423001)",35.766666666666666,57,6.416666666666667,2.651771729102057,1.0607086916408228,10,35.65177172910206,28.916666666666668,45,-5.011010506243539,-7.95,0.9497405137552597,0.050259486244740276
LAX,LGB,8,"(33.94417072663332, -118.40248449470265)","(33.78066692127277, -118.1263038882684)",29.1,62,11.15,7.065146446074463,2.826058578429785,15,58.065146446074465,38.65,34,-7.739014644607447,-7.9,0.5401596438911813,0.4598403561088186
LAX,HWD,2,"(33.94417072663332, -118.40248449470265)","(34.08277876472646, -118.25786456045833)",33.13333333333333,57,20.383333333333333,10.067561810710426,4.02702472428417,10,43.06756181071043,42.88333333333333,45,-6.45092284773771,-7.95,0.817436796387316,0.1825632036126839
LAX,LGB,3,"(33.94417072663332, -118.40248449470265)","(33.85191073248367, -118.08834052868531)",28.883333333333333,62,14.1,10.954563560677002,4.381825424270801,15,61.954563560677,41.6,34,-8.2754563560677,-7.9,0.40722323446432285,0.592776765535677
LAX,ANH,4,"(33.94417072663332, -118.40248449470265)","(33.82890672779601, -117.93558994291027)",36.56666666666667,77,7.35,3.7387776465813927,1.495511058632557,15,90.7387776465814,34.85,52,-10.81637776465814,-10.3,0.3736996228035582,0.6263003771964418
LAX,WDHL,15,"(33.94417072663332, -118.40248449470265)","(34.166346362876325, -118.56994407289238)",37.016666666666666,78,5.533333333333333,5.125348080186,2.0501392320744,15,65.125348080186,33.03333333333333,48,-8.164201474685267,-10.200000000000001,0.8845047546009748,0.11549524539902521
LAX,UVS,11,"(33.94417072663332, -118.40248449470265)","(34.175589954161474, -118.30939754698785)",39.96666666666667,57,15.6,9.158525505492122,3.663410202196849,10,51.15852550549212,38.1,45,-7.020852550549213,-7.95,0.7169022894639774,0.2830977105360227
LAX,HWD,10,"(33.94417072663332, -118.40248449470265)","(34.08190559437814, -118.39525022780973)",31.566666666666666,57,19.25,9.894611673055442,3.9578446692221765,10,42.894611673055444,41.75,45,-6.376961167305545,-7.95,0.8282163864776249,0.1717836135223751
LAX,LGB,13,"(33.94417072663332, -118.40248449470265)","(33.76494401492857, -118.1366489733459)",33.45,62,14.033333333333333,9.044274111300062,3.6177096445200245,15,60.04427411130006,41.53333333333333,34,-8.081094077796672,-7.9,0.45484980512401885,0.545150194875981
LAX,WDHL,9,"(33.94417072663332, -118.40248449470265)","(34.1344771002977, -118.64699471657993)",45.35,78,10.616666666666667,8.686697173835796,3.4746788695343187,15,68.6866971738358,38.11666666666667,48,-8.774503050716913,-10.200000000000001,0.8061987185123637,0.19380128148763634
LAX,HWD,15,"(33.94417072663332, -118.40248449470265)","(34.13288308298853, -118.26391583313449)",38.916666666666664,57,22.166666666666668,11.51767339962688,4.607069359850752,10,44.51767339962688,44.66666666666667,45,-6.685100673296022,-7.95,0.7798683465295926,0.22013165347040742
LAX,ANH,6,"(33.94417072663332, -118.40248449470265)","(33.78739298336976, -117.8949216332926)",41.13333333333333,77,8.4,5.501665987862092,2.200666395144837,15,92.5016659878621,35.9,52,-11.04516659878621,-10.3,0.3218753855820711,0.6781246144179289
LAX,ANH,7,"(33.94417072663332, -118.40248449470265)","(33.76015522606556, -117.90257709376131)",39.35,77,15.233333333333333,9.27543655695651,3.710174622782604,15,96.2754365569565,42.733333333333334,52,-11.764210322362318,-10.3,0.1878242118783043,0.8121757881216957
LAX,WDHL,15,"(33.94417072663332, -118.40248449470265)","(34.13410220290522, -118.54120699920227)",39.416666666666664,78,12.183333333333334,11.171381446495175,4.46855257859807,15,71.17138144649518,39.68333333333334,48,-9.101304811316185,-10.200000000000001,0.7500155434307985,0.2499844565692016
LAX,PSD,10,"(33.94417072663332, -118.40248449470265)","(34.09370933871578, -118.56425188657606)",37.78333333333333,57,5.783333333333333,2.180053507394222,0.8720214029576888,10,41.18005350739422,28.28333333333333,47,-5.532172017406089,-8.05,0.925382215596831,0.07461778440316913
LAX,HWD,22,"(33.94417072663332, -118.40248449470265)","(34.10714358523342, -118.28960567413576)",40.38333333333333,57,12.683333333333334,6.013802561055641,2.4055210244222565,10,39.01380256105564,35.18333333333334,45,-5.660546922772231,-7.95,0.907999772420577,0.09200022757942306
LAX,BVH,15,"(33.94417072663332, -118.40248449470265)","(34.11875933241609, -118.35830568746191)",49.266666666666666,45,24.4,11.77174736265174,4.7086989450606955,10,37.27174736265174,46.9,29,-6.072174736265174,-5.95,0.469494252256431,0.5305057477435691
LAX,DTLA,13,"(33.94417072663332, -118.40248449470265)","(34.026235538121774, -118.294849446421)",25.783333333333335,50,10.083333333333334,4.9119489003249575,1.9647795601299831,10,34.91194890032496,32.583333333333336,35,-5.120361556699162,-6.75,0.836120103113594,0.16387989688640603
LAX,WDHL,11,"(33.94417072663332, -118.40248449470265)","(34.15457590589489, -118.59213405002045)",40.68333333333333,78,7.266666666666667,3.4078141637362473,1.363125665494499,15,63.40781416373625,34.766666666666666,48,-8.079114749706958,-10.200000000000001,0.8929166035324841,0.10708339646751591
LAX,LGB,13,"(33.94417072663332, -118.40248449470265)","(33.815570348209455, -118.18112814761642)",22.666666666666668,62,7.0,4.30321820288448,1.721287281153792,15,55.30321820288448,34.5,34,-7.255321820288449,-7.9,0.6558102025516039,0.34418979744839606
LAX,ANH,11,"(33.94417072663332, -118.40248449470265)","(33.7663814398062, -117.97080452375022)",34.36666666666667,77,13.1,10.86116462209102,4.344465848836408,15,97.86116462209102,40.6,52,-11.816116462209102,-10.3,0.1800341021296406,0.8199658978703595
LAX,DTLA,9,"(33.94417072663332, -118.40248449470265)","(34.0576911589073, -118.26019041153317)",25.816666666666666,50,5.766666666666667,2.7079490539638678,1.0831796215855471,10,32.707949053963866,28.266666666666666,35,-4.68412823872972,-6.75,0.8875415743745728,0.11245842562542707
LAX,ANH,10,"(33.94417072663332, -118.40248449470265)","(33.82868990784294, -117.95029997260232)",38.25,77,9.433333333333334,5.324353755294356,2.1297415021177426,15,92.32435375529435,36.93333333333334,52,-11.079102042196103,-10.3,0.3145134487877583,0.6854865512122417
LAX,DTLA,8,"(33.94417072663332, -118.40248449470265)","(34.008179583792646, -118.3026813048132)",23.65,50,11.7,7.878491001795683,3.1513964007182733,10,37.87849100179568,34.2,35,-5.497849100179568,-6.75,0.777671970144245,0.22232802985575498
LAX,WDHL,7,"(33.94417072663332, -118.40248449470265)","(34.133012799926426, -118.60274264686215)",44.85,78,8.833333333333334,6.566377930116788,2.626551172046715,15,66.56637793011679,36.333333333333336,48,-8.473304459678346,-10.200000000000001,0.848989255433338,0.1510107445666619
LAX,UVS,9,"(33.94417072663332, -118.40248449470265)","(34.12224362464065, -118.34042547160728)",36.31666666666667,57,11.083333333333334,3.4942298507978666,1.3976919403191466,10,45.494229850797865,33.583333333333336,45,-6.228589651746454,-7.95,0.84831040892323,0.15168959107677016
LAX,PSD,4,"(33.94417072663332, -118.40248449470265)","(34.1041325699905, -118.57587109147343)",55.05,57,35.86666666666667,4.5542788599639685,1.8217115439855873,10,43.55427885996397,58.36666666666667,47,-7.273761219329732,-8.05,0.6848689194898859,0.315131080510114
LAX,HWD,15,"(33.94417072663332, -118.40248449470265)","(34.05935789815635, -118.37791867329877)",25.716666666666665,57,18.8,9.160689920690567,3.6642759682762267,10,42.160689920690565,41.3,45,-6.281068992069057,-7.95,0.8414332447158661,0.1585667552841338
LAX,BVH,4,"(33.94417072663332, -118.40248449470265)","(34.05004028542539, -118.353809517403)",28.35,45,16.65,8.74704313104583,3.498817252418332,10,34.24704313104583,39.15,29,-5.382204313104583,-5.95,0.6382543859826451,0.3617456140173549
LAX,PSD,19,"(33.94417072663332, -118.40248449470265)","(34.07772026253672, -118.59127813453182)",43.233333333333334,57,22.733333333333334,6.094140252974331,2.437656101189732,10,45.09414025297433,45.233333333333334,47,-6.7710806919641,-8.05,0.7822657625911171,0.21773423740888295
LAX,PSD,15,"(33.94417072663332, -118.40248449470265)","(34.0748514947601, -118.56828272000129)",38.81666666666667,57,8.633333333333333,3.4050359807948247,1.36201439231793,10,42.40503598079482,31.133333333333333,47,-5.797170264746149,-8.05,0.9048943429114349,0.09510565708856505
LAX,WDHL,13,"(33.94417072663332, -118.40248449470265)","(34.16265188025211, -118.58492583576195)",38.21666666666667,78,6.116666666666666,3.2551301947167923,1.3020520778867168,15,63.25513019471679,33.61666666666667,48,-8.006346352805013,-10.200000000000001,0.8996781569176233,0.10032184308237665
LAX,WDHL,16,"(33.94417072663332, -118.40248449470265)","(34.11388065355454, -118.60199577552345)",53.766666666666666,78,19.75,9.864268221121105,3.9457072884484417,15,69.86426822112111,47.25,48,-9.348926822112112,-10.200000000000001,0.7007922175596228,0.2992077824403772
LAX,PSD,4,"(33.94417072663332, -118.40248449470265)","(34.1063618294081, -118.53081660819689)",45.016666666666666,57,41.71666666666667,4.242614651661415,1.6970458606645662,10,43.24261465166141,64.21666666666667,47,-7.5350947984994745,-8.05,0.6259556623687466,0.3740443376312535
LAX,DTLA,7,"(33.94417072663332, -118.40248449470265)","(34.04151628839641, -118.32196868902146)",25.533333333333335,50,10.033333333333333,7.852245603179247,3.1408982412716986,10,37.85224560317925,32.53333333333333,35,-5.411891226984592,-6.75,0.7921787578115422,0.2078212421884578
LAX,HWD,12,"(33.94417072663332, -118.40248449470265)","(34.08541685021247, -118.38546060958042)",35.916666666666664,57,16.35,8.415525437494388,3.3662101749977555,10,41.41552543749439,38.85,45,-6.084052543749439,-7.95,0.8659886676244057,0.13401133237559432
LAX,HWD,4,"(33.94417072663332, -118.40248449470265)","(34.134997560462836, -118.37361594498554)",38.11666666666667,57,14.366666666666667,9.984666816490877,3.993866726596351,10,42.98466681649088,36.86666666666667,45,-6.1418000149824215,-7.95,0.8591441854223988,0.14085581457760124
LAX,DTLA,20,"(33.94417072663332, -118.40248449470265)","(34.040475873939954, -118.22625483767632)",28.35,50,10.466666666666667,5.899637828470528,2.359855131388211,10,35.89963782847053,32.96666666666667,35,-5.238297116180387,-6.75,0.8193134370347461,0.18068656296525396
LAX,LGB,17,"(33.94417072663332, -118.40248449470265)","(33.86080410357865, -118.21440090815047)",21.35,62,12.183333333333334,11.921749268963389,4.768699707585355,15,62.92174926896339,39.68333333333334,34,-8.276341593563007,-7.9,0.40700956235995184,0.5929904376400482
LAX,ANH,6,"(33.94417072663332, -118.40248449470265)","(33.8441587529869, -117.9338917035632)",38.95,77,9.216666666666667,5.906974979209729,2.3627899916838917,15,92.90697497920974,36.71666666666667,52,-11.126530831254307,-10.3,0.3043791069460731,0.6956208930539268
LAX,HWD,15,"(33.94417072663332, -118.40248449470265)","(34.09412807527903, -118.33556229902183)",39.1,57,3.283333333333333,1.259617420869141,0.5038469683476564,10,34.25961742086914,25.78333333333333,45,-4.71512840875358,-7.95,0.9621256732402713,0.037874326759728696
LAX,PSD,9,"(33.94417072663332, -118.40248449470265)","(34.078320692263986, -118.61179609939228)",57.93333333333333,57,37.43333333333333,8.92840932540415,3.5713637301616603,10,47.92840932540415,59.93333333333333,47,-7.789507599207081,-8.05,0.5647573309697447,0.4352426690302554
LAX,LGB,9,"(33.94417072663332, -118.40248449470265)","(33.8349218875804, -118.1379039377048)",30.3,62,8.583333333333334,3.779595199017492,1.5118380796069968,15,54.77959519901749,36.083333333333336,34,-7.282126186568417,-7.9,0.6497348263184701,0.3502651736815298
LAX,ANH,15,"(33.94417072663332, -118.40248449470265)","(33.8490420088229, -117.86384990274469)",42.96666666666667,77,16.866666666666667,10.153980718367428,4.061592287346971,15,97.15398071836742,44.36666666666667,52,-11.933731405170077,-10.3,0.16331983711246223,0.8366801628875377
LAX,BVH,13,"(33.94417072663332, -118.40248449470265)","(34.061803449556756, -118.44549518052322)",23.933333333333334,45,10.366666666666667,4.955822317673399,1.9823289270693596,10,30.455822317673398,32.86666666666667,29,-4.6889155651006735,-5.95,0.7792127307209927,0.22078726927900733
LAX,ANH,13,"(33.94417072663332, -118.40248449470265)","(33.797703057639765, -117.90204661741326)",40.35,77,9.15,3.4905926241266485,1.3962370496506593,15,90.49059262412665,36.65,52,-10.881559262412665,-10.3,0.3585738863788299,0.6414261136211701
LAX,LGB,14,"(33.94417072663332, -118.40248449470265)","(33.762552217710635, -118.16631006466213)",32.28333333333333,62,15.666666666666666,9.463019335176241,3.7852077340704966,15,60.46301933517624,43.166666666666664,34,-8.204635266850957,-7.9,0.424424746571007,0.5755752534289931
LAX,PSD,7,"(33.94417072663332, -118.40248449470265)","(34.03828292973471, -118.49331696651653)",26.5,57,23.133333333333333,11.881987733272595,4.752795093309038,10,50.881987733272595,45.63333333333333,47,-7.3698654399939265,-8.05,0.6637687291418035,0.3362312708581965
LAX,BVH,3,"(33.94417072663332, -118.40248449470265)","(34.10567502131348, -118.41109011139737)",38.36666666666667,45,13.516666666666667,6.721281500378458,2.688512600151383,10,32.22128150037846,36.016666666666666,29,-5.02296148337118,-5.95,0.7164740786653168,0.28352592133468324
LAX,LGB,14,"(33.94417072663332, -118.40248449470265)","(33.7940131609867, -118.15074548375763)",27.266666666666666,62,5.35,3.7901249597025894,1.5160499838810357,15,54.79012495970259,32.85,34,-7.12151249597026,-7.9,0.6853540449164308,0.31464595508356924
LAX,BVH,9,"(33.94417072663332, -118.40248449470265)","(34.08561028056323, -118.46486929499038)",24.65,45,17.033333333333335,8.327812401825708,3.3311249607302833,10,33.82781240182571,39.53333333333333,29,-5.359447906849238,-5.95,0.6434918114707027,0.35650818852929733
LAX,WDHL,8,"(33.94417072663332, -118.40248449470265)","(34.16103448919394, -118.66976407037674)",47.13333333333333,78,12.216666666666667,9.397057327277622,3.758822930911049,15,69.39705732727762,39.71666666666667,48,-8.925539066061097,-10.200000000000001,0.7815054298110077,0.21849457018899235
LAX,PSD,12,"(33.94417072663332, -118.40248449470265)","(34.142524124089654, -118.51777731699055)",44.63333333333333,57,50.31666666666667,10.497692517629151,4.1990770070516605,10,49.49769251762915,72.81666666666666,47,-8.59060258509625,-8.05,0.368047416750043,0.631952583249957
LAX,PSD,13,"(33.94417072663332, -118.40248449470265)","(34.13999238601022, -118.6008666770345)",47.983333333333334,57,34.583333333333336,11.482890267607566,4.5931561070430265,10,50.482890267607566,57.083333333333336,47,-7.902455693427424,-8.05,0.5368193065853872,0.46318069341461277
LAX,DTLA,8,"(33.94417072663332, -118.40248449470265)","(34.02151970528363, -118.24828110459623)",25.633333333333333,50,7.75,4.611500481806756,1.8446001927227023,10,34.61150048180676,30.25,35,-4.9736500481806765,-6.75,0.8552455734939395,0.14475442650606046
LAX,DTLA,12,"(33.94417072663332, -118.40248449470265)","(34.01268262475171, -118.29525974038033)",22.5,50,10.216666666666667,6.606125177083165,2.6424500708332657,10,36.606125177083165,32.71666666666667,35,-5.29644585104165,-6.75,0.8105448183892938,0.18945518161070624
LAX,BVH,5,"(33.94417072663332, -118.40248449470265)","(34.10156114288517, -118.4562006188449)",30.95,45,14.366666666666667,8.794239853386053,3.5176959413544213,10,34.29423985338605,36.86666666666667,29,-5.272757318671939,-5.95,0.6631230148672984,0.3368769851327016
LAX,PSD,5,"(33.94417072663332, -118.40248449470265)","(34.0532174053148, -118.56290413819104)",35.45,57,13.333333333333334,6.258857515742844,2.5035430062971376,10,45.25885751574285,35.833333333333336,47,-6.317552418240952,-8.05,0.8497252251163199,0.15027477488368007
LAX,LGB,7,"(33.94417072663332, -118.40248449470265)","(33.7644980736224, -118.13588794660043)",33.93333333333333,62,14.433333333333334,9.144815415207722,3.657926166083089,15,60.144815415207724,41.93333333333334,34,-8.11114820818744,-7.9,0.4474081970931484,0.5525918029068516
LAX,HWD,10,"(33.94417072663332, -118.40248449470265)","(34.097020423474966, -118.36826803318135)",42.25,57,12.366666666666667,5.949185628932668,2.379674251573067,10,38.94918562893267,34.86666666666667,45,-5.6382518962266,-7.95,0.9098453494075754,0.09015465059242457
LAX,DTLA,11,"(33.94417072663332, -118.40248449470265)","(33.998074437235125, -118.25740906007918)",24.15,50,14.316666666666666,7.889374234152621,3.1557496936610483,10,37.88937423415262,36.81666666666666,35,-5.629770756748595,-6.75,0.7540312362422852,0.24596876375771476
LAX,DTLA,17,"(33.94417072663332, -118.40248449470265)","(34.07324382512957, -118.28981313561044)",33.6,50,13.566666666666666,6.115983812621909,2.4463935250487636,10,36.115983812621906,36.06666666666666,35,-5.414931714595523,-6.75,0.791677752862252,0.20832224713774813
LAX,WDHL,16,"(33.94417072663332, -118.40248449470265)","(34.13940689605557, -118.57109646806408)",43.13333333333333,78,12.816666666666666,7.329766429629938,2.9319065718519752,15,67.32976642962994,40.31666666666666,48,-8.748809976296329,-10.200000000000001,0.8101815122279348,0.18981848777206525
LAX,WDHL,13,"(33.94417072663332, -118.40248449470265)","(34.218545439074774, -118.5956129019531)",46.95,78,12.4,8.298361839114133,3.319344735645653,15,68.29836183911414,39.9,48,-8.824836183911415,-10.200000000000001,0.7982131647071874,0.2017868352928126
LAX,DTLA,14,"(33.94417072663332, -118.40248449470265)","(34.06921918762289, -118.22580181993581)",32.583333333333336,50,11.9,7.4552485208238135,2.9820994083295256,10,37.455248520823815,34.4,35,-5.465524852082382,-6.75,0.7832105826736973,0.21678941732630277
LAX,BVH,3,"(33.94417072663332, -118.40248449470265)","(34.09505521291282, -118.4189993391881)",32.766666666666666,45,9.033333333333333,5.0099642824596025,2.003985712983841,10,30.509964282459602,31.53333333333333,29,-4.627663094912627,-5.95,0.7895702438839146,0.21042975611608533
LAX,BVH,5,"(33.94417072663332, -118.40248449470265)","(34.085417968849214, -118.45074668845888)",25.883333333333333,45,14.416666666666666,6.496818128223332,2.5987272512893327,10,31.99681812822333,36.916666666666664,29,-5.045515146155667,-5.95,0.711870268808707,0.28812973119129304
LAX,HWD,7,"(33.94417072663332, -118.40248449470265)","(34.1205703791952, -118.32969109443171)",41.38333333333333,57,12.516666666666667,4.979038306041355,1.9916153224165418,10,37.97903830604135,35.016666666666666,45,-5.548737163937469,-7.95,0.9169235503931633,0.08307644960683666
LAX,LGB,15,"(33.94417072663332, -118.40248449470265)","(33.79537652946104, -118.14287494023169)",24.716666666666665,62,5.433333333333334,3.7514617647813795,1.5005847059125519,15,54.75146176478138,32.93333333333334,34,-7.121812843144806,-7.9,0.6852892732815689,0.3147107267184312
LAX,LGB,18,"(33.94417072663332, -118.40248449470265)","(33.8020628911568, -118.13485786451827)",25.433333333333334,62,5.966666666666667,3.3623682284021754,1.3449472913608702,15,54.362368228402175,33.46666666666667,34,-7.109570156173552,-7.9,0.6879236189349779,0.31207638106502206
LAX,ANH,6,"(33.94417072663332, -118.40248449470265)","(33.768322185889616, -117.88811992207845)",41.9,77,11.75,8.76972700984677,3.507890803938708,15,95.76972700984678,39.25,52,-11.539472700984678,-10.3,0.22452778309314547,0.7754722169068545
LAX,BVH,14,"(33.94417072663332, -118.40248449470265)","(34.0245097348766, -118.3795223146155)",20.216666666666665,45,17.733333333333334,8.586509479127972,3.434603791651189,10,34.08650947912797,40.233333333333334,29,-5.420317614579464,-5.95,0.6294090303632377,0.37059096963676236
LAX,BVH,12,"(33.94417072663332, -118.40248449470265)","(34.01854984646175, -118.42035829606601)",16.45,45,15.033333333333333,8.389794153239292,3.3559176612957167,10,33.88979415323929,37.53333333333333,29,-5.265646081990596,-5.95,0.6647097529887456,0.3352902470112545
LAX,BVH,10,"(33.94417072663332, -118.40248449470265)","(34.029521845482115, -118.44203765845783)",19.7,45,13.083333333333334,7.761401175956503,3.104560470382601,10,33.2614011759565,35.583333333333336,29,-5.105306784262317,-5.95,0.6994527398493483,0.30054726015065164
LAX,DTLA,14,"(33.94417072663332, -118.40248449470265)","(33.99383190438448, -118.3223679243673)",23.333333333333332,50,18.166666666666668,11.603669234904414,4.641467693961766,10,41.603669234904416,40.66666666666667,35,-6.193700256823776,-6.75,0.6355959407239394,0.36440405927606045
LAX,BVH,9,"(33.94417072663332, -118.40248449470265)","(34.03830486795038, -118.36553119429362)",23.816666666666666,45,17.183333333333334,8.199667039296891,3.2798668157187563,10,33.69966703929689,39.68333333333334,29,-5.354133370596356,-5.95,0.6447100878483536,0.3552899121516464
LAX,HWD,16,"(33.94417072663332, -118.40248449470265)","(34.11714625304204, -118.32060258520953)",38.333333333333336,57,9.583333333333334,4.479432790572252,1.7917731162289008,10,37.479432790572254,32.083333333333336,45,-5.3521099457238925,-7.95,0.9307256636284135,0.06927433637158656
LAX,LGB,9,"(33.94417072663332, -118.40248449470265)","(33.806929582484834, -118.21541601703599)",22.266666666666666,62,10.15,9.365886073135755,3.746354429254302,15,60.365886073135755,37.65,34,-7.919088607313576,-7.9,0.49522799307070015,0.5047720069292999
LAX,LGB,11,"(33.94417072663332, -118.40248449470265)","(33.8338367284093, -118.17211704096277)",25.75,62,8.6,4.298405256923527,1.7193621027694108,15,55.29840525692353,36.1,34,-7.3348405256923535,-7.9,0.6376455005621094,0.3623544994378906
LAX,HWD,17,"(33.94417072663332, -118.40248449470265)","(34.04531078038838, -118.28993105450463)",27.616666666666667,57,21.5,9.626421345417658,3.850568538167063,10,42.626421345417654,44.0,45,-6.462642134541766,-7.95,0.8156813714201427,0.18431862857985723
LAX,HWD,5,"(33.94417072663332, -118.40248449470265)","(34.04486394295658, -118.33857637745862)",26.75,57,15.533333333333333,8.239873945179331,3.2959495780717325,10,41.23987394517933,38.03333333333333,45,-6.0256540611846,-7.95,0.8726222790157898,0.1273777209842102
LAX,ANH,13,"(33.94417072663332, -118.40248449470265)","(33.813990624439114, -117.97446466942185)",40.166666666666664,77,14.8,7.98638410503421,3.194553642013684,15,94.9863841050342,42.3,52,-11.613638410503421,-10.3,0.21187864329300773,0.7881213567069922
LAX,LGB,11,"(33.94417072663332, -118.40248449470265)","(33.86976698203974, -118.1683788524731)",22.85,62,12.7,9.586425862073929,3.834570344829572,15,60.58642586207393,40.2,34,-8.068642586207394,-7.9,0.4579389919458747,0.5420610080541254
LAX,LGB,8,"(33.94417072663332, -118.40248449470265)","(33.80372697787597, -118.1022370268881)",27.916666666666668,62,9.6,7.3551038368876025,2.942041534755041,15,58.3551038368876,37.1,34,-7.6905103836887605,-7.9,0.5521817067553185,0.44781829324468136
LAX,ANH,8,"(33.94417072663332, -118.40248449470265)","(33.83763459325648, -117.95085620910346)",37.3,77,9.783333333333333,6.340230931134641,2.5360923724538567,15,93.34023093113464,37.28333333333333,52,-11.198189759780131,-10.3,0.28942264430639486,0.7105773556936051
LAX,PSD,12,"(33.94417072663332, -118.40248449470265)","(34.135476072937486, -118.5141805927225)",49.25,57,55.266666666666666,9.695911766095392,3.8783647064381572,10,48.69591176609539,77.76666666666667,47,-8.757924509942873,-8.05,0.3300576097101248,0.6699423902898752
LAX,ANH,17,"(33.94417072663332, -118.40248449470265)","(33.85247922988472, -117.96000256463832)",35.05,77,10.166666666666666,9.106578509470516,3.6426314037882066,15,96.10657850947052,37.666666666666664,52,-11.493991184280386,-10.3,0.23254587571666271,0.7674541242833374
LAX,DTLA,4,"(33.94417072663332, -118.40248449470265)","(34.02945359329161, -118.29499223995651)",26.3,50,8.866666666666667,4.622799789266064,1.8491199157064255,10,34.62279978926606,31.366666666666667,35,-5.0306133122599395,-6.75,0.8480498209840068,0.15195017901599317
LAX,LGB,8,"(33.94417072663332, -118.40248449470265)","(33.8668099946586, -118.18253190872672)",22.816666666666666,62,12.483333333333333,9.844084521425227,3.937633808570091,15,60.84408452142523,39.983333333333334,34,-8.08357511880919,-7.9,0.4542346717949366,0.5457653282050634
LAX,PSD,15,"(33.94417072663332, -118.40248449470265)","(34.123071860848896, -118.55980118514961)",42.11666666666667,57,50.13333333333333,6.171699662748248,2.468679865099299,10,45.171699662748246,72.63333333333333,47,-8.14883663294149,-8.05,0.47531093678968117,0.5246890632103188
LAX,HWD,13,"(33.94417072663332, -118.40248449470265)","(34.10429242768037, -118.3350150818073)",38.0,57,7.383333333333334,2.4312675252919558,0.9725070101167823,10,35.43126752529196,29.883333333333333,45,-5.037293419195862,-7.95,0.9484710059855014,0.05152899401449861
LAX,BVH,11,"(33.94417072663332, -118.40248449470265)","(34.0550735251173, -118.47338322050503)",25.016666666666666,45,16.233333333333334,9.105941959935622,3.642376783974249,10,34.60594195993562,38.733333333333334,29,-5.397260862660229,-5.95,0.6347708580051398,0.36522914199486023
LAX,BVH,13,"(33.94417072663332, -118.40248449470265)","(34.10115020217402, -118.41032269768343)",37.75,45,12.9,5.943555563608341,2.3774222254433366,10,31.443555563608342,35.4,29,-4.914355556360834,-5.95,0.7380087246703785,0.26199127532962146
LAX,BVH,13,"(33.94417072663332, -118.40248449470265)","(34.066895251127534, -118.35406084853659)",31.3,45,16.55,8.22761518017175,3.2910460720686996,10,33.72761518017175,39.05,29,-5.325261518017175,-5.95,0.6512954737431865,0.34870452625681353
LAX,HWD,5,"(33.94417072663332, -118.40248449470265)","(34.14585703791249, -118.29965140201575)",41.1,57,24.966666666666665,10.12853165100889,4.051412660403556,10,43.12853165100889,47.46666666666667,45,-6.686186498434223,-7.95,0.7796818822552637,0.22031811774473628
LAX,ANH,21,"(33.94417072663332, -118.40248449470265)","(33.86322183428159, -117.94088215325564)",37.516666666666666,77,13.35,9.335875473333529,3.7343501893334117,15,96.33587547333353,40.85,52,-11.676087547333355,-10.3,0.20163809189431192,0.7983619081056881
LAX,LGB,7,"(33.94417072663332, -118.40248449470265)","(33.76412020191368, -118.15815681258253)",32.083333333333336,62,12.333333333333334,8.995849490233967,3.598339796093587,15,59.995849490233965,39.833333333333336,34,-7.991251615690064,-7.9,0.47720291289026917,0.5227970871097308
LAX,LGB,9,"(33.94417072663332, -118.40248449470265)","(33.81226384317414, -118.13643441615332)",27.016666666666666,62,4.983333333333333,2.221099340627997,0.8884397362511989,15,53.221099340627994,32.483333333333334,34,-6.946276600729466,-7.9,0.7218633668456494,0.2781366331543505
LAX,PSD,11,"(33.94417072663332, -118.40248449470265)","(34.09525679824795, -118.60496360781073)",48.85,57,28.35,7.886055297305697,3.154422118922279,10,46.886055297305695,50.85,47,-7.23110552973057,-8.05,0.6940016164518588,0.30599838354814124
LAX,HWD,9,"(33.94417072663332, -118.40248449470265)","(34.09586704754488, -118.33047760790048)",39.78333333333333,57,2.75,0.847114863995412,0.33884594559816483,10,33.847114863995415,25.25,45,-4.6472114863995415,-7.95,0.9645243493489348,0.035475650651065206
LAX,UVS,17,"(33.94417072663332, -118.40248449470265)","(34.13521440801248, -118.37971940352304)",39.75,57,11.55,3.5692257448681004,1.4276902979472401,10,45.5692257448681,34.05,45,-6.25942257448681,-7.95,0.8443000818556409,0.15569991814435905
LAX,WDHL,11,"(33.94417072663332, -118.40248449470265)","(34.22889262316794, -118.66764035541166)",56.233333333333334,78,21.55,13.38034430337359,5.352137721349436,15,73.38034430337359,49.05,48,-9.79053443033736,-10.200000000000001,0.6009597255586254,0.3990402744413746
LAX,DTLA,5,"(33.94417072663332, -118.40248449470265)","(34.06978620920522, -118.28716422491871)",32.61666666666667,50,12.566666666666666,5.409457753439261,2.1637831013757043,10,35.40945775343926,35.06666666666666,35,-5.29427910867726,-6.75,0.810877323634658,0.18912267636534202
LAX,UVS,18,"(33.94417072663332, -118.40248449470265)","(34.09054409164271, -118.3826763666482)",38.083333333333336,57,24.6,9.148669601690107,3.6594678406760432,10,51.14866960169011,47.1,45,-7.469866960169011,-7.95,0.6177792896958433,0.3822207103041566
LAX,PSD,14,"(33.94417072663332, -118.40248449470265)","(34.06010035696053, -118.57202832652304)",37.416666666666664,57,16.916666666666668,5.713727078295325,2.28549083131813,10,44.71372707829533,39.41666666666667,47,-6.442206041162867,-8.05,0.8331048813081404,0.1668951186918596
LAX,WDHL,4,"(33.94417072663332, -118.40248449470265)","(34.215422770611596, -118.66175297424763)",48.233333333333334,78,13.433333333333334,11.127840597608587,4.451136239043435,15,71.12784059760858,40.93333333333334,48,-9.159450726427526,-10.200000000000001,0.7389559748854597,0.2610440251145402
LAX,WDHL,12,"(33.94417072663332, -118.40248449470265)","(34.14734237395032, -118.66265253689784)",44.86666666666667,78,10.283333333333333,9.179064235465095,3.671625694186038,15,69.17906423546509,37.78333333333333,48,-8.807073090213176,-10.200000000000001,0.801059096551353,0.19894090344864707
LAX,LGB,9,"(33.94417072663332, -118.40248449470265)","(33.84756023872714, -118.19719918839428)",21.566666666666666,62,8.683333333333334,8.560821079093166,3.4243284316372664,15,59.56082107909317,36.18333333333334,34,-7.765248774575984,-7.9,0.5336369237814649,0.46636307621853507
LAX,PSD,8,"(33.94417072663332, -118.40248449470265)","(34.0578899033422, -118.61609970531028)",57.05,57,36.86666666666667,10.73165650636767,4.292662602547068,10,49.73165650636767,59.36666666666667,47,-7.941498983970101,-8.05,0.5270986743601768,0.47290132563982334
LAX,LGB,18,"(33.94417072663332, -118.40248449470265)","(33.7983892158705, -118.09601256950056)",27.583333333333332,62,9.15,8.500223031998111,3.4000892127992444,15,59.50022303199811,36.65,34,-7.782522303199812,-7.9,0.5293356934432212,0.47066430655677893
LAX,LGB,9,"(33.94417072663332, -118.40248449470265)","(33.87106774541635, -118.1636164014246)",24.4,62,15.05,9.653543696290072,3.861417478516029,15,60.65354369629007,42.55,34,-8.192854369629007,-7.9,0.4273052141739705,0.5726947858260295
LAX,LGB,7,"(33.94417072663332, -118.40248449470265)","(33.766027004004684, -118.15350791119965)",33.2,62,11.283333333333333,8.617980933062382,3.447192373224953,15,59.617980933062384,38.78333333333333,34,-7.900964759972906,-7.9,0.4997588100254811,0.5002411899745188
LAX,ANH,14,"(33.94417072663332, -118.40248449470265)","(33.86745744663518, -117.85553174192016)",42.68333333333333,77,18.033333333333335,13.183966928391936,5.273586771356774,15,100.18396692839194,45.53333333333333,52,-12.295063359505862,-10.3,0.1197222127457988,0.8802777872542012
LAX,DTLA,7,"(33.94417072663332, -118.40248449470265)","(34.068233116785414, -118.28703737128734)",32.65,50,11.933333333333334,5.174076462935146,2.069630585174058,10,35.17407646293515,34.43333333333334,35,-5.239074312960182,-6.75,0.8191983531013832,0.1808016468986168
LAX,DTLA,22,"(33.94417072663332, -118.40248449470265)","(34.012093725162735, -118.24828296882642)",26.133333333333333,50,10.516666666666667,5.9994441517696195,2.399777660707848,10,35.99944415176962,33.016666666666666,35,-5.250777748510296,-6.75,0.8174584491106927,0.18254155088930737
LAX,ANH,13,"(33.94417072663332, -118.40248449470265)","(33.79243399618493, -117.89199293002763)",38.416666666666664,77,5.7,5.165746185135794,2.0662984740543178,15,92.16574618513579,33.2,52,-10.87657461851358,-10.3,0.35972115416927297,0.6402788458307271
LAX,PSD,20,"(33.94417072663332, -118.40248449470265)","(34.13007142663083, -118.50638385767502)",31.6,57,39.61666666666667,9.62255950828461,3.849023803313844,10,48.62255950828461,62.11666666666667,47,-7.968089284161795,-8.05,0.5204662372836242,0.4795337627163758
LAX,BVH,11,"(33.94417072663332, -118.40248449470265)","(34.06370562898439, -118.43470005074057)",23.65,45,7.25,3.375125690112888,1.3500502760451552,10,28.87512569011289,29.75,29,-4.375012569011289,-5.95,0.8284934440753021,0.1715065559246979
LAX,PSD,9,"(33.94417072663332, -118.40248449470265)","(34.09351139769929, -118.5206120938421)",38.5,57,35.516666666666666,4.404922004744013,1.7619688018976054,10,43.404922004744016,58.016666666666666,47,-7.241325533807736,-8.05,0.6918269691767379,0.3081730308232621
LAX,PSD,6,"(33.94417072663332, -118.40248449470265)","(34.087148563571134, -118.57720216753283)",38.65,57,6.966666666666667,3.8120628268435963,1.5248251307374385,10,42.812062826843594,29.46666666666667,47,-5.754539616017693,-8.05,0.9085003714496508,0.09149962855034914
LAX,HWD,9,"(33.94417072663332, -118.40248449470265)","(34.13809320468239, -118.30927789255594)",43.3,57,17.733333333333334,8.391531007973047,3.3566124031892186,10,41.39153100797304,40.233333333333334,45,-6.150819767463971,-7.95,0.8580491160457655,0.14195088395423455
LAX,PSD,15,"(33.94417072663332, -118.40248449470265)","(34.125611712384895, -118.60869679237202)",49.6,57,35.93333333333333,10.539959612919409,4.215983845167764,10,49.53995961291941,58.43333333333333,47,-7.875662627958608,-8.05,0.5434742873652498,0.4565257126347502
LAX,WDHL,12,"(33.94417072663332, -118.40248449470265)","(34.176328566866026, -118.65664682471336)",42.21666666666667,78,7.3,7.413125610495994,2.9652502441983977,15,67.413125610496,34.8,48,-8.4813125610496,-10.200000000000001,0.8479596929293851,0.1520403070706149
LAX,LGB,10,"(33.94417072663332, -118.40248449470265)","(33.7700025136562, -118.13934565485292)",31.633333333333333,62,12.366666666666667,8.108403447616105,3.2433613790464424,15,59.108403447616105,39.86666666666667,34,-7.904173678094944,-7.9,0.4989565819909231,0.5010434180090768
LAX,ANH,8,"(33.94417072663332, -118.40248449470265)","(33.840308719365446, -117.89900823247876)",41.36666666666667,77,11.966666666666667,5.628229116985599,2.2512916467942397,15,92.6282291169856,39.46666666666667,52,-11.236156245031893,-10.3,0.2816774166438846,0.7183225833561154
LAX,ANH,7,"(33.94417072663332, -118.40248449470265)","(33.78409775817803, -117.96981865068409)",38.166666666666664,77,15.666666666666666,8.772776887506755,3.509110755002702,15,95.77277688750675,43.166666666666664,52,-11.735611022084008,-10.3,0.19222592720715992,0.8077740727928401
LAX,HWD,9,"(33.94417072663332, -118.40248449470265)","(34.128980085414156, -118.26152520311885)",38.333333333333336,57,21.4,11.39811377879386,4.559245511517544,10,44.39811377879386,43.9,45,-6.634811377879386,-7.95,0.7883801048525858,0.2116198951474142
LAX,BVH,12,"(33.94417072663332, -118.40248449470265)","(34.094022787503434, -118.44291266016536)",29.866666666666667,45,11.666666666666666,6.5256128409341,2.61024513637364,10,32.0256128409341,34.166666666666664,29,-4.910894617426743,-5.95,0.7386773521671893,0.26132264783281073
LAX,WDHL,11,"(33.94417072663332, -118.40248449470265)","(34.16688769474831, -118.56476367478884)",37.56666666666667,78,6.716666666666667,5.846904687024445,2.338761874809778,15,65.84690468702445,34.21666666666667,48,-8.295523802035778,-10.200000000000001,0.8703973046164563,0.12960269538354377
LAX,WDHL,14,"(33.94417072663332, -118.40248449470265)","(34.193866078478955, -118.57369999254733)",38.233333333333334,78,9.716666666666667,5.990706788153068,2.396282715261227,15,65.99070678815306,37.21666666666667,48,-8.45990401214864,-10.200000000000001,0.8506992572995292,0.14930074270047083
LAX,PSD,12,"(33.94417072663332, -118.40248449470265)","(34.0326145150975, -118.60778551690734)",38.05,57,17.866666666666667,12.589789176831784,5.035915670732714,10,51.589789176831786,40.36666666666667,47,-7.177312251016512,-8.05,0.7053046547209006,0.29469534527909924
LAX,ANH,10,"(33.94417072663332, -118.40248449470265)","(33.86700662996437, -117.93850528032048)",38.666666666666664,77,14.483333333333333,9.849382365164915,3.939752946065966,15,96.84938236516491,41.983333333333334,52,-11.78410490318316,-10.3,0.18480819838438126,0.8151918016156188
LAX,LGB,4,"(33.94417072663332, -118.40248449470265)","(33.77255724782631, -118.12951090980553)",30.65,62,11.366666666666667,8.111324016620543,3.2445296066482174,15,59.11132401662054,38.86666666666667,34,-7.854465734995388,-7.9,0.5113815997974813,0.4886184002025187
LAX,ANH,20,"(33.94417072663332, -118.40248449470265)","(33.837228970922176, -117.85300218657231)",42.733333333333334,77,17.533333333333335,10.420736451605926,4.16829458064237,15,97.42073645160593,45.03333333333333,52,-11.993740311827262,-10.3,0.1552845857990754,0.8447154142009247
LAX,WDHL,7,"(33.94417072663332, -118.40248449470265)","(34.19086040167546, -118.560256495789)",38.1,78,8.816666666666666,7.294172726522565,2.917669090609026,15,67.29417272652256,36.31666666666666,48,-8.54525060598559,-10.200000000000001,0.8395319118998847,0.16046808810011526
LAX,WDHL,9,"(33.94417072663332, -118.40248449470265)","(34.22180491589848, -118.62602562293338)",47.81666666666667,78,12.233333333333333,9.23482033508092,3.693928134032368,15,69.23482033508093,39.733333333333334,48,-8.91014870017476,-10.200000000000001,0.7841220190667009,0.21587798093329913
LAX,PSD,14,"(33.94417072663332, -118.40248449470265)","(34.041916915421275, -118.49308023245307)",27.216666666666665,57,23.55,11.462330705239008,4.584932282095603,10,50.46233070523901,46.05,47,-7.348733070523901,-8.05,0.6684686068641762,0.3315313931358239
LAX,ANH,11,"(33.94417072663332, -118.40248449470265)","(33.839488981553, -117.90144388821156)",41.166666666666664,77,11.766666666666667,5.332972931868596,2.1331891727474384,15,92.3329729318686,39.266666666666666,52,-11.196630626520193,-10.3,0.2897433964954121,0.7102566035045879
LAX,LGB,17,"(33.94417072663332, -118.40248449470265)","(33.83643487278403, -118.10116972101085)",30.3,62,12.433333333333334,8.011084961134031,3.2044339844536127,15,59.01108496113403,39.93333333333334,34,-7.8977751627800705,-7.9,0.5005562090755508,0.4994437909244491
LAX,DTLA,11,"(33.94417072663332, -118.40248449470265)","(34.09621743765758, -118.33254543102855)",39.266666666666666,50,19.6,13.090083692795469,5.236033477118188,10,43.09008369279547,42.1,35,-6.414008369279546,-6.75,0.5832165147227267,0.4167834852772732
LAX,UVS,7,"(33.94417072663332, -118.40248449470265)","(34.104589194754645, -118.31957024908775)",35.833333333333336,57,12.333333333333334,7.742692085528567,3.097076834211427,10,49.74269208552857,34.833333333333336,45,-6.715935875219524,-7.95,0.7745290994855638,0.2254709005144361
LAX,PSD,13,"(33.94417072663332, -118.40248449470265)","(34.109343077858114, -118.53752020173485)",42.016666666666666,57,43.55,4.118737579430372,1.647495031772149,10,43.11873757943037,66.05,47,-7.614373757943038,-8.05,0.6072163597401342,0.39278364025986584
LAX,LGB,7,"(33.94417072663332, -118.40248449470265)","(33.799142404664856, -118.14219820462145)",24.833333333333332,62,5.55,3.1818807385596055,1.2727522954238422,15,54.181880738559606,33.05,34,-7.070688073855961,-7.9,0.6962094205716712,0.30379057942832877
LAX,WDHL,16,"(33.94417072663332, -118.40248449470265)","(34.21497419857214, -118.64778321193877)",47.65,78,13.266666666666667,9.71094924173266,3.8843796966930637,15,69.71094924173266,40.766666666666666,48,-9.0094282575066,-10.200000000000001,0.7668433043236186,0.23315669567638136
LAX,UVS,5,"(33.94417072663332, -118.40248449470265)","(34.14085351337544, -118.35944549667428)",38.266666666666666,57,5.05,0.7481504140523392,0.29926016562093566,10,42.74815041405234,27.55,45,-5.6523150414052346,-7.95,0.9086851266862064,0.09131487331379362
LAX,HWD,9,"(33.94417072663332, -118.40248449470265)","(34.050455510529865, -118.38260384467989)",23.85,57,22.95,10.658870769963055,4.263548307985222,10,43.65887076996306,45.45,45,-6.638387076996306,-7.95,0.7877829310967922,0.21221706890320774
LAX,DTLA,13,"(33.94417072663332, -118.40248449470265)","(34.034247691891416, -118.27392588519683)",23.616666666666667,50,4.533333333333333,1.8030397189023133,0.7212158875609254,10,31.803039718902312,27.03333333333333,35,-4.531970638556897,-6.75,0.9018569105423122,0.09814308945768775
LAX,ANH,14,"(33.94417072663332, -118.40248449470265)","(33.773589858086794, -117.8598485184255)",43.95,77,12.883333333333333,10.800591056090829,4.320236422436332,15,97.80059105609082,40.38333333333333,52,-11.79922577227575,-10.3,0.18254102551773224,0.8174589744822678
LAX,LGB,7,"(33.94417072663332, -118.40248449470265)","(33.80045847304621, -118.18897538014009)",24.283333333333335,62,9.15,6.056375467054965,2.422550186821986,15,57.05637546705496,36.65,34,-7.538137546705496,-7.9,0.5894912065985791,0.4105087934014209
LAX,PSD,7,"(33.94417072663332, -118.40248449470265)","(34.132950420384454, -118.58213152218342)",50.35,57,39.93333333333333,8.953713338470612,3.5814853353882445,10,47.953713338470614,62.43333333333333,47,-7.9170380005137275,-8.05,0.5331916150218612,0.46680838497813887
LAX,PSD,9,"(33.94417072663332, -118.40248449470265)","(34.096589734112996, -118.6068661145991)",49.016666666666666,57,28.516666666666666,8.193461289972428,3.277384515988971,10,47.193461289972426,51.016666666666666,47,-7.270179462330576,-8.05,0.6856414344083749,0.314358565591625
LAX,WDHL,7,"(33.94417072663332, -118.40248449470265)","(34.21451009723645, -118.57200366115508)",42.516666666666666,78,12.15,8.874144884986888,3.5496579539947555,15,68.87414488498689,39.65,48,-8.86991448849869,-10.200000000000001,0.79085477904011,0.20914522095989
LAX,DTLA,9,"(33.94417072663332, -118.40248449470265)","(34.06855565088568, -118.33328730897271)",32.31666666666667,50,20.333333333333332,10.434597919645539,4.173839167858215,10,40.43459791964554,42.83333333333333,35,-6.1851264586312205,-6.75,0.6375794320941753,0.36242056790582455
LAX,LGB,16,"(33.94417072663332, -118.40248449470265)","(33.76911468236106, -118.09565103726956)",34.1,62,15.666666666666666,11.365302396796132,4.546120958718452,15,62.36530239679613,43.166666666666664,34,-8.394863573012946,-7.9,0.3787485052853129,0.621251494714687
LAX,WDHL,3,"(33.94417072663332, -118.40248449470265)","(34.18219704747657, -118.66028551849263)",42.36666666666667,78,8.45,8.10852613882609,3.243410455530436,15,68.1085261388261,35.95,48,-8.608352613882609,-10.200000000000001,0.8308477525276453,0.16915224747235466
LAX,ANH,16,"(33.94417072663332, -118.40248449470265)","(33.83109840410756, -117.85402714383326)",42.45,77,16.333333333333332,9.89107672567298,3.9564306902691917,15,96.89107672567297,43.83333333333333,52,-11.880774339233964,-10.3,0.1706858446581111,0.8293141553418889
LAX,LGB,8,"(33.94417072663332, -118.40248449470265)","(33.79275109057494, -118.20701058828696)",22.433333333333334,62,10.333333333333334,8.970740476090906,3.588296190436363,15,59.97074047609091,37.833333333333336,34,-7.888740714275758,-7.9,0.5028147916948394,0.4971852083051605
LAX,WDHL,9,"(33.94417072663332, -118.40248449470265)","(34.143312184793125, -118.6623766005321)",43.68333333333333,78,9.083333333333334,9.47466215590249,3.789864862360996,15,69.4746621559025,36.583333333333336,48,-8.776632882256918,-10.200000000000001,0.8058657316064652,0.1941342683935348
LAX,PSD,12,"(33.94417072663332, -118.40248449470265)","(34.032253433618926, -118.60052756104398)",37.016666666666666,57,16.516666666666666,11.988227925134517,4.795291170053806,10,50.98822792513452,39.016666666666666,47,-7.049656125846786,-8.05,0.7311261830198823,0.26887381698011775
LAX,LGB,9,"(33.94417072663332, -118.40248449470265)","(33.82889235415849, -118.0837071663681)",29.466666666666665,62,15.65,9.958649262963048,3.983459705185219,15,60.95864926296305,43.15,34,-8.253364926296305,-7.9,0.412566673750241,0.587433326249759
LAX,ANH,8,"(33.94417072663332, -118.40248449470265)","(33.82786013656936, -117.86889081208484)",45.88333333333333,77,19.1,7.691058525812412,3.076423410324965,15,94.69105852581241,46.6,52,-11.799105852581242,-10.3,0.182558920591742,0.817441079408258
LAX,LGB,9,"(33.94417072663332, -118.40248449470265)","(33.8070425102682, -118.12078092666792)",27.566666666666666,62,8.15,4.641441646425899,1.8565766585703596,15,55.641441646425896,35.65,34,-7.34664416464259,-7.9,0.6349138194234075,0.3650861805765924
LAX,WDHL,6,"(33.94417072663332, -118.40248449470265)","(34.22697530434138, -118.62168521277904)",47.833333333333336,78,11.383333333333333,9.91712557249935,3.9668502289997396,15,69.91712557249934,38.88333333333333,48,-8.9358792239166,-10.200000000000001,0.7797346607349477,0.22026533926505226
LAX,BVH,9,"(33.94417072663332, -118.40248449470265)","(34.0815138087435, -118.3652564321046)",33.8,45,13.366666666666667,7.098359061618314,2.839343624647326,10,32.59835906161831,35.86666666666667,29,-5.053169239495165,-5.95,0.710297787776563,0.28970221222343706
LAX,LGB,23,"(33.94417072663332, -118.40248449470265)","(33.830708134663254, -118.17092475121771)",25.55,62,7.533333333333333,3.8017543449679767,1.5207017379871908,15,54.801754344967975,35.03333333333333,34,-7.231842101163465,-7.9,0.6610905593009725,0.3389094406990275
LAX,LGB,15,"(33.94417072663332, -118.40248449470265)","(33.77318581586307, -118.1803782905533)",28.8,62,14.033333333333333,8.487732331719242,3.3950929326876964,15,59.48773233171924,41.53333333333333,34,-8.025439899838592,-7.9,0.4686810816457396,0.5313189183542604
LAX,LGB,10,"(33.94417072663332, -118.40248449470265)","(33.841362817087365, -118.13917814902658)",30.833333333333332,62,9.416666666666666,4.699280554119436,1.8797122216477742,15,55.69928055411943,36.916666666666664,34,-7.415761388745277,-7.9,0.6187482603167231,0.38125173968327686
LAX,LGB,14,"(33.94417072663332, -118.40248449470265)","(33.7832788324875, -118.18605226313326)",27.45,62,12.716666666666667,7.544306898111879,3.0177227592447515,15,58.54430689811188,40.21666666666667,34,-7.8652640231445226,-7.9,0.5086831211522139,0.4913168788477861
LAX,PSD,10,"(33.94417072663332, -118.40248449470265)","(34.04743082781301, -118.49044618195784)",26.5,57,23.5,11.115175364410998,4.446070145764399,10,50.115175364411,46.0,47,-7.311517536441102,-8.05,0.6766639237087755,0.32333607629122463
LAX,WDHL,17,"(33.94417072663332, -118.40248449470265)","(34.148620089919774, -118.54050409362254)",38.71666666666667,78,11.483333333333333,10.051758062930872,4.020703225172349,15,70.05175806293087,38.983333333333334,48,-8.954342472959755,-10.200000000000001,0.7765472532348798,0.22345274676512017
LAX,LGB,9,"(33.94417072663332, -118.40248449470265)","(33.817068173561545, -118.21754451132782)",21.966666666666665,62,10.35,9.541713118690167,3.8166852474760664,15,60.54171311869017,37.85,34,-7.946671311869017,-7.9,0.4883342894877977,0.5116657105122022
LAX,BVH,7,"(33.94417072663332, -118.40248449470265)","(34.09363928522708, -118.38558083261276)",39.35,45,11.833333333333334,5.944565881356684,2.377826352542674,10,31.444565881356684,34.333333333333336,29,-4.861123254802335,-5.95,0.7481701463973623,0.2518298536026377
LAX,PSD,7,"(33.94417072663332, -118.40248449470265)","(34.102255954833964, -118.48981834966257)",28.733333333333334,57,36.43333333333333,9.054269196187635,3.6217076784750537,10,48.05426919618763,58.93333333333333,47,-7.752093586285431,-8.05,0.5739306426533848,0.4260693573466153
LAX,LGB,17,"(33.94417072663332, -118.40248449470265)","(33.79245805283174, -118.22089962885478)",26.533333333333335,62,14.433333333333334,10.813987529676803,4.325595011870721,15,61.8139875296768,41.93333333333334,34,-8.278065419634348,-7.9,0.40659357893284964,0.5934064210671502
LAX,BVH,6,"(33.94417072663332, -118.40248449470265)","(34.039156129025514, -118.35898246111935)",24.433333333333334,45,18.666666666666668,8.892213919666373,3.556885567866549,10,34.392213919666375,41.16666666666667,29,-5.497554725299971,-5.95,0.6112204623815134,0.38877953761848655
LAX,LGB,15,"(33.94417072663332, -118.40248449470265)","(33.82947686917314, -118.0869036407018)",28.566666666666666,62,14.766666666666667,9.535067931309415,3.8140271725237658,15,60.53506793130941,42.266666666666666,34,-8.166840126464276,-7.9,0.43368300323168046,0.5663169967683196
LAX,PSD,13,"(33.94417072663332, -118.40248449470265)","(34.10421524182712, -118.58763930484527)",50.266666666666666,57,29.766666666666666,5.989308874712953,2.395723549885181,10,44.989308874712954,52.266666666666666,47,-7.1122642208046285,-8.05,0.7186420685550801,0.28135793144491994
LAX,PSD,13,"(33.94417072663332, -118.40248449470265)","(34.04875535360627, -118.52258769828303)",30.3,57,16.016666666666666,7.87925951225276,3.151703804901104,10,46.87925951225276,38.516666666666666,47,-6.6137592845586095,-8.05,0.8078718295557321,0.1921281704442679
LAX,PSD,4,"(33.94417072663332, -118.40248449470265)","(34.12349227993154, -118.5732296294108)",50.81666666666667,57,34.15,6.9087473335678995,2.76349893342716,10,45.9087473335679,56.65,47,-7.423374733356791,-8.05,0.651723858388313,0.348276141611687
LAX,BVH,11,"(33.94417072663332, -118.40248449470265)","(34.04734214443057, -118.41256497120709)",23.516666666666666,45,6.266666666666667,3.334299424978247,1.3337197699912988,10,28.834299424978248,28.766666666666666,29,-4.321763275831159,-5.95,0.8359279444623866,0.16407205553761342
LAX,LGB,6,"(33.94417072663332, -118.40248449470265)","(33.86809695109122, -118.17841059681825)",23.6,62,14.233333333333333,9.79038542369323,3.9161541694772923,15,60.79038542369323,41.733333333333334,34,-8.165705209035991,-7.9,0.43396176223607347,0.5660382377639265
LAX,ANH,15,"(33.94417072663332, -118.40248449470265)","(33.77864621680806, -117.8925224245317)",37.1,77,14.2,6.923940621328029,2.7695762485312114,15,93.92394062132803,41.7,52,-11.477394062132804,-10.3,0.23552107426552835,0.7644789257344717
LAX,UVS,8,"(33.94417072663332, -118.40248449470265)","(34.101844749072086, -118.35545928316756)",39.666666666666664,57,16.233333333333334,6.304662930857866,2.5218651723431464,10,48.304662930857866,38.733333333333334,45,-6.767132959752454,-7.95,0.76546291359175,0.2345370864082499
LAX,DTLA,9,"(33.94417072663332, -118.40248449470265)","(34.06738556063245, -118.33426280374111)",31.75,50,19.433333333333334,10.47972202018861,4.191888808075444,10,40.47972202018861,41.93333333333334,35,-6.1446388686855276,-6.75,0.6468818886101807,0.35311811138981936
LAX,HWD,16,"(33.94417072663332, -118.40248449470265)","(34.11757443338986, -118.26491100987839)",35.766666666666666,57,19.7,9.983155600746972,3.9932622402987885,10,42.98315560074697,42.2,45,-6.408315560074698,-7.95,0.8237094598123492,0.17629054018765092
LAX,PSD,15,"(33.94417072663332, -118.40248449470265)","(34.128950408839934, -118.59288724110465)",45.56666666666667,57,34.81666666666667,9.288756388454027,3.7155025553816112,10,48.288756388454026,57.31666666666667,47,-7.694708972178737,-8.05,0.5879000486383185,0.4120999513616816
LAX,BVH,7,"(33.94417072663332, -118.40248449470265)","(34.06586159547849, -118.46994764707544)",22.366666666666667,45,14.533333333333333,8.391931355169202,3.356772542067681,10,33.891931355169206,37.03333333333333,29,-5.2408598021835875,-5.95,0.6702111471292949,0.3297888528707052
LAX,HWD,21,"(33.94417072663332, -118.40248449470265)","(34.115212699484914, -118.30500852987932)",40.233333333333334,57,12.166666666666666,5.149669948600339,2.0598679794401358,10,38.14966994860034,34.666666666666664,45,-5.548300328193368,-7.95,0.9169568201882669,0.08304317981173315
LAX,PSD,7,"(33.94417072663332, -118.40248449470265)","(34.098293414126005, -118.52726109338218)",41.53333333333333,57,38.25,3.7852697967470776,1.514107918698831,10,42.78526979674708,60.75,47,-7.316026979674708,-8.05,0.6756765183146446,0.3243234816853555
LAX,UVS,13,"(33.94417072663332, -118.40248449470265)","(34.09302911801497, -118.30245066755572)",35.233333333333334,57,15.1,10.870516345433765,4.348206538173506,10,52.870516345433764,37.6,45,-7.167051634543377,-7.95,0.6863152060547894,0.3136847939452107
LAX,PSD,22,"(33.94417072663332, -118.40248449470265)","(34.033289877551525, -118.56412779204638)",36.13333333333333,57,15.633333333333333,9.636522012902981,3.8546088051611926,10,48.63652201290298,38.13333333333333,47,-6.770318867956965,-8.05,0.7823954931537485,0.21760450684625154
LAX,WDHL,11,"(33.94417072663332, -118.40248449470265)","(34.12957534091538, -118.66794030042968)",47.81666666666667,78,12.9,11.475847063070301,4.5903388252281205,15,71.4758470630703,40.4,48,-9.16758470630703,-10.200000000000001,0.7373838828749882,0.2626161171250116
LAX,BVH,2,"(33.94417072663332, -118.40248449470265)","(34.02719606869931, -118.3574718054639)",22.666666666666668,45,19.5,10.304096433378838,4.121638573351535,10,35.80409643337884,42.0,29,-5.6804096433378835,-5.95,0.5669923353605567,0.43300766463944323
LAX,UVS,11,"(33.94417072663332, -118.40248449470265)","(34.10338157371327, -118.38049146260036)",44.45,57,26.7,7.050294231676885,2.820117692670754,10,49.05029423167689,49.2,45,-7.365029423167689,-7.95,0.6422103322414336,0.3577896677585664
LAX,DTLA,7,"(33.94417072663332, -118.40248449470265)","(33.997918448258915, -118.28272011208797)",19.016666666666666,50,8.25,8.098266740861819,3.2393066963447272,10,38.09826674086182,30.75,35,-5.347326674086181,-6.75,0.802607762334244,0.197392237665756
LAX,ANH,0,"(33.94417072663332, -118.40248449470265)","(33.777318868661816, -117.84922675813009)",43.71666666666667,77,12.65,11.697855101128349,4.67914204045134,15,98.69785510112835,40.15,52,-11.877285510112836,-10.3,0.17118026359730323,0.8288197364026968
LAX,HWD,7,"(33.94417072663332, -118.40248449470265)","(34.06200039753533, -118.27934715663481)",31.6,57,18.816666666666666,8.570749181518698,3.4282996726074795,10,41.5707491815187,41.31666666666666,45,-6.222908251485203,-7.95,0.849040044875448,0.15095995512455207
LAX,LGB,8,"(33.94417072663332, -118.40248449470265)","(33.867931779554716, -118.18490558290608)",23.0,62,12.65,10.174342709152366,4.0697370836609466,15,61.17434270915237,40.15,34,-8.124934270915237,-7.9,0.4440023355576256,0.5559976644423745
LAX,UVS,6,"(33.94417072663332, -118.40248449470265)","(34.170065606213214, -118.31264324367596)",40.666666666666664,57,14.483333333333333,8.168473546154843,3.2673894184619368,10,50.16847354615484,36.983333333333334,45,-6.866014021282152,-7.95,0.7472475514116418,0.2527524485883581
LAX,BVH,11,"(33.94417072663332, -118.40248449470265)","(34.0512171645724, -118.46660724866484)",24.1,45,15.333333333333334,8.348436020178275,3.33937440807131,10,33.848436020178276,37.833333333333336,29,-5.276510268684494,-5.95,0.6622841274778472,0.33771587252215285
LAX,UVS,9,"(33.94417072663332, -118.40248449470265)","(34.12152231500544, -118.36639042171856)",42.0,57,17.65,3.3319945721055473,1.3327978288422189,10,45.33199457210555,40.15,45,-6.540699457210556,-7.95,0.8036555974294232,0.1963444025705768
LAX,BVH,2,"(33.94417072663332, -118.40248449470265)","(34.0283164275386, -118.45516930347347)",19.266666666666666,45,14.833333333333334,9.111775830572284,3.6447103322289136,10,34.611775830572284,37.333333333333336,29,-5.327844249723896,-5.95,0.650708681406498,0.349291318593502
LAX,HWD,8,"(33.94417072663332, -118.40248449470265)","(34.08755021874216, -118.37289927985314)",34.7,57,12.766666666666667,6.583454126636797,2.6333816506547185,10,39.583454126636795,35.266666666666666,45,-5.721678745997013,-7.95,0.9027640964769631,0.09723590352303693
LAX,BVH,16,"(33.94417072663332, -118.40248449470265)","(34.05375734277684, -118.4762062594251)",25.9,45,17.133333333333333,9.5516825169627,3.82067300678508,10,35.0516825169627,39.63333333333333,29,-5.486834918362937,-5.95,0.6137647523732009,0.386235247626799
LAX,WDHL,4,"(33.94417072663332, -118.40248449470265)","(34.166660322533026, -118.54879794039248)",37.166666666666664,78,7.883333333333334,8.124730795746181,3.2498923182984725,15,68.12473079574619,35.38333333333333,48,-8.581639746241287,-10.200000000000001,0.834568864599118,0.16543113540088197
LAX,HWD,8,"(33.94417072663332, -118.40248449470265)","(34.068913225872684, -118.30790342153324)",34.88333333333333,57,11.15,4.814352625392512,1.925741050157005,10,37.814352625392516,33.65,45,-5.463935262539252,-7.95,0.9231591138748748,0.07684088612512527
LAX,BVH,7,"(33.94417072663332, -118.40248449470265)","(34.05096725372325, -118.36333323275655)",24.65,45,14.166666666666666,7.410142738208031,2.9640570952832124,10,32.91014273820803,36.666666666666664,29,-5.124347607154136,-5.95,0.6954348671684075,0.3045651328315925
LAX,LGB,13,"(33.94417072663332, -118.40248449470265)","(33.84436545012972, -118.08640087589849)",27.833333333333332,62,12.8,10.523065029261483,4.209226011704593,15,61.52306502926148,40.3,34,-8.167306502926149,-7.9,0.43356846375843416,0.5664315362415658
LAX,BVH,3,"(33.94417072663332, -118.40248449470265)","(34.010752462197395, -118.3829951006299)",19.233333333333334,45,23.033333333333335,10.463268241491212,4.185307296596485,10,35.963268241491214,45.53333333333333,29,-5.872993490815789,-5.95,0.5192421194177569,0.480757880582243
LAX,BVH,15,"(33.94417072663332, -118.40248449470265)","(34.07839041196979, -118.36264378027408)",33.06666666666667,45,12.983333333333333,7.281923627177114,2.9127694508708455,10,32.781923627177115,35.483333333333334,29,-5.0523590293843785,-5.95,0.7104644802217696,0.28953551977823055
LAX,DTLA,10,"(33.94417072663332, -118.40248449470265)","(34.06829980062155, -118.26193062901443)",28.916666666666668,50,8.883333333333333,4.405713585418495,1.762285434167398,10,34.405713585418496,31.383333333333333,35,-5.009738025208517,-6.75,0.8507203380787358,0.14927966192126418
LAX,LGB,13,"(33.94417072663332, -118.40248449470265)","(33.77260996381656, -118.1631530081587)",32.35,62,11.883333333333333,7.6721571375121345,3.068862855004854,15,58.67215713751214,39.38333333333333,34,-7.836382380417881,-7.9,0.5158990430379305,0.48410095696206945
LAX,ANH,12,"(33.94417072663332, -118.40248449470265)","(33.782936455539264, -117.89871054519526)",40.483333333333334,77,9.25,5.826836409521794,2.3307345638087176,15,92.82683640952179,36.75,52,-11.12018364095218,-10.3,0.30572467940546055,0.6942753205945393
LAX,BVH,9,"(33.94417072663332, -118.40248449470265)","(34.098654889899976, -118.41888343283739)",34.8,45,11.083333333333334,5.613942574843379,2.2455770299373516,10,31.113942574843378,33.583333333333336,29,-4.790560924151005,-5.95,0.7612307770608848,0.23876922293911512
LAX,DTLA,5,"(33.94417072663332, -118.40248449470265)","(34.09471552783335, -118.24296901835929)",31.033333333333335,50,10.35,9.548685506066901,3.8194742024267607,10,39.5486855060669,32.85,35,-5.59736855060669,-6.75,0.7599912336470378,0.24000876635296226
LAX,UVS,14,"(33.94417072663332, -118.40248449470265)","(34.099506808071695, -118.3545903655363)",39.95,57,16.883333333333333,6.707738474349089,2.6830953897396355,10,48.707738474349085,39.38333333333333,45,-6.839940514101576,-7.95,0.7521402012834847,0.24785979871651528
LAX,DTLA,18,"(33.94417072663332, -118.40248449470265)","(34.07109716425101, -118.22142090512678)",30.8,50,10.116666666666667,8.15240452005034,3.260961808020136,10,38.15240452005034,32.61666666666667,35,-5.446073785338367,-6.75,0.7864950169701902,0.21350498302980986
LAX,WDHL,12,"(33.94417072663332, -118.40248449470265)","(34.1332263856188, -118.57862645462212)",48.65,78,15.0,7.555086279533246,3.022034511813298,15,67.55508627953324,42.5,48,-8.880508627953326,-10.200000000000001,0.789097071638579,0.210902928361421
LAX,PSD,13,"(33.94417072663332, -118.40248449470265)","(34.10297490219739, -118.54262067087325)",41.55,57,38.25,2.81266935688451,1.125067742753804,10,41.81266935688451,60.75,47,-7.218766935688452,-8.05,0.6966155916444718,0.3033844083555281
LAX,BVH,11,"(33.94417072663332, -118.40248449470265)","(34.115220109060566, -118.419780508288)",38.233333333333334,45,15.316666666666666,8.4509556189801,3.3803822475920398,10,33.9509556189801,37.81666666666666,29,-5.2859288952313435,-5.95,0.6601743118471488,0.3398256881528512
LAX,HWD,15,"(33.94417072663332, -118.40248449470265)","(34.13503442664559, -118.38888971136193)",36.78333333333333,57,18.85,11.561613884302911,4.624645553721164,10,44.561613884302915,41.35,45,-6.523661388430291,-7.95,0.8063301879120218,0.19366981208797812
LAX,BVH,13,"(33.94417072663332, -118.40248449470265)","(34.056667714020115, -118.43953265944104)",22.55,45,7.616666666666666,4.382541215195015,1.7530164860780062,10,29.882541215195015,30.116666666666667,29,-4.494087454852835,-5.95,0.8109067130112818,0.18909328698871822
LAX,DTLA,13,"(33.94417072663332, -118.40248449470265)","(34.087863935971896, -118.22879226870263)",31.516666666666666,50,10.833333333333334,9.480314441136809,3.7921257764547236,10,39.48031444113681,33.333333333333336,35,-5.614698110780348,-6.75,0.7568160162899665,0.24318398371003347
LAX,DTLA,16,"(33.94417072663332, -118.40248449470265)","(34.053647404850096, -118.23627522407031)",27.733333333333334,50,7.05,4.800318564686906,1.9201274258747625,10,34.800318564686904,29.55,35,-4.957531856468691,-6.75,0.8572296116271392,0.1427703883728607
LAX,BVH,12,"(33.94417072663332, -118.40248449470265)","(34.017456162898554, -118.39493843660627)",18.15,45,19.233333333333334,8.804010728723195,3.521604291489278,10,34.3040107287232,41.733333333333334,29,-5.517067739538987,-5.95,0.6065736473449157,0.3934263526550843
LAX,PSD,8,"(33.94417072663332, -118.40248449470265)","(34.04472954079827, -118.54650112938934)",34.96666666666667,57,11.033333333333333,7.492585200204669,2.9970340800818676,10,46.49258520020467,33.53333333333333,47,-6.325925186687134,-8.05,0.8486529538062969,0.15134704619370307
LAX,BVH,6,"(33.94417072663332, -118.40248449470265)","(34.08485117297758, -118.45367465081242)",25.733333333333334,45,14.266666666666667,6.8188345750525166,2.727533830021007,10,32.31883457505252,36.766666666666666,29,-5.070216790838586,-5.95,0.706777294691312,0.29322270530868805
LAX,LGB,10,"(33.94417072663332, -118.40248449470265)","(33.76901287210557, -118.2164020529091)",25.466666666666665,62,13.35,12.390165103833093,4.956066041533237,15,63.39016510383309,40.85,34,-8.38151651038331,-7.9,0.3818940873891343,0.6181059126108657
LAX,BVH,4,"(33.94417072663332, -118.40248449470265)","(34.08005275952186, -118.42463153883976)",28.016666666666666,45,5.516666666666667,2.9830200144855383,1.1932080057942154,10,28.48302001448554,28.016666666666666,29,-4.249135334781887,-5.95,0.8456476314258178,0.15435236857418214
LAX,LGB,8,"(33.94417072663332, -118.40248449470265)","(33.855047503484, -118.1981462916899)",22.8,62,10.333333333333334,9.528693889952,3.8114775559808,15,60.528693889952,37.833333333333336,34,-7.944536055661867,-7.9,0.4888678260424248,0.5111321739575753
LAX,ANH,17,"(33.94417072663332, -118.40248449470265)","(33.80187598183889, -117.95837072473458)",41.916666666666664,77,10.516666666666667,5.939696241846194,2.3758784967384776,15,92.93969624184619,38.016666666666666,52,-11.194802957517952,-10.3,0.2901196609343591,0.709880339065641
LAX,ANH,2,"(33.94417072663332, -118.40248449470265)","(33.76352780873298, -117.92254242798558)",37.88333333333333,77,14.9,8.404851705528692,3.3619406822114772,15,95.4048517055287,42.4,52,-11.660485170552871,-10.3,0.20416146067203295,0.7958385393279671
LAX,PSD,13,"(33.94417072663332, -118.40248449470265)","(34.129197643217765, -118.5323583266356)",45.5,57,53.18333333333333,7.55457219829243,3.021828879316972,10,46.55457219829243,75.68333333333334,47,-8.43962388649591,-8.05,0.403807845650191,0.596192154349809
LAX,HWD,16,"(33.94417072663332, -118.40248449470265)","(34.07158456447717, -118.36639468418814)",30.733333333333334,57,14.9,6.599991323979789,2.6399965295919157,10,39.599991323979786,37.4,45,-5.829999132397979,-7.95,0.892832012528273,0.10716798747172705
LAX,DTLA,6,"(33.94417072663332, -118.40248449470265)","(34.04997576693068, -118.26687146079747)",25.566666666666666,50,4.666666666666667,1.18275891206066,0.473103564824264,10,31.18275891206066,27.166666666666668,35,-4.476609224539399,-6.75,0.9066491669561862,0.09335083304381375
LAX,ANH,11,"(33.94417072663332, -118.40248449470265)","(33.85643759769464, -117.90590946940699)",37.36666666666667,77,14.016666666666667,7.8478761415573,3.1391504566229202,15,94.8478761415573,41.516666666666666,52,-11.560620947489063,-10.3,0.22086701808839823,0.7791329819116017
LAX,DTLA,12,"(33.94417072663332, -118.40248449470265)","(34.08732317693648, -118.32632512141042)",38.36666666666667,50,19.4,11.391101648894715,4.556440659557886,10,41.39110164889472,41.9,35,-6.234110164889472,-6.75,0.6261861711211523,0.37381382887884784
LAX,BVH,10,"(33.94417072663332, -118.40248449470265)","(34.05231947990775, -118.35187005513606)",29.033333333333335,45,16.1,8.893096117272416,3.557238446908966,10,34.393096117272414,38.6,29,-5.369309611727242,-5.95,0.6412262491910952,0.3587737508089048
LAX,HWD,7,"(33.94417072663332, -118.40248449470265)","(34.11713973972634, -118.35707765321384)",45.11666666666667,57,16.9,6.117103850804683,2.446841540321873,10,39.11710385080468,39.4,45,-5.881710385080468,-7.95,0.8877826780060069,0.11221732199399317
LAX,DTLA,15,"(33.94417072663332, -118.40248449470265)","(34.02012366086322, -118.2834892589287)",21.966666666666665,50,8.016666666666667,4.595734209798624,1.8382936839194495,10,34.59573420979862,30.516666666666666,35,-4.985406754313196,-6.75,0.8537839989691435,0.1462160010308564
LAX,HWD,13,"(33.94417072663332, -118.40248449470265)","(34.13917372230417, -118.39317918406917)",35.766666666666666,57,17.833333333333332,12.492204760800277,4.9968819043201105,10,45.49220476080028,40.33333333333333,45,-6.5658871427466945,-7.95,0.7996507309403182,0.20034926905968176
LAX,ANH,12,"(33.94417072663332, -118.40248449470265)","(33.83225389406969, -117.91473202626835)",39.45,77,9.066666666666666,3.5061783105250215,1.4024713242100086,15,90.50617831052502,36.56666666666666,52,-10.878951164385835,-10.3,0.35917396641677646,0.6408260335832235
LAX,DTLA,5,"(33.94417072663332, -118.40248449470265)","(34.043316347747314, -118.2357128742651)",31.35,50,11.3,4.525392290882144,1.8101569163528577,10,34.525392290882145,33.8,35,-5.142539229088214,-6.75,0.8330585493380203,0.16694145066197977
LAX,BVH,5,"(33.94417072663332, -118.40248449470265)","(34.11384263341252, -118.3992068064398)",37.583333333333336,45,13.0,8.315380563620806,3.3261522254483227,10,33.815380563620806,35.5,29,-5.156538056362081,-5.95,0.6885741932164288,0.31142580678357135
LAX,BVH,15,"(33.94417072663332, -118.40248449470265)","(34.05630432847321, -118.35564706461822)",29.783333333333335,45,16.016666666666666,8.197497441527723,3.2789989766110894,10,33.69749744152772,38.516666666666666,29,-5.295583077486105,-5.95,0.6580051146563659,0.3419948853436341
LAX,DTLA,7,"(33.94417072663332, -118.40248449470265)","(34.01290135300362, -118.27873897185391)",19.066666666666666,50,8.1,5.4610703140155925,2.184428125606237,10,35.46107031401559,30.6,35,-5.07610703140156,-6.75,0.8420941650052308,0.15790583499476926
LAX,HWD,9,"(33.94417072663332, -118.40248449470265)","(34.11834507370473, -118.31889461441318)",41.53333333333333,57,12.783333333333333,4.737408653248502,1.8949634612994009,10,37.7374086532485,35.28333333333333,45,-5.537907531991516,-7.95,0.9177447789543562,0.08225522104564377
LAX,WDHL,13,"(33.94417072663332, -118.40248449470265)","(34.19963571801332, -118.55013172382978)",38.81666666666667,78,10.6,9.305968814367343,3.722387525746937,15,69.30596881436735,38.1,48,-8.835596881436736,-10.200000000000001,0.7964743879786654,0.2035256120213345
LAX,WDHL,12,"(33.94417072663332, -118.40248449470265)","(34.20469997828799, -118.64482447913784)",46.483333333333334,78,11.35,8.10372352110877,3.2414894084435084,15,68.10372352110878,38.85,48,-8.752872352110879,-10.200000000000001,0.8095559825405038,0.1904440174594962
LAX,HWD,9,"(33.94417072663332, -118.40248449470265)","(34.08969300127223, -118.29651352454151)",34.35,57,9.033333333333333,4.4213182989463045,1.7685273195785218,10,37.421318298946304,31.53333333333333,45,-5.318798496561297,-7.95,0.9328428592259503,0.06715714077404966
LAX,UVS,14,"(33.94417072663332, -118.40248449470265)","(34.127580528343586, -118.30590670221436)",44.083333333333336,57,23.366666666666667,7.294229501627188,2.9176918006508754,10,49.294229501627186,45.86666666666667,45,-7.222756283496052,-7.95,0.6742001339610147,0.32579986603898514
LAX,DTLA,2,"(33.94417072663332, -118.40248449470265)","(34.01045536604008, -118.31896906089685)",24.416666666666668,50,14.416666666666666,9.311926215751194,3.7247704863004776,10,39.31192621575119,36.916666666666664,35,-5.777025954908453,-6.75,0.7257118910080607,0.27428810899193934
LAX,HWD,8,"(33.94417072663332, -118.40248449470265)","(34.08453243933639, -118.36495311713998)",34.2,57,11.016666666666667,5.54565011652585,2.21826004661034,10,38.54565011652585,33.516666666666666,45,-5.530398344985919,-7.95,0.9183098669292153,0.08169013307078474
LAX,BVH,17,"(33.94417072663332, -118.40248449470265)","(34.047812778458024, -118.46886120027598)",24.55,45,15.766666666666667,8.853640951279658,3.5414563805118635,10,34.35364095127966,38.266666666666666,29,-5.348697428461299,-5.95,0.6459542574941636,0.35404574250583637
LAX,HWD,9,"(33.94417072663332, -118.40248449470265)","(34.034251248101356, -118.39571469358357)",22.366666666666667,57,24.6,13.94755755542662,5.579023022170648,10,46.94755755542662,47.1,45,-7.049755755542662,-7.95,0.7109996923498664,0.28900030765013357
LAX,BVH,0,"(33.94417072663332, -118.40248449470265)","(34.07399310426633, -118.34932400354535)",35.11666666666667,45,16.133333333333333,8.99537188033835,3.59814875213534,10,34.495371880338354,38.63333333333333,29,-5.381203854700502,-5.95,0.638485345581281,0.36151465441871894
LAX,WDHL,14,"(33.94417072663332, -118.40248449470265)","(34.12965238801156, -118.56824524040842)",49.833333333333336,78,16.483333333333334,8.891390877299377,3.556556350919751,15,68.89139087729937,43.983333333333334,48,-9.088305754396604,-10.200000000000001,0.7524448362478886,0.24755516375211142
LAX,BVH,9,"(33.94417072663332, -118.40248449470265)","(34.01872274121314, -118.48121594487996)",22.916666666666668,45,17.433333333333334,12.978677556029849,5.19147102241194,10,38.47867755602985,39.93333333333334,29,-5.8445344222696525,-5.95,0.5263419821617051,0.4736580178382948
LAX,DTLA,5,"(33.94417072663332, -118.40248449470265)","(34.09125466333782, -118.27212946683332)",35.38333333333333,50,14.7,8.32361537531154,3.3294461501246158,10,38.32361537531154,37.2,35,-5.692361537531155,-6.75,0.7422389938277172,0.2577610061722828
LAX,DTLA,14,"(33.94417072663332, -118.40248449470265)","(34.00417019380632, -118.29731813872453)",21.766666666666666,50,11.0,7.977411968150941,3.190964787260376,10,37.97741196815094,33.5,35,-5.472741196815094,-6.75,0.7819828028173931,0.218017197182607
LAX,UVS,6,"(33.94417072663332, -118.40248449470265)","(34.181333413992185, -118.33604570000657)",43.7,57,15.516666666666667,7.880874232783265,3.152349693113306,10,49.88087423278326,38.016666666666666,45,-6.888920756611659,-7.95,0.7428967360904215,0.25710326390957844
LAX,LGB,10,"(33.94417072663332, -118.40248449470265)","(33.79919655623675, -118.15373812423587)",26.633333333333333,62,4.716666666666667,2.9191053823898923,1.1676421529559569,15,53.919105382389894,32.21666666666667,34,-7.002743871572323,-7.9,0.7103853099624975,0.2896146900375025
LAX,UVS,16,"(33.94417072663332, -118.40248449470265)","(34.12684120651, -118.31612161098056)",41.55,57,18.033333333333335,5.933100896720606,2.3732403586882422,10,47.9331008967206,40.53333333333333,45,-6.819976756338727,-7.95,0.7558431886046408,0.24415681139535914
LAX,DTLA,7,"(33.94417072663332, -118.40248449470265)","(34.06495790820033, -118.30087107405522)",33.85,50,15.016666666666667,6.1153148515998454,2.4461259406399383,10,36.11531485159985,37.516666666666666,35,-5.487364818493319,-6.75,0.7794794060358593,0.22052059396414075
LAX,PSD,4,"(33.94417072663332, -118.40248449470265)","(34.041472367475926, -118.54688142322478)",34.9,57,11.283333333333333,8.048363830730581,3.2193455322922326,10,47.04836383073058,33.78333333333333,47,-6.394003049739725,-8.05,0.8396999091001099,0.16030009089988995
LAX,ANH,14,"(33.94417072663332, -118.40248449470265)","(33.76056531451639, -117.89573991444266)",41.233333333333334,77,13.883333333333333,9.506876024503097,3.802750409801239,15,96.5068760245031,41.38333333333333,52,-11.71985426911698,-10.3,0.19468443061302876,0.8053155693869712
LAX,LGB,15,"(33.94417072663332, -118.40248449470265)","(33.78534735837684, -118.09085645368259)",30.45,62,12.033333333333333,10.162895307728048,4.065158123091219,15,61.16289530772805,39.53333333333333,34,-8.092956197439472,-7.9,0.4519100655475798,0.5480899344524202
LAX,HWD,7,"(33.94417072663332, -118.40248449470265)","(34.12781627574285, -118.36964207857)",42.516666666666666,57,18.683333333333334,8.691317247228058,3.476526898891223,10,41.691317247228056,41.18333333333334,45,-6.2282983913894725,-7.95,0.8483478844627875,0.15165211553721258
LAX,LGB,7,"(33.94417072663332, -118.40248449470265)","(33.76793779874945, -118.09407451252868)",34.266666666666666,62,15.833333333333334,11.669021028201929,4.667608411280772,15,62.669021028201925,43.333333333333336,34,-8.433568769486861,-7.9,0.3696849145427097,0.6303150854572902
LAX,LGB,15,"(33.94417072663332, -118.40248449470265)","(33.81687700010146, -118.16499247885919)",24.283333333333335,62,5.083333333333333,1.9875497710331227,0.7950199084132491,15,52.98754977103312,32.583333333333336,34,-6.927921643769979,-7.9,0.7255335643900528,0.27446643560994716
LAX,PSD,5,"(33.94417072663332, -118.40248449470265)","(34.135496837125174, -118.4865499254036)",28.8,57,36.483333333333334,12.293703203343762,4.917481281337505,10,51.29370320334376,58.983333333333334,47,-8.078536987001044,-8.05,0.49286623736385843,0.5071337626361415
LAX,DTLA,8,"(33.94417072663332, -118.40248449470265)","(34.06806273740583, -118.29315328261006)",34.88333333333333,50,14.35,5.68004874350707,2.272019497402828,10,35.68004874350707,36.85,35,-5.410504874350708,-6.75,0.7924069027774846,0.20759309722251543
LAX,HWD,6,"(33.94417072663332, -118.40248449470265)","(34.066808587191794, -118.33029556584114)",31.983333333333334,57,7.95,4.319105789325654,1.7276423157302618,10,37.319105789325654,30.45,45,-5.254410578932566,-7.95,0.936765883565992,0.06323411643400806
LAX,UVS,10,"(33.94417072663332, -118.40248449470265)","(34.09778262708594, -118.35371267370981)",40.233333333333334,57,17.366666666666667,7.007288921320845,2.8029155685283382,10,49.00728892132084,39.86666666666667,45,-6.894062225465418,-7.95,0.7419134837302777,0.2580865162697223
LAX,WDHL,10,"(33.94417072663332, -118.40248449470265)","(34.20989047737648, -118.56941749347114)",42.31666666666667,78,12.266666666666667,8.43395218484361,3.373580873937444,15,68.4339521848436,39.766666666666666,48,-8.831728551817694,-10.200000000000001,0.7971007364567694,0.2028992635432306
LAX,UVS,14,"(33.94417072663332, -118.40248449470265)","(34.107241168775715, -118.31281926249508)",37.483333333333334,57,14.266666666666667,8.100532026856843,3.240212810742737,10,50.10053202685684,36.766666666666666,45,-6.848386536019017,-7.95,0.7505622980603455,0.24943770193965453
LAX,ANH,16,"(33.94417072663332, -118.40248449470265)","(33.774274929399894, -117.93581129353684)",38.55,77,11.683333333333334,6.971552144327774,2.7886208577311096,15,93.97155214432777,39.18333333333334,52,-11.356321881099444,-10.3,0.2580129751985981,0.7419870248014019
LAX,BVH,6,"(33.94417072663332, -118.40248449470265)","(34.10286443166793, -118.36020612484454)",40.1,45,18.566666666666666,9.635495338897446,3.8541981355589785,10,35.13549533889744,41.06666666666666,29,-5.566882867223077,-5.95,0.5946246969211106,0.40537530307888936
LAX,UVS,12,"(33.94417072663332, -118.40248449470265)","(34.164169149810334, -118.30441989513305)",39.983333333333334,57,13.083333333333334,8.509075710187354,3.4036302840749415,10,50.50907571018735,35.583333333333336,45,-6.830074237685403,-7.95,0.7539749458609392,0.24602505413906078
LAX,PSD,10,"(33.94417072663332, -118.40248449470265)","(34.04503293550574, -118.48796991167299)",25.566666666666666,57,24.133333333333333,11.651760245771598,4.660704098308639,10,50.6517602457716,46.63333333333333,47,-7.396842691243826,-8.05,0.6577216018618777,0.34227839813812233
LAX,HWD,7,"(33.94417072663332, -118.40248449470265)","(34.11035136618449, -118.33134100110783)",35.833333333333336,57,6.4,3.258968063187988,1.3035872252751952,10,36.258968063187986,28.9,45,-5.070896806318799,-7.95,0.9468037127530614,0.05319628724693856
LAX,DTLA,6,"(33.94417072663332, -118.40248449470265)","(34.03493938903105, -118.271359821559)",23.666666666666668,50,3.433333333333333,1.5272182660203026,0.6108873064081211,10,31.527218266020302,25.933333333333334,35,-4.449388493268698,-6.75,0.9089276710466763,0.09107232895332364
LAX,ANH,3,"(33.94417072663332, -118.40248449470265)","(33.83260945746356, -117.95404130084223)",37.75,77,8.916666666666666,6.1461132800584135,2.4584453120233656,15,93.14611328005842,36.416666666666664,52,-11.135444661339175,-10.3,0.3024950574701036,0.6975049425298964
LAX,DTLA,15,"(33.94417072663332, -118.40248449470265)","(34.007353699172675, -118.26666437296028)",22.05,50,11.65,6.163395489687865,2.465358195875146,10,36.163395489687865,34.15,35,-5.323839548968786,-6.75,0.8063023645203811,0.1936976354796189
LAX,ANH,0,"(33.94417072663332, -118.40248449470265)","(33.83919584135233, -117.90266700996361)",42.016666666666666,77,12.6,5.206956565470363,2.0827826261881452,15,92.20695656547036,40.1,52,-11.225695656547037,-10.3,0.28379878783269485,0.716201212167305
LAX,HWD,10,"(33.94417072663332, -118.40248449470265)","(34.0902485050783, -118.27429883435431)",35.2,57,15.383333333333333,7.596206987890345,3.038482795156138,10,40.59620698789035,37.88333333333333,45,-5.953787365455702,-7.95,0.8803988550513158,0.11960114494868428
LAX,WDHL,15,"(33.94417072663332, -118.40248449470265)","(34.14471882106755, -118.61038361457247)",42.766666666666666,78,6.75,4.597821029078905,1.839128411631562,15,64.5978210290789,34.25,48,-8.172282102907891,-10.200000000000001,0.8836767008969889,0.11632329910301112
LAX,LGB,16,"(33.94417072663332, -118.40248449470265)","(33.862338263278616, -118.09388185616683)",29.516666666666666,62,16.116666666666667,11.475253401766048,4.590101360706419,15,62.47525340176605,43.61666666666667,34,-8.428358673509939,-7.9,0.3708997826666097,0.6291002173333902
LAX,LGB,9,"(33.94417072663332, -118.40248449470265)","(33.80865353659682, -118.132540954147)",26.583333333333332,62,5.2,2.9693112833991213,1.1877245133596486,15,53.96931128339912,32.7,34,-7.031931128339913,-7.9,0.7043437115430767,0.29565628845692327
LAX,PSD,6,"(33.94417072663332, -118.40248449470265)","(34.08779370605886, -118.59895661580995)",49.96666666666667,57,29.466666666666665,6.927696325944977,2.7710785303779906,10,45.92769632594498,51.96666666666667,47,-7.191102965927832,-8.05,0.7024301616541515,0.29756983834584855
LAX,DTLA,7,"(33.94417072663332, -118.40248449470265)","(33.98740296715753, -118.20108298873224)",31.466666666666665,50,18.916666666666668,13.503263743364098,5.401305497345639,10,43.5032637433641,41.41666666666667,35,-6.421159707669744,-6.75,0.5814771753754429,0.41852282462455714
LAX,ANH,11,"(33.94417072663332, -118.40248449470265)","(33.82079294177678, -117.89980359489272)",42.733333333333334,77,8.8,3.1286441990900022,1.2514576796360009,15,90.12864419909,36.3,52,-10.827864419909,-10.3,0.37101511576510554,0.6289848842348944
LAX,DTLA,10,"(33.94417072663332, -118.40248449470265)","(34.015039444328984, -118.28029852767868)",20.133333333333333,50,7.966666666666667,5.187415690501017,2.074966276200407,10,35.18741569050102,30.46666666666667,35,-5.042074902383435,-6.75,0.8465669661494357,0.15343303385056437
LAX,PSD,13,"(33.94417072663332, -118.40248449470265)","(34.1454201528801, -118.55315761144357)",40.916666666666664,57,51.8,9.887780567609457,3.955112227043783,10,48.887780567609454,74.3,47,-8.603778056760945,-8.05,0.36498831596552256,0.6350116840344774
LAX,DTLA,14,"(33.94417072663332, -118.40248449470265)","(34.02650753653601, -118.2543204821235)",24.4,50,6.516666666666667,3.4116566784717555,1.3646626713887022,10,33.41165667847176,29.016666666666666,35,-4.79199900118051,-6.75,0.8763164517727432,0.1236835482272567
LAX,BVH,12,"(33.94417072663332, -118.40248449470265)","(34.046599350596956, -118.47990450058451)",26.55,45,17.783333333333335,10.410907901197014,4.164363160478805,10,35.910907901197014,40.28333333333333,29,-5.605257456786369,-5.95,0.5853420814337021,0.41465791856629786
LAX,LGB,10,"(33.94417072663332, -118.40248449470265)","(33.84680665137518, -118.21124669415848)",22.25,62,9.366666666666667,10.133527325458287,4.053410930183315,15,61.13352732545829,36.86666666666667,34,-7.956686065879163,-7.9,0.485832277100931,0.514167722899069
LAX,BVH,13,"(33.94417072663332, -118.40248449470265)","(34.06006563622937, -118.39494591891263)",29.416666666666668,45,6.516666666666667,2.6242355580500334,1.0496942232200133,10,28.12423555805003,29.016666666666666,29,-4.2632568891383364,-5.95,0.8437953669316233,0.1562046330683766
LAX,DTLA,11,"(33.94417072663332, -118.40248449470265)","(34.01767329335299, -118.22242012542945)",27.75,50,9.866666666666667,7.785101969913683,3.114040787965473,10,37.78510196991368,32.36666666666667,35,-5.396843530324702,-6.75,0.7946451932770253,0.2053548067229747
LAX,LGB,9,"(33.94417072663332, -118.40248449470265)","(33.858272043244966, -118.1512727960335)",25.366666666666667,62,12.533333333333333,7.2826060232991825,2.913042409319673,15,58.28260602329918,40.03333333333333,34,-7.829927268996585,-7.9,0.5175110181384385,0.4824889818615615
LAX,BVH,7,"(33.94417072663332, -118.40248449470265)","(34.10837958742356, -118.41727812734062)",37.43333333333333,45,12.583333333333334,7.235782815431046,2.894313126172418,10,32.735782815431044,35.083333333333336,29,-5.027744948209771,-5.95,0.7155013651430142,0.28449863485698573
LAX,LGB,13,"(33.94417072663332, -118.40248449470265)","(33.81323034591963, -118.08259759097469)",28.016666666666666,62,12.683333333333334,9.880034481966437,3.9520137927865746,15,60.88003448196643,40.18333333333334,34,-8.09717011486331,-7.9,0.45086654448376284,0.5491334555162373
LAX,UVS,6,"(33.94417072663332, -118.40248449470265)","(34.11810795413574, -118.2876701808546)",40.25,57,19.516666666666666,10.279106594770042,4.111642637908017,10,52.27910659477004,42.016666666666666,45,-7.328743992810338,-7.95,0.6505041538756182,0.34949584612438167
LAX,DTLA,5,"(33.94417072663332, -118.40248449470265)","(34.01468659937887, -118.2092594228494)",29.55,50,11.666666666666666,9.656316728091227,3.862526691236491,10,39.65631672809123,34.166666666666664,35,-5.673965006142456,-6.75,0.7457429096576184,0.2542570903423816
LAX,DTLA,13,"(33.94417072663332, -118.40248449470265)","(34.03911999998164, -118.30013021944443)",24.683333333333334,50,6.6,4.764995962226033,1.9059983848904132,10,34.76499596222603,29.1,35,-4.931499596222603,-6.75,0.8603860900734893,0.13961390992651074
LAX,PSD,16,"(33.94417072663332, -118.40248449470265)","(34.090209189333564, -118.60486915888107)",45.666666666666664,57,25.483333333333334,7.78375207811726,3.113500831246904,10,46.78375207811726,47.983333333333334,47,-7.077541874478393,-8.05,0.7256091831226215,0.27439081687737854
LAX,HWD,9,"(33.94417072663332, -118.40248449470265)","(34.08462866642509, -118.29081087288431)",33.68333333333333,57,12.083333333333334,5.366842567799268,2.1467370271197073,10,38.36684256779927,34.583333333333336,45,-5.565850923446594,-7.95,0.9156105778033888,0.08438942219661116
LAX,PSD,10,"(33.94417072663332, -118.40248449470265)","(34.04990410334751, -118.58322557901239)",36.4,57,16.233333333333334,8.068611335124098,3.2274445340496394,10,47.068611335124096,38.733333333333334,47,-6.6435278001790765,-8.05,0.8032089205935505,0.19679107940644944
LAX,UVS,6,"(33.94417072663332, -118.40248449470265)","(34.18337206952538, -118.37362286543357)",41.88333333333333,57,14.45,8.185228700155525,3.27409148006221,10,50.18522870015553,36.95,45,-6.866022870015553,-7.95,0.7472458801596686,0.25275411984033136
LAX,BVH,14,"(33.94417072663332, -118.40248449470265)","(34.07825065784301, -118.38408527513474)",34.4,45,7.483333333333333,4.400250083361723,1.760100033344689,10,29.900250083361723,29.983333333333334,29,-4.489191675002839,-5.95,0.8116562748551658,0.18834372514483416
LAX,ANH,11,"(33.94417072663332, -118.40248449470265)","(33.850849117188496, -117.85905644507748)",41.45,77,16.866666666666667,10.888231807562336,4.3552927230249345,15,97.88823180756233,44.36666666666667,52,-12.007156514089568,-10.3,0.1535328927873069,0.8464671072126931
LAX,HWD,6,"(33.94417072663332, -118.40248449470265)","(34.13761796696123, -118.37959481376794)",37.916666666666664,57,15.083333333333334,10.897145345706605,4.358858138282642,10,43.897145345706605,37.583333333333336,45,-6.268881201237328,-7.95,0.8430526216822867,0.15694737831771344
LAX,BVH,8,"(33.94417072663332, -118.40248449470265)","(34.05857415006231, -118.35894850130249)",30.033333333333335,45,14.883333333333333,7.655168907607466,3.0620675630429863,10,33.15516890760747,37.38333333333333,29,-5.184683557427414,-5.95,0.6825068764863136,0.31749312351368647
LAX,ANH,10,"(33.94417072663332, -118.40248449470265)","(33.82642473553694, -117.95974885160088)",37.8,77,11.25,6.354156612787022,2.5416626451148088,15,93.35415661278702,38.75,52,-11.272915661278702,-10.3,0.2742997306848735,0.7257002693151265
LAX,BVH,6,"(33.94417072663332, -118.40248449470265)","(34.021003612191556, -118.41244553917385)",17.716666666666665,45,14.2,7.8701108329088285,3.1480443331635315,10,33.37011083290883,36.7,29,-5.172011083290883,-5.95,0.6852465176781523,0.31475348232184786
LAX,DTLA,15,"(33.94417072663332, -118.40248449470265)","(34.03504008827322, -118.2987847444457)",25.2,50,7.233333333333333,4.731450765587186,1.8925803062348745,10,34.731450765587184,29.733333333333334,35,-4.959811743225385,-6.75,0.8569503557992036,0.1430496442007963
LAX,UVS,10,"(33.94417072663332, -118.40248449470265)","(34.11022102745655, -118.32514813066342)",38.18333333333333,57,14.083333333333334,6.4859569489305535,2.5943827795722214,10,48.48595694893055,36.583333333333336,45,-6.677762361559722,-7.95,0.7811255540744648,0.2188744459255351
LAX,DTLA,8,"(33.94417072663332, -118.40248449470265)","(34.0972486821574, -118.26353969791599)",36.15,50,15.466666666666667,9.342381056173469,3.736952422469388,10,39.342381056173465,37.96666666666667,35,-5.83257143895068,-6.75,0.7145178676926471,0.28548213230735275
LAX,PSD,11,"(33.94417072663332, -118.40248449470265)","(34.107612699422596, -118.4844695822739)",26.983333333333334,57,34.68333333333333,10.06451771180364,4.025807084721456,10,49.06451771180364,57.18333333333333,47,-7.765618437847031,-8.05,0.5706200933267412,0.4293799066732588
LAX,LGB,10,"(33.94417072663332, -118.40248449470265)","(33.86805463763414, -118.18665798284096)",22.616666666666667,62,12.283333333333333,10.315090401938122,4.126036160775248,15,61.31509040193812,39.78333333333333,34,-8.120675706860478,-7.9,0.4450538719987333,0.5549461280012667
LAX,DTLA,13,"(33.94417072663332, -118.40248449470265)","(34.00924615127349, -118.22340827476329)",31.566666666666666,50,13.683333333333334,8.58196762876947,3.4327870515077885,10,38.58196762876947,36.18333333333334,35,-5.667363429543614,-6.75,0.7469926054763287,0.25300739452367116
LAX,DTLA,22,"(33.94417072663332, -118.40248449470265)","(33.99166968436282, -118.32592921579719)",22.3,50,18.35,12.225206451019655,4.890082580407862,10,42.22520645101966,40.85,35,-6.265020645101966,-6.75,0.618922985513652,0.38107701448634806
LAX,BVH,10,"(33.94417072663332, -118.40248449470265)","(34.039829126033695, -118.38984816646663)",23.033333333333335,45,11.716666666666667,5.565591643400972,2.226236657360389,10,31.06559164340097,34.21666666666667,29,-4.817392497673431,-5.95,0.7563197833420385,0.2436802166579615
LAX,WDHL,12,"(33.94417072663332, -118.40248449470265)","(34.16583845980867, -118.60936994286922)",39.11666666666667,78,3.4833333333333334,1.0741857593274016,0.4296743037309606,15,61.0741857593274,30.983333333333334,48,-7.656585242599407,-10.200000000000001,0.9271298646113775,0.07287013538862262
LAX,ANH,16,"(33.94417072663332, -118.40248449470265)","(33.8424149048196, -117.85130876795483)",40.71666666666667,77,16.133333333333333,11.034810843739745,4.413924337495898,15,98.03481084373975,43.63333333333333,52,-11.985147751040643,-10.3,0.15641502441410554,0.8435849755858945
LAX,BVH,5,"(33.94417072663332, -118.40248449470265)","(34.07874783466849, -118.46448604593364)",22.7,45,15.066666666666666,7.886560968697007,3.154624387478803,10,33.386560968697005,37.56666666666666,29,-5.216989430203034,-5.95,0.6754655734106055,0.32453442658939435
LAX,WDHL,12,"(33.94417072663332, -118.40248449470265)","(34.14219050960276, -118.57957048025611)",45.85,78,12.183333333333334,6.1894100367270255,2.47576401469081,15,66.18941003672703,39.68333333333334,48,-8.60310767033937,-10.200000000000001,0.8315835970772141,0.16841640292278587
LAX,HWD,12,"(33.94417072663332, -118.40248449470265)","(34.14822155337981, -118.31869402176373)",41.28333333333333,57,15.716666666666667,9.80849612569826,3.9233984502793042,10,42.80849612569826,38.21666666666667,45,-6.19168294590316,-7.95,0.8529987577951562,0.1470012422048438
LAX,WDHL,8,"(33.94417072663332, -118.40248449470265)","(34.21684349445951, -118.67195091966317)",53.6,78,18.683333333333334,12.384635024371454,4.953854009748581,15,72.38463502437145,46.18333333333334,48,-9.547630169103812,-10.200000000000001,0.6575442997656227,0.3424557002343774
LAX,WDHL,11,"(33.94417072663332, -118.40248449470265)","(34.120696429443804, -118.57856420116278)",51.833333333333336,78,15.816666666666666,9.48492011923925,3.7939680476957003,15,69.48492011923925,43.31666666666666,48,-9.114325345257258,-10.200000000000001,0.7475663561864639,0.25243364381353595
LAX,BVH,9,"(33.94417072663332, -118.40248449470265)","(34.077929594882164, -118.42204636520863)",28.05,45,4.483333333333333,2.4656735645164467,0.9862694258065787,10,27.965673564516447,26.983333333333334,29,-4.145734023118312,-5.95,0.8586674366694124,0.1413325633305876
LAX,WDHL,7,"(33.94417072663332, -118.40248449470265)","(34.12305116837224, -118.57527051134647)",50.81666666666667,78,14.8,9.32305887738765,3.72922355095506,15,69.32305887738765,42.3,48,-9.047305887738766,-10.200000000000001,0.7600026634535757,0.23999733654642436
LAX,ANH,11,"(33.94417072663332, -118.40248449470265)","(33.829971093459115, -117.96802946201457)",38.28333333333333,77,11.666666666666666,7.689119054459366,3.0756476217837463,15,94.68911905445937,39.166666666666664,52,-11.427245238779271,-10.3,0.24466984055562907,0.7553301594443709
LAX,PSD,12,"(33.94417072663332, -118.40248449470265)","(34.06600422508658, -118.52771347064275)",34.9,57,17.016666666666666,5.0265968324028885,2.0106387329611555,10,44.02659683240289,39.516666666666666,47,-6.378493016573622,-8.05,0.8417766377564927,0.15822336224350722
LAX,LGB,14,"(33.94417072663332, -118.40248449470265)","(33.77929975420469, -118.16074909988515)",30.75,62,9.233333333333333,6.471786986789158,2.588714794715663,15,57.471786986789155,36.733333333333334,34,-7.583845365345582,-7.9,0.5783868223571562,0.4216131776428437
LAX,DTLA,7,"(33.94417072663332, -118.40248449470265)","(34.067229235943806, -118.2592259173054)",28.866666666666667,50,8.833333333333334,4.311278434832957,1.7245113739331828,10,34.31127843483296,31.333333333333336,35,-4.997794510149962,-6.75,0.8522307628204929,0.14776923717950702
LAX,ANH,9,"(33.94417072663332, -118.40248449470265)","(33.855207086392014, -117.91719836497234)",38.0,77,14.466666666666667,7.4119885544140125,2.964795421765605,15,94.41198855441401,41.96666666666667,52,-11.539532188774736,-10.3,0.22451742554288112,0.775482574457119
LAX,WDHL,10,"(33.94417072663332, -118.40248449470265)","(34.12911901503094, -118.6137588926107)",45.53333333333333,78,9.516666666666667,7.328755848807953,2.931502339523181,15,67.32875584880796,37.016666666666666,48,-8.58370891821413,-10.200000000000001,0.8342829893087728,0.16571701069122718
LAX,BVH,17,"(33.94417072663332, -118.40248449470265)","(34.11046250394668, -118.36760632704885)",41.266666666666666,45,18.633333333333333,9.819620704509594,3.9278482818038376,10,35.319620704509596,41.13333333333333,29,-5.588628737117626,-5.95,0.5893723375576773,0.4106276624423228
LAX,HWD,10,"(33.94417072663332, -118.40248449470265)","(34.05843916267908, -118.31275292458331)",30.233333333333334,57,12.083333333333334,6.1042999063119385,2.4417199625247754,10,39.10429990631194,34.583333333333336,45,-5.639596657297861,-7.95,0.9097349821625419,0.09026501783745798
LAX,DTLA,14,"(33.94417072663332, -118.40248449470265)","(34.062684937711765, -118.26126131454754)",27.766666666666666,50,7.716666666666667,3.479455941585625,1.39178237663425,10,33.47945594158563,30.21666666666667,35,-4.858778927491897,-6.75,0.8688946937864287,0.1311053062135714
LAX,DTLA,12,"(33.94417072663332, -118.40248449470265)","(34.077019722744694, -118.30570602535998)",37.233333333333334,50,16.2,8.032487608074586,3.212995043229834,10,38.03248760807459,38.7,35,-5.738248760807459,-6.75,0.7333627296826868,0.26663727031731327
LAX,PSD,14,"(33.94417072663332, -118.40248449470265)","(34.100445675891805, -118.49037436275546)",28.733333333333334,57,36.43333333333333,8.89780106047349,3.5591204241893966,10,47.89780106047349,58.93333333333333,47,-7.736446772714016,-8.05,0.5777523258205928,0.4222476741794073
LAX,ANH,10,"(33.94417072663332, -118.40248449470265)","(33.865735185318016, -117.88135068797219)",41.56666666666667,77,16.983333333333334,10.691479128000314,4.276591651200126,15,97.69147912800031,44.483333333333334,52,-11.993314579466698,-10.3,0.1553404378549245,0.8446595621450754
LAX,PSD,4,"(33.94417072663332, -118.40248449470265)","(34.057839503698915, -118.51046007848079)",33.96666666666667,57,22.966666666666665,7.767360292207731,3.1069441168830925,10,46.767360292207734,45.46666666666667,47,-6.950069362554107,-8.05,0.7502471089161097,0.24975289108389032
LAX,PSD,6,"(33.94417072663332, -118.40248449470265)","(34.07464526253013, -118.50360588437485)",31.25,57,27.95,7.129046653898337,2.8516186615593346,10,46.129046653898335,50.45,47,-7.135404665389833,-8.05,0.7139395891799439,0.2860604108200562
LAX,UVS,13,"(33.94417072663332, -118.40248449470265)","(34.176952449492276, -118.38665771805931)",37.15,57,10.283333333333333,8.029873858735035,3.211949543494014,10,50.02987385873504,32.78333333333333,45,-6.642154052540171,-7.95,0.7871524817099688,0.21284751829003123
LAX,LGB,13,"(33.94417072663332, -118.40248449470265)","(33.820910725452386, -118.20031976108085)",21.55,62,8.866666666666667,7.112897732404337,2.845159092961735,15,58.112897732404335,36.36666666666667,34,-7.629623106573767,-7.9,0.5671854294113735,0.4328145705886264
LAX,BVH,10,"(33.94417072663332, -118.40248449470265)","(34.03464400256396, -118.35089689348487)",22.0,45,16.583333333333332,10.288102639376294,4.115241055750518,10,35.78810263937629,39.08333333333333,29,-5.5329769306042955,-5.95,0.6027706775269663,0.39722932247303366
LAX,BVH,12,"(33.94417072663332, -118.40248449470265)","(34.12434192172715, -118.44207639084574)",31.266666666666666,45,14.15,10.865120493523538,4.346048197409415,10,36.365120493523534,36.65,29,-5.4690120493523535,-5.95,0.6179811377738951,0.3820188622261049
LAX,PSD,7,"(33.94417072663332, -118.40248449470265)","(34.10254493102465, -118.57353214505639)",54.733333333333334,57,35.55,4.12180321500067,1.6487212860002678,10,43.12180321500067,58.05,47,-7.214680321500067,-8.05,0.6974785715250396,0.30252142847496044
LAX,WDHL,10,"(33.94417072663332, -118.40248449470265)","(34.21607131967791, -118.55754571178431)",41.86666666666667,78,13.35,10.337393582246857,4.134957432898743,15,70.33739358224686,40.85,48,-9.076239358224687,-10.200000000000001,0.7546856104167267,0.24531438958327326
LAX,BVH,18,"(33.94417072663332, -118.40248449470265)","(34.04586229595938, -118.37722597010124)",22.433333333333334,45,13.783333333333333,6.076669090289684,2.4306676361158734,10,31.576669090289684,36.28333333333333,29,-4.971833575695635,-5.95,0.7267442433810035,0.27325575661899654
LAX,DTLA,13,"(33.94417072663332, -118.40248449470265)","(34.06357028537612, -118.32431163557729)",31.566666666666666,50,18.0,8.908973544537663,3.5635894178150647,10,38.90897354453766,40.5,35,-5.915897354453766,-6.75,0.6972217131764561,0.30277828682354396
LAX,LGB,10,"(33.94417072663332, -118.40248449470265)","(33.82492038334872, -118.21527242034426)",19.0,62,9.783333333333333,9.339919055967023,3.7359676223868092,15,60.33991905596702,37.28333333333333,34,-7.89815857226337,-7.9,0.5004603568040741,0.4995396431959259
LAX,ANH,18,"(33.94417072663332, -118.40248449470265)","(33.81882559467897, -117.86400115904091)",43.666666666666664,77,13.383333333333333,7.988439720722084,3.195375888288834,15,94.98843972072208,40.88333333333333,52,-11.543010638738876,-10.3,0.22391237527745794,0.7760876247225421
LAX,DTLA,12,"(33.94417072663332, -118.40248449470265)","(34.0156055238486, -118.31417443199334)",26.916666666666668,50,14.233333333333333,8.232525676584414,3.293010270633766,10,38.232525676584416,36.733333333333334,35,-5.659919234325109,-6.75,0.7483969300051688,0.2516030699948313
LAX,BVH,14,"(33.94417072663332, -118.40248449470265)","(34.025794683490936, -118.47116430756502)",22.0,45,17.75,11.090761082268411,4.436304432907365,10,36.590761082268415,40.25,29,-5.671576108226842,-5.95,0.5691597777300563,0.43084022226994356
LAX,DTLA,13,"(33.94417072663332, -118.40248449470265)","(34.062971117641794, -118.33282214404383)",31.1,50,18.866666666666667,10.005912931449748,4.002365172579899,10,40.00591293144975,41.36666666666667,35,-6.068924626478308,-6.75,0.6639786673553224,0.3360213326446775
LAX,BVH,13,"(33.94417072663332, -118.40248449470265)","(34.01229947963807, -118.40385192792397)",15.466666666666667,45,18.283333333333335,9.431530132555157,3.772612053022063,10,34.93153013255515,40.78333333333333,29,-5.532319679922182,-5.95,0.6029280378045112,0.3970719621954888
LAX,WDHL,9,"(33.94417072663332, -118.40248449470265)","(34.12375541445549, -118.62956271456791)",48.95,78,14.216666666666667,8.863052367845748,3.5452209471382994,15,68.86305236784575,41.71666666666667,48,-8.97213857011791,-10.200000000000001,0.7734440553129632,0.22655594468703674
LAX,HWD,7,"(33.94417072663332, -118.40248449470265)","(34.042166632483585, -118.26367554143611)",27.383333333333333,57,25.083333333333332,12.494453644710982,4.997781457884392,10,45.49445364471098,47.58333333333333,45,-6.928612031137765,-7.95,0.7352428707869979,0.26475712921300204
LAX,LGB,9,"(33.94417072663332, -118.40248449470265)","(33.83221220092477, -118.2133559705049)",21.233333333333334,62,8.116666666666667,9.362855979156206,3.745142391662483,15,60.36285597915621,35.61666666666667,34,-7.817118931248955,-7.9,0.5207084142346391,0.47929158576536096
LAX,DTLA,6,"(33.94417072663332, -118.40248449470265)","(34.0719006538545, -118.2108651027135)",30.55,50,12.666666666666666,9.487477961811166,3.7949911847244664,10,39.487477961811166,35.166666666666664,35,-5.7070811295144495,-6.75,0.7394128113417064,0.26058718865829356
LAX,BVH,14,"(33.94417072663332, -118.40248449470265)","(34.09073177664795, -118.41665746658113)",33.03333333333333,45,8.2,4.213257404577063,1.685302961830825,10,29.713257404577064,30.7,29,-4.506325740457706,-5.95,0.8090229868168434,0.19097701318315666
LAX,HWD,5,"(33.94417072663332, -118.40248449470265)","(34.03386670412406, -118.28383475436345)",23.766666666666666,57,24.633333333333333,11.757557844208632,4.703023137683453,10,44.757557844208634,47.13333333333333,45,-6.832422451087531,-7.95,0.7535391002282841,0.2464608997717159
LAX,BVH,2,"(33.94417072663332, -118.40248449470265)","(34.06026458365741, -118.474916942787)",23.916666666666668,45,16.1,9.170337633904062,3.6681350535616244,10,34.67033763390406,38.6,29,-5.397033763390406,-5.95,0.6348235063651322,0.3651764936348678
LAX,HWD,10,"(33.94417072663332, -118.40248449470265)","(34.04571095149879, -118.29659142267519)",27.733333333333334,57,19.466666666666665,9.069608579533242,3.6278434318132966,10,42.06960857953324,41.96666666666667,45,-6.305294191286658,-7.95,0.8381742409587682,0.16182575904123173
LAX,LGB,10,"(33.94417072663332, -118.40248449470265)","(33.8511721281071, -118.09576936839714)",28.5,62,15.3,10.01356617562893,4.005426470251572,15,61.01356617562893,42.8,34,-8.241356617562893,-7.9,0.4154799761233208,0.5845200238766791
LAX,PSD,4,"(33.94417072663332, -118.40248449470265)","(34.06974946376158, -118.49124656526496)",28.85,57,28.616666666666667,9.081924798919854,3.6327699195679415,10,48.08192479891986,51.11666666666667,47,-7.36402581322532,-8.05,0.6650707669939719,0.334929233006028
LAX,DTLA,11,"(33.94417072663332, -118.40248449470265)","(34.01571127804302, -118.20364657380196)",29.883333333333333,50,12.05,10.275899842788682,4.110359937115473,10,40.27589984278868,34.55,35,-5.755089984278868,-6.75,0.730056650792091,0.26994334920790897
LAX,UVS,9,"(33.94417072663332, -118.40248449470265)","(34.111691069081274, -118.31299436414207)",40.15,57,16.9,7.593346130537595,3.037338452215038,10,49.5933461305376,39.4,45,-6.92933461305376,-7.95,0.7351021885117627,0.2648978114882372
LAX,LGB,13,"(33.94417072663332, -118.40248449470265)","(33.77140360831824, -118.20605658902387)",27.3,62,15.2,11.014204514770142,4.405681805908057,15,62.01420451477014,42.7,34,-8.336420451477014,-7.9,0.39259423375670394,0.6074057662432961
LAX,WDHL,10,"(33.94417072663332, -118.40248449470265)","(34.163120470591934, -118.64312359080577)",40.4,78,5.483333333333333,5.5910134475705995,2.23640537902824,15,65.5910134475706,32.983333333333334,48,-8.208268011423726,-10.200000000000001,0.8799262530397853,0.12007374696021463
LAX,LGB,9,"(33.94417072663332, -118.40248449470265)","(33.805786355310175, -118.11945364601242)",26.583333333333332,62,7.95,4.8955382474337785,1.9582152989735113,15,55.89553824743378,35.45,34,-7.362053824743378,-7.9,0.6313345165466938,0.3686654834533063
LAX,BVH,15,"(33.94417072663332, -118.40248449470265)","(34.05663674232502, -118.45255545717076)",22.05,45,11.216666666666667,6.145215498631259,2.4580861994525036,10,31.64521549863126,33.71666666666667,29,-4.850354883196459,-5.95,0.7501936052679409,0.24980639473205907
LAX,LGB,12,"(33.94417072663332, -118.40248449470265)","(33.759616797361346, -118.17867297000306)",30.783333333333335,62,18.683333333333334,10.48865629826214,4.195462519304856,15,61.48865629826214,46.18333333333334,34,-8.458032296492881,-7.9,0.3640028704716682,0.6359971295283318
LAX,PSD,4,"(33.94417072663332, -118.40248449470265)","(34.04591602740851, -118.59309833204419)",63.38333333333333,57,42.88333333333333,9.479072105762059,3.791628842304824,10,48.47907210576206,65.38333333333333,47,-8.117073877242873,-8.05,0.48323781450814696,0.516762185491853
LAX,BVH,9,"(33.94417072663332, -118.40248449470265)","(34.07534668680615, -118.42511295767471)",29.083333333333332,45,5.683333333333334,2.46620653391975,0.9864826135679,10,27.96620653391975,28.183333333333334,29,-4.205787320058642,-5.95,0.8512213639755569,0.14877863602444305
LAX,UVS,1,"(33.94417072663332, -118.40248449470265)","(34.12055702498227, -118.37502500173268)",39.983333333333334,57,15.833333333333334,4.1987589359017665,1.6795035743607065,10,46.198758935901765,38.333333333333336,45,-6.536542560256843,-7.95,0.8043106999703171,0.19568930002968285
LAX,UVS,10,"(33.94417072663332, -118.40248449470265)","(34.16703150550134, -118.41200883656477)",33.3,57,13.016666666666667,9.524872230423494,3.809948892169398,10,51.5248722304235,35.516666666666666,45,-6.928320556375683,-7.95,0.7352996056043998,0.26470039439560017
LAX,WDHL,9,"(33.94417072663332, -118.40248449470265)","(34.208470013472656, -118.64590820186609)",46.7,78,12.383333333333333,8.683533296905983,3.4734133187623932,15,68.68353329690598,39.88333333333333,48,-8.862519996357264,-10.200000000000001,0.7920752235031681,0.20792477649683197
LAX,PSD,8,"(33.94417072663332, -118.40248449470265)","(34.096332584461884, -118.50506250315729)",32.9,57,29.6,6.686398797079189,2.6745595188316758,10,45.68639879707919,52.1,47,-7.1736398797079195,-8.05,0.7060673811742392,0.29393261882576077
LAX,WDHL,12,"(33.94417072663332, -118.40248449470265)","(34.16997327709055, -118.55640166156586)",36.11666666666667,78,6.833333333333333,7.002562321682926,2.8010249286731703,15,67.00256232168293,34.333333333333336,48,-8.41692289883496,-10.200000000000001,0.8560764098439103,0.14392359015608966
LAX,DTLA,8,"(33.94417072663332, -118.40248449470265)","(34.03331517096508, -118.28013902243984)",23.816666666666666,50,6.083333333333333,2.503328368356363,1.0013313473425451,10,32.503328368356364,28.583333333333332,35,-4.679499503502303,-6.75,0.8880027474227223,0.11199725257727758
LAX,WDHL,22,"(33.94417072663332, -118.40248449470265)","(34.20620742352974, -118.66915671164008)",46.2,78,11.3,10.970523716065937,4.3882094864263745,15,70.97052371606594,38.8,48,-9.037052371606594,-10.200000000000001,0.7618679016373184,0.2381320983626815
LAX,BVH,14,"(33.94417072663332, -118.40248449470265)","(34.102737783425326, -118.46915866641186)",32.7,45,21.933333333333334,10.349660367003832,4.139864146801533,10,35.849660367003835,44.43333333333334,29,-5.80663270336705,-5.95,0.5357805584677887,0.4642194415322112
LAX,BVH,0,"(33.94417072663332, -118.40248449470265)","(34.071016798784505, -118.47451581272784)",24.266666666666666,45,16.433333333333334,9.076545658226387,3.6306182632905544,10,34.57654565822639,38.93333333333334,29,-5.4043212324893055,-5.95,0.6331324521556527,0.3668675478443473
LAX,WDHL,11,"(33.94417072663332, -118.40248449470265)","(34.186535658926786, -118.66051676696965)",43.9,78,8.983333333333333,8.348405380662431,3.339362152264972,15,68.34840538066243,36.483333333333334,48,-8.659007204732909,-10.200000000000001,0.8236090020921855,0.17639099790781457
LAX,BVH,11,"(33.94417072663332, -118.40248449470265)","(34.10398001102578, -118.37375054827857)",41.75,45,20.266666666666666,8.397794512259441,3.359117804903777,10,33.89779451225944,42.766666666666666,29,-5.528112784559277,-5.95,0.6039347556333635,0.39606524436663654
LAX,BVH,8,"(33.94417072663332, -118.40248449470265)","(34.06030525212303, -118.46558120456662)",24.183333333333334,45,15.25,7.841936050822356,3.1367744203289423,10,33.341936050822355,37.75,29,-5.221693605082236,-5.95,0.6744335126335659,0.3255664873664343
LAX,ANH,12,"(33.94417072663332, -118.40248449470265)","(33.80935919019987, -117.93802321914211)",41.21666666666667,77,8.95,2.7832292894091744,1.1132917157636697,15,89.78322928940918,36.45,52,-10.800822928940917,-10.3,0.3773472969401771,0.6226527030598229
LAX,DTLA,18,"(33.94417072663332, -118.40248449470265)","(34.00197216309688, -118.21067893850932)",29.9,50,15.4,10.778365159417792,4.311346063767116,10,40.77836515941779,37.9,35,-5.972836515941779,-6.75,0.6850684580703293,0.31493154192967054
LAX,PSD,14,"(33.94417072663332, -118.40248449470265)","(34.11048719999077, -118.51077540478944)",42.88333333333333,57,42.983333333333334,6.8964360157505915,2.7585744063002364,10,45.896436015750595,65.48333333333333,47,-7.863810268241727,-8.05,0.5464134273064741,0.45358657269352576
LAX,UVS,9,"(33.94417072663332, -118.40248449470265)","(34.11233291923705, -118.4205568011155)",39.1,57,25.3,10.400978476609257,4.160391390643703,10,52.400978476609254,47.8,45,-7.630097847660926,-7.95,0.5793004057389038,0.42069959426109627
LAX,LGB,3,"(33.94417072663332, -118.40248449470265)","(33.767819475860954, -118.18481374934738)",28.9,62,16.283333333333335,9.607488380052619,3.8429953520210476,15,60.607488380052615,43.78333333333333,34,-8.249915504671929,-7.9,0.4134029111295688,0.586597088870431
LAX,LGB,13,"(33.94417072663332, -118.40248449470265)","(33.85133692929243, -118.13509555515914)",29.45,62,12.0,6.513830690887666,2.605532276355066,15,57.513830690887666,39.5,34,-7.726383069088767,-7.9,0.5432955331353189,0.4567044668646811
LAX,WDHL,13,"(33.94417072663332, -118.40248449470265)","(34.163951030238934, -118.56575782677112)",37.93333333333333,78,6.766666666666667,5.79130319968553,2.316521279874212,15,65.79130319968553,34.266666666666666,48,-8.292463653301887,-10.200000000000001,0.8707421161520055,0.12925788384799458
LAX,WDHL,12,"(33.94417072663332, -118.40248449470265)","(34.18958487877807, -118.65614712208087)",44.06666666666667,78,9.15,7.953761901312738,3.1815047605250952,15,67.95376190131273,36.65,48,-8.627876190131273,-10.200000000000001,0.8280861634165617,0.17191383658343826
LAX,ANH,8,"(33.94417072663332, -118.40248449470265)","(33.79074841776252, -117.97245007492019)",39.4,77,15.366666666666667,8.535014442414141,3.4140057769656567,15,95.53501444241414,42.86666666666667,52,-11.696834777574747,-10.3,0.19831886489100634,0.8016811351089936
LAX,BVH,13,"(33.94417072663332, -118.40248449470265)","(34.042599090978655, -118.38270022207593)",23.333333333333332,45,12.85,5.846987333232527,2.338794933293011,10,31.346987333232526,35.35,29,-4.902198733323253,-5.95,0.7403524585636364,0.25964754143636365
LAX,BVH,12,"(33.94417072663332, -118.40248449470265)","(34.10389617366277, -118.46849101384045)",32.35,45,21.6,10.395205385382456,4.158082154152982,10,35.895205385382454,44.1,29,-5.7945205385382454,-5.95,0.5387917512920877,0.4612082487079124
LAX,HWD,8,"(33.94417072663332, -118.40248449470265)","(34.068614442969206, -118.28479750988305)",31.85,57,15.483333333333333,7.276330370064995,2.910532148025998,10,40.276330370065,37.983333333333334,45,-5.926799703673167,-7.95,0.8832115213206855,0.11678847867931455
LAX,ANH,2,"(33.94417072663332, -118.40248449470265)","(33.84063869653575, -117.9589473885462)",36.28333333333333,77,9.716666666666667,7.551274598664499,3.0205098394657997,15,94.55127459866449,37.21666666666667,52,-11.315960793199784,-10.3,0.26581493543382206,0.734185064566178
LAX,DTLA,12,"(33.94417072663332, -118.40248449470265)","(34.06698977136184, -118.20966344381822)",31.216666666666665,50,13.333333333333334,9.228025362247509,3.6912101448990033,10,39.22802536224751,35.833333333333336,35,-5.714469202891418,-6.75,0.7379867503094293,0.2620132496905706
LAX,UVS,10,"(33.94417072663332, -118.40248449470265)","(34.11945373885999, -118.39230487773929)",41.516666666666666,57,27.366666666666667,6.252974699380609,2.5011898797522436,10,48.25297469938061,49.86666666666667,45,-7.318630803271395,-7.95,0.6527998585384187,0.34720014146158135
LAX,DTLA,13,"(33.94417072663332, -118.40248449470265)","(34.0130762199443, -118.31904638278438)",24.683333333333334,50,13.566666666666666,9.05513114648922,3.622052458595688,10,39.05513114648922,36.06666666666666,35,-5.708846447982255,-6.75,0.7390725233902942,0.26092747660970583
LAX,UVS,12,"(33.94417072663332, -118.40248449470265)","(34.09269442510883, -118.32946698886416)",39.45,57,15.116666666666667,8.69603251828204,3.4784130073128163,10,50.69603251828204,37.61666666666667,45,-6.950436585161538,-7.95,0.7309727321188173,0.26902726788118275
LAX,DTLA,7,"(33.94417072663332, -118.40248449470265)","(34.083742753926245, -118.30508163371641)",35.38333333333333,50,14.7,8.855241166216056,3.5420964664864223,10,38.855241166216054,37.2,35,-5.745524116621606,-6.75,0.7319376800873328,0.2680623199126672
LAX,ANH,10,"(33.94417072663332, -118.40248449470265)","(33.82217124618214, -117.85254383729124)",43.88333333333333,77,15.75,9.707235472755585,3.882894189102234,15,96.70723547275558,43.25,52,-11.833223547275558,-10.3,0.17752253181831068,0.8224774681816893
LAX,DTLA,8,"(33.94417072663332, -118.40248449470265)","(34.02352702525322, -118.23363714030722)",27.233333333333334,50,9.35,5.8876130714029005,2.3550452285611603,10,35.8876130714029,31.85,35,-5.181261307140291,-6.75,0.8276037246146933,0.17239627538530664
LAX,WDHL,11,"(33.94417072663332, -118.40248449470265)","(34.17452055976462, -118.63470586749749)",41.05,78,5.3,4.256945594250971,1.7027782377003884,15,64.25694559425096,32.8,48,-8.065694559425097,-10.200000000000001,0.8941930458714682,0.10580695412853182
LAX,WDHL,8,"(33.94417072663332, -118.40248449470265)","(34.2248375188633, -118.59981336928105)",47.21666666666667,78,12.65,9.299380257325632,3.719752102930253,15,69.29938025732564,40.15,48,-8.937438025732565,-10.200000000000001,0.7794668220936863,0.22053317790631372
LAX,LGB,11,"(33.94417072663332, -118.40248449470265)","(33.80473404820337, -118.21593448239094)",22.0,62,9.9,9.509534039372646,3.8038136157490587,15,60.509534039372646,37.4,34,-7.920953403937265,-7.9,0.4947618406633133,0.5052381593366867
LAX,ANH,8,"(33.94417072663332, -118.40248449470265)","(33.789459455005776, -117.86021997092938)",43.75,77,12.433333333333334,9.317346259776848,3.7269385039107394,15,96.31734625977685,39.93333333333334,52,-11.628401292644352,-10.3,0.20942393311432092,0.790576066885679
LAX,DTLA,15,"(33.94417072663332, -118.40248449470265)","(34.063084637319335, -118.30969117333535)",32.88333333333333,50,17.533333333333335,6.990613616185673,2.796245446474269,10,36.99061361618567,40.03333333333333,35,-5.7007280282852335,-6.75,0.7406350732644841,0.2593649267355159
LAX,DTLA,4,"(33.94417072663332, -118.40248449470265)","(34.028778684089175, -118.28640383604044)",24.533333333333335,50,8.633333333333333,3.6942075174758844,1.4776830069903537,10,33.69420751747588,31.133333333333333,35,-4.926087418414255,-6.75,0.8610349438154664,0.13896505618453356
LAX,WDHL,12,"(33.94417072663332, -118.40248449470265)","(34.22749017218414, -118.58855115289143)",46.1,78,13.283333333333333,10.01404539608836,4.005618158435344,15,70.01404539608836,40.78333333333333,48,-9.040571206275503,-10.200000000000001,0.7612289081925337,0.23877109180746622
LAX,LGB,8,"(33.94417072663332, -118.40248449470265)","(33.79263834116563, -118.13194148309874)",26.983333333333334,62,8.45,4.888321315516808,1.955328526206723,15,55.888321315516805,35.95,34,-7.386332131551681,-7.9,0.625665914062792,0.37433408593720796
LAX,BVH,15,"(33.94417072663332, -118.40248449470265)","(34.02424878360034, -118.47352185020443)",21.033333333333335,45,16.15,11.521203237449571,4.608481294979828,10,37.02120323744957,38.65,29,-5.634620323744957,-5.95,0.5781978330134974,0.42180216698650264
LAX,BVH,8,"(33.94417072663332, -118.40248449470265)","(34.01669752400622, -118.34204206232589)",22.35,45,22.816666666666666,13.161553035214277,5.264621214085711,10,38.661553035214276,45.31666666666666,29,-6.131988636854761,-5.95,0.45462799792748293,0.5453720020725171
LAX,DTLA,12,"(33.94417072663332, -118.40248449470265)","(34.07300165539901, -118.25573118405559)",31.2,50,11.166666666666666,5.408059299466464,2.1632237197865853,10,35.408059299466466,33.666666666666664,35,-5.22413926327998,-6.75,0.8213998831723277,0.1786001168276723
LAX,BVH,16,"(33.94417072663332, -118.40248449470265)","(34.030877135366914, -118.42439488563296)",17.883333333333333,45,11.366666666666667,6.441491499427419,2.5765965997709674,10,31.941491499427418,33.86666666666667,29,-4.8874824832760755,-5.95,0.7431713520034168,0.2568286479965832
LAX,ANH,16,"(33.94417072663332, -118.40248449470265)","(33.843640848468155, -117.92801567237461)",39.516666666666666,77,8.933333333333334,5.568445408562017,2.227378163424807,15,92.56844540856201,36.43333333333334,52,-11.078511207522869,-10.3,0.3146408435928461,0.685359156407154
LAX,DTLA,13,"(33.94417072663332, -118.40248449470265)","(34.003427867838965, -118.31287417474209)",25.35,50,14.016666666666667,9.465914164827119,3.786365665930848,10,39.46591416482712,36.516666666666666,35,-5.772424749816046,-6.75,0.7266268281219744,0.2733731718780255
LAX,WDHL,15,"(33.94417072663332, -118.40248449470265)","(34.14730606367444, -118.5725683447519)",41.45,78,10.7,6.221500137467365,2.488600054986946,15,66.22150013746736,38.2,48,-8.532150013746737,-10.200000000000001,0.8412889579519407,0.1587110420480593
LAX,HWD,6,"(33.94417072663332, -118.40248449470265)","(34.0626683573992, -118.34939447003931)",32.3,57,13.433333333333334,5.931399881317443,2.372559952526977,10,38.931399881317446,35.93333333333334,45,-5.689806654798412,-7.95,0.9055261727432338,0.0944738272567663
LAX,DTLA,10,"(33.94417072663332, -118.40248449470265)","(33.99973410662727, -118.25476142650514)",24.133333333333333,50,14.45,7.687837426315689,3.0751349705262756,10,37.68783742631569,36.95,35,-5.61628374263157,-6.75,0.7565240690051984,0.24347593099480164
LAX,PSD,5,"(33.94417072663332, -118.40248449470265)","(34.0911784253984, -118.57524003146011)",51.75,57,31.266666666666666,3.567608397423033,1.4270433589692133,10,42.56760839742303,53.766666666666666,47,-6.945094173075637,-8.05,0.7511781808027183,0.24882181919728175
LAX,LGB,13,"(33.94417072663332, -118.40248449470265)","(33.79607243082799, -118.12883034405579)",25.3,62,7.733333333333333,4.707618545811276,1.8830474183245105,15,55.70761854581128,35.233333333333334,34,-7.332428521247795,-7.9,0.6382026179185261,0.36179738208147383
LAX,HWD,11,"(33.94417072663332, -118.40248449470265)","(34.11138815956295, -118.36699698617535)",41.333333333333336,57,14.366666666666667,6.626257882357325,2.65050315294293,10,39.62625788235732,36.86666666666667,45,-5.805959121569066,-7.95,0.8951106050746876,0.10488939492531237
LAX,PSD,13,"(33.94417072663332, -118.40248449470265)","(34.121797601043724, -118.50821589936233)",38.25,57,34.95,8.4103610419537,3.36414441678148,10,47.4103610419537,57.45,47,-7.61353610419537,-8.05,0.6074161261031541,0.39258387389684585
LAX,BVH,10,"(33.94417072663332, -118.40248449470265)","(34.04668766371325, -118.4519993742185)",20.516666666666666,45,10.783333333333333,6.760168962290947,2.7040675849163787,10,32.26016896229095,33.28333333333333,29,-4.8901835628957615,-5.95,0.7426554646321075,0.2573445353678925
LAX,LGB,10,"(33.94417072663332, -118.40248449470265)","(33.766110249177274, -118.13880129145892)",32.916666666666664,62,13.65,8.780755596877858,3.5123022387511433,15,59.78075559687786,41.15,34,-8.035575559687786,-7.9,0.4661579310394261,0.5338420689605738
LAX,BVH,11,"(33.94417072663332, -118.40248449470265)","(34.01260009962228, -118.46166596761844)",24.183333333333334,45,18.883333333333333,11.777973895269396,4.711189558107758,10,37.2779738952694,41.38333333333333,29,-5.796964056193607,-5.95,0.5381844916245593,0.46181550837544066
LAX,LGB,8,"(33.94417072663332, -118.40248449470265)","(33.87119712335423, -118.09908268819122)",28.5,62,17.166666666666668,12.108193314734168,4.843277325893667,15,63.108193314734166,44.66666666666667,34,-8.54415266480675,-7.9,0.3443084280550687,0.6556915719449312
LAX,HWD,7,"(33.94417072663332, -118.40248449470265)","(34.12983664597777, -118.28689589802728)",37.18333333333333,57,21.066666666666666,8.748741068986666,3.4994964275946665,10,41.74874106898667,43.56666666666666,45,-6.353207440232,-7.95,0.8315696236102101,0.16843037638978983
LAX,BVH,13,"(33.94417072663332, -118.40248449470265)","(34.02315635744542, -118.39936939981743)",20.083333333333332,45,14.65,7.694987087204183,3.077994834881673,10,33.19498708720418,37.15,29,-5.176998708720419,-5.95,0.6841697754198172,0.3158302245801829
LAX,WDHL,10,"(33.94417072663332, -118.40248449470265)","(34.16160642738357, -118.6040793316997)",39.5,78,3.4833333333333334,1.6382471796305116,0.6552988718522046,15,61.63824717963051,30.983333333333334,48,-7.712991384629719,-10.200000000000001,0.9232260424052329,0.07677395759476709
LAX,PSD,12,"(33.94417072663332, -118.40248449470265)","(34.06965205193696, -118.54454033148254)",39.15,57,2.5833333333333335,3.292753998990951,1.3171015995963804,10,42.29275399899095,25.083333333333332,47,-5.483442066565762,-8.05,0.928678046310763,0.07132195368923709
LAX,PSD,6,"(33.94417072663332, -118.40248449470265)","(34.050640705967695, -118.56062242511771)",33.666666666666664,57,10.983333333333333,6.6075790948951765,2.6430316379580705,10,45.60757909489518,33.483333333333334,47,-6.234924576156185,-8.05,0.859974167052431,0.14002583294756893
LAX,BVH,14,"(33.94417072663332, -118.40248449470265)","(34.120938972609025, -118.37602693013835)",40.38333333333333,45,22.05,10.640101916047058,4.256040766418823,10,36.14010191604706,44.55,29,-5.841510191604706,-5.95,0.5270958806808707,0.4729041193191294
LAX,BVH,10,"(33.94417072663332, -118.40248449470265)","(34.03575911945522, -118.41796151766904)",20.916666666666668,45,10.266666666666667,5.407870518943901,2.1631482075775605,10,30.907870518943902,32.766666666666666,29,-4.7291203852277235,-5.95,0.7722183082424411,0.2277816917575589
LAX,WDHL,13,"(33.94417072663332, -118.40248449470265)","(34.16376112051682, -118.61972524297349)",40.25,78,5.733333333333333,2.4219202028708695,0.9687680811483478,15,62.42192020287087,33.233333333333334,48,-7.903858686953755,-10.200000000000001,0.908556959601267,0.09144304039873298
LAX,WDHL,10,"(33.94417072663332, -118.40248449470265)","(34.14714989125046, -118.63647725198761)",42.8,78,7.883333333333334,6.078891048654031,2.431556419461612,15,66.07889104865403,35.38333333333333,48,-8.37705577153207,-10.200000000000001,0.8609190362015396,0.13908096379846024
LAX,PSD,12,"(33.94417072663332, -118.40248449470265)","(34.08980662495416, -118.59673980287776)",49.016666666666666,57,28.533333333333335,6.616358465824801,2.6465433863299204,10,45.6163584658248,51.03333333333333,47,-7.113302513249147,-8.05,0.7184320826927196,0.28156791730728037
LAX,BVH,10,"(33.94417072663332, -118.40248449470265)","(34.108220233693245, -118.34749589240147)",42.36666666666667,45,22.75,11.631405378599947,4.652562151439978,10,37.13140537859995,45.25,29,-5.975640537859995,-5.95,0.4935902167003091,0.5064097832996909
LAX,HWD,9,"(33.94417072663332, -118.40248449470265)","(34.06177588856033, -118.32589394884558)",31.133333333333333,57,8.85,5.167931048329361,2.0671724193317447,10,38.167931048329365,31.35,45,-5.3842931048329365,-7.95,0.9286216571096942,0.07137834289030574
LAX,DTLA,13,"(33.94417072663332, -118.40248449470265)","(34.10075782347507, -118.2291445195799)",35.1,50,14.4,11.336370305379994,4.534548122151998,10,41.336370305379994,36.9,35,-5.978637030538,-6.75,0.6838156576255847,0.3161843423744153
LAX,LGB,13,"(33.94417072663332, -118.40248449470265)","(33.84793791837661, -118.14134847277042)",29.25,62,10.3,5.681853157239111,2.2727412628956443,15,56.68185315723911,37.8,34,-7.558185315723911,-7.9,0.5846312639851361,0.415368736014864
LAX,WDHL,15,"(33.94417072663332, -118.40248449470265)","(34.16795114094362, -118.58700274271135)",35.266666666666666,78,2.2666666666666666,2.671536498493187,1.0686145993972747,15,62.67153649849319,29.766666666666666,48,-7.755486983182653,-10.200000000000001,0.9201592712812863,0.07984072871871374
LAX,HWD,21,"(33.94417072663332, -118.40248449470265)","(34.069632338953795, -118.38089324625929)",29.483333333333334,57,18.933333333333334,8.582725832389018,3.433090332955607,10,41.582725832389016,41.43333333333334,45,-6.229939249905568,-7.95,0.8481366611735489,0.15186333882645114
LAX,PSD,16,"(33.94417072663332, -118.40248449470265)","(34.11066380999892, -118.55881892286854)",53.43333333333333,57,34.25,4.065106182558679,1.6260424730234717,10,43.06510618255868,56.75,47,-7.1440106182558685,-8.05,0.7121787656184108,0.28782123438158913
LAX,WDHL,9,"(33.94417072663332, -118.40248449470265)","(34.138612774864384, -118.63583401890348)",43.96666666666667,78,9.066666666666666,7.101145133985315,2.840458053594126,15,67.10114513398531,36.56666666666666,48,-8.538447846731865,-10.200000000000001,0.8404462511459919,0.15955374885400808
LAX,DTLA,6,"(33.94417072663332, -118.40248449470265)","(34.021844186965424, -118.33224339821388)",24.55,50,13.483333333333333,10.017191227455001,4.006876490982,10,40.017191227455,35.983333333333334,35,-5.800885789412167,-6.75,0.7209370037307958,0.27906299626920417
LAX,PSD,16,"(33.94417072663332, -118.40248449470265)","(34.05934574301777, -118.4868086194173)",26.183333333333334,57,25.766666666666666,10.405241064112449,4.16209642564498,10,49.405241064112445,48.266666666666666,47,-7.353857439744578,-8.05,0.6673319739602239,0.3326680260397761
LAX,UVS,14,"(33.94417072663332, -118.40248449470265)","(34.099333550282644, -118.35663348950092)",43.05,57,17.133333333333333,6.740707904630377,2.696283161852151,10,48.740707904630376,39.63333333333333,45,-6.855737457129704,-7.95,0.7491835360976133,0.25081646390238654
LAX,ANH,9,"(33.94417072663332, -118.40248449470265)","(33.81655430566873, -117.98560900781973)",39.86666666666667,77,16.4,9.61234681951778,3.8449387278071123,15,96.61234681951778,43.9,52,-11.85623468195178,-10.3,0.1741876097518828,0.8258123902481171
LAX,UVS,5,"(33.94417072663332, -118.40248449470265)","(34.15256697871842, -118.28946445642818)",37.78333333333333,57,12.3,9.715367637229068,3.8861470548916275,10,51.715367637229065,34.8,45,-6.911536763722907,-7.95,0.7385533776663529,0.26144662233364707
LAX,ANH,12,"(33.94417072663332, -118.40248449470265)","(33.865070607659305, -117.88630917279892)",42.916666666666664,77,18.333333333333332,10.247101992000529,4.098840796800212,15,97.24710199200052,45.83333333333333,52,-12.01637686586672,-10.3,0.15233843507342243,0.8476615649265776
LAX,ANH,9,"(33.94417072663332, -118.40248449470265)","(33.78606105268738, -117.93388491666977)",40.983333333333334,77,9.933333333333334,4.990819066882489,1.9963276267529955,15,91.9908190668825,37.43333333333334,52,-11.070748573354916,-10.3,0.31631719706495426,0.6836828029350458
LAX,UVS,8,"(33.94417072663332, -118.40248449470265)","(34.11300701595676, -118.28516713627994)",37.983333333333334,57,17.233333333333334,10.938753514411397,4.375501405764559,10,52.938753514411395,39.733333333333334,45,-7.280542018107807,-7.95,0.661381781658754,0.3386182183412459
LAX,ANH,8,"(33.94417072663332, -118.40248449470265)","(33.794187807673865, -117.98016140528696)",38.93333333333333,77,15.45,9.33300737350496,3.733202949401984,15,96.33300737350496,42.95,52,-11.780800737350496,-10.3,0.1853065031114122,0.8146934968885877
LAX,WDHL,14,"(33.94417072663332, -118.40248449470265)","(34.12537062361004, -118.6727299897706)",49.28333333333333,78,14.683333333333334,12.464918354444091,4.985967341777636,15,72.4649183544441,42.18333333333334,48,-9.355658502111076,-10.200000000000001,0.6993787970275739,0.30062120297242595
LAX,WDHL,12,"(33.94417072663332, -118.40248449470265)","(34.19851722269319, -118.59106813980951)",42.13333333333333,78,9.316666666666666,5.149962635392155,2.0599850541568623,15,65.14996263539216,36.81666666666666,48,-8.35582959687255,-10.200000000000001,0.8634411874924084,0.13655881250759166
LAX,WDHL,14,"(33.94417072663332, -118.40248449470265)","(34.170724086766214, -118.56984874031274)",36.25,78,4.916666666666667,5.074394218049839,2.0297576872199357,15,65.07439421804983,32.416666666666664,48,-8.128272755138317,-10.200000000000001,0.8881246942328267,0.11187530576717333
LAX,BVH,7,"(33.94417072663332, -118.40248449470265)","(34.05600535966704, -118.38519738900945)",27.533333333333335,45,9.666666666666666,4.187495124646674,1.6749980498586696,10,29.687495124646674,32.166666666666664,29,-4.577082845798001,-5.95,0.7978510548740444,0.2021489451259556
LAX,DTLA,9,"(33.94417072663332, -118.40248449470265)","(34.02800550155788, -118.29114494095845)",25.4,50,9.316666666666666,4.303649209852429,1.7214596839409717,10,34.30364920985243,31.816666666666666,35,-5.021198254318577,-6.75,0.8492590862129498,0.15074091378705032
LAX,LGB,17,"(33.94417072663332, -118.40248449470265)","(33.78505602543659, -118.08836188950035)",32.8,62,14.366666666666667,10.496533866286287,4.1986135465145145,15,61.496533866286285,41.86666666666667,34,-8.242986719961962,-7.9,0.415084150002292,0.584915849997708
LAX,ANH,10,"(33.94417072663332, -118.40248449470265)","(33.78434487803202, -117.92867670929161)",41.68333333333333,77,10.166666666666666,5.00090952501444,2.000363810005776,15,92.00090952501444,37.666666666666664,52,-11.083424285834777,-10.3,0.3135823437305079,0.686417656269492
LAX,LGB,8,"(33.94417072663332, -118.40248449470265)","(33.762070055799896, -118.16387650038139)",32.016666666666666,62,15.383333333333333,9.470357744739973,3.788143097895989,15,60.47035774473997,42.88333333333333,34,-8.191202441140664,-7.9,0.4277095150864624,0.5722904849135376
LAX,DTLA,11,"(33.94417072663332, -118.40248449470265)","(34.02062670224896, -118.20748516301026)",31.233333333333334,50,13.35,9.41056526184411,3.7642261047376437,10,39.41056526184411,35.85,35,-5.733556526184412,-6.75,0.7342792525902042,0.2657207474097957
LAX,LGB,7,"(33.94417072663332, -118.40248449470265)","(33.78087056946255, -118.16338685549198)",29.466666666666665,62,9.05,6.302275136779059,2.5209100547116234,15,57.30227513677906,36.55,34,-7.557727513677906,-7.9,0.5847424312029416,0.41525756879705833
LAX,HWD,15,"(33.94417072663332, -118.40248449470265)","(34.08487844793198, -118.33019939880103)",36.53333333333333,57,3.3333333333333335,1.2564178589244306,0.5025671435697723,10,34.25641785892443,25.833333333333332,45,-4.71730845255911,-7.95,0.9620461526627089,0.037953847337291104
LAX,LGB,9,"(33.94417072663332, -118.40248449470265)","(33.860113267742534, -118.16046114044079)",24.183333333333334,62,12.483333333333333,7.715327484827218,3.086130993930887,15,58.71532748482722,39.983333333333334,34,-7.870699415149389,-7.9,0.5073246221896562,0.4926753778103439
LAX,ANH,16,"(33.94417072663332, -118.40248449470265)","(33.78348835733607, -117.87561707757958)",42.43333333333333,77,11.6,7.962914100857504,3.1851656403430018,15,94.9629141008575,39.1,52,-11.451291410085751,-10.3,0.24025328078299626,0.7597467192170038
LAX,PSD,6,"(33.94417072663332, -118.40248449470265)","(34.11241596577428, -118.5459142914984)",42.45,57,50.15,4.2483591100123705,1.699343644004948,10,43.24835911001237,72.65,47,-7.957335911001238,-8.05,0.5231494599592968,0.4768505400407032
LAX,UVS,11,"(33.94417072663332, -118.40248449470265)","(34.13373583130746, -118.37614437056354)",38.28333333333333,57,10.983333333333333,3.1204378011308602,1.2481751204523441,10,45.12043780113086,33.483333333333334,45,-6.186210446779754,-7.95,0.8536836399774479,0.1463163600225522
LAX,HWD,13,"(33.94417072663332, -118.40248449470265)","(34.06422544050352, -118.32663626188474)",31.966666666666665,57,8.15,4.742987721203365,1.8971950884813458,10,37.74298772120336,30.65,45,-5.306798772120336,-7.95,0.933590713349172,0.06640928665082803
LAX,DTLA,14,"(33.94417072663332, -118.40248449470265)","(34.015119408813185, -118.21119875738516)",29.466666666666665,50,11.583333333333334,9.37902061316845,3.7516082452673802,10,39.37902061316845,34.083333333333336,35,-5.642068727983512,-6.75,0.7517432354665528,0.24825676453344733
LAX,WDHL,9,"(33.94417072663332, -118.40248449470265)","(34.199274069863584, -118.64001940620416)",45.88333333333333,78,10.766666666666667,6.956093723464223,2.782437489385689,15,66.95609372346422,38.266666666666666,48,-8.608942705679755,-10.200000000000001,0.8307648049738647,0.16923519502613524
LAX,BVH,6,"(33.94417072663332, -118.40248449470265)","(34.06442855050994, -118.41871383078905)",26.066666666666666,45,1.2333333333333334,1.1129231432665363,0.4451692573066145,10,26.612923143266535,23.733333333333334,29,-3.8479589809933206,-5.95,0.8911013968289923,0.10889860317100779
LAX,ANH,7,"(33.94417072663332, -118.40248449470265)","(33.76595851527934, -117.90366845319943)",38.56666666666667,77,14.45,8.269078813514048,3.307631525405619,15,95.26907881351404,41.95,52,-11.624407881351404,-10.3,0.2100858716758718,0.7899141283241281
LAX,HWD,3,"(33.94417072663332, -118.40248449470265)","(34.05811056861238, -118.32839260760494)",33.53333333333333,57,11.45,5.798115123394981,2.319246049357992,10,38.79811512339498,33.95,45,-5.577311512339499,-7.95,0.9147208144367804,0.0852791855632196
LAX,HWD,13,"(33.94417072663332, -118.40248449470265)","(34.14666700832777, -118.36496655040273)",37.18333333333333,57,13.2,10.898077911745489,4.359231164698196,10,43.89807791174549,35.7,45,-6.174807791174549,-7.95,0.8551021852797684,0.1448978147202316
LAX,UVS,6,"(33.94417072663332, -118.40248449470265)","(34.17460374038819, -118.38039282818397)",38.483333333333334,57,10.95,7.208664553033508,2.8834658212134032,10,49.20866455303351,33.45,45,-6.593366455303351,-7.95,0.7952120157351339,0.20478798426486605
LAX,ANH,10,"(33.94417072663332, -118.40248449470265)","(33.7938423215321, -117.85414237602363)",44.65,77,13.333333333333334,9.848820644928011,3.9395282579712045,15,96.84882064492801,40.833333333333336,52,-11.726548731159468,-10.3,0.19363700154327312,0.8063629984567269
LAX,PSD,10,"(33.94417072663332, -118.40248449470265)","(34.048404099426094, -118.51363125514422)",31.8,57,20.8,8.653754428319306,3.4615017713277227,10,47.6537544283193,43.3,47,-6.930375442831931,-8.05,0.7539190690180648,0.2460809309819352
LAX,HWD,14,"(33.94417072663332, -118.40248449470265)","(34.148791510883896, -118.30112364725333)",43.166666666666664,57,22.2,10.518883321193247,4.207553328477299,10,43.51888332119324,44.7,45,-6.586888332119325,-7.95,0.7962649598725199,0.20373504012748012
LAX,HWD,12,"(33.94417072663332, -118.40248449470265)","(34.09428936533813, -118.3755081046572)",40.8,57,13.316666666666666,6.9312314035474625,2.772492561418985,10,39.931231403547464,35.81666666666666,45,-5.78395647368808,-7.95,0.897158495184395,0.10284150481560497
LAX,PSD,12,"(33.94417072663332, -118.40248449470265)","(34.12816226199359, -118.57215797979603)",50.35,57,35.75,7.564932397762686,3.0259729591050744,10,46.56493239776269,58.25,47,-7.568993239776269,-8.05,0.6179855783372483,0.38201442166275174
LAX,UVS,10,"(33.94417072663332, -118.40248449470265)","(34.16851066378191, -118.38116010948461)",37.53333333333333,57,11.15,6.386561722859697,2.554624689143879,10,48.386561722859696,33.65,45,-6.52115617228597,-7.95,0.8067211068097887,0.19327889319021133
LAX,PSD,5,"(33.94417072663332, -118.40248449470265)","(34.145212592412165, -118.60282895587547)",43.38333333333333,57,37.233333333333334,12.364658722789512,4.945863489115805,10,51.364658722789514,59.733333333333334,47,-8.123132538945619,-8.05,0.481725009652486,0.518274990347514
LAX,HWD,10,"(33.94417072663332, -118.40248449470265)","(34.08208761178553, -118.34329658059615)",35.333333333333336,57,7.183333333333334,2.8388266244762668,1.1355306497905067,10,35.83882662447627,29.683333333333334,45,-5.068049329114293,-7.95,0.946946947719913,0.053053052280087123
LAX,BVH,13,"(33.94417072663332, -118.40248449470265)","(34.048471900479555, -118.4239336950934)",23.183333333333334,45,5.65,3.6118639593811186,1.4447455837524474,10,29.111863959381118,28.15,29,-4.318686395938112,-5.95,0.8363495099070377,0.16365049009296215
LAX,HWD,6,"(33.94417072663332, -118.40248449470265)","(34.043359750720384, -118.37959250458206)",22.266666666666666,57,23.15,11.217926220410124,4.4871704881640495,10,44.21792622041012,45.65,45,-6.704292622041013,-7.95,0.7765559033276421,0.22344409667235787
LAX,HWD,9,"(33.94417072663332, -118.40248449470265)","(34.05049027568636, -118.26841593269793)",26.05,57,20.966666666666665,11.032769197789987,4.413107679115995,10,44.03276919778999,43.46666666666667,45,-6.576610253112332,-7.95,0.7979272661376982,0.2020727338623018
LAX,BVH,11,"(33.94417072663332, -118.40248449470265)","(34.016175862759304, -118.40103698644528)",17.666666666666668,45,18.0,8.827571453612046,3.5310285814448186,10,34.327571453612045,40.5,29,-5.457757145361205,-5.95,0.6206346490665182,0.3793653509334818
LAX,PSD,14,"(33.94417072663332, -118.40248449470265)","(34.12698196289161, -118.51088793836378)",39.15,57,36.18333333333333,8.797794368208448,3.5191177472833792,10,47.79779436820845,58.68333333333333,47,-7.713946103487512,-8.05,0.5832316499024244,0.4167683500975756
LAX,PSD,16,"(33.94417072663332, -118.40248449470265)","(34.12487734337832, -118.48998566746702)",28.766666666666666,57,36.45,10.760330436512325,4.30413217460493,10,49.76033043651233,58.95,47,-7.923533043651233,-8.05,0.53157466681915,0.46842533318084995
LAX,DTLA,13,"(33.94417072663332, -118.40248449470265)","(34.079111564856504, -118.24071742830269)",36.15,50,14.983333333333333,7.276921284145073,2.9107685136580295,10,37.276921284145075,37.483333333333334,35,-5.601858795081174,-6.75,0.7591712366798894,0.2408287633201107
LAX,UVS,9,"(33.94417072663332, -118.40248449470265)","(34.12675964249901, -118.39927667544804)",40.166666666666664,57,21.433333333333334,6.640361497983777,2.656144599193511,10,48.640361497983776,43.93333333333334,45,-7.060702816465044,-7.95,0.7087451146293454,0.2912548853706545
LAX,DTLA,8,"(33.94417072663332, -118.40248449470265)","(34.09439281771656, -118.26345140187729)",35.766666666666666,50,15.083333333333334,8.851900416101811,3.5407601664407244,10,38.85190041610181,37.583333333333336,35,-5.764356708276848,-6.75,0.7282265325261515,0.27177346747384845
LAX,DTLA,7,"(33.94417072663332, -118.40248449470265)","(34.09877753928007, -118.28213199803578)",38.61666666666667,50,17.933333333333334,9.824777901334837,3.929911160533935,10,39.82477790133484,40.43333333333334,35,-6.004144456800152,-6.75,0.6782749729747393,0.3217250270252608
LAX,LGB,14,"(33.94417072663332, -118.40248449470265)","(33.78192505410071, -118.20039636719737)",23.216666666666665,62,11.1,9.194686356772777,3.6778745427091106,15,60.19468635677278,38.6,34,-7.9494686356772775,-7.9,0.4876353624838617,0.5123646375161384
LAX,UVS,7,"(33.94417072663332, -118.40248449470265)","(34.11691139840347, -118.3116689986825)",40.266666666666666,57,16.75,7.246006641857054,2.898402656742822,10,49.24600664185705,39.25,45,-6.887100664185706,-7.95,0.7432442221658595,0.25675577783414044
LAX,BVH,13,"(33.94417072663332, -118.40248449470265)","(34.028423937765425, -118.37478112257888)",21.766666666666666,45,19.066666666666666,8.430347521835044,3.3721390087340173,10,33.930347521835046,41.56666666666666,29,-5.471368085516838,-5.95,0.617424769298132,0.38257523070186805
LAX,ANH,11,"(33.94417072663332, -118.40248449470265)","(33.82901684309077, -117.8699301190288)",42.35,77,12.7,7.624627902318014,3.0498511609272057,15,94.62462790231801,40.2,52,-11.472462790231802,-10.3,0.23641011189564656,0.7635898881043535
LAX,HWD,11,"(33.94417072663332, -118.40248449470265)","(34.09748410266534, -118.30227603390927)",37.88333333333333,57,8.9,3.714852165865834,1.4859408663463336,10,36.714852165865835,31.4,45,-5.241485216586584,-7.95,0.9375272160875083,0.06247278391249166
LAX,HWD,8,"(33.94417072663332, -118.40248449470265)","(34.083584180339166, -118.31964990654106)",37.4,57,4.716666666666667,1.779561932580106,0.7118247730320424,10,34.77956193258011,27.21666666666667,45,-4.838789526591345,-7.95,0.9573528048582284,0.0426471951417716
LAX,ANH,8,"(33.94417072663332, -118.40248449470265)","(33.793710004112526, -117.92224732619421)",43.05,77,7.066666666666666,3.2231852233215754,1.28927408932863,15,90.22318522332158,34.56666666666666,52,-10.750651855665492,-10.3,0.3892057927080295,0.6107942072919705
LAX,HWD,15,"(33.94417072663332, -118.40248449470265)","(34.11017433112018, -118.35909775996905)",43.38333333333333,57,14.65,5.560308067815566,2.2241232271262263,10,38.56030806781557,37.15,45,-5.713530806781558,-7.95,0.90347698796404,0.09652301203596003
LAX,BVH,8,"(33.94417072663332, -118.40248449470265)","(34.12429178419197, -118.42185450318445)",34.416666666666664,45,19.15,10.04072837533743,4.016291350134972,10,35.54072837533743,41.65,29,-5.636572837533743,-5.95,0.5777215714295605,0.4222784285704395
LAX,LGB,10,"(33.94417072663332, -118.40248449470265)","(33.823003710773996, -118.21795354806115)",20.0,62,8.733333333333333,9.67388227014233,3.8695529080569324,15,60.67388227014233,36.233333333333334,34,-7.8790548936809,-7.9,0.5052360851597282,0.4947639148402717
LAX,LGB,7,"(33.94417072663332, -118.40248449470265)","(33.85613614109691, -118.11831789694695)",28.8,62,15.483333333333333,8.377503533026378,3.351001413210551,15,59.37750353302638,42.983333333333334,34,-8.086917019969306,-7.9,0.4534063234619935,0.5465936765380065
LAX,BVH,9,"(33.94417072663332, -118.40248449470265)","(34.05852326316208, -118.42195599486998)",24.116666666666667,45,4.333333333333333,2.0607791537705507,0.8243116615082203,10,27.56077915377055,26.833333333333332,29,-4.097744582043722,-5.95,0.8643916974772596,0.13560830252274042
LAX,DTLA,17,"(33.94417072663332, -118.40248449470265)","(34.031203694247004, -118.2572816573507)",24.516666666666666,50,7.05,2.5029787095496436,1.0011914838198575,10,32.502978709549645,29.55,35,-4.727797870954965,-6.75,0.8831085220440603,0.1168914779559396
LAX,HWD,14,"(33.94417072663332, -118.40248449470265)","(34.10114287574037, -118.2650618573644)",37.45,57,19.366666666666667,9.061301684114154,3.6245206736456614,10,42.061301684114156,41.86666666666667,45,-6.299463501744748,-7.95,0.8389635465122445,0.16103645348775547
LAX,PSD,7,"(33.94417072663332, -118.40248449470265)","(34.088583807033935, -118.55562917470192)",38.25,57,5.1,0.721211011359662,0.2884844045438648,10,39.721211011359664,27.6,47,-5.352121101135967,-8.05,0.9369013665346273,0.0630986334653728
LAX,ANH,13,"(33.94417072663332, -118.40248449470265)","(33.814204557690076, -117.93711835848983)",40.88333333333333,77,9.3,2.631530454445153,1.0526121817780614,15,89.63153045444515,36.8,52,-10.803153045444516,-10.3,0.3767999780229884,0.6232000219770116
LAX,HWD,8,"(33.94417072663332, -118.40248449470265)","(34.07212797720631, -118.2915628907821)",35.11666666666667,57,12.333333333333334,6.133123582057633,2.453249432823053,10,39.133123582057635,34.833333333333336,45,-5.65497902487243,-7.95,0.9084638379564498,0.09153616204355018
LAX,BVH,12,"(33.94417072663332, -118.40248449470265)","(34.01693341489768, -118.41313201294854)",17.6,45,15.55,8.573569580844481,3.4294278323377925,10,34.07356958084448,38.05,29,-5.309856958084447,-5.95,0.6547857947109764,0.3452142052890236
LAX,PSD,14,"(33.94417072663332, -118.40248449470265)","(34.08240509203893, -118.49311405517275)",31.683333333333334,57,33.61666666666667,8.304548926149746,3.321819570459898,10,47.30454892614975,56.11666666666667,47,-7.536288225948308,-8.05,0.625676197053036,0.37432380294696405
LAX,HWD,8,"(33.94417072663332, -118.40248449470265)","(34.10060479576005, -118.28637397926546)",38.61666666666667,57,13.566666666666666,6.055908872395269,2.4223635489581077,10,39.05590887239527,36.06666666666666,45,-5.708924220572861,-7.95,0.9038779654094837,0.09612203459051627
LAX,LGB,14,"(33.94417072663332, -118.40248449470265)","(33.798721985666255, -118.09113202064873)",30.466666666666665,62,12.8,9.140509109694046,3.6562036438776184,15,60.140509109694044,40.3,34,-8.029050910969405,-7.9,0.4677819734720972,0.5322180265279027
LAX,HWD,10,"(33.94417072663332, -118.40248449470265)","(34.1169523904211, -118.26519222542069)",35.6,57,20.466666666666665,9.899626403519799,3.9598505614079196,10,42.8996264035198,42.96666666666667,45,-6.438295973685313,-7.95,0.8193136061684315,0.1806863938315685
LAX,PSD,11,"(33.94417072663332, -118.40248449470265)","(34.03495376871367, -118.53329169678032)",27.133333333333333,57,21.233333333333334,9.485482553527016,3.794193021410806,10,48.485482553527014,43.733333333333334,47,-7.035214922019369,-8.05,0.7339555519267354,0.2660444480732646
LAX,HWD,15,"(33.94417072663332, -118.40248449470265)","(34.135832905095924, -118.26272737106137)",39.06666666666667,57,21.733333333333334,11.96828514959309,4.787314059837236,10,44.968285149593086,44.233333333333334,45,-6.708495181625976,-7.95,0.7758258410657546,0.2241741589342454
LAX,WDHL,17,"(33.94417072663332, -118.40248449470265)","(34.18278128746678, -118.57587511014191)",36.96666666666667,78,8.316666666666666,4.669877610673899,1.8679510442695595,15,64.6698776106739,35.81666666666666,48,-8.257821094400724,-10.200000000000001,0.8745913238948684,0.12540867610513168
LAX,UVS,16,"(33.94417072663332, -118.40248449470265)","(34.100067208183546, -118.40748230188824)",35.13333333333333,57,23.85,10.001653456896314,4.000661382758525,10,52.001653456896314,46.35,45,-7.5176653456896325,-7.95,0.6064310243041527,0.39356897569584726
LAX,ANH,5,"(33.94417072663332, -118.40248449470265)","(33.782079258075385, -117.91103399719856)",40.15,77,9.766666666666667,5.316952771765395,2.126781108706158,15,92.3169527717654,37.266666666666666,52,-11.095028610509873,-10.3,0.31108995038589904,0.688910049614101
LAX,WDHL,12,"(33.94417072663332, -118.40248449470265)","(34.16038154966471, -118.659375386656)",47.0,78,12.416666666666666,7.964408925118089,3.1857635700472358,15,67.9644089251181,39.916666666666664,48,-8.792274225845143,-10.200000000000001,0.8034069906950353,0.19659300930496473
LAX,LGB,8,"(33.94417072663332, -118.40248449470265)","(33.87302422141918, -118.18932531346648)",24.633333333333333,62,14.3,11.249326655523003,4.499730662209201,15,62.24932665552301,41.8,34,-8.314932665552302,-7.9,0.39772995235027697,0.602270047649723
LAX,UVS,10,"(33.94417072663332, -118.40248449470265)","(34.10434776739067, -118.30910285671976)",37.5,57,14.283333333333333,8.82990555731204,3.531962222924816,10,50.82990555731204,36.78333333333333,45,-6.92215722239787,-7.95,0.7364974595833533,0.2635025404166466
LAX,DTLA,7,"(33.94417072663332, -118.40248449470265)","(33.99657293918631, -118.2312361466035)",29.416666666666668,50,14.333333333333334,9.541703959548993,3.8166815838195975,10,39.541703959549,36.833333333333336,35,-5.795837062621567,-6.75,0.7219516072265477,0.2780483927734524
LAX,UVS,14,"(33.94417072663332, -118.40248449470265)","(34.12851672457007, -118.42307698313724)",32.95,57,21.333333333333332,9.887407071924994,3.954962828769997,10,51.887407071925,43.83333333333333,45,-7.380407373859167,-7.95,0.6386691704441887,0.36133082955581125
LAX,HWD,9,"(33.94417072663332, -118.40248449470265)","(34.095732913184, -118.28068904347866)",36.93333333333333,57,12.8,6.7107610380061145,2.684304415202446,10,39.71076103800611,35.3,45,-5.736076103800611,-7.95,0.9014929316271884,0.09850706837281167
LAX,PSD,8,"(33.94417072663332, -118.40248449470265)","(34.065369262128044, -118.51272260369356)",32.15,57,25.483333333333334,6.697777506749932,2.679111002699973,10,45.69777750674993,47.983333333333334,47,-6.96894441734166,-8.05,0.7466936905745888,0.2533063094254112
LAX,UVS,7,"(33.94417072663332, -118.40248449470265)","(34.195187910685604, -118.38837025821284)",42.0,57,14.816666666666666,10.878381036815014,4.351352414726006,10,52.878381036815014,37.31666666666666,45,-7.153671437014834,-7.95,0.6891885778814921,0.3108114221185079
LAX,LGB,9,"(33.94417072663332, -118.40248449470265)","(33.818543709371966, -118.12836736793886)",27.75,62,6.033333333333333,3.314510132847966,1.3258040531391864,15,54.314510132847964,33.53333333333333,34,-7.108117679951463,-7.9,0.6882353582310275,0.3117646417689724
LAX,UVS,13,"(33.94417072663332, -118.40248449470265)","(34.128921195796984, -118.29306814933932)",41.516666666666666,57,20.8,9.039839569246112,3.6159358276984452,10,51.03983956924611,43.3,45,-7.268983956924612,-7.95,0.663965429951534,0.33603457004846593
LAX,BVH,11,"(33.94417072663332, -118.40248449470265)","(34.034379963675015, -118.40975239776026)",19.883333333333333,45,10.116666666666667,5.569120423991071,2.2276481695964288,10,31.069120423991073,32.61666666666667,29,-4.737745375732441,-5.95,0.7706976356957607,0.22930236430423934
LAX,PSD,6,"(33.94417072663332, -118.40248449470265)","(34.0696011256413, -118.61166244758708)",54.13333333333333,57,33.95,9.31113844558592,3.7244553782343677,10,48.31113844558592,56.45,47,-7.653613844558592,-8.05,0.597819086299316,0.402180913700684
LAX,BVH,8,"(33.94417072663332, -118.40248449470265)","(34.09354228763836, -118.45835947137093)",27.016666666666666,45,15.866666666666667,8.167385876244753,3.266954350497901,10,33.66738587624475,38.36666666666667,29,-5.285071920957808,-5.95,0.660366542647869,0.33963345735213096
LAX,BVH,15,"(33.94417072663332, -118.40248449470265)","(34.09133889036059, -118.40373654146377)",33.78333333333333,45,9.283333333333333,4.391784344539856,1.756713737815942,10,29.891784344539857,31.78333333333333,29,-4.578345101120653,-5.95,0.7976473957995615,0.20235260420043857
LAX,BVH,12,"(33.94417072663332, -118.40248449470265)","(34.10203406713945, -118.42964576422534)",34.25,45,10.55,6.629480102169634,2.6517920408678535,10,32.12948010216964,33.05,29,-4.865448010216964,-5.95,0.7473544381953502,0.2526455618046499
LAX,WDHL,21,"(33.94417072663332, -118.40248449470265)","(34.184536038875585, -118.60543387857291)",40.36666666666667,78,4.216666666666667,2.321964442780799,0.9287857771123196,15,62.321964442780796,31.71666666666667,48,-7.818029777611414,-10.200000000000001,0.9154420699053222,0.08455793009467787
LAX,WDHL,7,"(33.94417072663332, -118.40248449470265)","(34.222342826308285, -118.56953214781768)",43.31666666666667,78,13.266666666666667,10.211613954468586,4.084645581787434,15,70.21161395446859,40.766666666666666,48,-9.059494728780193,-10.200000000000001,0.7577723953291566,0.24222760467084342
LAX,WDHL,5,"(33.94417072663332, -118.40248449470265)","(34.214704566099975, -118.64708422559266)",47.266666666666666,78,13.2,9.612145037524044,3.8448580150096174,15,69.61214503752404,40.7,48,-8.996214503752405,-10.200000000000001,0.7691975175992817,0.2308024824007183
LAX,UVS,7,"(33.94417072663332, -118.40248449470265)","(34.17352520960793, -118.31182206810507)",40.483333333333334,57,15.2,8.66152270747065,3.4646090829882605,10,50.66152270747065,37.7,45,-6.951152270747066,-7.95,0.7308319681426411,0.26916803185735894
LAX,BVH,17,"(33.94417072663332, -118.40248449470265)","(34.06228018656383, -118.40455694661875)",27.5,45,3.8833333333333333,1.242988621280952,0.49719544851238084,10,26.74298862128095,26.383333333333333,29,-3.9934655287947622,-5.95,0.876157413074622,0.12384258692537803
LAX,HWD,3,"(33.94417072663332, -118.40248449470265)","(34.08717412400453, -118.32888836384268)",37.21666666666667,57,2.283333333333333,0.8218769296341906,0.32875077185367624,10,33.82187692963419,24.78333333333333,45,-4.621354359630086,-7.95,0.9653985569418169,0.03460144305818316
LAX,LGB,8,"(33.94417072663332, -118.40248449470265)","(33.85560240643106, -118.21944818083841)",23.033333333333335,62,12.75,11.950496941368936,4.780198776547574,15,62.95049694136894,40.25,34,-8.307549694136895,-7.9,0.3994998038044382,0.6005001961955617
LAX,DTLA,7,"(33.94417072663332, -118.40248449470265)","(34.012078573693294, -118.26239148970863)",22.4,50,11.733333333333333,5.394087247017083,2.1576348988068332,10,35.39408724701708,34.233333333333334,35,-5.251075391368375,-6.75,0.8174140306070545,0.1825859693929455
LAX,HWD,5,"(33.94417072663332, -118.40248449470265)","(34.11513326910642, -118.38988655355139)",44.416666666666664,57,19.65,9.840513307041768,3.936205322816707,10,42.84051330704177,42.15,45,-6.391551330704177,-7.95,0.8261306344119322,0.1738693655880679
LAX,PSD,7,"(33.94417072663332, -118.40248449470265)","(34.038321893567975, -118.53689052108236)",28.566666666666666,57,14.516666666666667,8.796884711051268,3.5187538844205073,10,47.79688471105127,37.016666666666666,47,-6.630521804438461,-8.05,0.805256600901079,0.19474339909892105
LAX,BVH,8,"(33.94417072663332, -118.40248449470265)","(34.118736897278374, -118.37263990633797)",41.95,45,21.6,10.555800114073934,4.222320045629574,10,36.05580011407393,44.1,29,-5.810580011407394,-5.95,0.5347986475852782,0.4652013524147219
LAX,HWD,10,"(33.94417072663332, -118.40248449470265)","(34.06131326754444, -118.34406947660841)",29.183333333333334,57,12.116666666666667,5.771615341644333,2.308646136657733,10,38.771615341644335,34.61666666666667,45,-5.6079948674977675,-7.95,0.9122966514600093,0.08770334853999079
LAX,DTLA,7,"(33.94417072663332, -118.40248449470265)","(34.057756423893004, -118.31674126411936)",29.8,50,15.383333333333333,7.531721833480462,3.0126887333921846,10,37.53172183348046,37.88333333333333,35,-5.647338850014713,-6.75,0.7507583928041037,0.2492416071958963
LAX,UVS,8,"(33.94417072663332, -118.40248449470265)","(34.158513625064145, -118.30955834153562)",42.86666666666667,57,14.533333333333333,7.386713114896658,2.954685245958663,10,49.38671311489666,37.03333333333333,45,-6.790337978156333,-7.95,0.7612712970261823,0.23872870297381765
LAX,DTLA,13,"(33.94417072663332, -118.40248449470265)","(34.06441784104798, -118.33446801508173)",30.583333333333332,50,18.816666666666666,10.314037082179834,4.125614832871934,10,40.31403708217984,41.31666666666666,35,-6.097237041551317,-6.75,0.6576328186631977,0.3423671813368023
LAX,UVS,13,"(33.94417072663332, -118.40248449470265)","(34.11045304857552, -118.32491533247773)",38.25,57,14.15,6.4782784901603785,2.5913113960641514,10,48.47827849016038,36.65,45,-6.680327849016038,-7.95,0.7806866204014359,0.21931337959856403
LAX,HWD,12,"(33.94417072663332, -118.40248449470265)","(34.07038915437508, -118.31411263407888)",33.083333333333336,57,9.55,4.134452744481923,1.6537810977927692,10,37.13445274448192,32.05,45,-5.315945274448192,-7.95,0.9330213846012465,0.06697861539875351
LAX,BVH,5,"(33.94417072663332, -118.40248449470265)","(34.00960117172314, -118.37602757056531)",24.033333333333335,45,24.716666666666665,11.067816415090846,4.427126566036338,10,36.567816415090846,47.21666666666667,29,-6.017614974842418,-5.95,0.4831026933697624,0.5168973066302376
LAX,PSD,9,"(33.94417072663332, -118.40248449470265)","(34.0517068299, -118.60667273966915)",59.983333333333334,57,39.8,10.19026796129079,4.0761071845163155,10,49.190267961290786,62.3,47,-8.03402679612908,-8.05,0.5039932160645836,0.4960067839354165
LAX,PSD,14,"(33.94417072663332, -118.40248449470265)","(34.11247296785574, -118.59692817931477)",54.25,57,34.06666666666667,7.8553324130573765,3.1421329652229506,10,46.855332413057376,56.56666666666667,47,-7.513866574639071,-8.05,0.6309124963944558,0.3690875036055442
LAX,HWD,17,"(33.94417072663332, -118.40248449470265)","(34.091203299583846, -118.33737856803769)",37.083333333333336,57,3.216666666666667,1.4542857873537518,0.5817143149415007,10,34.454285787353754,25.71666666666667,45,-4.731261912068709,-7.95,0.961533367392999,0.03846663260700107
LAX,DTLA,11,"(33.94417072663332, -118.40248449470265)","(34.03890784221302, -118.32483588142945)",25.183333333333334,50,10.95,8.290608884602381,3.3162435538409523,10,38.29060888460238,33.45,35,-5.501560888460238,-6.75,0.7770295469639222,0.22297045303607785
LAX,BVH,10,"(33.94417072663332, -118.40248449470265)","(34.033910002301546, -118.44584081396052)",20.566666666666666,45,11.866666666666667,7.497747836563184,2.9990991346252738,10,32.997747836563185,34.36666666666667,29,-5.018108116989652,-5.95,0.7174589498624395,0.2825410501375606
LAX,ANH,10,"(33.94417072663332, -118.40248449470265)","(33.79435518442391, -117.9401925351553)",42.233333333333334,77,10.066666666666666,4.334000646467732,1.7336002585870929,15,91.33400064646773,37.56666666666666,52,-11.011733397980107,-10.3,0.32921593579785347,0.6707840642021465
LAX,LGB,9,"(33.94417072663332, -118.40248449470265)","(33.80371507699928, -118.16287975245127)",24.333333333333332,62,5.033333333333333,2.7021257700402073,1.080850308016083,15,53.702125770040205,32.53333333333333,34,-6.996879243670688,-7.9,0.7115903965750887,0.2884096034249113
LAX,PSD,2,"(33.94417072663332, -118.40248449470265)","(34.10676962488473, -118.52124972805215)",43.15,57,41.733333333333334,5.3028957408873545,2.121158296354942,10,44.30289574088735,64.23333333333333,47,-7.641956240755402,-8.05,0.6006187163845302,0.39938128361546965
LAX,WDHL,8,"(33.94417072663332, -118.40248449470265)","(34.1370262227738, -118.57901864867493)",47.5,78,14.15,6.967356491067182,2.786942596426873,15,66.96735649106718,41.65,48,-8.779235649106718,-10.200000000000001,0.8054582145493336,0.1945417854506664
LAX,ANH,6,"(33.94417072663332, -118.40248449470265)","(33.79334305596559, -117.9867675228677)",38.266666666666666,77,16.016666666666666,10.279124286199355,4.111649714479742,15,97.27912428619936,43.516666666666666,52,-11.903745761953271,-10.3,0.16745874385788043,0.8325412561421195
LAX,HWD,8,"(33.94417072663332, -118.40248449470265)","(34.07731123872435, -118.32756930685957)",35.55,57,4.9,2.4877258750019955,0.9950903500007982,10,35.487725875002,27.4,45,-4.9187725875002,-7.95,0.953965105665436,0.04603489433456399
LAX,BVH,14,"(33.94417072663332, -118.40248449470265)","(34.11414341262515, -118.40863624348157)",39.68333333333333,45,15.15,8.190148984437267,3.2760595937749066,10,33.690148984437265,37.65,29,-5.251514898443727,-5.95,0.6678518141478412,0.3321481858521587
LAX,HWD,14,"(33.94417072663332, -118.40248449470265)","(34.10956631940659, -118.28890340855192)",39.55,57,13.116666666666667,6.296918199709962,2.518767279883985,10,39.296918199709964,35.61666666666667,45,-5.71052515330433,-7.95,0.9037387822653554,0.0962612177346446
LAX,WDHL,10,"(33.94417072663332, -118.40248449470265)","(34.13078030878958, -118.55494125969935)",42.1,78,15.2,10.008733262012388,4.003493304804955,15,70.00873326201238,42.7,48,-9.135873326201239,-10.200000000000001,0.7434783679010286,0.2565216320989715
LAX,HWD,9,"(33.94417072663332, -118.40248449470265)","(34.052925659303796, -118.26825335307471)",27.933333333333334,57,22.866666666666667,10.785340777350811,4.314136310940325,10,43.78534077735081,45.36666666666667,45,-6.646867411068415,-7.95,0.7863617205566726,0.21363827944332733
LAX,HWD,9,"(33.94417072663332, -118.40248449470265)","(34.07895283875535, -118.29343013270302)",33.21666666666667,57,9.433333333333334,5.327014972369954,2.1308059889479813,10,38.32701497236995,31.933333333333334,45,-5.429368163903662,-7.95,0.9255755908317416,0.07442440916825846
LAX,BVH,12,"(33.94417072663332, -118.40248449470265)","(34.089319465110144, -118.46661851057054)",25.416666666666668,45,17.383333333333333,8.822487550118787,3.5289950200475144,10,34.32248755011879,39.88333333333333,29,-5.426415421678545,-5.95,0.6279855778654276,0.3720144221345724
LAX,PSD,11,"(33.94417072663332, -118.40248449470265)","(34.12295236244009, -118.49208098283859)",28.0,57,36.016666666666666,10.322694243258898,4.1290776973035594,10,49.322694243258894,58.516666666666666,47,-7.858102757659223,-8.05,0.5478276313282716,0.45217236867172833
LAX,BVH,8,"(33.94417072663332, -118.40248449470265)","(34.0647674416171, -118.41128861458776)",27.05,45,1.95,0.3284544061154429,0.13138176244617716,10,25.828454406115444,24.45,29,-3.8053454406115446,-5.95,0.8951682081440121,0.10483179185598786
LAX,HWD,9,"(33.94417072663332, -118.40248449470265)","(34.1148309585364, -118.26820356752543)",35.833333333333336,57,19.183333333333334,9.352499232940692,3.740999693176277,10,42.352499232940694,41.68333333333334,45,-6.319416589960737,-7.95,0.8362495444289888,0.16375045557101134
LAX,ANH,11,"(33.94417072663332, -118.40248449470265)","(33.82864227918313, -117.87470602465585)",42.583333333333336,77,13.066666666666666,6.967625845984729,2.787050338393892,15,93.96762584598473,40.56666666666666,52,-11.425095917931806,-10.3,0.24506726698886763,0.7549327330111324
LAX,LGB,13,"(33.94417072663332, -118.40248449470265)","(33.783460905960645, -118.12243259108772)",27.933333333333334,62,9.966666666666667,6.97033936773942,2.788135747095768,15,57.97033936773942,37.46666666666667,34,-7.670367270107276,-7.9,0.5571572388280336,0.4428427611719665
LAX,LGB,16,"(33.94417072663332, -118.40248449470265)","(33.84170476239507, -118.21056818071249)",22.683333333333334,62,10.25,9.615601357859001,3.8462405431436,15,60.615601357859,37.75,34,-7.9490601357859,-7.9,0.48773742551759836,0.5122625744824018
LAX,WDHL,12,"(33.94417072663332, -118.40248449470265)","(34.144950284455604, -118.66001234472299)",42.93333333333333,78,8.35,9.040054406005938,3.6160217624023754,15,69.04005440600594,35.85,48,-8.696505440600594,-10.200000000000001,0.8180950990214997,0.18190490097850032
LAX,UVS,7,"(33.94417072663332, -118.40248449470265)","(34.126935768790254, -118.3961883845854)",39.53333333333333,57,21.466666666666665,6.21031974371169,2.484127897484676,10,48.21031974371169,43.96666666666667,45,-7.019365307704504,-7.95,0.7172040330572236,0.2827959669427764
LAX,ANH,11,"(33.94417072663332, -118.40248449470265)","(33.839334413761456, -117.97848154283422)",35.46666666666667,77,11.183333333333334,9.749648091675846,3.899859236670338,15,96.74964809167585,38.68333333333334,52,-11.609131475834253,-10.3,0.21263221593515289,0.7873677840648471
LAX,HWD,11,"(33.94417072663332, -118.40248449470265)","(34.07282665773266, -118.31959718451594)",33.75,57,7.9,3.439994265367432,1.3759977061469728,10,36.43999426536743,30.4,45,-5.163999426536743,-7.95,0.9419146165541571,0.05808538344584288
LAX,BVH,10,"(33.94417072663332, -118.40248449470265)","(34.0247425737258, -118.37670215860243)",19.066666666666666,45,17.8,8.775744228918743,3.510297691567497,10,34.27574422891874,40.3,29,-5.442574422891875,-5.95,0.6242027760077299,0.3757972239922701
LAX,DTLA,4,"(33.94417072663332, -118.40248449470265)","(34.059098726095485, -118.33591456973669)",29.516666666666666,50,17.4,10.22451491283547,4.089805965134188,10,40.224514912835474,39.9,35,-6.0174514912835475,-6.75,0.6753642759434251,0.324635724056575
LAX,HWD,8,"(33.94417072663332, -118.40248449470265)","(34.037953413272575, -118.26666495249474)",25.016666666666666,57,25.3,12.70485734764546,5.081942939058184,10,45.70485734764546,47.8,45,-6.960485734764546,-7.95,0.7289919699631836,0.2710080300368164
LAX,UVS,20,"(33.94417072663332, -118.40248449470265)","(34.170846634089706, -118.34457620266325)",40.5,57,12.866666666666667,5.785807566430926,2.3143230265723704,10,47.785807566430925,35.36666666666667,45,-6.546914089976426,-7.95,0.8026731192724608,0.1973268807275392
LAX,WDHL,11,"(33.94417072663332, -118.40248449470265)","(34.228067129488636, -118.64768000292497)",49.36666666666667,78,14.683333333333334,11.54775408239703,4.619101632958812,15,71.54775408239703,42.18333333333334,48,-9.263942074906371,-10.200000000000001,0.7183026893398485,0.28169731066015147
LAX,DTLA,13,"(33.94417072663332, -118.40248449470265)","(34.06929569626341, -118.24528398580149)",29.816666666666666,50,9.766666666666667,5.502632918822669,2.2010531675290674,10,35.50263291882267,32.266666666666666,35,-5.1635966252156,-6.75,0.830109481222852,0.169890518777148
LAX,WDHL,21,"(33.94417072663332, -118.40248449470265)","(34.18660417333551, -118.56871610879618)",37.46666666666667,78,7.4,5.881020817199648,2.3524083268798592,15,65.88102081719964,34.9,48,-8.333102081719964,-10.200000000000001,0.8660989325595214,0.13390106744047853
LAX,WDHL,6,"(33.94417072663332, -118.40248449470265)","(34.208468662094496, -118.63731633715511)",46.333333333333336,78,10.966666666666667,7.911889460419412,3.164755784167765,15,67.91188946041942,38.46666666666667,48,-8.714522279375275,-10.200000000000001,0.8153985327452545,0.1846014672547454
LAX,ANH,4,"(33.94417072663332, -118.40248449470265)","(33.76659981776936, -117.86232433558732)",42.583333333333336,77,11.25,11.322896260061855,4.529158504024742,15,98.32289626006185,38.75,52,-11.769789626006187,-10.3,0.18697459188452406,0.8130254081154761
LAX,WDHL,13,"(33.94417072663332, -118.40248449470265)","(34.113221729174334, -118.66429790704632)",50.28333333333333,78,15.85,13.0706607245345,5.2282642898138,15,73.0706607245345,43.35,48,-9.47456607245345,-10.200000000000001,0.6738024807525171,0.3261975192474828
LAX,BVH,11,"(33.94417072663332, -118.40248449470265)","(34.039370715602224, -118.40947143519365)",21.266666666666666,45,9.6,4.712350936939012,1.884940374775605,10,30.21235093693901,32.1,29,-4.626235093693902,-5.95,0.7898074068551025,0.21019259314489744
LAX,DTLA,11,"(33.94417072663332, -118.40248449470265)","(34.00031845735223, -118.24266093664397)",26.566666666666666,50,13.866666666666667,8.17611162477997,3.2704446499119886,10,38.17611162477997,36.36666666666667,35,-5.63594449581133,-6.75,0.7528844094452224,0.2471155905547776
LAX,LGB,3,"(33.94417072663332, -118.40248449470265)","(33.78777304981019, -118.13812939684705)",28.966666666666665,62,10.316666666666666,5.216049307619124,2.0864197230476496,15,56.21604930761912,37.81666666666666,34,-7.512438264095246,-7.9,0.5956955993162054,0.40430440068379464
LAX,DTLA,13,"(33.94417072663332, -118.40248449470265)","(34.081180046160014, -118.3019822055484)",35.18333333333333,50,14.666666666666666,8.23438172317046,3.293752689268184,10,38.23438172317046,37.166666666666664,35,-5.68177150565038,-6.75,0.7442598784853255,0.25574012151467457
LAX,LGB,12,"(33.94417072663332, -118.40248449470265)","(33.83181770865105, -118.11614718156343)",30.366666666666667,62,9.766666666666667,5.731548915569804,2.2926195662279216,15,56.7315489155698,37.266666666666666,34,-7.536488224890314,-7.9,0.5898902691762213,0.4101097308237786
LAX,BVH,15,"(33.94417072663332, -118.40248449470265)","(34.09330153777274, -118.3679050903227)",41.18333333333333,45,14.4,7.746768509741564,3.0987074038966256,10,33.246768509741564,36.9,29,-5.169676850974157,-5.95,0.6857497557726335,0.3142502442273666
LAX,LGB,14,"(33.94417072663332, -118.40248449470265)","(33.85349594299732, -118.12600906119003)",27.85,62,12.683333333333334,7.406776713269338,2.962710685307735,15,58.40677671326934,40.18333333333334,34,-7.8498443379936,-7.9,0.5125362875980165,0.4874637124019836
LAX,PSD,8,"(33.94417072663332, -118.40248449470265)","(34.03920948606498, -118.5421604291165)",28.533333333333335,57,12.95,8.507522047922995,3.403008819169198,10,47.507522047923,35.45,47,-6.5232522047923,-8.05,0.8215299794296471,0.17847002057035294
LAX,HWD,12,"(33.94417072663332, -118.40248449470265)","(34.07626717578411, -118.3189145779613)",34.5,57,7.033333333333333,2.9230197053896427,1.1692078821558571,10,35.92301970538964,29.53333333333333,45,-5.06896863720563,-7.95,0.9469007441475054,0.05309925585249468
LAX,ANH,12,"(33.94417072663332, -118.40248449470265)","(33.84334050414523, -117.96010495306132)",36.333333333333336,77,9.783333333333333,7.983638175804423,3.193455270321769,15,94.98363817580443,37.28333333333333,52,-11.36253048424711,-10.3,0.2568261729231466,0.7431738270768534
LAX,HWD,5,"(33.94417072663332, -118.40248449470265)","(34.103235957922266, -118.38480621638469)",38.75,57,17.55,8.484113415714514,3.3936453662858055,10,41.48411341571452,40.05,45,-6.150911341571453,-7.95,0.8580379618777066,0.1419620381222934
LAX,HWD,12,"(33.94417072663332, -118.40248449470265)","(34.14231387216335, -118.38956975837164)",35.31666666666667,57,14.633333333333333,12.477244450928794,4.990897780371517,10,45.477244450928794,37.13333333333333,45,-6.404391111759546,-7.95,0.8242786137567188,0.1757213862432812
LAX,LGB,7,"(33.94417072663332, -118.40248449470265)","(33.77894985592736, -118.14388544619787)",29.966666666666665,62,9.0,6.47140473780627,2.588561895122508,15,57.47140473780627,36.5,34,-7.572140473780627,-7.9,0.5812384756377027,0.41876152436229735
LAX,UVS,13,"(33.94417072663332, -118.40248449470265)","(34.17458985159363, -118.32444688836281)",43.15,57,14.166666666666666,7.623315167169773,3.049326066867909,10,49.62331516716977,36.666666666666664,45,-6.7956648500503105,-7.95,0.7603018587290674,0.23969814127093256
LAX,ANH,11,"(33.94417072663332, -118.40248449470265)","(33.79749229538221, -117.96798688713773)",40.983333333333334,77,12.616666666666667,7.492136195856414,2.9968544783425655,15,94.49213619585642,40.11666666666667,52,-11.455046952918975,-10.3,0.23956844423965581,0.7604315557603442
LAX,DTLA,11,"(33.94417072663332, -118.40248449470265)","(34.09685665066323, -118.2098547063643)",33.7,50,12.433333333333334,12.389592791495152,4.955837116598061,10,42.389592791495154,34.93333333333334,35,-5.9856259458161825,-6.75,0.6823026340647357,0.31769736593526426
LAX,HWD,5,"(33.94417072663332, -118.40248449470265)","(34.071821216520796, -118.27010755414653)",31.783333333333335,57,16.866666666666667,8.883819932398998,3.553527972959599,10,41.883819932399,39.36666666666667,45,-6.1567153265732335,-7.95,0.8573295151289227,0.14267048487107728
LAX,WDHL,17,"(33.94417072663332, -118.40248449470265)","(34.13046308095023, -118.63835307521566)",44.31666666666667,78,9.9,8.449501227725825,3.37980049109033,15,68.44950122772582,37.4,48,-8.714950122772581,-10.200000000000001,0.8153341234555467,0.1846658765444533
LAX,UVS,15,"(33.94417072663332, -118.40248449470265)","(34.13077229215001, -118.38623256266875)",37.71666666666667,57,15.316666666666666,4.650470410701198,1.860188164280479,10,46.650470410701196,37.81666666666666,45,-6.555880374403453,-7.95,0.8012491035724806,0.1987508964275194
LAX,LGB,13,"(33.94417072663332, -118.40248449470265)","(33.83654290086721, -118.09895015511616)",30.316666666666666,62,12.633333333333333,8.306900668921234,3.3227602675684933,15,59.30690066892123,40.13333333333333,34,-7.93735673355879,-7.9,0.49066190254783776,0.5093380974521622
LAX,DTLA,5,"(33.94417072663332, -118.40248449470265)","(33.99439337863694, -118.2201039735686)",31.966666666666665,50,15.616666666666667,10.783020467147697,4.313208186859079,10,40.78302046714769,38.11666666666667,35,-5.984135380048103,-6.75,0.682625649836606,0.31737435016339405
LAX,UVS,10,"(33.94417072663332, -118.40248449470265)","(34.11882467917174, -118.38735836385247)",46.583333333333336,57,22.383333333333333,5.724286893294687,2.289714757317875,10,47.72428689329469,44.88333333333333,45,-7.016595355996135,-7.95,0.7177655031683214,0.28223449683167856
LAX,LGB,13,"(33.94417072663332, -118.40248449470265)","(33.79855410445662, -118.11746824956731)",25.833333333333332,62,7.4,5.70967027688916,2.2838681107556638,15,56.709670276889156,34.9,34,-7.415967027688916,-7.9,0.6186997491418288,0.38130025085817115
LAX,PSD,11,"(33.94417072663332, -118.40248449470265)","(34.06532031541536, -118.5734842298959)",39.516666666666666,57,9.666666666666666,5.109561029978815,2.043824411991526,10,44.10956102997881,32.166666666666664,47,-6.019289436331215,-8.05,0.8839839706044612,0.11601602939553876
LAX,WDHL,6,"(33.94417072663332, -118.40248449470265)","(34.158621967669795, -118.58901495788726)",38.666666666666664,78,6.15,3.165375465876037,1.2661501863504148,15,63.16537546587604,33.65,48,-7.999037546587604,-10.200000000000001,0.9003359062254196,0.09966409377458037
LAX,BVH,8,"(33.94417072663332, -118.40248449470265)","(34.06425998762628, -118.38688537365789)",28.566666666666666,45,9.166666666666666,3.5449196086850554,1.4179678434740222,10,29.044919608685056,31.666666666666664,29,-4.487825294201839,-5.95,0.8118650650448406,0.18813493495515943
LAX,PSD,14,"(33.94417072663332, -118.40248449470265)","(34.067801456205125, -118.55468019178363)",41.166666666666664,57,5.966666666666667,3.5413351200636685,1.4165340480254673,10,42.54133512006367,28.46666666666667,47,-5.677466845339701,-8.05,0.9147086966498088,0.08529130335019118
LAX,ANH,6,"(33.94417072663332, -118.40248449470265)","(33.79756577000112, -117.94229358345767)",45.15,77,13.233333333333333,4.197629548776753,1.6790518195107011,15,91.19762954877675,40.733333333333334,52,-11.156429621544342,-10.3,0.2980858393901551,0.7019141606098449
LAX,BVH,9,"(33.94417072663332, -118.40248449470265)","(34.01242798912067, -118.39399641347596)",18.633333333333333,45,19.4,9.675418361888973,3.8701673447555893,10,35.17541836188897,41.9,29,-5.612541836188898,-5.95,0.5835729487078566,0.41642705129214347
LAX,BVH,6,"(33.94417072663332, -118.40248449470265)","(34.020386473389244, -118.44499633594639)",19.133333333333333,45,15.666666666666666,9.315422953370472,3.7261691813481885,10,34.81542295337047,38.166666666666664,29,-5.389875628670381,-5.95,0.6364813169190031,0.3635186830809969
LAX,LGB,11,"(33.94417072663332, -118.40248449470265)","(33.8616468035358, -118.18030606814438)",24.75,62,13.966666666666667,8.907478097714819,3.5629912390859273,15,59.907478097714815,41.46666666666667,34,-8.064081143104815,-7.9,0.45907149826075017,0.5409285017392499
LAX,HWD,5,"(33.94417072663332, -118.40248449470265)","(34.03573572466471, -118.31072878003549)",25.0,57,19.95,9.937989315481149,3.9751957261924593,10,42.93798931548115,42.45,45,-6.4162989315481145,-7.95,0.8225471794923527,0.17745282050764727
LAX,HWD,9,"(33.94417072663332, -118.40248449470265)","(34.059430423541215, -118.37465777203667)",25.3,57,18.283333333333335,8.786596080593181,3.514638432237273,10,41.786596080593185,40.78333333333333,45,-6.217826274725986,-7.95,0.8496902524116605,0.15030974758833954
LAX,DTLA,11,"(33.94417072663332, -118.40248449470265)","(34.00464294715466, -118.20120411142199)",29.916666666666668,50,15.616666666666667,11.566153224584468,4.626461289833787,10,41.56615322458447,38.11666666666667,35,-6.062448655791781,-6.75,0.6654219898907213,0.3345780101092788
LAX,ANH,8,"(33.94417072663332, -118.40248449470265)","(33.77874191134643, -117.92141876531362)",40.233333333333334,77,9.866666666666667,5.778426891874973,2.311370756749989,15,92.77842689187497,37.36666666666667,52,-11.146176022520832,-10.3,0.3002356387969302,0.6997643612030697
LAX,WDHL,7,"(33.94417072663332, -118.40248449470265)","(34.11590100846727, -118.58775642318119)",49.166666666666664,78,13.466666666666667,9.830771477752025,3.93230859110081,15,69.83077147775202,40.96666666666667,48,-9.031410481108535,-10.200000000000001,0.7628899700154855,0.23711002998451455
LAX,DTLA,13,"(33.94417072663332, -118.40248449470265)","(34.05617358163363, -118.32403999591496)",28.7,50,15.55,8.448739688247151,3.3794958752988604,10,38.44873968824715,38.05,35,-5.747373968824715,-6.75,0.7315745743104358,0.26842542568956407
LAX,UVS,9,"(33.94417072663332, -118.40248449470265)","(34.10373826077934, -118.41008420400303)",36.233333333333334,57,24.483333333333334,9.889557124309249,3.9558228497237,10,51.88955712430925,46.983333333333334,45,-7.538122379097592,-7.95,0.6015380115484549,0.39846198845154507
LAX,DTLA,12,"(33.94417072663332, -118.40248449470265)","(33.98682608403676, -118.32053938676185)",23.116666666666667,50,18.35,12.350363617083765,4.940145446833506,10,42.350363617083765,40.85,35,-6.277536361708377,-6.75,0.6159667005295791,0.3840332994704208
LAX,BVH,16,"(33.94417072663332, -118.40248449470265)","(34.04434303401634, -118.44110999690075)",19.933333333333334,45,9.033333333333333,5.737037254966731,2.2948149019866926,10,31.23703725496673,31.53333333333333,29,-4.7003703921633395,-5.95,0.777235737932807,0.22276426206719296
LAX,ANH,13,"(33.94417072663332, -118.40248449470265)","(33.8266998745022, -117.87993062066451)",41.983333333333334,77,11.266666666666667,6.1451424091900675,2.458056963676027,15,93.14514240919007,38.766666666666666,52,-11.252847574252343,-10.3,0.27831251252887385,0.7216874874711262
LAX,ANH,9,"(33.94417072663332, -118.40248449470265)","(33.760404008346896, -117.87773097209536)",42.11666666666667,77,10.783333333333333,10.719783923756754,4.2879135695027015,15,97.71978392375675,38.28333333333333,52,-11.686145059042342,-10.3,0.2000238894023847,0.7999761105976154
LAX,UVS,10,"(33.94417072663332, -118.40248449470265)","(34.13080143328996, -118.40678394355395)",36.93333333333333,57,17.35,7.519814689904246,3.0079258759616985,10,49.519814689904244,39.85,45,-6.944481468990425,-7.95,0.7321422031964321,0.26785779680356786
LAX,BVH,8,"(33.94417072663332, -118.40248449470265)","(34.02449388839291, -118.39318412363795)",21.483333333333334,45,17.266666666666666,7.724495763220211,3.089798305288084,10,33.22449576322021,39.766666666666666,29,-5.310782909655355,-5.95,0.6545764613731063,0.3454235386268937
LAX,WDHL,17,"(33.94417072663332, -118.40248449470265)","(34.21177005969337, -118.61544904358654)",43.6,78,8.0,7.1643525782132595,2.865741031285304,15,67.16435257821325,35.5,48,-8.491435257821326,-10.200000000000001,0.8466500320205884,0.1533499679794116
LAX,LGB,15,"(33.94417072663332, -118.40248449470265)","(33.79084088109485, -118.18773418589508)",26.9,62,12.166666666666666,6.811779558912896,2.7247118235651584,15,57.811779558912896,39.666666666666664,34,-7.7645112892246235,-7.9,0.5338204561357737,0.46617954386422633
LAX,BVH,14,"(33.94417072663332, -118.40248449470265)","(34.07195763481395, -118.38249253883882)",30.55,45,7.883333333333334,4.249120683935372,1.6996482735741487,10,29.749120683935374,30.383333333333333,29,-4.494078735060205,-5.95,0.8109080500746373,0.18909194992536274
LAX,ANH,11,"(33.94417072663332, -118.40248449470265)","(33.7982602684381, -117.93533283893281)",43.46666666666667,77,8.983333333333333,3.3640489493451775,1.345619579738071,15,90.36404894934518,36.483333333333334,52,-10.860571561601185,-10.3,0.3634152217096077,0.6365847782903923
LAX,PSD,13,"(33.94417072663332, -118.40248449470265)","(34.122809655127064, -118.53934923866939)",45.5,57,53.18333333333333,6.199858741163568,2.479943496465427,10,45.19985874116357,75.68333333333334,47,-8.304152540783024,-8.05,0.43680168258913166,0.5631983174108682
LAX,LGB,8,"(33.94417072663332, -118.40248449470265)","(33.759997260854576, -118.17005749423554)",32.71666666666667,62,16.083333333333332,10.024209341140331,4.009683736456132,15,61.024209341140335,43.58333333333333,34,-8.2815876007807,-7.9,0.4057440442000419,0.5942559557999582
LAX,PSD,18,"(33.94417072663332, -118.40248449470265)","(34.06699476415972, -118.5832964824094)",40.38333333333333,57,20.2,5.926688076280656,2.3706752305122625,10,44.926688076280655,42.7,47,-6.627668807628066,-8.05,0.8057036137128643,0.19429638628713575
LAX,ANH,16,"(33.94417072663332, -118.40248449470265)","(33.75893933589812, -117.93252867205831)",37.88333333333333,77,15.216666666666667,9.384549840183459,3.7538199360733833,15,96.38454984018345,42.71666666666667,52,-11.77428831735168,-10.3,0.1862916857207275,0.8137083142792726
LAX,LGB,7,"(33.94417072663332, -118.40248449470265)","(33.86174820502223, -118.19527304319473)",23.583333333333332,62,11.1,10.112068025936377,4.044827210374551,15,61.11206802593638,38.6,34,-8.041206802593639,-7.9,0.4647568404069554,0.5352431595930447
LAX,HWD,4,"(33.94417072663332, -118.40248449470265)","(34.14442668686435, -118.26826884604877)",38.63333333333333,57,21.233333333333334,12.404233442365438,4.961693376946175,10,45.40423344236544,43.733333333333334,45,-6.727090010903211,-7.95,0.7725752479811446,0.22742475201885537
LAX,UVS,19,"(33.94417072663332, -118.40248449470265)","(34.12500521218416, -118.36459005481166)",45.7,57,17.366666666666667,2.6828241038117695,1.0731296415247078,10,44.68282410381177,39.86666666666667,45,-6.4616157437145105,-7.95,0.815835634431295,0.18416436556870489
LAX,ANH,4,"(33.94417072663332, -118.40248449470265)","(33.759023999274746, -117.90721844203273)",40.25,77,17.25,9.320048056114269,3.7280192224457074,15,96.32004805611427,44.75,52,-11.86950480561143,-10.3,0.172286997068026,0.8277130029319739
LAX,ANH,9,"(33.94417072663332, -118.40248449470265)","(33.80414908473982, -117.93160365115781)",41.15,77,7.033333333333333,2.286961386175028,0.9147845544700113,15,89.28696138617502,34.53333333333333,52,-10.655362805284168,-10.3,0.4120825616883996,0.5879174383116004
LAX,HWD,10,"(33.94417072663332, -118.40248449470265)","(34.10555407620265, -118.37713937402077)",42.81666666666667,57,16.266666666666666,7.536185290534987,3.0144741162139947,10,40.53618529053499,38.766666666666666,45,-5.991951862386832,-7.95,0.8763215608640151,0.12367843913598495
LAX,LGB,7,"(33.94417072663332, -118.40248449470265)","(33.7925335411883, -118.09361995048421)",27.533333333333335,62,9.116666666666667,9.218740127556488,3.6874960510225954,15,60.21874012755649,36.61666666666667,34,-7.852707346088983,-7.9,0.5118209603347015,0.4881790396652985
LAX,BVH,9,"(33.94417072663332, -118.40248449470265)","(34.03185558445848, -118.44750174982835)",19.05,45,12.866666666666667,7.921278113065647,3.1685112452262585,10,33.42127811306565,35.36666666666667,29,-5.110461144639898,-5.95,0.6983680847236023,0.30163191527639766
LAX,BVH,11,"(33.94417072663332, -118.40248449470265)","(34.07255297585324, -118.4408141667138)",27.016666666666666,45,10.1,4.333080808745483,1.7332323234981932,10,29.833080808745482,32.6,29,-4.613308080874549,-5.95,0.7919454023620489,0.20805459763795103
LAX,ANH,14,"(33.94417072663332, -118.40248449470265)","(33.83470794854287, -117.96552729119156)",37.96666666666667,77,11.35,7.735157475958557,3.094062990383423,15,94.73515747595856,38.85,52,-11.416015747595857,-10.3,0.2467510691125674,0.7532489308874326
LAX,UVS,13,"(33.94417072663332, -118.40248449470265)","(34.152649483770944, -118.33371278985673)",39.11666666666667,57,10.8,3.9243603409036893,1.5697441363614757,10,45.92436034090369,33.3,45,-6.257436034090369,-7.95,0.8445610488193407,0.15543895118065934
LAX,BVH,8,"(33.94417072663332, -118.40248449470265)","(34.047003718280905, -118.41870267630541)",23.9,45,6.166666666666667,3.5453447682224364,1.4181379072889746,10,29.045344768222435,28.666666666666668,29,-4.337867810155577,-5.95,0.8337072025339338,0.1662927974660662
LAX,DTLA,12,"(33.94417072663332, -118.40248449470265)","(34.000361717825605, -118.25445669125268)",24.0,50,14.25,7.59317741036268,3.0372709641450717,10,37.59317741036268,36.75,35,-5.5968177410362685,-6.75,0.7600916894351305,0.23990831056486941
LAX,BVH,15,"(33.94417072663332, -118.40248449470265)","(34.12181230196316, -118.35988410566551)",44.083333333333336,45,26.316666666666666,12.037308167831387,4.814923267132555,10,37.537308167831384,48.81666666666666,29,-6.194564150116472,-5.95,0.4391618960978105,0.5608381039021895
LAX,ANH,17,"(33.94417072663332, -118.40248449470265)","(33.84808194510512, -117.92308877546155)",36.53333333333333,77,11.116666666666667,6.208082384463173,2.4832329537852695,15,93.20808238446317,38.61666666666667,52,-11.25164157177965,-10.3,0.2785548084927812,0.7214451915072189
LAX,BVH,9,"(33.94417072663332, -118.40248449470265)","(34.12107539416414, -118.39622362199194)",40.71666666666667,45,15.866666666666667,9.62506488041824,3.8500259521672957,10,35.125064880418236,38.36666666666667,29,-5.430839821375157,-5.95,0.6269513670271702,0.3730486329728297
LAX,LGB,17,"(33.94417072663332, -118.40248449470265)","(33.85832452225337, -118.14243463756736)",26.866666666666667,62,11.933333333333334,7.400066026850909,2.9600264107403635,15,58.40006602685091,39.43333333333334,34,-7.811673269351758,-7.9,0.5220673377944302,0.4779326622055698
LAX,DTLA,12,"(33.94417072663332, -118.40248449470265)","(34.09390054478535, -118.22169218887124)",33.63333333333333,50,12.933333333333334,10.920859614657294,4.368343845862918,10,40.920859614657296,35.43333333333334,35,-5.8637526281323975,-6.75,0.7081151552359615,0.2918848447640386
LAX,LGB,8,"(33.94417072663332, -118.40248449470265)","(33.832557326998874, -118.14614686620628)",29.383333333333333,62,7.683333333333334,2.9433763614368376,1.177350544574735,15,53.94337636143684,35.18333333333334,34,-7.153504302810352,-7.9,0.6784146501746459,0.32158534982535414
LAX,WDHL,15,"(33.94417072663332, -118.40248449470265)","(34.18749928619696, -118.60920845661663)",41.93333333333333,78,5.45,2.88791297489814,1.155165189959256,15,62.88791297489814,32.95,48,-7.936291297489815,-10.200000000000001,0.9058264779543997,0.09417352204560024
LAX,BVH,16,"(33.94417072663332, -118.40248449470265)","(34.0383114848342, -118.39554569653663)",23.616666666666667,45,10.683333333333334,5.391747501289754,2.1566990005159017,10,30.891747501289753,33.18333333333334,29,-4.748341416795642,-5.95,0.7688197048135038,0.23118029518649622
LAX,DTLA,6,"(33.94417072663332, -118.40248449470265)","(34.01874109377891, -118.29951155910176)",24.65,50,10.816666666666666,6.249143068960378,2.499657227584151,10,36.24914306896038,33.31666666666666,35,-5.290747640229371,-6.75,0.8114182985279945,0.18858170147200556
LAX,HWD,10,"(33.94417072663332, -118.40248449470265)","(34.094527997616396, -118.32654711365664)",38.6,57,1.3,0.48997268929039073,0.19598907571615629,10,33.48997268929039,23.8,45,-4.538997268929039,-7.95,0.9680466338986048,0.03195336610139522
LAX,DTLA,16,"(33.94417072663332, -118.40248449470265)","(34.045462843138665, -118.23983127198113)",32.38333333333333,50,13.166666666666666,3.9551389705016966,1.5820555882006786,10,33.95513897050169,35.666666666666664,35,-5.178847230383503,-6.75,0.8279478825982017,0.17205211740179824
LAX,BVH,11,"(33.94417072663332, -118.40248449470265)","(34.10127792457357, -118.40807086339014)",35.13333333333333,45,10.283333333333333,5.982898878942182,2.393159551576873,10,31.48289887894218,32.78333333333333,29,-4.787456554560885,-5.95,0.7617945649020057,0.23820543509799427
LAX,LGB,8,"(33.94417072663332, -118.40248449470265)","(33.76383464954295, -118.15299161745197)",33.333333333333336,62,11.416666666666666,8.993044618058372,3.5972178472233485,15,59.99304461805837,38.916666666666664,34,-7.945137795139171,-7.9,0.48871746675558625,0.5112825332444138
LAX,LGB,11,"(33.94417072663332, -118.40248449470265)","(33.76100104517112, -118.10980665932775)",30.333333333333332,62,11.9,11.19422907654213,4.477691630616852,15,62.19422907654213,39.4,34,-8.189422907654214,-7.9,0.42814515469591347,0.5718548453040866
LAX,DTLA,9,"(33.94417072663332, -118.40248449470265)","(34.077472987742816, -118.27681303543089)",31.633333333333333,50,10.95,6.075972861837906,2.4303891447351624,10,36.075972861837904,33.45,35,-5.280097286183791,-6.75,0.8130425985609836,0.18695740143901643
LAX,DTLA,10,"(33.94417072663332, -118.40248449470265)","(34.036451669215325, -118.24669978722896)",27.516666666666666,50,8.65,3.1652901914548877,1.266116076581955,10,33.165290191454886,31.15,35,-4.874029019145489,-6.75,0.86714765920021,0.13285234079979
LAX,PSD,13,"(33.94417072663332, -118.40248449470265)","(34.04222714081391, -118.53488757997485)",33.96666666666667,57,14.8,8.216722765098728,3.2866891060394914,10,47.21672276509873,37.3,47,-6.586672276509874,-8.05,0.8120411138518642,0.18795888614813583
LAX,UVS,11,"(33.94417072663332, -118.40248449470265)","(34.11764348466131, -118.33286861680749)",38.25,57,12.766666666666667,4.794871594924631,1.9179486379698523,10,46.79487159492463,35.266666666666666,45,-6.442820492825796,-7.95,0.8186428337418541,0.18135716625814582
LAX,DTLA,9,"(33.94417072663332, -118.40248449470265)","(34.003615927033465, -118.27630139897653)",18.366666666666667,50,8.533333333333333,6.929335893279241,2.771734357311696,10,36.929335893279244,31.03333333333333,35,-5.244600255994591,-6.75,0.818378448232638,0.18162155176736208
LAX,HWD,9,"(33.94417072663332, -118.40248449470265)","(34.109080731069994, -118.3870291444625)",48.78333333333333,57,21.316666666666666,9.073951854029488,3.6295807416117953,10,42.07395185402949,43.81666666666666,45,-6.398228518736282,-7.95,0.825169441516921,0.174830558483079
LAX,WDHL,23,"(33.94417072663332, -118.40248449470265)","(34.22218575446706, -118.60231223768555)",47.416666666666664,78,13.066666666666666,8.819703787723846,3.5278815150895384,15,68.81970378772385,40.56666666666666,48,-8.91030371210572,-10.200000000000001,0.7840957783163075,0.2159042216836925
LAX,LGB,7,"(33.94417072663332, -118.40248449470265)","(33.81135143331086, -118.1941947594249)",21.683333333333334,62,7.516666666666667,6.233796636367536,2.4935186545470147,15,57.233796636367536,35.016666666666666,34,-7.4742129969700875,-7.9,0.6048671962130524,0.39513280378694765
LAX,UVS,2,"(33.94417072663332, -118.40248449470265)","(34.12438530261021, -118.29986618304191)",42.43333333333333,57,21.716666666666665,8.27794764479218,3.311179057916872,10,50.27794764479218,44.21666666666667,45,-7.238628097812551,-7.95,0.6707042291448664,0.32929577085513373
LAX,LGB,11,"(33.94417072663332, -118.40248449470265)","(33.85771406549658, -118.12327606349587)",28.166666666666668,62,13.55,8.232883478956719,3.293153391582688,15,59.23288347895672,41.05,34,-7.975788347895673,-7.9,0.48106197695941877,0.5189380230405813
LAX,UVS,16,"(33.94417072663332, -118.40248449470265)","(34.10506158292514, -118.29750550654067)",38.96666666666667,57,15.75,10.060605003555557,4.024242001422222,10,52.06060500355556,38.25,45,-7.1185605003555565,-7.95,0.6966592183935151,0.30334078160648487
LAX,WDHL,15,"(33.94417072663332, -118.40248449470265)","(34.14679997737953, -118.58919258850038)",44.96666666666667,78,11.266666666666667,4.773401356857317,1.9093605427429268,15,64.77340135685732,38.766666666666666,48,-8.415673469019065,-10.200000000000001,0.8562302831026275,0.14376971689737236
LAX,PSD,4,"(33.94417072663332, -118.40248449470265)","(34.06527821181924, -118.52062769065985)",32.95,57,20.066666666666666,5.826206819362284,2.3304827277449136,10,44.826206819362284,42.56666666666666,47,-6.610954015269561,-8.05,0.8083068732338858,0.19169312676611414
LAX,BVH,12,"(33.94417072663332, -118.40248449470265)","(34.06997866622602, -118.44071623869247)",25.866666666666667,45,8.4,4.237380641831978,1.6949522567327913,10,29.737380641831976,30.9,29,-4.518738064183198,-5.95,0.8070978638361238,0.19290213616387614
LAX,WDHL,11,"(33.94417072663332, -118.40248449470265)","(34.21682958376621, -118.60573502623993)",45.733333333333334,78,10.25,7.886809037142544,3.1547236148570175,15,67.88680903714254,37.75,48,-8.676180903714254,-10.200000000000001,0.8211001736421614,0.17889982635783858
LAX,UVS,11,"(33.94417072663332, -118.40248449470265)","(34.14293276955503, -118.36265969467482)",38.233333333333334,57,5.966666666666667,1.3308280266305608,0.5323312106522243,10,43.33082802663056,28.46666666666667,45,-5.75641613599639,-7.95,0.8996718582945665,0.10032814170543347
LAX,WDHL,12,"(33.94417072663332, -118.40248449470265)","(34.11348333762208, -118.64096948698801)",52.55,78,17.533333333333335,11.16194942439324,4.464779769757296,15,71.16194942439324,45.03333333333333,48,-9.367861609105992,-10.200000000000001,0.6968068913902451,0.3031931086097548
LAX,PSD,5,"(33.94417072663332, -118.40248449470265)","(34.0598332509632, -118.51875716100852)",33.55,57,20.666666666666668,6.6766425342503375,2.670657013700135,10,45.676642534250334,43.16666666666667,47,-6.725997586758368,-8.05,0.7898468330634373,0.21015316693656272
LAX,PSD,11,"(33.94417072663332, -118.40248449470265)","(34.11958957679387, -118.49813214844104)",36.666666666666664,57,33.36666666666667,9.28032623168366,3.712130492673464,10,48.28032623168366,55.86666666666667,47,-7.6213659565017,-8.05,0.6055474435044002,0.39445255649559985
LAX,UVS,6,"(33.94417072663332, -118.40248449470265)","(34.16678639156719, -118.40647145336531)",33.71666666666667,57,13.433333333333334,8.832130255158583,3.5328521020634334,10,50.83213025515858,35.93333333333334,45,-6.879879692182525,-7.95,0.7446197943744275,0.2553802056255725
LAX,UVS,5,"(33.94417072663332, -118.40248449470265)","(34.0996782360059, -118.28758654923251)",39.06666666666667,57,19.45,11.757558566748912,4.7030234266995645,10,53.75755856674891,41.95,45,-7.473255856674892,-7.95,0.6169787574500614,0.3830212425499387
LAX,LGB,11,"(33.94417072663332, -118.40248449470265)","(33.798978878224574, -118.08838966558623)",30.483333333333334,62,12.8,9.500527233011557,3.8002108932046226,15,60.50052723301155,40.3,34,-8.065052723301156,-7.9,0.458830240359382,0.541169759640618
LAX,PSD,10,"(33.94417072663332, -118.40248449470265)","(34.10880354955239, -118.58828239533281)",49.85,57,30.35,6.471424220336031,2.5885696881344122,10,45.47142422033603,52.85,47,-7.189642422033604,-8.05,0.7027353572155156,0.29726464278448445
LAX,LGB,13,"(33.94417072663332, -118.40248449470265)","(33.856731928128156, -118.19788601300915)",21.833333333333332,62,9.366666666666667,9.709812607817991,3.883925043127196,15,60.709812607817994,36.86666666666667,34,-7.914314594115133,-7.9,0.49642141257765615,0.5035785874223437
LAX,DTLA,15,"(33.94417072663332, -118.40248449470265)","(34.05865566385277, -118.28626899344657)",30.216666666666665,50,9.283333333333333,3.820913469969127,1.5283653879876509,10,33.82091346996913,31.78333333333333,35,-4.971258013663579,-6.75,0.8555414571894318,0.1444585428105683
LAX,UVS,10,"(33.94417072663332, -118.40248449470265)","(34.173045412805166, -118.3051632933085)",39.25,57,15.5,9.31500826041677,3.7260033041667078,10,51.31500826041677,38.0,45,-7.031500826041677,-7.95,0.7147362033804033,0.2852637966195966
LAX,BVH,6,"(33.94417072663332, -118.40248449470265)","(34.03475665785745, -118.4540989645191)",20.416666666666668,45,13.95,8.226966768322377,3.2907867073289507,10,33.72696676832238,36.45,29,-5.1951966768322375,-5.95,0.6802244172359178,0.3197755827640822
LAX,UVS,12,"(33.94417072663332, -118.40248449470265)","(34.1676636067723, -118.4140669743157)",32.766666666666666,57,12.483333333333333,9.833687573706602,3.9334750294826404,10,51.8336875737066,34.983333333333334,45,-6.932535424037327,-7.95,0.7344784354636853,0.26552156453631465
LAX,DTLA,13,"(33.94417072663332, -118.40248449470265)","(34.09350044231366, -118.20054112092696)",34.45,50,13.766666666666667,12.91902634448087,5.167610537792347,10,42.91902634448087,36.266666666666666,35,-6.105235967781421,-6.75,0.6558295811933341,0.3441704188066659
LAX,LGB,13,"(33.94417072663332, -118.40248449470265)","(33.87393514861811, -118.15180764411652)",23.283333333333335,62,13.266666666666667,9.98181775660698,3.992727102642792,15,60.98181775660698,40.766666666666666,34,-8.136515108994033,-7.9,0.4411453252185197,0.5588546747814802
LAX,PSD,8,"(33.94417072663332, -118.40248449470265)","(34.054908801642895, -118.6198215686775)",58.7,57,38.2,11.449168193060945,4.579667277224378,10,50.44916819306094,60.7,47,-8.079916819306096,-8.05,0.4925213529576009,0.5074786470423992
LAX,BVH,8,"(33.94417072663332, -118.40248449470265)","(34.06000412952723, -118.41229793671504)",27.983333333333334,45,3.683333333333333,1.1551996809164986,0.4620798723665994,10,26.6551996809165,26.183333333333334,29,-3.974686634758317,-5.95,0.8781806768213328,0.12181932317866717
LAX,HWD,10,"(33.94417072663332, -118.40248449470265)","(34.13783115324895, -118.27646382595091)",35.15,57,18.366666666666667,10.772653131587415,4.309061252634966,10,43.77265313158742,40.86666666666667,45,-6.420598646492076,-7.95,0.8219187082029363,0.17808129179706364
LAX,DTLA,6,"(33.94417072663332, -118.40248449470265)","(34.08014354615803, -118.31893452191356)",34.86666666666667,50,18.15,9.77833240231061,3.9113329609242444,10,39.77833240231061,40.65,35,-6.010333240231061,-6.75,0.6769229814775001,0.32307701852249987
LAX,HWD,16,"(33.94417072663332, -118.40248449470265)","(34.13084647089765, -118.38790481959255)",38.38333333333333,57,20.3,10.99799275829705,4.39919710331882,10,43.99799275829705,42.8,45,-6.539799275829706,-7.95,0.8037976011748176,0.19620239882518242
LAX,HWD,6,"(33.94417072663332, -118.40248449470265)","(34.14378836613004, -118.308290842099)",42.983333333333334,57,17.116666666666667,9.370375503417453,3.748150201366981,10,42.37037550341745,39.61666666666667,45,-6.217870883675079,-7.95,0.8496845550137964,0.1503154449862037
LAX,ANH,4,"(33.94417072663332, -118.40248449470265)","(33.80407064682535, -117.91980881209462)",40.78333333333333,77,3.966666666666667,1.4085843250348788,0.5634337300139516,15,88.40858432503488,31.46666666666667,52,-10.414191765836822,-10.3,0.47148303966674243,0.5285169603332575
LAX,UVS,10,"(33.94417072663332, -118.40248449470265)","(34.17514159701503, -118.33337486253676)",42.88333333333333,57,14.05,7.050424071041986,2.8201696284167945,10,49.05042407104199,36.55,45,-6.732542407104199,-7.95,0.771615823552308,0.228384176447692
LAX,ANH,14,"(33.94417072663332, -118.40248449470265)","(33.865742692171075, -117.91214662887668)",41.81666666666667,77,18.266666666666666,9.275069859373154,3.7100279437492616,15,96.27506985937316,45.766666666666666,52,-11.91584031927065,-10.3,0.16577934020095125,0.8342206597990487
LAX,LGB,11,"(33.94417072663332, -118.40248449470265)","(33.85068155952371, -118.14804489722339)",27.283333333333335,62,12.033333333333333,5.992050167322258,2.3968200669289033,15,56.99205016732226,39.53333333333333,34,-7.675871683398893,-7.9,0.5557986941566833,0.44420130584331663
LAX,ANH,6,"(33.94417072663332, -118.40248449470265)","(33.81880142981637, -117.88985079011083)",45.13333333333333,77,10.1,4.340038272083335,1.736015308833334,15,91.34003827208333,37.6,52,-11.014003827208334,-10.3,0.3287147450999888,0.6712852549000112
LAX,LGB,10,"(33.94417072663332, -118.40248449470265)","(33.802938690444186, -118.13722905015555)",24.433333333333334,62,4.966666666666667,3.0190936735947824,1.207637469437913,15,54.01909367359478,32.46666666666667,34,-7.025242700692813,-7.9,0.7057346279090453,0.2942653720909547
LAX,PSD,14,"(33.94417072663332, -118.40248449470265)","(34.089743522073036, -118.53820970726775)",40.86666666666667,57,1.4666666666666666,1.804464793187093,0.7217859172748372,10,40.804464793187094,23.966666666666665,47,-5.278779812652043,-8.05,0.9411006581895554,0.05889934181044467
LAX,UVS,12,"(33.94417072663332, -118.40248449470265)","(34.11524054241357, -118.40268617825669)",37.03333333333333,57,21.533333333333335,7.902348007833805,3.160939203133522,10,49.90234800783381,44.03333333333333,45,-7.191901467450048,-7.95,0.6809407623416681,0.3190592376583319
LAX,BVH,10,"(33.94417072663332, -118.40248449470265)","(34.03813786208848, -118.39464456867222)",23.133333333333333,45,10.85,5.4744871816038625,2.189794872641545,10,30.974487181603862,33.35,29,-4.764948718160387,-5.95,0.7658548218668894,0.23414517813311064
LAX,LGB,13,"(33.94417072663332, -118.40248449470265)","(33.82866987758552, -118.18262379373675)",24.533333333333335,62,8.416666666666666,5.0166997359598575,2.006679894383943,15,56.01669973595986,35.916666666666664,34,-7.39750330692932,-7.9,0.6230458837024696,0.37695411629753034
LAX,ANH,9,"(33.94417072663332, -118.40248449470265)","(33.78864711876777, -117.90716907054355)",41.03333333333333,77,9.883333333333333,4.40197215798916,1.760788863195664,15,91.40197215798916,37.38333333333333,52,-11.009363882465584,-10.3,0.3297394141455899,0.6702605858544102
LAX,ANH,4,"(33.94417072663332, -118.40248449470265)","(33.85910600465045, -117.9611051663784)",36.1,77,11.566666666666666,10.097994434885788,4.0391977739543155,15,97.09799443488579,39.06666666666666,52,-11.663132776821913,-10.3,0.20373161570713344,0.7962683842928666
LAX,BVH,17,"(33.94417072663332, -118.40248449470265)","(34.03684958094718, -118.43610073045568)",19.716666666666665,45,11.116666666666667,6.238409902407173,2.495363960962869,10,31.738409902407174,33.61666666666667,29,-4.854674323574051,-5.95,0.7493832540085282,0.25061674599147177
LAX,WDHL,16,"(33.94417072663332, -118.40248449470265)","(34.191949505596135, -118.66719648260205)",45.36666666666667,78,10.45,9.570108818000405,3.828043527200162,15,69.5701088180004,37.95,48,-8.854510881800042,-10.200000000000001,0.7933911757149912,0.20660882428500887
LAX,UVS,9,"(33.94417072663332, -118.40248449470265)","(34.18190250371166, -118.30485748977608)",40.916666666666664,57,17.383333333333333,10.388835025445198,4.155534010178079,10,52.388835025445196,39.88333333333333,45,-7.233050169211187,-7.95,0.6719349957272533,0.32806500427274676
LAX,LGB,9,"(33.94417072663332, -118.40248449470265)","(33.85438740228156, -118.12874473574577)",28.666666666666668,62,12.55,7.360158036852566,2.944063214741026,15,58.36015803685257,40.05,34,-7.838515803685256,-7.9,0.5153662086355842,0.48463379136441576
LAX,ANH,6,"(33.94417072663332, -118.40248449470265)","(33.795277654962305, -117.86435247460348)",42.28333333333333,77,10.966666666666667,8.381926957422758,3.352770782969103,15,95.38192695742276,38.46666666666667,52,-11.46152602907561,-10.3,0.2383901083124364,0.7616098916875637
LAX,ANH,6,"(33.94417072663332, -118.40248449470265)","(33.819646245737, -117.91436832798253)",39.7,77,5.766666666666667,1.4416924916835283,0.5766769966734113,15,88.44169249168353,33.266666666666666,52,-10.507502582501687,-10.3,0.4483096919319483,0.5516903080680517
LAX,LGB,12,"(33.94417072663332, -118.40248449470265)","(33.835235292290534, -118.21098435520805)",21.666666666666668,62,8.533333333333333,9.212016391287555,3.684806556515022,15,60.212016391287555,36.03333333333333,34,-7.8228683057954225,-7.9,0.519273369246632,0.4807266307533679
LAX,WDHL,9,"(33.94417072663332, -118.40248449470265)","(34.13522954178356, -118.67314677861387)",47.05,78,12.133333333333333,11.517659110759823,4.6070636443039295,15,71.51765911075982,39.63333333333333,48,-9.13343257774265,-10.200000000000001,0.7439435865634241,0.25605641343657587
LAX,UVS,7,"(33.94417072663332, -118.40248449470265)","(34.19274284591941, -118.30087677488488)",44.38333333333333,57,20.033333333333335,12.162571365620078,4.865028546248031,10,54.16257136562008,42.53333333333333,45,-7.542923803228675,-7.95,0.6003865989110249,0.3996134010889752
LAX,UVS,5,"(33.94417072663332, -118.40248449470265)","(34.109743401905156, -118.37300245618657)",41.5,57,17.65,5.568739343266485,2.2274957373065942,10,47.568739343266486,40.15,45,-6.764373934326649,-7.95,0.7659578770509622,0.23404212294903773
LAX,PSD,4,"(33.94417072663332, -118.40248449470265)","(34.129959885977044, -118.5068020705674)",31.816666666666666,57,39.516666666666666,9.56865306860075,3.8274612274403,10,48.56865306860075,62.016666666666666,47,-7.95769864019341,-8.05,0.5230589712880799,0.4769410287119202
LAX,LGB,7,"(33.94417072663332, -118.40248449470265)","(33.76752655505183, -118.17900975749802)",29.266666666666666,62,15.633333333333333,9.261167919636437,3.7044671678545744,15,60.261167919636435,43.13333333333333,34,-8.182783458630311,-7.9,0.4297715066078284,0.5702284933921715
LAX,DTLA,4,"(33.94417072663332, -118.40248449470265)","(34.09084072114486, -118.28569391637797)",36.666666666666664,50,15.466666666666667,8.637363620632192,3.4549454482528765,10,38.63736362063219,37.96666666666667,35,-5.762069695396553,-6.75,0.7286789249789342,0.27132107502106584
LAX,DTLA,13,"(33.94417072663332, -118.40248449470265)","(34.03615977975148, -118.27142572330015)",24.283333333333335,50,3.65,1.3397837848447094,0.5359135139378838,10,31.33978378484471,26.15,35,-4.441478378484471,-6.75,0.9095803412203649,0.09041965877963508
LAX,WDHL,14,"(33.94417072663332, -118.40248449470265)","(34.18806709474408, -118.54182262482273)",37.78333333333333,78,10.183333333333334,9.54795472984652,3.8191818919386082,15,69.54795472984652,37.68333333333334,48,-8.83896213965132,-10.200000000000001,0.7959283254391218,0.20407167456087819
LAX,ANH,17,"(33.94417072663332, -118.40248449470265)","(33.77875526172219, -117.91386620219306)",39.96666666666667,77,9.7,5.812143824190152,2.324857529676061,15,92.81214382419016,37.2,52,-11.141214382419015,-10.3,0.30127908268282017,0.6987209173171798
LAX,UVS,8,"(33.94417072663332, -118.40248449470265)","(34.12139130892999, -118.2893694067955)",41.18333333333333,57,20.45,9.867468189237394,3.946987275694958,10,51.86746818923739,42.95,45,-7.33424681892374,-7.95,0.6492520607931512,0.3507479392068488
LAX,BVH,9,"(33.94417072663332, -118.40248449470265)","(34.108493078034755, -118.34802201787623)",41.35,45,22.716666666666665,11.601188822981317,4.640475529192527,10,37.101188822981314,45.21666666666667,29,-5.970952215631465,-5.95,0.49476213770715993,0.5052378622928401
LAX,ANH,12,"(33.94417072663332, -118.40248449470265)","(33.865149903203, -117.93735956808496)",38.0,77,13.833333333333334,9.496013495534545,3.798405398213818,15,96.49601349553454,41.333333333333336,52,-11.716268016220122,-10.3,0.19524730767297102,0.8047526923270291
LAX,WDHL,9,"(33.94417072663332, -118.40248449470265)","(34.1968541738373, -118.55825592885222)",38.88333333333333,78,10.566666666666666,8.067957289770842,3.2271829159083367,15,68.06795728977085,38.06666666666666,48,-8.710129062310418,-10.200000000000001,0.8160589002439963,0.1839410997560037
LAX,UVS,12,"(33.94417072663332, -118.40248449470265)","(34.16990848057732, -118.42231933791167)",33.31666666666667,57,13.783333333333333,11.050428461959687,4.420171384783875,10,53.05042846195968,36.28333333333333,45,-7.119209512862636,-7.95,0.6965220482241204,0.3034779517758796
LAX,LGB,14,"(33.94417072663332, -118.40248449470265)","(33.75968501508811, -118.11184668949475)",31.466666666666665,62,13.033333333333333,11.236119523432201,4.494447809372881,15,62.2361195234322,40.53333333333333,34,-8.250278619009887,-7.9,0.41331485832951836,0.5866851416704817
LAX,PSD,17,"(33.94417072663332, -118.40248449470265)","(34.11785950597356, -118.61396810330112)",48.4,57,36.016666666666666,10.428292855569541,4.171317142227816,10,49.42829285556954,58.516666666666666,47,-7.868662618890287,-8.05,0.5452105240576568,0.4547894759423432
LAX,UVS,13,"(33.94417072663332, -118.40248449470265)","(34.118113203377355, -118.30821279452184)",46.63333333333333,57,25.916666666666668,7.57776733216974,3.031106932867896,10,49.57776733216974,48.41666666666667,45,-7.3786100665503085,-7.95,0.6390838331411682,0.3609161668588319
LAX,BVH,5,"(33.94417072663332, -118.40248449470265)","(34.075983574040706, -118.44986054838296)",25.0,45,10.083333333333334,5.738899995005619,2.295559998002248,10,31.238899995005617,32.583333333333336,29,-4.753056666167229,-5.95,0.7679805733220678,0.23201942667793216
LAX,PSD,16,"(33.94417072663332, -118.40248449470265)","(34.1278825491317, -118.52011559194818)",34.666666666666664,57,42.36666666666667,8.135405566042058,3.2541622264168235,10,47.13540556604206,64.86666666666667,47,-7.95687388993754,-8.05,0.52326471639451,0.4767352836054901
LAX,UVS,7,"(33.94417072663332, -118.40248449470265)","(34.08775090461182, -118.3379433408162)",36.38333333333333,57,18.333333333333332,9.073032170458275,3.6292128681833096,10,51.073032170458276,40.83333333333333,45,-7.148969883712494,-7.95,0.6901947898570773,0.3098052101429227
LAX,WDHL,8,"(33.94417072663332, -118.40248449470265)","(34.186884248992214, -118.62014631230245)",41.4,78,6.516666666666667,3.459619387270711,1.3838477549082844,15,63.45961938727071,34.016666666666666,48,-8.046795272060406,-10.200000000000001,0.8959678670843008,0.1040321329156992
LAX,DTLA,10,"(33.94417072663332, -118.40248449470265)","(34.0579289355219, -118.31109214562753)",30.666666666666668,50,14.45,6.784812791116883,2.7139251164467533,10,36.784812791116885,36.95,35,-5.525981279111688,-6.75,0.7727699963129993,0.2272300036870008
LAX,PSD,3,"(33.94417072663332, -118.40248449470265)","(34.09315398564331, -118.52670205898471)",38.8,57,35.516666666666666,3.5409621637024595,1.4163848654809839,10,42.54096216370246,58.016666666666666,47,-7.15492954970358,-8.05,0.7099354261754407,0.29006457382455936
LAX,ANH,8,"(33.94417072663332, -118.40248449470265)","(33.86586890379331, -117.94017834291226)",38.266666666666666,77,14.1,9.734276432447492,3.893710572978997,15,96.73427643244749,41.6,52,-11.75342764324475,-10.3,0.18947460883362882,0.8105253911663712
LAX,BVH,11,"(33.94417072663332, -118.40248449470265)","(34.040360299845155, -118.43906044878996)",20.733333333333334,45,9.616666666666667,6.020798550210136,2.4083194200840543,10,31.520798550210138,32.11666666666667,29,-4.7579131883543475,-5.95,0.7671140810607863,0.2328859189392138
LAX,PSD,8,"(33.94417072663332, -118.40248449470265)","(34.098950967047465, -118.59150783117208)",49.85,57,29.366666666666667,6.15160984476484,2.460643937905936,10,45.15160984476484,51.86666666666667,47,-7.108494317809818,-8.05,0.719403697843812,0.28059630215618797
LAX,ANH,12,"(33.94417072663332, -118.40248449470265)","(33.80735430572358, -117.97035238401702)",41.733333333333334,77,12.483333333333333,7.436690996504679,2.9746763986018716,15,94.43669099650468,39.983333333333334,52,-11.442835766317137,-10.3,0.2418000914068671,0.7581999085931329
LAX,DTLA,13,"(33.94417072663332, -118.40248449470265)","(33.998644017524, -118.33177974197439)",21.483333333333334,50,18.1,12.017605345045775,4.80704213801831,10,42.01760534504577,40.6,35,-6.231760534504578,-6.75,0.6267360023978439,0.3732639976021561
LAX,WDHL,6,"(33.94417072663332, -118.40248449470265)","(34.11901884952052, -118.54161878658336)",45.5,78,21.116666666666667,12.790434801730246,5.116173920692098,15,72.79043480173024,48.61666666666667,48,-9.709876813506359,-10.200000000000001,0.620135451503561,0.37986454849643914
LAX,PSD,8,"(33.94417072663332, -118.40248449470265)","(34.12314276833048, -118.51750050077209)",37.333333333333336,57,40.53333333333333,7.685619412978527,3.074247765191411,10,46.685619412978525,63.03333333333333,47,-7.82022860796452,-8.05,0.5571914510902365,0.44280854890976346
LAX,PSD,15,"(33.94417072663332, -118.40248449470265)","(34.1042997471095, -118.51253531476006)",43.833333333333336,57,40.53333333333333,6.135619821075828,2.4542479284303313,10,45.13561982107583,63.03333333333333,47,-7.665228648774249,-8.05,0.5950233774407958,0.4049766225592043
LAX,PSD,8,"(33.94417072663332, -118.40248449470265)","(34.03551912455119, -118.48831081461324)",24.95,57,24.7,12.724028933743474,5.08961157349739,10,51.724028933743476,47.2,47,-7.532402893374348,-8.05,0.6265857180282738,0.37341428197172627
LAX,PSD,14,"(33.94417072663332, -118.40248449470265)","(34.11893059509728, -118.61106563746156)",48.13333333333333,57,36.28333333333333,10.163476480941679,4.065390592376671,10,49.16347648094168,58.78333333333333,47,-7.8555143147608355,-8.05,0.5484687413087173,0.45153125869128274
LAX,DTLA,6,"(33.94417072663332, -118.40248449470265)","(34.087938370544386, -118.23511058254843)",29.95,50,9.266666666666667,8.994364959782386,3.5977459839129544,10,38.99436495978239,31.766666666666666,35,-5.487769829311572,-6.75,0.779409780335214,0.22059021966478606
LAX,LGB,13,"(33.94417072663332, -118.40248449470265)","(33.77630914556158, -118.13860927261159)",29.533333333333335,62,10.1,7.076200704485974,2.8304802817943893,15,58.07620070448597,37.6,34,-7.687620070448597,-7.9,0.5528963066687353,0.44710369333126454
LAX,BVH,15,"(33.94417072663332, -118.40248449470265)","(34.028395688191274, -118.42780148709775)",17.116666666666667,45,12.833333333333334,7.000370955565715,2.800148382226286,10,32.500370955565714,35.333333333333336,29,-5.016703762223238,-5.95,0.7177435419131032,0.2822564580868968
LAX,UVS,14,"(33.94417072663332, -118.40248449470265)","(34.09384386444832, -118.36380604582678)",41.983333333333334,57,20.0,7.783513764828159,3.1134055059312638,10,49.78351376482816,42.5,45,-7.1033513764828164,-7.95,0.6998636425564295,0.30013635744357053
LAX,PSD,5,"(33.94417072663332, -118.40248449470265)","(34.11734801697654, -118.48944481314598)",27.45,57,35.13333333333333,10.118004679862034,4.0472018719448135,10,49.11800467986203,57.63333333333333,47,-7.793467134652871,-8.05,0.56378380311802,0.43621619688198005
LAX,HWD,8,"(33.94417072663332, -118.40248449470265)","(34.08411935166901, -118.37832432316932)",34.35,57,14.4,7.438537983408705,2.975415193363482,10,40.43853798340871,36.9,45,-5.888853798340871,-7.95,0.887069044559984,0.11293095544001601
LAX,LGB,13,"(33.94417072663332, -118.40248449470265)","(33.802161417542436, -118.21839880157803)",23.166666666666668,62,11.066666666666666,9.953753596153135,3.9815014384612537,15,60.953753596153135,38.56666666666666,34,-8.023708692948647,-7.9,0.4691122085390985,0.5308877914609015
LAX,DTLA,21,"(33.94417072663332, -118.40248449470265)","(33.990295605598085, -118.22283102167346)",30.333333333333332,50,16.633333333333333,11.112551231146027,4.4450204924584105,10,41.11255123114603,39.13333333333333,35,-6.06792178978127,-6.75,0.6642023744442808,0.33579762555571935
LAX,PSD,22,"(33.94417072663332, -118.40248449470265)","(34.10128121432775, -118.57700395787332)",51.666666666666664,57,31.166666666666668,4.412017580538992,1.7648070322155966,10,43.41201758053899,53.66666666666667,47,-7.024535091387233,-8.05,0.7360357296006206,0.2639642703993794
LAX,UVS,9,"(33.94417072663332, -118.40248449470265)","(34.18285319796985, -118.28919636428253)",43.266666666666666,57,19.45,12.15475952126323,4.861903808505292,10,54.15475952126323,41.95,45,-7.5129759521263235,-7.95,0.6075496929201636,0.3924503070798364
LAX,DTLA,7,"(33.94417072663332, -118.40248449470265)","(34.082489395917634, -118.25463245716568)",32.71666666666667,50,12.666666666666666,7.021492734220781,2.8085970936883125,10,37.02149273422078,35.166666666666664,35,-5.460482606755411,-6.75,0.7840654917754541,0.2159345082245459
LAX,HWD,8,"(33.94417072663332, -118.40248449470265)","(34.045226650826145, -118.33902713612025)",26.583333333333332,57,16.083333333333332,8.191684311060065,3.2766737244240263,10,41.191684311060065,38.58333333333333,45,-6.048335097772673,-7.95,0.8700798436867251,0.129920156313275
LAX,ANH,14,"(33.94417072663332, -118.40248449470265)","(33.8634514690587, -117.91477887432939)",41.28333333333333,77,17.733333333333334,8.848746595726766,3.539498638290706,15,95.84874659572677,45.233333333333334,52,-11.846541326239343,-10.3,0.17558636960598908,0.8244136303940109
LAX,HWD,10,"(33.94417072663332, -118.40248449470265)","(34.106514355526045, -118.26013511950312)",36.38333333333333,57,19.7,9.952248998905153,3.9808995995620613,10,42.952248998905155,42.2,45,-6.405224899890516,-7.95,0.8241578124098463,0.1758421875901537
LAX,BVH,11,"(33.94417072663332, -118.40248449470265)","(34.10861448992841, -118.45702358699057)",32.983333333333334,45,16.4,9.744487531626646,3.897795012650658,10,35.244487531626646,38.9,29,-5.4694487531626645,-5.95,0.6178780352308524,0.3821219647691476
LAX,BVH,15,"(33.94417072663332, -118.40248449470265)","(34.04431027084442, -118.35473854602452)",24.333333333333332,45,18.05,8.997996571324506,3.5991986285298028,10,34.49799657132451,40.55,29,-5.47729965713245,-5.95,0.6160226918679652,0.38397730813203473
LAX,PSD,7,"(33.94417072663332, -118.40248449470265)","(34.04557146278799, -118.52454424372648)",30.366666666666667,57,15.8,8.224373199628275,3.2897492798513097,10,47.224373199628275,38.3,47,-6.637437319962828,-8.05,0.8041698309211633,0.19583016907883666
LAX,BVH,14,"(33.94417072663332, -118.40248449470265)","(34.10492563999992, -118.45980374107404)",31.633333333333333,45,15.05,9.567748791056736,3.827099516422695,10,35.06774879105674,37.55,29,-5.384274879105673,-5.95,0.6377761851295877,0.3622238148704124
LAX,DTLA,11,"(33.94417072663332, -118.40248449470265)","(34.0763896978311, -118.26082105410585)",30.25,50,10.216666666666667,5.806784181059078,2.3227136724236312,10,35.80678418105908,32.71666666666667,35,-5.216511751439241,-6.75,0.8225161134627266,0.1774838865372735
LAX,ANH,12,"(33.94417072663332, -118.40248449470265)","(33.76718856731759, -117.92475395719447)",36.916666666666664,77,13.616666666666667,7.802807988450727,3.121123195380291,15,94.80280798845072,41.11666666666667,52,-11.536114132178406,-10.3,0.2251131014765991,0.7748868985234009
LAX,BVH,10,"(33.94417072663332, -118.40248449470265)","(34.11872023314141, -118.41305304668217)",40.7,45,15.85,8.971958369924502,3.588783347969801,10,34.4719583699245,38.35,29,-5.364695836992451,-5.95,0.642286978775516,0.357713021224484
LAX,PSD,9,"(33.94417072663332, -118.40248449470265)","(34.09946578448937, -118.5009621082692)",34.016666666666666,57,30.716666666666665,7.386484405053261,2.9545937620213047,10,46.38648440505326,53.21666666666667,47,-7.29948177383866,-8.05,0.6792916075749391,0.32070839242506083
LAX,UVS,14,"(33.94417072663332, -118.40248449470265)","(34.12430462416869, -118.31253495911568)",41.9,57,18.383333333333333,6.568591403816638,2.6274365615266553,10,48.56859140381664,40.88333333333333,45,-6.901025807048331,-7.95,0.7405778674252829,0.2594221325747171
LAX,UVS,8,"(33.94417072663332, -118.40248449470265)","(34.08893152651539, -118.36039867159143)",38.016666666666666,57,21.65,8.563172171225155,3.4252688684900616,10,50.563172171225155,44.15,45,-7.263817217122515,-7.95,0.6651172305183097,0.33488276948169027
LAX,PSD,5,"(33.94417072663332, -118.40248449470265)","(34.069222894216544, -118.60343688792375)",57.05,57,36.55,8.238228116553772,3.295291246621509,10,47.23822811655377,59.05,47,-7.6763228116553766,-8.05,0.5923472170510038,0.40765278294899626
LAX,WDHL,12,"(33.94417072663332, -118.40248449470265)","(34.20369810808885, -118.65410036569845)",44.983333333333334,78,10.066666666666666,8.972638785725934,3.589055514290374,15,68.97263878572593,37.56666666666666,48,-8.775597211905927,-10.200000000000001,0.8060277069255435,0.1939722930744565
LAX,UVS,10,"(33.94417072663332, -118.40248449470265)","(34.18052523632213, -118.35153238504637)",42.36666666666667,57,14.4,7.27137169079672,2.908548676318688,10,49.27137169079672,36.9,45,-6.772137169079672,-7.95,0.7645633175111533,0.23543668248884675
LAX,UVS,7,"(33.94417072663332, -118.40248449470265)","(34.09797876148033, -118.32699667704179)",37.8,57,13.4,8.051354865994757,3.2205419463979026,10,50.05135486599475,35.9,45,-6.800135486599475,-7.95,0.7594861688982819,0.24051383110171803
LAX,ANH,14,"(33.94417072663332, -118.40248449470265)","(33.85122749443003, -117.85618918042145)",40.88333333333333,77,16.45,11.25613400626925,4.5024536025077,15,98.25613400626925,43.95,52,-12.023113400626926,-10.3,0.15147057251018364,0.8485294274898164
LAX,HWD,7,"(33.94417072663332, -118.40248449470265)","(34.138535665585394, -118.36379781479964)",38.166666666666664,57,10.016666666666667,9.614148311753771,3.8456593247015087,10,42.61414831175377,32.516666666666666,45,-5.887248164508711,-7.95,0.8872297930927772,0.11277020690722293
LAX,DTLA,8,"(33.94417072663332, -118.40248449470265)","(34.01036132369919, -118.20726162921468)",28.683333333333334,50,13.8,10.293612210531617,4.117444884212647,10,40.29361221053162,36.3,35,-5.844361221053163,-6.75,0.7121068936510677,0.28789310634893234
LAX,LGB,16,"(33.94417072663332, -118.40248449470265)","(33.79779097075417, -118.16260389877075)",26.0,62,6.166666666666667,3.540563427355517,1.4162253709422068,15,54.540563427355515,33.666666666666664,34,-7.137389676068885,-7.9,0.6819201948868424,0.3180798051131576
LAX,LGB,3,"(33.94417072663332, -118.40248449470265)","(33.77485733078781, -118.12341712432297)",31.016666666666666,62,11.733333333333333,8.139923561111054,3.2559694244444217,15,59.139923561111054,39.233333333333334,34,-7.875659022777772,-7.9,0.506084943872953,0.49391505612704695
LAX,LGB,3,"(33.94417072663332, -118.40248449470265)","(33.79889693414012, -118.16475242292316)",25.1,62,6.666666666666667,3.533256129732134,1.4133024518928536,15,54.53325612973214,34.166666666666664,34,-7.161658946306547,-7.9,0.6766329838914987,0.3233670161085013
LAX,WDHL,17,"(33.94417072663332, -118.40248449470265)","(34.15729526470688, -118.60514437948417)",40.53333333333333,78,4.516666666666667,2.3722074885552082,0.9488829954220833,15,62.372207488555205,32.016666666666666,48,-7.838054082188854,-10.200000000000001,0.9138790806225043,0.08612091937749569
LAX,WDHL,7,"(33.94417072663332, -118.40248449470265)","(34.218074830898445, -118.67017300301868)",53.53333333333333,78,18.616666666666667,12.327802167873527,4.931120867149411,15,72.32780216787353,46.11666666666667,48,-9.538613550120687,-10.200000000000001,0.6595717663807062,0.3404282336192938
LAX,PSD,5,"(33.94417072663332, -118.40248449470265)","(34.09720262515469, -118.56963538656153)",51.75,57,31.266666666666666,3.14514853323474,1.258059413293896,10,42.14514853323474,53.766666666666666,47,-6.902848186656808,-8.05,0.7589902995694371,0.24100970043056297
LAX,LGB,17,"(33.94417072663332, -118.40248449470265)","(33.81629967050521, -118.18314439150966)",22.183333333333334,62,6.066666666666666,4.592801384050681,1.8371205536202722,15,55.59280138405068,33.56666666666666,34,-7.237613471738401,-7.9,0.6597962849834408,0.34020371501655916
LAX,DTLA,9,"(33.94417072663332, -118.40248449470265)","(34.07280880504764, -118.32349310768477)",33.93333333333333,50,20.266666666666666,9.550344216639466,3.8201376866557863,10,39.550344216639466,42.766666666666666,35,-6.09336775499728,-6.75,0.6585034637453494,0.34149653625465065
LAX,LGB,16,"(33.94417072663332, -118.40248449470265)","(33.82420855340743, -118.11323346705369)",30.65,62,9.95,5.6418031557156345,2.256721262286254,15,56.641803155715635,37.45,34,-7.536680315571564,-7.9,0.5898437978463701,0.4101562021536299
LAX,DTLA,6,"(33.94417072663332, -118.40248449470265)","(34.00463709201938, -118.32078517974365)",24.183333333333334,50,15.233333333333333,10.14594514499581,4.058378057998324,10,40.14594514499581,37.733333333333334,35,-5.901261181166247,-6.75,0.7003025140393992,0.2996974859606008
LAX,WDHL,5,"(33.94417072663332, -118.40248449470265)","(34.12838675533468, -118.60590524005295)",49.516666666666666,78,13.5,7.354024759113638,2.941609903645455,15,67.35402475911364,41.0,48,-8.785402475911365,-10.200000000000001,0.8044900812895004,0.1955099187104996
LAX,BVH,6,"(33.94417072663332, -118.40248449470265)","(34.078149422951626, -118.36157152252062)",34.7,45,13.533333333333333,7.4185960438904655,2.967438417556186,10,32.91859604389047,36.03333333333333,29,-5.093526271055714,-5.95,0.7019233891485742,0.29807661085142567
LAX,ANH,5,"(33.94417072663332, -118.40248449470265)","(33.84063729812074, -117.97101945171185)",36.416666666666664,77,10.766666666666667,8.943702144367833,3.5774808577471333,15,95.94370214436783,38.266666666666666,52,-11.507703547770118,-10.3,0.2301076339150843,0.7698923660849157
LAX,LGB,15,"(33.94417072663332, -118.40248449470265)","(33.80526490933742, -118.1234577816486)",26.283333333333335,62,7.233333333333333,4.400133220915629,1.7600532883662516,15,55.40013322091563,34.733333333333334,34,-7.2766799887582305,-7.9,0.6509732562111296,0.34902674378887044
LAX,HWD,8,"(33.94417072663332, -118.40248449470265)","(34.12288533152304, -118.31442283846971)",40.766666666666666,57,12.416666666666666,5.672170583021353,2.2688682332085413,10,38.672170583021355,34.916666666666664,45,-5.613050391635469,-7.95,0.9118913075103482,0.08810869248965182
LAX,ANH,14,"(33.94417072663332, -118.40248449470265)","(33.800540661312326, -117.917875945579)",42.71666666666667,77,5.55,2.017962820485732,0.8071851281942929,15,89.01796282048574,33.05,52,-10.554296282048574,-10.3,0.43676632170057283,0.5632336782994272
LAX,PSD,5,"(33.94417072663332, -118.40248449470265)","(34.139583961856765, -118.54821564733624)",40.4,57,48.1,8.882290508131675,3.55291620325267,10,47.882290508131675,70.6,47,-8.318229050813168,-8.05,0.43334191202855077,0.5666580879714492
LAX,BVH,21,"(33.94417072663332, -118.40248449470265)","(34.03646548990299, -118.45045340661828)",21.566666666666666,45,13.25,7.642315684326379,3.0569262737305514,10,33.14231568432638,35.75,29,-5.101731568432638,-5.95,0.7002037803751646,0.2997962196248355
LAX,LGB,9,"(33.94417072663332, -118.40248449470265)","(33.76296044035218, -118.19864581385596)",25.633333333333333,62,13.533333333333333,11.40649736171236,4.562598944684944,15,62.40649736171236,41.03333333333333,34,-8.292316402837903,-7.9,0.40315979846648053,0.5968402015335194
LAX,PSD,13,"(33.94417072663332, -118.40248449470265)","(34.09521980187367, -118.52055661451405)",40.21666666666667,57,36.916666666666664,4.4843715577383785,1.7937486230953514,10,43.48437155773838,59.416666666666664,47,-7.319270489107171,-8.05,0.67496533830723,0.32503466169277007
LAX,DTLA,12,"(33.94417072663332, -118.40248449470265)","(34.07002929891441, -118.23377128770429)",29.083333333333332,50,8.4,6.676057225995619,2.6704228903982474,10,36.67605722599562,30.9,35,-5.212605722599562,-6.75,0.8230856105114496,0.17691438948855046
LAX,LGB,9,"(33.94417072663332, -118.40248449470265)","(33.80384131672973, -118.19626798046909)",22.6,62,9.533333333333333,6.811007648051238,2.724403059220495,15,57.81100764805124,37.03333333333333,34,-7.632767431471791,-7.9,0.5664133788364227,0.4335866211635772
LAX,WDHL,17,"(33.94417072663332, -118.40248449470265)","(34.11659106717043, -118.66058213468656)",47.0,78,12.25,12.28346586500293,4.913386346001172,15,72.28346586500292,39.75,48,-9.215846586500293,-10.200000000000001,0.7279315665363476,0.27206843346365245
LAX,BVH,7,"(33.94417072663332, -118.40248449470265)","(34.07671413899318, -118.35411863040024)",35.88333333333333,45,14.75,8.399027387580597,3.3596109550322386,10,33.899027387580595,37.25,29,-5.25240273875806,-5.95,0.6676548389464103,0.3323451610535898
LAX,ANH,6,"(33.94417072663332, -118.40248449470265)","(33.79363228888453, -117.85814277098014)",43.96666666666667,77,12.65,9.318152174216115,3.7272608696864458,15,96.31815217421611,40.15,52,-11.639315217421611,-10.3,0.20762269335957803,0.7923773066404219
LAX,PSD,23,"(33.94417072663332, -118.40248449470265)","(34.12134670821499, -118.5559826958249)",42.45,57,50.15,5.783991207592268,2.3135964830369073,10,44.783991207592265,72.65,47,-8.110899120759228,-8.05,0.4847799234146556,0.5152200765853445
LAX,LGB,9,"(33.94417072663332, -118.40248449470265)","(33.76936327449354, -118.1350340070776)",32.71666666666667,62,13.233333333333333,8.367021114868262,3.3468084459473046,15,59.367021114868265,40.733333333333334,34,-7.973368778153494,-7.9,0.48166602900348043,0.5183339709965196
LAX,DTLA,14,"(33.94417072663332, -118.40248449470265)","(34.07895739711736, -118.20591025381725)",34.43333333333333,50,15.333333333333334,10.749185705773527,4.299674282309411,10,40.74918570577353,37.833333333333336,35,-5.966585237244019,-6.75,0.6864156064378323,0.3135843935621677
LAX,DTLA,8,"(33.94417072663332, -118.40248449470265)","(34.00306879303931, -118.21318860433793)",30.183333333333334,50,14.633333333333333,10.38325553722508,4.153302214890032,10,40.38325553722508,37.13333333333333,35,-5.894992220389175,-6.75,0.7016165822853453,0.29838341771465465
LAX,PSD,17,"(33.94417072663332, -118.40248449470265)","(34.12861658075418, -118.48645420991531)",27.6,57,35.3,11.550961211329644,4.620384484531858,10,50.55096121132964,57.8,47,-7.9450961211329645,-8.05,0.5262019451403896,0.4737980548596103
LAX,BVH,10,"(33.94417072663332, -118.40248449470265)","(34.10095364272633, -118.44771268469847)",30.333333333333332,45,13.6,7.870915429374994,3.1483661717499976,10,33.370915429374996,36.1,29,-5.1420915429375,-5.95,0.6916636301879635,0.3083363698120365
LAX,HWD,3,"(33.94417072663332, -118.40248449470265)","(34.13474812781966, -118.39667878102529)",38.7,57,20.766666666666666,12.405910861546474,4.96236434461859,10,45.405910861546474,43.266666666666666,45,-6.703924419487981,-7.95,0.7766197861624811,0.22338021383751896
LAX,BVH,14,"(33.94417072663332, -118.40248449470265)","(34.05368990213351, -118.45543847130381)",23.533333333333335,45,13.933333333333334,6.6952050404841215,2.6780820161936485,10,32.19520504048412,36.43333333333334,29,-5.041187170715079,-5.95,0.7127571694874199,0.28724283051258004
LAX,WDHL,14,"(33.94417072663332, -118.40248449470265)","(34.21274592976873, -118.5457731918544)",41.55,78,13.75,11.143909934868459,4.457563973947384,15,71.14390993486846,41.25,48,-9.176890993486847,-10.200000000000001,0.7355777536747861,0.26442224632521405
LAX,BVH,6,"(33.94417072663332, -118.40248449470265)","(34.04664803764323, -118.46236202427966)",23.166666666666668,45,14.383333333333333,8.077616006209801,3.231046402483921,10,33.5776160062098,36.88333333333333,29,-5.201928267287647,-5.95,0.678758394299818,0.32124160570018195
LAX,BVH,14,"(33.94417072663332, -118.40248449470265)","(34.01441369679617, -118.38423290379255)",19.816666666666666,45,22.333333333333332,9.813411386119741,3.925364554447896,10,35.31341138611974,44.83333333333333,29,-5.773007805278641,-5.95,0.5441328989826136,0.45586710101738637
LAX,UVS,9,"(33.94417072663332, -118.40248449470265)","(34.09065840910507, -118.3263991295009)",38.65,57,15.716666666666667,9.203241146646551,3.6812964586586205,10,51.20324114664655,38.21666666666667,45,-7.031157447997988,-7.95,0.7148062090050054,0.2851937909949947
LAX,UVS,0,"(33.94417072663332, -118.40248449470265)","(34.112349684533704, -118.4052840197245)",36.8,57,21.483333333333334,8.478956600645851,3.39158264025834,10,50.47895660064585,43.983333333333334,45,-7.247062326731252,-7.95,0.668838770035708,0.3311612299642919
LAX,WDHL,5,"(33.94417072663332, -118.40248449470265)","(34.202913340477345, -118.5426652062588)",42.1,78,13.766666666666667,10.512293155358998,4.204917262143599,15,70.512293155359,41.266666666666666,48,-9.114562648869235,-10.200000000000001,0.7475215717776426,0.25247842822235733
LAX,WDHL,7,"(33.94417072663332, -118.40248449470265)","(34.220643321103346, -118.56027293757516)",42.88333333333333,78,13.55,10.701195763062872,4.280478305225149,15,70.70119576306287,41.05,48,-9.122619576306287,-10.200000000000001,0.7459979328203631,0.254002067179637
LAX,BVH,14,"(33.94417072663332, -118.40248449470265)","(34.08108017815959, -118.471243146159)",22.783333333333335,45,14.433333333333334,8.928039193262277,3.571215677304911,10,34.42803919326228,36.93333333333334,29,-5.289470585992895,-5.95,0.659379303935307,0.3406206960646931
LAX,BVH,17,"(33.94417072663332, -118.40248449470265)","(34.08938139055324, -118.44606231968137)",27.75,45,11.166666666666666,6.32184152442234,2.528736609768936,10,31.82184152442234,33.666666666666664,29,-4.865517485775568,-5.95,0.747341319887995,0.25265868011200493
LAX,BVH,13,"(33.94417072663332, -118.40248449470265)","(34.10660078239249, -118.41797143630065)",36.833333333333336,45,11.983333333333333,6.944138009062709,2.7776552036250837,10,32.44413800906271,34.483333333333334,29,-4.968580467572938,-5.95,0.7273897917792201,0.27261020822077975
LAX,PSD,13,"(33.94417072663332, -118.40248449470265)","(34.0683443988667, -118.52958505827607)",34.9,57,17.016666666666666,4.5464094170473865,1.8185637668189545,10,43.546409417047386,39.516666666666666,47,-6.330474275038072,-8.05,0.8480677366372387,0.1519322633627613
LAX,DTLA,9,"(33.94417072663332, -118.40248449470265)","(33.988834026999335, -118.24288204009721)",25.416666666666668,50,16.35,9.986597758503475,3.99463910340139,10,39.98659775850348,38.85,35,-5.941159775850348,-6.75,0.6918623080496296,0.30813769195037033
LAX,WDHL,13,"(33.94417072663332, -118.40248449470265)","(34.16836149227416, -118.54635337984497)",36.35,78,7.783333333333333,8.452118663419366,3.3808474653677463,15,68.45211866341937,35.28333333333333,48,-8.609378533008604,-10.200000000000001,0.8307035211523296,0.16929647884767035
LAX,ANH,13,"(33.94417072663332, -118.40248449470265)","(33.77479111044803, -117.86692279319038)",41.96666666666667,77,10.883333333333333,9.882385436232653,3.952954174493061,15,96.88238543623265,38.38333333333333,52,-11.607405210289933,-10.3,0.2129213702624292,0.7870786297375708
LAX,PSD,5,"(33.94417072663332, -118.40248449470265)","(34.04386401431197, -118.61657689064498)",42.36666666666667,57,21.866666666666667,12.143112974648137,4.857245189859254,10,51.14311297464813,44.36666666666667,47,-7.332644630798146,-8.05,0.6720243857147702,0.3279756142852298
LAX,LGB,8,"(33.94417072663332, -118.40248449470265)","(33.85630374813731, -118.11507839309492)",28.983333333333334,62,15.383333333333333,8.672140963411028,3.468856385364411,15,59.672140963411024,42.88333333333333,34,-8.11138076300777,-7.9,0.4473507023143642,0.5526492976856358
LAX,WDHL,8,"(33.94417072663332, -118.40248449470265)","(34.21017198525592, -118.55235580743889)",40.666666666666664,78,12.133333333333333,10.141025337834265,4.056410135133706,15,70.14102533783426,39.63333333333333,48,-8.995769200450093,-10.200000000000001,0.7692765640183501,0.2307234359816499
LAX,HWD,5,"(33.94417072663332, -118.40248449470265)","(34.06556343994067, -118.38135864574171)",28.533333333333335,57,19.916666666666668,8.973941519965372,3.5895766079861486,10,41.97394151996537,42.41666666666667,45,-6.318227485329871,-7.95,0.836412310851673,0.163587689148327
LAX,WDHL,11,"(33.94417072663332, -118.40248449470265)","(34.117218685857885, -118.56260049569745)",53.43333333333333,78,17.416666666666668,11.111323259589366,4.444529303835746,15,71.11132325958937,44.91666666666667,48,-9.356965659292271,-10.200000000000001,0.6991038981151211,0.300896101884879
LAX,DTLA,13,"(33.94417072663332, -118.40248449470265)","(34.0032635881236, -118.20324260837845)",29.333333333333332,50,16.166666666666668,11.46852960158023,4.587411840632091,10,41.46852960158023,38.66666666666667,35,-6.080186293491357,-6.75,0.6614614437186556,0.33853855628134455
LAX,DTLA,6,"(33.94417072663332, -118.40248449470265)","(34.034951125430126, -118.26901828606964)",24.616666666666667,50,3.75,1.4298712522557975,0.571948500902319,10,31.429871252255797,26.25,35,-4.45548712522558,-6.75,0.9084215769364988,0.09157842306350117
LAX,PSD,11,"(33.94417072663332, -118.40248449470265)","(34.04795698348227, -118.56788058350641)",34.5,57,14.0,7.341951303714818,2.936780521485927,10,46.341951303714815,36.5,47,-6.459195130371482,-8.05,0.8307293124510515,0.1692706875489485
LAX,WDHL,9,"(33.94417072663332, -118.40248449470265)","(34.206202958247935, -118.58957394009676)",43.733333333333334,78,10.633333333333333,6.459362776718745,2.583745110687498,15,66.45936277671875,38.13333333333333,48,-8.552602944338542,-10.200000000000001,0.838538944663392,0.16146105533660798
LAX,BVH,6,"(33.94417072663332, -118.40248449470265)","(34.07997490140102, -118.36419556432807)",33.3,45,13.35,7.15114915486763,2.860459661947052,10,32.65114915486763,35.85,29,-5.057614915486764,-5.95,0.7093821249491014,0.29061787505089864
LAX,UVS,5,"(33.94417072663332, -118.40248449470265)","(34.15066725160043, -118.35724367422425)",36.85,57,7.416666666666667,2.1303275278382996,0.8521310111353199,10,44.1303275278383,29.916666666666668,45,-5.908866086117164,-7.95,0.8850486799119759,0.11495132008802415
LAX,ANH,6,"(33.94417072663332, -118.40248449470265)","(33.80638188970182, -117.8763211695335)",42.46666666666667,77,11.75,6.217202306499803,2.486880922599921,15,93.2172023064998,39.25,52,-11.28422023064998,-10.3,0.2720552007156002,0.7279447992843998
LAX,LGB,8,"(33.94417072663332, -118.40248449470265)","(33.83662935094196, -118.14424759038103)",30.15,62,8.433333333333334,3.6918921613252262,1.4767568645300906,15,54.69189216132523,35.93333333333334,34,-7.26585588279919,-7.9,0.6534285334109913,0.34657146658900867
LAX,PSD,14,"(33.94417072663332, -118.40248449470265)","(34.0528108838566, -118.55270023280534)",34.31666666666667,57,8.766666666666667,6.083789225307373,2.4335156901229493,10,45.08378922530737,31.266666666666666,47,-6.071712255864071,-8.05,0.8784985162616186,0.12150148373838142
LAX,PSD,14,"(33.94417072663332, -118.40248449470265)","(34.08420584147336, -118.58465414040825)",51.36666666666667,57,30.883333333333333,4.922532369760698,1.9690129479042793,10,43.922532369760695,53.38333333333333,47,-7.0614199036427365,-8.05,0.7288073735832804,0.2711926264167196
LAX,ANH,10,"(33.94417072663332, -118.40248449470265)","(33.82440650951836, -117.9023513092523)",41.86666666666667,77,8.083333333333334,3.182694874395835,1.273077949758334,15,90.18269487439584,35.583333333333336,52,-10.79743615410625,-10.3,0.37814337099905765,0.6218566290009423
LAX,DTLA,5,"(33.94417072663332, -118.40248449470265)","(34.08716634975327, -118.26576189765655)",34.3,50,14.25,7.592861179526201,3.0371444718104805,10,37.5928611795262,36.75,35,-5.596786117952621,-6.75,0.7600974559301513,0.23990254406984865
LAX,PSD,13,"(33.94417072663332, -118.40248449470265)","(34.14257753626423, -118.52713586372731)",39.11666666666667,57,46.8,9.977009335826024,3.9908037343304095,10,48.977009335826025,69.3,47,-8.362700933582602,-8.05,0.4224556088950911,0.5775443911049088
LAX,PSD,8,"(33.94417072663332, -118.40248449470265)","(34.03101000879511, -118.52352064649864)",26.0,57,20.083333333333332,10.574109176119023,4.22964367044761,10,49.57410917611902,42.58333333333333,47,-7.086577584278569,-8.05,0.7238065062527674,0.2761934937472327
LAX,ANH,9,"(33.94417072663332, -118.40248449470265)","(33.80488600936977, -117.88542383254641)",42.516666666666666,77,11.233333333333333,4.988700068041992,1.995480027216797,15,91.988700068042,38.733333333333334,52,-11.135536673470867,-10.3,0.30247564401784144,0.6975243559821586
LAX,DTLA,6,"(33.94417072663332, -118.40248449470265)","(34.02726382746392, -118.25177952491846)",23.133333333333333,50,5.25,3.5208671752674707,1.4083468701069883,10,33.52086717526747,27.75,35,-4.739586717526747,-6.75,0.8818860777374651,0.11811392226253484
LAX,HWD,4,"(33.94417072663332, -118.40248449470265)","(34.13090646461764, -118.26275033774829)",38.43333333333333,57,21.1,11.445826515383018,4.578330606153207,10,44.44582651538302,43.6,45,-6.624582651538303,-7.95,0.7900816001610446,0.20991839983895544
LAX,HWD,12,"(33.94417072663332, -118.40248449470265)","(34.11966610744458, -118.31304898654504)",39.8,57,11.466666666666667,5.224145159067696,2.0896580636270783,10,38.224145159067696,33.96666666666667,45,-5.520747849240103,-7.95,0.919030900437106,0.08096909956289408
LAX,UVS,8,"(33.94417072663332, -118.40248449470265)","(34.16916953977998, -118.31812848230216)",41.56666666666667,57,13.2,7.491419832204521,2.9965679328818084,10,49.49141983220452,35.7,45,-6.734141983220453,-7.95,0.771333816036394,0.22866618396360605
LAX,HWD,11,"(33.94417072663332, -118.40248449470265)","(34.13672030728175, -118.34066819980671)",39.86666666666667,57,12.266666666666667,7.984502112578252,3.1938008450313005,10,40.984502112578255,34.766666666666666,45,-5.836783544591159,-7.95,0.8921811273491802,0.10781887265081981
LAX,BVH,10,"(33.94417072663332, -118.40248449470265)","(34.038428348454325, -118.35667822524256)",25.2,45,19.083333333333332,9.238963054417077,3.695585221766831,10,34.73896305441708,41.58333333333333,29,-5.553062972108375,-5.95,0.5979515262082766,0.40204847379172337
LAX,LGB,8,"(33.94417072663332, -118.40248449470265)","(33.868686335879104, -118.19227833907313)",23.2,62,12.7,10.828411341371451,4.3313645365485804,15,61.82841134137145,40.2,34,-8.192841134137145,-7.9,0.4273084531066734,0.5726915468933266
LAX,HWD,8,"(33.94417072663332, -118.40248449470265)","(34.10631628899807, -118.26979653889654)",39.75,57,16.783333333333335,8.610632564663424,3.4442530258653696,10,41.610632564663426,39.28333333333333,45,-6.125229923133009,-7.95,0.8611375145973239,0.13886248540267615
LAX,UVS,3,"(33.94417072663332, -118.40248449470265)","(34.1294893780745, -118.33137051268321)",46.85,57,15.866666666666667,3.734501315835189,1.4938005263340757,10,45.73450131583519,38.36666666666667,45,-6.491783464916853,-7.95,0.8112597469090015,0.18874025309099854
LAX,PSD,15,"(33.94417072663332, -118.40248449470265)","(34.07641159181594, -118.55617585087464)",38.35,57,4.366666666666666,2.1611667000590393,0.8644666800236157,10,41.16116670005904,26.866666666666667,47,-5.459450003339238,-8.05,0.9302509116366533,0.06974908836334673
LAX,LGB,11,"(33.94417072663332, -118.40248449470265)","(33.87042372705224, -118.20140507883059)",20.316666666666666,62,10.333333333333334,11.831963578820952,4.732785431528381,15,62.831963578820954,37.833333333333336,34,-8.174863024548763,-7.9,0.4317136213496128,0.5682863786503871
LAX,BVH,12,"(33.94417072663332, -118.40248449470265)","(34.04030381706935, -118.40047516921834)",23.05,45,9.283333333333333,4.807399107255998,1.9229596429023994,10,30.307399107255996,31.78333333333333,29,-4.619906577392267,-5.95,0.7908560875617705,0.20914391243822947
LAX,HWD,15,"(33.94417072663332, -118.40248449470265)","(34.104845003312015, -118.25926517784946)",35.766666666666666,57,19.15,10.004151988993845,4.001660795597538,10,43.00415198899385,41.65,45,-6.382915198899385,-7.95,0.8273676264163143,0.17263237358368577
LAX,UVS,9,"(33.94417072663332, -118.40248449470265)","(34.160285630315826, -118.30876768541832)",40.71666666666667,57,13.6,7.632843034782832,3.053137213913133,10,49.63284303478283,36.1,45,-6.768284303478284,-7.95,0.7652561503235781,0.23474384967642184
LAX,DTLA,10,"(33.94417072663332, -118.40248449470265)","(34.04857571572322, -118.20359226969272)",30.233333333333334,50,12.35,9.180644798196317,3.6722579192785267,10,39.18064479819632,34.85,35,-5.660564479819632,-6.75,0.7482754114738638,0.25172458852613616
LAX,HWD,5,"(33.94417072663332, -118.40248449470265)","(34.062993215442106, -118.35154951442419)",31.466666666666665,57,13.066666666666666,6.056474929461462,2.4225899717845847,10,39.05647492946146,35.56666666666666,45,-5.6839808262794795,-7.95,0.9060233876800752,0.09397661231992488
LAX,UVS,8,"(33.94417072663332, -118.40248449470265)","(34.176760474814714, -118.37536003049654)",41.75,57,12.916666666666666,7.213417868509565,2.885367147403826,10,49.213417868509566,35.416666666666664,45,-6.69217512018429,-7.95,0.7786514457125125,0.22134855428748748
LAX,PSD,13,"(33.94417072663332, -118.40248449470265)","(34.08298667024767, -118.59184663331261)",52.38333333333333,57,31.883333333333333,5.973093779653952,2.3892375118615807,10,44.97309377965395,54.38333333333333,47,-7.216476044632062,-8.05,0.6970995356581905,0.3029004643418094
LAX,UVS,6,"(33.94417072663332, -118.40248449470265)","(34.14730895461856, -118.32913037512337)",40.06666666666667,57,8.266666666666667,4.024392613875666,1.6097570455502663,10,46.02439261387566,30.766666666666666,45,-6.140772594720899,-7.95,0.8592684732797153,0.14073152672028472
LAX,LGB,13,"(33.94417072663332, -118.40248449470265)","(33.758187787227406, -118.10193002979771)",30.133333333333333,62,11.7,12.227856750547218,4.891142700218888,15,63.22785675054722,39.2,34,-8.282785675054722,-7.9,0.40545520219749126,0.5945447978025087
LAX,LGB,6,"(33.94417072663332, -118.40248449470265)","(33.871414610920795, -118.16036395303216)",22.733333333333334,62,13.283333333333333,9.63738984506177,3.8549559380247085,15,60.63738984506177,40.78333333333333,34,-8.102905651172843,-7.9,0.44944691049835556,0.5505530895016445
LAX,ANH,11,"(33.94417072663332, -118.40248449470265)","(33.82039698545321, -117.92702579382646)",38.46666666666667,77,8.233333333333333,1.8239561845651553,0.7295824738260621,15,88.82395618456516,35.733333333333334,52,-10.669062285123184,-10.3,0.4087676259583864,0.5912323740416137
LAX,PSD,4,"(33.94417072663332, -118.40248449470265)","(34.104993757423124, -118.48260127905797)",31.65,57,39.35,10.179137367647865,4.071654947059146,10,49.17913736764787,61.85,47,-8.010413736764788,-8.05,0.5098952736251708,0.49010472637482927
LAX,UVS,9,"(33.94417072663332, -118.40248449470265)","(34.0822708860777, -118.3805642954069)",36.46666666666667,57,26.516666666666666,10.342074102615562,4.136829641046225,10,52.34207410261556,49.016666666666666,45,-7.68504074359489,-7.95,0.5658549937237066,0.43414500627629327
LAX,UVS,14,"(33.94417072663332, -118.40248449470265)","(34.101504162137196, -118.3909085312978)",41.43333333333333,57,31.783333333333335,8.173610963385737,3.269444385354295,10,50.17361096338574,54.28333333333333,45,-7.731527763005241,-7.95,0.5544018473029821,0.44559815269701786
LAX,WDHL,9,"(33.94417072663332, -118.40248449470265)","(34.139331800434185, -118.60967896573848)",43.36666666666667,78,7.366666666666666,5.503752677216256,2.2015010708865024,15,65.50375267721626,34.86666666666667,48,-8.29370860105496,-10.200000000000001,0.8706019322452734,0.12939806775472656
LAX,WDHL,6,"(33.94417072663332, -118.40248449470265)","(34.14147419135303, -118.64484058415718)",45.1,78,10.183333333333334,7.623316767919492,3.049326707167797,15,67.62331676791949,37.68333333333334,48,-8.646498343458616,-10.200000000000001,0.8254189045565008,0.17458109544349915
LAX,PSD,7,"(33.94417072663332, -118.40248449470265)","(34.1091210628187, -118.5717125677619)",53.483333333333334,57,34.3,4.720029070928153,1.8880116283712614,10,43.720029070928156,56.8,47,-7.212002907092816,-8.05,0.6980432130108871,0.30195678698911294
LAX,PSD,9,"(33.94417072663332, -118.40248449470265)","(34.082848089998464, -118.5092730310641)",33.85,57,30.55,5.998168212826952,2.399267285130781,10,44.998168212826954,53.05,47,-7.152316821282695,-8.05,0.7104731625496432,0.28952683745035684
LAX,LGB,7,"(33.94417072663332, -118.40248449470265)","(33.76554518619489, -118.11788397372521)",31.916666666666668,62,13.616666666666667,9.929091717283917,3.971636686913567,15,60.92909171728392,41.11666666666667,34,-8.148742505061726,-7.9,0.43813303563821154,0.5618669643617885
LAX,BVH,5,"(33.94417072663332, -118.40248449470265)","(34.04764521518259, -118.46262767380479)",22.383333333333333,45,13.616666666666667,8.040471321301865,3.216188528520746,10,33.540471321301865,36.11666666666667,29,-5.15988046546352,-5.95,0.6878569963894592,0.3121430036105409
LAX,LGB,10,"(33.94417072663332, -118.40248449470265)","(33.83068755087329, -118.10637083388326)",30.85,62,10.816666666666666,6.927039886917665,2.770815954767066,15,57.92703988691767,38.31666666666666,34,-7.708537322025101,-7.9,0.5477199820593972,0.45228001794060274
LAX,ANH,5,"(33.94417072663332, -118.40248449470265)","(33.86889293687804, -117.87949258062805)",39.233333333333334,77,14.566666666666666,11.296004812474767,4.518401924989907,15,98.29600481247476,42.06666666666666,52,-11.93293381458081,-10.3,0.1634288543182605,0.8365711456817394
LAX,ANH,14,"(33.94417072663332, -118.40248449470265)","(33.82428244039328, -117.98113868138589)",38.78333333333333,77,14.633333333333333,9.178470208111259,3.6713880832445036,15,96.17847020811126,42.13333333333333,52,-11.724513687477794,-10.3,0.1939549548722332,0.8060450451277669
LAX,PSD,7,"(33.94417072663332, -118.40248449470265)","(34.10153660214705, -118.59417231529461)",48.083333333333336,57,27.583333333333332,6.658184357460115,2.663273742984046,10,45.658184357460115,50.08333333333333,47,-7.069985102412678,-8.05,0.7271111723380855,0.27288882766191447
LAX,DTLA,9,"(33.94417072663332, -118.40248449470265)","(34.050680133712625, -118.28073835489984)",26.966666666666665,50,6.0,2.3311543549305402,0.9324617419722161,10,32.33115435493054,28.5,35,-4.6581154354930545,-6.75,0.8901118955631321,0.1098881044368679
LAX,LGB,12,"(33.94417072663332, -118.40248449470265)","(33.82824641220866, -118.12611107156343)",30.116666666666667,62,9.083333333333334,4.180782845943054,1.6723131383772216,15,55.18078284594306,36.583333333333336,34,-7.347244951260973,-7.9,0.6347745468453683,0.3652254531546317
LAX,WDHL,9,"(33.94417072663332, -118.40248449470265)","(34.20073429379768, -118.62174144629378)",43.11666666666667,78,7.216666666666667,5.63053302632733,2.252213210530932,15,65.63053302632733,34.71666666666667,48,-8.298886635966067,-10.200000000000001,0.8700174845810982,0.12998251541890188
LAX,BVH,8,"(33.94417072663332, -118.40248449470265)","(34.02281485605691, -118.39821252326709)",19.116666666666667,45,14.9,7.7910608174676765,3.1164243269870706,10,33.291060817467674,37.4,29,-5.199106081746768,-5.95,0.6793734482814556,0.3206265517185444
LAX,ANH,6,"(33.94417072663332, -118.40248449470265)","(33.82054615044398, -117.97538554546672)",38.81666666666667,77,16.066666666666666,8.238656093763838,3.295462437505535,15,95.23865609376384,43.56666666666666,52,-11.702198942709717,-10.3,0.1974674042941274,0.8025325957058725
LAX,LGB,13,"(33.94417072663332, -118.40248449470265)","(33.78993960096329, -118.15488451286645)",26.65,62,5.666666666666667,4.522376196179773,1.8089504784719093,15,55.52237619617977,33.166666666666664,34,-7.2105709529513105,-7.9,0.6658399033917035,0.3341600966082965
LAX,UVS,11,"(33.94417072663332, -118.40248449470265)","(34.125170593338964, -118.35086237013137)",38.53333333333333,57,10.233333333333333,2.3648364324955877,0.9459345729982351,10,44.364836432495586,32.733333333333334,45,-6.073150309916225,-7.95,0.8672488561305884,0.1327511438694116
LAX,DTLA,13,"(33.94417072663332, -118.40248449470265)","(34.00319773436013, -118.24901199969726)",24.933333333333334,50,14.1,7.360347305811283,2.9441389223245134,10,37.36034730581128,36.6,35,-5.566034730581128,-6.75,0.765660020577318,0.23433997942268203
LAX,PSD,13,"(33.94417072663332, -118.40248449470265)","(34.13615301319336, -118.54012022747737)",39.35,57,47.05,8.42029240715659,3.368116962862636,10,47.42029240715659,69.55,47,-8.219529240715659,-8.05,0.4577189051467227,0.5422810948532774
LAX,BVH,5,"(33.94417072663332, -118.40248449470265)","(34.073950338672624, -118.44243909067733)",25.65,45,10.416666666666666,4.6194115329176935,1.8477646131670775,10,30.119411532917695,32.916666666666664,29,-4.657774486625103,-5.95,0.7845236421913875,0.21547635780861252
LAX,ANH,9,"(33.94417072663332, -118.40248449470265)","(33.83794475614902, -117.87562610490026)",41.56666666666667,77,13.15,7.64974245349806,3.0598969813992243,15,94.64974245349806,40.65,52,-11.497474245349807,-10.3,0.23192483891904933,0.7680751610809506
LAX,HWD,7,"(33.94417072663332, -118.40248449470265)","(34.08143206870161, -118.37406933044188)",33.6,57,12.983333333333333,6.942937219060539,2.7771748876242155,10,39.94293721906054,35.483333333333334,45,-5.768460388572721,-7.95,0.8985794698040156,0.10142053019598445
LAX,ANH,13,"(33.94417072663332, -118.40248449470265)","(33.78794368430822, -117.9561548718932)",40.55,77,12.583333333333334,6.789051870504342,2.715620748201737,15,93.78905187050434,40.083333333333336,52,-11.3830718537171,-10.3,0.2529251371598573,0.7470748628401427
LAX,LGB,8,"(33.94417072663332, -118.40248449470265)","(33.825614422330176, -118.2137777521053)",18.25,62,10.016666666666667,9.1488052969337,3.6595221187734803,15,60.1488052969337,37.516666666666666,34,-7.890713863026704,-7.9,0.5023215175608571,0.4976784824391429
LAX,PSD,13,"(33.94417072663332, -118.40248449470265)","(34.12819954219645, -118.53414198948776)",45.5,57,53.18333333333333,7.306830403129957,2.9227321612519828,10,46.30683040312996,75.68333333333334,47,-8.414849706979663,-8.05,0.4097860976649997,0.5902139023350003
LAX,PSD,10,"(33.94417072663332, -118.40248449470265)","(34.098687933765135, -118.51786754978407)",41.53333333333333,57,38.233333333333334,5.0408681804935584,2.0163472721974234,10,44.04086818049356,60.733333333333334,47,-7.440753484716024,-8.05,0.6477689028768393,0.3522310971231608
LAX,BVH,13,"(33.94417072663332, -118.40248449470265)","(34.03212104036702, -118.37057140671457)",21.416666666666668,45,17.15,8.35416781227673,3.341667124910692,10,33.85416781227673,39.65,29,-5.367916781227673,-5.95,0.6415466139468847,0.35845338605311533
LAX,WDHL,5,"(33.94417072663332, -118.40248449470265)","(34.19932443900073, -118.57558399931935)",40.266666666666666,78,11.1,6.465047190103819,2.5860188760415275,15,66.46504719010382,38.6,48,-8.576504719010382,-10.200000000000001,0.8352766078566134,0.16472339214338658
LAX,LGB,12,"(33.94417072663332, -118.40248449470265)","(33.80340772105425, -118.14289303364103)",23.366666666666667,62,4.7,2.4787505658753655,0.9915002263501461,15,53.478750565875366,32.2,34,-6.957875056587537,-7.9,0.7195286861774877,0.2804713138225123
LAX,DTLA,11,"(33.94417072663332, -118.40248449470265)","(34.03941625462141, -118.30461320378433)",26.416666666666668,50,8.15,5.395809035813377,2.158323614325351,10,35.39580903581338,30.65,35,-5.072080903581338,-6.75,0.8426287885248258,0.1573712114751742
LAX,WDHL,11,"(33.94417072663332, -118.40248449470265)","(34.11374384914426, -118.67116704837656)",51.43333333333333,78,16.7,13.662713912642829,5.465085565057132,15,73.66271391264283,44.2,48,-9.576271391264283,-10.200000000000001,0.6510660867251984,0.3489339132748016
LAX,DTLA,5,"(33.94417072663332, -118.40248449470265)","(34.08888287405693, -118.30244637864446)",35.833333333333336,50,15.15,9.36169618962081,3.7446784758483243,10,39.36169618962081,37.65,35,-5.8186696189620815,-6.75,0.7173451129994244,0.2826548870005756
LAX,HWD,14,"(33.94417072663332, -118.40248449470265)","(34.036028517931484, -118.38175749327799)",19.083333333333332,57,26.733333333333334,12.379993913843496,4.951997565537399,10,45.37999391384349,49.233333333333334,45,-6.999666058051016,-7.95,0.7211823314871916,0.27881766851280837
LAX,DTLA,14,"(33.94417072663332, -118.40248449470265)","(33.991456749108906, -118.24534110576)",25.066666666666666,50,15.7,9.44127088020409,3.7765083520816365,10,39.44127088020409,38.2,35,-5.854127088020409,-6.75,0.7101006469534208,0.2898993530465792
LAX,WDHL,11,"(33.94417072663332, -118.40248449470265)","(34.136094064116136, -118.57267793358913)",49.56666666666667,78,15.9,7.623153709539716,3.0492614838158865,15,67.62315370953972,43.4,48,-8.932315370953972,-10.200000000000001,0.7803461369571469,0.2196538630428531
LAX,PSD,6,"(33.94417072663332, -118.40248449470265)","(34.10895254025226, -118.49501748259696)",27.95,57,35.63333333333333,8.746710553307311,3.498684221322925,10,47.74671055330731,58.13333333333333,47,-7.681337721997398,-8.05,0.5911356981324021,0.408864301867598
LAX,UVS,12,"(33.94417072663332, -118.40248449470265)","(34.12562653980157, -118.32830708555454)",46.0,57,15.016666666666667,4.42952166803508,1.7718086672140319,10,46.42952166803508,37.516666666666666,45,-6.5187855001368415,-7.95,0.8070904783821266,0.19290952161787345
LAX,WDHL,6,"(33.94417072663332, -118.40248449470265)","(34.15474053097154, -118.63432231390438)",41.15,78,6.233333333333333,5.021912308206105,2.008764923282442,15,65.02191230820611,33.733333333333334,48,-8.188857897487278,-10.200000000000001,0.8819619727095381,0.11803802729046188
LAX,ANH,11,"(33.94417072663332, -118.40248449470265)","(33.832393058193524, -117.92805007529716)",38.05,77,7.033333333333333,3.713353738778248,1.4853414955112991,15,90.71335373877825,34.53333333333333,52,-10.798002040544493,-10.3,0.37801031143768093,0.6219896885623191
LAX,BVH,6,"(33.94417072663332, -118.40248449470265)","(34.0949852531771, -118.37433586432256)",40.516666666666666,45,12.916666666666666,7.218004967625806,2.8872019870503225,10,32.7180049676258,35.416666666666664,29,-5.042633830095913,-5.95,0.712460897429067,0.28753910257093296
LAX,WDHL,11,"(33.94417072663332, -118.40248449470265)","(34.15061666319346, -118.60789497712256)",41.583333333333336,78,5.566666666666666,3.5428699619654997,1.4171479847861999,15,63.5428699619655,33.06666666666666,48,-8.007620329529884,-10.200000000000001,0.8995631125650699,0.1004368874349301
LAX,WDHL,9,"(33.94417072663332, -118.40248449470265)","(34.20494569729528, -118.54061362218245)",41.233333333333334,78,13.383333333333333,10.946570291930868,4.378628116772347,15,70.94657029193087,40.88333333333333,48,-9.138823695859754,-10.200000000000001,0.7429152743710716,0.25708472562892837
LAX,WDHL,8,"(33.94417072663332, -118.40248449470265)","(34.18427838412088, -118.64542473099951)",42.81666666666667,78,7.966666666666667,6.184469234773818,2.4737876939095274,15,66.18446923477381,35.46666666666667,48,-8.391780256810716,-10.200000000000001,0.8591465764495526,0.14085342355044728
LAX,ANH,16,"(33.94417072663332, -118.40248449470265)","(33.78909624006654, -117.89712193805256)",40.583333333333336,77,7.866666666666666,5.074783961855514,2.029913584742206,15,92.07478396185552,35.36666666666667,52,-10.975811729518885,-10.3,0.3371967212981153,0.6628032787018848
LAX,WDHL,8,"(33.94417072663332, -118.40248449470265)","(34.13043972875556, -118.61232084487554)",46.3,78,10.283333333333333,7.072101586962326,2.8288406347849304,15,67.07210158696233,37.78333333333333,48,-8.596376825362901,-10.200000000000001,0.832524164773769,0.167475835226231
LAX,DTLA,10,"(33.94417072663332, -118.40248449470265)","(34.040625529647464, -118.26199904511788)",26.55,50,4.05,0.868528891621138,0.3474115566484552,10,30.86852889162114,26.55,35,-4.414352889162114,-6.75,0.9117866014704884,0.0882133985295116
LAX,WDHL,8,"(33.94417072663332, -118.40248449470265)","(34.21475407968223, -118.60142019751281)",46.05,78,9.6,7.549107830729303,3.0196431322917214,15,67.5491078307293,37.1,48,-8.60991078307293,-10.200000000000001,0.8306286548921791,0.1693713451078209
LAX,LGB,9,"(33.94417072663332, -118.40248449470265)","(33.869321560364554, -118.14840874920286)",25.283333333333335,62,15.716666666666667,9.195339319059796,3.678135727623918,15,60.1953393190598,43.21666666666667,34,-8.180367265239314,-7.9,0.43036373839512165,0.5696362616048783
LAX,DTLA,12,"(33.94417072663332, -118.40248449470265)","(34.09571719237999, -118.22757574535797)",33.5,50,12.816666666666666,10.701698966583631,4.280679586633452,10,40.701698966583635,35.31666666666666,35,-5.836003229991697,-6.75,0.7138173287671736,0.28618267123282637
LAX,LGB,9,"(33.94417072663332, -118.40248449470265)","(33.84094566610646, -118.15302429564079)",29.466666666666665,62,10.7,4.305059644532936,1.7220238578131746,15,55.30505964453294,38.2,34,-7.440505964453294,-7.9,0.6128941404460116,0.3871058595539884
LAX,UVS,2,"(33.94417072663332, -118.40248449470265)","(34.18179406165513, -118.30085964120609)",42.06666666666667,57,18.533333333333335,10.780584692377033,4.312233876950813,10,52.78058469237703,41.03333333333333,45,-7.32972513590437,-7.95,0.6502810595396559,0.3497189404603441
LAX,ANH,15,"(33.94417072663332, -118.40248449470265)","(33.854035107057044, -117.9682879481515)",34.95,77,10.116666666666667,10.109219774667576,4.04368790986703,15,97.10921977466758,37.61666666666667,52,-11.591755310800092,-10.3,0.215555854446633,0.7844441455533671
LAX,HWD,9,"(33.94417072663332, -118.40248449470265)","(34.100352397252685, -118.35631938415004)",40.166666666666664,57,10.683333333333334,4.422438255392953,1.7689753021571812,10,37.422438255392954,33.18333333333334,45,-5.4014104922059625,-7.95,0.9274786993509927,0.07252130064900733
LAX,UVS,15,"(33.94417072663332, -118.40248449470265)","(34.11814117860012, -118.34600618490327)",39.733333333333334,57,12.516666666666667,3.731893732872992,1.4927574931491967,10,45.73189373287299,35.016666666666666,45,-6.3240227066206325,-7.95,0.8356178228182948,0.16438217718170525
LAX,ANH,8,"(33.94417072663332, -118.40248449470265)","(33.85272883678236, -117.90281225555347)",37.88333333333333,77,14.716666666666667,7.357399550952474,2.9429598203809895,15,94.35739955095248,42.21666666666667,52,-11.546573288428583,-10.3,0.22329388261213365,0.7767061173878663
LAX,WDHL,11,"(33.94417072663332, -118.40248449470265)","(34.12699665192641, -118.57362049865051)",50.65,78,15.7,8.844214729864063,3.5376858919456255,15,68.84421472986406,43.2,48,-9.044421472986407,-10.200000000000001,0.760528382079407,0.23947161792059304
LAX,HWD,6,"(33.94417072663332, -118.40248449470265)","(34.10715860759661, -118.29644367214)",39.65,57,11.183333333333334,5.153668169379568,2.0614672677518273,10,38.15366816937957,33.68333333333334,45,-5.499533483604624,-7.95,0.920595559565099,0.07940444043490108
LAX,ANH,6,"(33.94417072663332, -118.40248449470265)","(33.7737706547018, -117.88718169904361)",39.36666666666667,77,9.7,8.050118999031792,3.2200475996127165,15,95.0501189990318,37.2,52,-11.36501189990318,-10.3,0.25635283968648886,0.7436471603135112
LAX,UVS,5,"(33.94417072663332, -118.40248449470265)","(34.131901909544105, -118.30599676792012)",43.983333333333334,57,23.266666666666666,7.126796082796856,2.8507184331187423,10,49.12679608279686,45.766666666666666,45,-7.201012941613019,-7.95,0.6789579442213329,0.321042055778667
LAX,BVH,17,"(33.94417072663332, -118.40248449470265)","(34.088600970152775, -118.34417816062987)",36.63333333333333,45,19.566666666666666,10.357494232696851,4.14299769307874,10,35.85749423269685,42.06666666666666,29,-5.689082756603018,-5.95,0.5648617571637282,0.4351382428362718
LAX,HWD,14,"(33.94417072663332, -118.40248449470265)","(34.14496439405695, -118.3078313423432)",43.03333333333333,57,17.066666666666666,9.583406148184482,3.8333624592737925,10,42.58340614818448,39.56666666666666,45,-6.236673948151782,-7.95,0.8472671909433813,0.15273280905661876
LAX,BVH,14,"(33.94417072663332, -118.40248449470265)","(34.03728028524671, -118.4025313468373)",22.283333333333335,45,9.6,5.222667367197818,2.0890669468791274,10,30.72266736719782,32.1,29,-4.677266736719782,-5.95,0.7812102784650513,0.21878972153494872
LAX,UVS,12,"(33.94417072663332, -118.40248449470265)","(34.18300217333416, -118.40938476812056)",36.28333333333333,57,13.183333333333334,10.928065530362138,4.3712262121448555,10,52.92806553036214,35.68333333333334,45,-7.076973219702881,-7.95,0.7053751174738007,0.2946248825261992
LAX,ANH,4,"(33.94417072663332, -118.40248449470265)","(33.80300308844775, -117.9749531762162)",40.45,77,13.066666666666666,8.206307189405187,3.282522875762075,15,95.20630718940518,40.56666666666666,52,-11.548964052273853,-10.3,0.22287951784961918,0.7771204821503808
LAX,UVS,14,"(33.94417072663332, -118.40248449470265)","(34.154793650459645, -118.29157496430271)",37.88333333333333,57,10.783333333333333,9.529233637392021,3.8116934549568087,10,51.529233637392025,33.28333333333333,45,-6.817090030405869,-7.95,0.7563755237885771,0.24362447621142289
LAX,HWD,9,"(33.94417072663332, -118.40248449470265)","(34.076811947608434, -118.29855185114587)",35.21666666666667,57,11.866666666666667,4.853588077411305,1.941435230964522,10,37.8535880774113,34.36666666666667,45,-5.503692141074464,-7.95,0.9202910320880322,0.0797089679119678
LAX,UVS,8,"(33.94417072663332, -118.40248449470265)","(34.179742140737346, -118.30150992613159)",41.3,57,18.066666666666666,10.47017564643653,4.188070258574612,10,52.47017564643653,40.56666666666666,45,-7.2753508979769865,-7.95,0.662543387999492,0.33745661200050797
LAX,ANH,12,"(33.94417072663332, -118.40248449470265)","(33.79400568853678, -117.85355120228063)",45.733333333333334,77,13.983333333333333,9.9204340685569,3.96817362742276,15,96.9204340685569,41.483333333333334,52,-11.766210073522357,-10.3,0.18751934770363457,0.8124806522963655
LAX,DTLA,15,"(33.94417072663332, -118.40248449470265)","(34.01448163174794, -118.2007105522472)",29.966666666666665,50,12.083333333333334,10.747432408101904,4.298972963240762,10,40.7474324081019,34.583333333333336,35,-5.803909907476857,-6.75,0.7203281846602823,0.27967181533971786
LAX,BVH,14,"(33.94417072663332, -118.40248449470265)","(34.04952633268445, -118.42142174800767)",23.433333333333334,45,5.566666666666666,3.2828918585322824,1.313156743412913,10,28.78289185853228,28.066666666666666,29,-4.281622519186562,-5.95,0.8413593773208967,0.15864062267910325
LAX,LGB,10,"(33.94417072663332, -118.40248449470265)","(33.80863807886711, -118.13979834101593)",26.983333333333334,62,5.233333333333333,2.0752992744319925,0.8301197097727969,15,53.07529927443199,32.733333333333334,34,-6.944196594109866,-7.9,0.7222807908171589,0.2777192091828411
LAX,DTLA,16,"(33.94417072663332, -118.40248449470265)","(34.06106847922835, -118.24139564007872)",29.733333333333334,50,9.033333333333333,4.829889929017535,1.9319559716070143,10,34.82988992901753,31.53333333333333,35,-5.059655659568421,-6.75,0.8442694386253147,0.1557305613746854
LAX,PSD,5,"(33.94417072663332, -118.40248449470265)","(34.0378053374899, -118.54337995813606)",31.283333333333335,57,16.366666666666667,8.724478247372232,3.489791298948893,10,47.72447824737223,38.86666666666667,47,-6.715781158070556,-8.05,0.7915376244610982,0.20846237553890182
LAX,PSD,16,"(33.94417072663332, -118.40248449470265)","(34.13060191511405, -118.56544089375942)",42.516666666666666,57,52.61666666666667,7.628850536529049,3.0515402146116193,10,46.62885053652905,75.11666666666667,47,-8.418718386986239,-8.05,0.40885074071629174,0.5911492592837083
LAX,WDHL,9,"(33.94417072663332, -118.40248449470265)","(34.22358869857016, -118.63584960255925)",48.13333333333333,78,12.533333333333333,10.054247772130832,4.021699108852333,15,70.05424777213084,40.03333333333333,48,-9.00709144387975,-10.200000000000001,0.7672608535420562,0.2327391464579438
LAX,ANH,10,"(33.94417072663332, -118.40248449470265)","(33.76385872098618, -117.97449184715363)",34.416666666666664,77,15.466666666666667,11.541815394601475,4.61672615784059,15,98.54181539460147,42.96666666666667,52,-12.002514872793482,-10.3,0.15413709358989988,0.8458629064101002
LAX,HWD,10,"(33.94417072663332, -118.40248449470265)","(34.13984802232976, -118.37761879856629)",36.11666666666667,57,12.983333333333333,10.990917561331827,4.396367024532731,10,43.99091756133183,35.483333333333334,45,-6.17325842279985,-7.95,0.8552940501993597,0.14470594980064042
LAX,PSD,12,"(33.94417072663332, -118.40248449470265)","(34.05197142755252, -118.54200738742523)",35.11666666666667,57,14.7,6.343069364299177,2.537227745719671,10,45.343069364299176,37.2,47,-6.394306936429918,-8.05,0.8396590005219565,0.16034099947804334
LAX,UVS,15,"(33.94417072663332, -118.40248449470265)","(34.12118888610013, -118.34491982739972)",40.083333333333336,57,12.3,3.310722918230825,1.32428916729233,10,45.31072291823082,34.8,45,-6.271072291823082,-7.95,0.842762489788983,0.1572375102110169
LAX,LGB,11,"(33.94417072663332, -118.40248449470265)","(33.84413406990589, -118.17125255501414)",26.3,62,9.483333333333333,5.638574242685259,2.2554296970741037,15,56.63857424268526,36.983333333333334,34,-7.513024090935193,-7.9,0.5955544994958799,0.4044455005041202
LAX,UVS,5,"(33.94417072663332, -118.40248449470265)","(34.15583493597832, -118.29846940789874)",37.5,57,10.4,8.651186215919978,3.460474486367991,10,50.65118621591998,32.9,45,-6.710118621591999,-7.95,0.7755433657891224,0.22445663421087758
LAX,WDHL,4,"(33.94417072663332, -118.40248449470265)","(34.13509211561203, -118.54550860636515)",40.81666666666667,78,13.6,10.569920959780205,4.227968383912082,15,70.5699209597802,41.1,48,-9.111992095978021,-10.200000000000001,0.7480064113657205,0.2519935886342795
LAX,LGB,13,"(33.94417072663332, -118.40248449470265)","(33.78111900585227, -118.08972032425737)",29.883333333333333,62,11.45,10.694910672346097,4.2779642689384385,15,61.6949106723461,38.95,34,-8.11699106723461,-7.9,0.44596409094462003,0.5540359090553799
LAX,BVH,15,"(33.94417072663332, -118.40248449470265)","(34.12254422264864, -118.37169788276937)",40.03333333333333,45,20.95,11.186877651735214,4.474751060694086,10,36.686877651735216,43.45,29,-5.8411877651735225,-5.95,0.5271762498646171,0.47282375013538297
LAX,UVS,7,"(33.94417072663332, -118.40248449470265)","(34.112647915724494, -118.34525308245247)",42.25,57,15.3,4.662131507723235,1.864852603089294,10,46.66213150772323,37.8,45,-6.556213150772323,-7.95,0.8011961039633231,0.1988038960366769
LAX,LGB,14,"(33.94417072663332, -118.40248449470265)","(33.76344242688317, -118.16065315601777)",31.416666666666668,62,13.066666666666666,9.158257121304544,3.663302848521818,15,60.158257121304544,40.56666666666666,34,-8.044159045463788,-7.9,0.4640225235484661,0.5359774764515339
LAX,DTLA,8,"(33.94417072663332, -118.40248449470265)","(34.03535179865816, -118.24674728690354)",27.166666666666668,50,8.45,3.232712338633047,1.2930849354532188,10,33.23271233863305,30.95,35,-4.870771233863305,-6.75,0.867522515829907,0.132477484170093
LAX,HWD,9,"(33.94417072663332, -118.40248449470265)","(34.079993640211285, -118.34977135488559)",37.2,57,8.6,3.810738395001003,1.5242953580004013,10,36.810738395001,31.1,45,-5.236073839500101,-7.95,0.9378434106909499,0.062156589309050166
LAX,ANH,13,"(33.94417072663332, -118.40248449470265)","(33.82157971475307, -117.92125482187869)",37.95,77,4.016666666666667,1.646302005984016,0.6585208023936064,15,88.64630200598401,31.516666666666666,52,-10.440463533931736,-10.3,0.4649417392080071,0.5350582607919929
LAX,PSD,6,"(33.94417072663332, -118.40248449470265)","(34.070320190411344, -118.61551442475108)",54.083333333333336,57,33.9,9.792513937708366,3.9170055750833463,10,48.792513937708364,56.4,47,-7.699251393770837,-8.05,0.5867991021989066,0.4132008978010933
LAX,BVH,8,"(33.94417072663332, -118.40248449470265)","(34.031264947084175, -118.45563547163508)",19.733333333333334,45,14.05,8.798254109895314,3.519301643958126,10,34.29825410989531,36.55,29,-5.257325410989531,-5.95,0.6665616380516873,0.33343836194831256
LAX,HWD,6,"(33.94417072663332, -118.40248449470265)","(34.108195237190984, -118.26154189448125)",37.05,57,20.2,9.83685628403485,3.93474251361394,10,42.83685628403485,42.7,45,-6.418685628403486,-7.95,0.8221985410785229,0.17780145892147722
LAX,UVS,15,"(33.94417072663332, -118.40248449470265)","(34.14510075766142, -118.29111042820753)",41.75,57,16.816666666666666,9.241411939582619,3.6965647758330475,10,51.24141193958262,39.31666666666666,45,-7.089974527291596,-7.95,0.7026659762960702,0.2973340237039298
LAX,DTLA,11,"(33.94417072663332, -118.40248449470265)","(34.082323114077624, -118.29340387234403)",33.15,50,12.466666666666667,7.725889482466863,3.0903557929867453,10,37.72588948246686,34.96666666666667,35,-5.52092228158002,-6.75,0.7736571126585542,0.2263428873414459
LAX,DTLA,11,"(33.94417072663332, -118.40248449470265)","(34.04734305845942, -118.220336213514)",29.0,50,11.116666666666667,6.769973828025898,2.7079895312103592,10,36.7699738280259,33.61666666666667,35,-5.357830716135923,-6.75,0.8009383311533083,0.19906166884669174
LAX,ANH,12,"(33.94417072663332, -118.40248449470265)","(33.80753054535332, -117.96271637639589)",44.1,77,13.833333333333334,6.342640464085038,2.5370561856340155,15,93.34264046408504,41.333333333333336,52,-11.400930713075171,-10.3,0.24956554742963868,0.7504344525703613
LAX,HWD,9,"(33.94417072663332, -118.40248449470265)","(34.08402593111906, -118.37959999744575)",37.766666666666666,57,14.883333333333333,7.6214140402625254,3.04856561610501,10,40.62141404026252,37.38333333333333,45,-5.931308070692919,-7.95,0.8827456840683641,0.117254315931636
LAX,ANH,7,"(33.94417072663332, -118.40248449470265)","(33.79240383785398, -117.90900872398991)",42.25,77,8.083333333333334,3.7026847145834685,1.4810738858333874,15,90.70268471458347,35.583333333333336,52,-10.849435138125013,-10.3,0.36599547118840886,0.6340045288115911
LAX,WDHL,8,"(33.94417072663332, -118.40248449470265)","(34.22450126035546, -118.64974122555901)",48.65,78,13.966666666666667,11.195039791787199,4.478015916714879,15,71.1950397917872,41.46666666666667,48,-9.192837312512054,-10.200000000000001,0.7324645156270809,0.26753548437291896
LAX,BVH,16,"(33.94417072663332, -118.40248449470265)","(34.02996433982828, -118.35635623576097)",23.3,45,18.416666666666668,10.119962001584092,4.047984800633637,10,35.61996200158409,40.91666666666667,29,-5.607829533491744,-5.95,0.5847176586681476,0.41528234133185243
LAX,BVH,14,"(33.94417072663332, -118.40248449470265)","(34.0542349355805, -118.43151178455413)",23.083333333333332,45,5.666666666666667,3.588985025008877,1.4355940100035507,10,29.088985025008878,28.166666666666668,29,-4.317231835834221,-5.95,0.8365484967168431,0.16345150328315686
LAX,HWD,14,"(33.94417072663332, -118.40248449470265)","(34.12767332533543, -118.25946932075382)",37.18333333333333,57,20.25,11.52035663126863,4.608142652507452,10,44.520356631268626,42.75,45,-6.589535663126863,-7.95,0.7958351542600155,0.20416484573998442
LAX,HWD,5,"(33.94417072663332, -118.40248449470265)","(34.142071957340434, -118.27766339788245)",37.11666666666667,57,19.8,11.212222262038097,4.4848889048152385,10,44.2122222620381,42.3,45,-6.53622222620381,-7.95,0.804361114033068,0.195638885966932
LAX,BVH,15,"(33.94417072663332, -118.40248449470265)","(34.06419860096507, -118.42458089129751)",25.35,45,4.266666666666667,1.9326202076461145,0.7730480830584459,10,27.432620207646114,26.766666666666666,29,-4.081595354097945,-5.95,0.8662735737626744,0.13372642623732556
LAX,UVS,14,"(33.94417072663332, -118.40248449470265)","(34.15247642632009, -118.40214134691017)",33.733333333333334,57,12.216666666666667,7.159318331993868,2.863727332797547,10,49.159318331993866,34.71666666666667,45,-6.651765166532721,-7.95,0.785537758519244,0.21446224148075602
LAX,PSD,4,"(33.94417072663332, -118.40248449470265)","(34.056903765029425, -118.4961781997656)",26.916666666666668,57,22.483333333333334,9.477731747256275,3.79109269890251,10,48.47773174725627,44.983333333333334,47,-7.096939841392295,-8.05,0.721730184016764,0.278269815983236
LAX,DTLA,10,"(33.94417072663332, -118.40248449470265)","(33.99343103957368, -118.23559837636643)",27.2,50,14.2,9.692454070653264,3.8769816282613054,10,39.69245407065326,36.7,35,-5.804245407065326,-6.75,0.7202605914300835,0.27973940856991664
LAX,LGB,13,"(33.94417072663332, -118.40248449470265)","(33.84089645244419, -118.16740563784897)",26.683333333333334,62,7.483333333333333,4.880092125900836,1.9520368503603343,15,55.88009212590084,34.983333333333334,34,-7.33717587925675,-7.9,0.6371057351797172,0.36289426482028275
LAX,ANH,9,"(33.94417072663332, -118.40248449470265)","(33.84451127759022, -117.86938147462811)",42.61666666666667,77,16.05,9.045993189375418,3.618397275750167,15,96.04599318937542,43.55,52,-11.782099318937544,-10.3,0.18511053895176946,0.8148894610482306
LAX,ANH,5,"(33.94417072663332, -118.40248449470265)","(33.85080661340984, -117.98606568162229)",34.88333333333333,77,13.266666666666667,11.71658322321128,4.686633289284512,15,98.71658322321127,40.766666666666666,52,-11.909991655654462,-10.3,0.16658977208131093,0.833410227918689
LAX,UVS,5,"(33.94417072663332, -118.40248449470265)","(34.149425955901805, -118.42130020379021)",31.65,57,13.583333333333334,9.670286740597254,3.8681146962389015,10,51.670286740597255,36.083333333333336,45,-6.971195340726393,-7.95,0.7268709702358168,0.27312902976418313
LAX,BVH,10,"(33.94417072663332, -118.40248449470265)","(34.04352340399006, -118.4076389075564)",22.816666666666666,45,7.75,4.025364082425473,1.6101456329701893,10,29.525364082425472,30.25,29,-4.465036408242548,-5.95,0.8153211315828602,0.1846788684171398
LAX,PSD,4,"(33.94417072663332, -118.40248449470265)","(34.06881121109708, -118.55466054162214)",40.63333333333333,57,5.75,3.3693271779858773,1.347730871194351,10,42.36932717798588,28.25,47,-5.649432717798588,-8.05,0.9168705513823117,0.08312944861768833
LAX,PSD,13,"(33.94417072663332, -118.40248449470265)","(34.10160776372592, -118.6075129070313)",50.3,57,30.116666666666667,8.480391134917548,3.392156453967019,10,47.48039113491755,52.61666666666667,47,-7.378872446825088,-8.05,0.6617555912268177,0.33824440877318224
LAX,UVS,10,"(33.94417072663332, -118.40248449470265)","(34.11285923947548, -118.39138767123622)",39.7,57,25.933333333333334,6.814785846004803,2.725914338401921,10,48.8147858460048,48.43333333333334,45,-7.303145251267147,-7.95,0.6563013378808473,0.3436986621191526
LAX,DTLA,14,"(33.94417072663332, -118.40248449470265)","(34.03202717596078, -118.22742009962234)",28.366666666666667,50,10.483333333333333,6.026288849357999,2.4105155397431997,10,36.026288849358,32.983333333333334,35,-5.251795551602466,-6.75,0.817306523322166,0.18269347667783398
LAX,UVS,16,"(33.94417072663332, -118.40248449470265)","(34.149175004991065, -118.35581848948308)",37.13333333333333,57,7.583333333333333,1.853944520034214,0.7415778080136856,10,43.85394452003421,30.083333333333332,45,-5.889561118670088,-7.95,0.8869981675370986,0.11300183246290145
LAX,ANH,6,"(33.94417072663332, -118.40248449470265)","(33.77820011924336, -117.9177438482001)",40.016666666666666,77,10.45,5.863784396919764,2.3455137587679054,15,92.86378439691977,37.95,52,-11.183878439691979,-10.3,0.2923747160948998,0.7076252839051002
LAX,ANH,20,"(33.94417072663332, -118.40248449470265)","(33.769451614116896, -117.85349045523272)",41.88333333333333,77,10.816666666666666,11.960528869110336,4.7842115476441345,15,98.96052886911033,38.31666666666666,52,-11.811886220244368,-10.3,0.18065942362616097,0.8193405763738391
LAX,HWD,14,"(33.94417072663332, -118.40248449470265)","(34.07723629968389, -118.28526180828513)",33.35,57,15.366666666666667,6.5191381167826,2.60765524671304,10,39.5191381167826,37.86666666666667,45,-5.8452471450115935,-7.95,0.8913642736030991,0.10863572639690099
LAX,LGB,16,"(33.94417072663332, -118.40248449470265)","(33.789108871314895, -118.21348264201498)",23.183333333333334,62,11.066666666666666,10.085195968086708,4.0340783872346835,15,61.08519596808671,38.56666666666666,34,-8.036852930142004,-7.9,0.46584006516409915,0.534159934835901
LAX,DTLA,11,"(33.94417072663332, -118.40248449470265)","(34.063819545220696, -118.25571009333655)",28.15,50,8.1,3.9328305113120803,1.5731322045248322,10,33.93283051131208,30.6,35,-4.923283051131209,-6.75,0.8613701573166681,0.1386298426833318
LAX,DTLA,7,"(33.94417072663332, -118.40248449470265)","(34.078241643442134, -118.28130375344003)",31.6,50,10.916666666666666,6.378264038648547,2.5513056154594187,10,36.378264038648545,33.416666666666664,35,-5.308659737198188,-6.75,0.8086621130126204,0.19133788698737964
LAX,LGB,9,"(33.94417072663332, -118.40248449470265)","(33.78737359272181, -118.0898357537058)",30.316666666666666,62,11.883333333333333,10.113696951866158,4.045478780746463,15,61.11369695186616,39.38333333333333,34,-8.080536361853284,-7.9,0.45498810066238554,0.5450118993376144
LAX,BVH,10,"(33.94417072663332, -118.40248449470265)","(34.11693338534027, -118.40769127714205)",39.36666666666667,45,15.033333333333333,8.677677009849699,3.4710708039398797,10,34.1776770098497,37.53333333333333,29,-5.294434367651637,-5.95,0.6582635669280329,0.3417364330719671
LAX,UVS,13,"(33.94417072663332, -118.40248449470265)","(34.095907538335865, -118.39653799157473)",33.916666666666664,57,28.85,9.430884082665793,3.7723536330663174,10,51.43088408266579,51.35,45,-7.710588408266579,-7.95,0.5595686402087636,0.4404313597912363
LAX,LGB,6,"(33.94417072663332, -118.40248449470265)","(33.80502314221896, -118.09461423605858)",30.4,62,12.9,8.35763379005372,3.343053516021488,15,59.35763379005372,40.4,34,-7.955763379005372,-7.9,0.4860627666103276,0.5139372333896725
LAX,WDHL,16,"(33.94417072663332, -118.40248449470265)","(34.14034025810155, -118.61620565275923)",43.43333333333333,78,7.733333333333333,5.520403892713217,2.208161557085287,15,65.52040389271322,35.233333333333334,48,-8.31370705593799,-10.200000000000001,0.8683322763180995,0.13166772368190044
LAX,PSD,11,"(33.94417072663332, -118.40248449470265)","(34.04231503657493, -118.52495808797705)",30.716666666666665,57,17.183333333333334,8.702551701557319,3.4810206806229274,10,47.70255170155732,39.68333333333334,47,-6.754421836822399,-8.05,0.7850898545808194,0.21491014541918071
LAX,ANH,7,"(33.94417072663332, -118.40248449470265)","(33.86314064741614, -117.96269669060294)",36.46666666666667,77,12.5,10.79394227469953,4.317576909879812,15,97.79394227469953,40.0,52,-11.779394227469954,-10.3,0.1855189350908186,0.8144810649091814
LAX,DTLA,4,"(33.94417072663332, -118.40248449470265)","(34.03438699420418, -118.33473359821166)",22.15,50,8.883333333333333,9.795074759059592,3.918029903623837,10,39.79507475905959,31.383333333333333,35,-5.548674142572626,-6.75,0.7687605621866546,0.2312394378133455
LAX,DTLA,15,"(33.94417072663332, -118.40248449470265)","(34.084111385151864, -118.25484657694506)",33.583333333333336,50,13.533333333333333,7.28431156732107,2.913724626928428,10,37.28431156732107,36.03333333333333,35,-5.530097823398774,-6.75,0.7720463338674978,0.22795366613250226
LAX,PSD,15,"(33.94417072663332, -118.40248449470265)","(34.087756534673446, -118.61497277496018)",49.88333333333333,57,29.7,9.223849414892921,3.6895397659571687,10,48.223849414892925,52.2,47,-7.4323849414892935,-8.05,0.6496759367263407,0.3503240632736594
LAX,PSD,16,"(33.94417072663332, -118.40248449470265)","(34.09500770880467, -118.61756065968197)",48.5,57,28.316666666666666,9.668353206227872,3.867341282491149,10,48.66835320622787,50.81666666666666,47,-7.4076686539561205,-8.05,0.655280274260682,0.3447197257393179
LAX,LGB,9,"(33.94417072663332, -118.40248449470265)","(33.83618295397187, -118.20641506665889)",24.533333333333335,62,12.1,8.666307609261692,3.4665230437046763,15,59.66630760926169,39.6,34,-7.94663076092617,-7.9,0.4883444217097721,0.511655578290228
LAX,BVH,6,"(33.94417072663332, -118.40248449470265)","(34.08692254810686, -118.34590040970707)",36.9,45,19.45,10.023743910084086,4.0094975640336346,10,35.523743910084086,41.95,29,-5.649874391008408,-5.95,0.5744732226865165,0.4255267773134836
LAX,ANH,18,"(33.94417072663332, -118.40248449470265)","(33.819168474775516, -117.9063271734939)",40.75,77,6.816666666666666,2.178360957997547,0.8713443831990189,15,89.17836095799754,34.31666666666666,52,-10.63366942913309,-10.3,0.4173480633037021,0.5826519366962979
LAX,PSD,10,"(33.94417072663332, -118.40248449470265)","(34.10070254984336, -118.52434813599001)",41.233333333333334,57,38.266666666666666,4.35142808977586,1.740571235910344,10,43.35142808977586,60.766666666666666,47,-7.373476142310919,-8.05,0.6629624173963586,0.3370375826036414
LAX,ANH,8,"(33.94417072663332, -118.40248449470265)","(33.757255068538775, -117.97619243271771)",35.61666666666667,77,16.433333333333334,12.547609967959197,5.019043987183679,15,99.5476099679592,43.93333333333334,52,-12.151427663462588,-10.3,0.13570536009043072,0.8642946399095693
LAX,WDHL,14,"(33.94417072663332, -118.40248449470265)","(34.22221744553663, -118.55629654958994)",43.75,78,14.366666666666667,11.264311924928352,4.505724769971341,15,71.26431192492835,41.86666666666667,48,-9.219764525826168,-10.200000000000001,0.7271549370654767,0.2728450629345233
LAX,LGB,0,"(33.94417072663332, -118.40248449470265)","(33.791075164886145, -118.16661079168932)",26.116666666666667,62,7.966666666666667,4.833176468008532,1.9332705872034128,15,55.83317646800853,35.46666666666667,34,-7.356650980134187,-7.9,0.6325911406226408,0.36740885937735923
LAX,BVH,4,"(33.94417072663332, -118.40248449470265)","(34.10079750319893, -118.41276786146526)",36.916666666666664,45,12.383333333333333,5.883743516314153,2.353497406525661,10,31.383743516314155,34.88333333333333,29,-4.882541018298083,-5.95,0.7441133841424932,0.2558866158575069
LAX,HWD,16,"(33.94417072663332, -118.40248449470265)","(34.06003194245266, -118.37917714247826)",25.783333333333335,57,19.333333333333332,9.235212149252467,3.694084859700987,10,42.23521214925247,41.83333333333333,45,-6.315187881591914,-7.95,0.8368277848070458,0.1631722151929543
LAX,BVH,8,"(33.94417072663332, -118.40248449470265)","(34.11237843078014, -118.43788154989606)",37.15,45,13.45,8.741228057376436,3.4964912229505742,10,34.24122805737643,35.95,29,-5.221622805737644,-5.95,0.6744490580625035,0.32555094193749645
LAX,WDHL,8,"(33.94417072663332, -118.40248449470265)","(34.177657574177495, -118.56504947252213)",36.36666666666667,78,6.3,5.872246271733301,2.3488985086933205,15,65.8722462717333,33.8,48,-8.27722462717333,-10.200000000000001,0.8724476042756536,0.12755239572434643
LAX,LGB,9,"(33.94417072663332, -118.40248449470265)","(33.77459866206055, -118.10069266553228)",27.016666666666666,62,8.583333333333334,10.184395383158964,4.073758153263586,15,61.184395383158964,36.083333333333336,34,-7.922606204982564,-7.9,0.4943486894230262,0.5056513105769739
LAX,PSD,14,"(33.94417072663332, -118.40248449470265)","(34.047353630098904, -118.52868320512424)",31.45,57,15.2,7.690710896120554,3.0762843584482216,10,46.69071089612056,37.7,47,-6.554071089612057,-8.05,0.8169665024280803,0.1830334975719197
LAX,UVS,8,"(33.94417072663332, -118.40248449470265)","(34.18023199956342, -118.40684010032454)",35.65,57,12.883333333333333,10.333710722590645,4.133484289036258,10,52.333710722590645,35.38333333333333,45,-7.0025377389257315,-7.95,0.7206045319588229,0.2793954680411771
LAX,LGB,7,"(33.94417072663332, -118.40248449470265)","(33.786893149750604, -118.18825661510972)",27.183333333333334,62,12.466666666666667,7.318366934640289,2.9273467738561156,15,58.31836693464029,39.96666666666667,34,-7.830170026797363,-7.9,0.5174504028690917,0.4825495971309083
LAX,PSD,19,"(33.94417072663332, -118.40248449470265)","(34.0859521105883, -118.61281691154481)",49.88333333333333,57,29.7,8.922212466532857,3.568884986613143,10,47.922212466532855,52.2,47,-7.402221246653286,-8.05,0.656509735389344,0.34349026461065607
LAX,BVH,4,"(33.94417072663332, -118.40248449470265)","(34.10850971123453, -118.41306510944739)",37.416666666666664,45,12.883333333333333,7.21333899998031,2.885335599992124,10,32.71333899998031,35.38333333333333,29,-5.040500566664698,-5.95,0.7128977204094799,0.28710227959052015
LAX,UVS,13,"(33.94417072663332, -118.40248449470265)","(34.146340186776804, -118.31109670574742)",42.583333333333336,57,11.35,6.4516776867709416,2.5806710747083765,10,48.45167768677094,33.85,45,-6.537667768677094,-7.95,0.8041335371492389,0.19586646285076106
LAX,UVS,5,"(33.94417072663332, -118.40248449470265)","(34.11097603180783, -118.37778922480722)",41.983333333333334,57,18.15,5.7396731815900806,2.295869272636032,10,47.73967318159008,40.65,45,-6.806467318159008,-7.95,0.7583276530805408,0.24167234691945919
LAX,HWD,14,"(33.94417072663332, -118.40248449470265)","(34.122881032926166, -118.33739051035498)",37.9,57,9.85,5.558142141418713,2.2232568565674855,10,38.55814214141871,32.35,45,-5.473314214141872,-7.95,0.9224911590716106,0.07750884092838937
LAX,DTLA,7,"(33.94417072663332, -118.40248449470265)","(34.07113196142116, -118.2401963142213)",32.55,50,11.866666666666667,6.193962616156065,2.477585046462426,10,36.193962616156064,34.36666666666667,35,-5.33772959494894,-6.75,0.8041237991557254,0.19587620084427462
LAX,DTLA,8,"(33.94417072663332, -118.40248449470265)","(34.03105454250761, -118.29923870452758)",25.983333333333334,50,8.35,5.03632205120261,2.0145288204810443,10,35.03632205120261,30.85,35,-5.046132205120261,-6.75,0.8460392163090027,0.1539607836909973
LAX,LGB,9,"(33.94417072663332, -118.40248449470265)","(33.86336810421554, -118.15616162743389)",25.25,62,13.55,8.191651610795962,3.276660644318385,15,59.19165161079596,41.05,34,-7.971665161079596,-7.9,0.4820913738098687,0.5179086261901312
LAX,BVH,10,"(33.94417072663332, -118.40248449470265)","(34.07814680886657, -118.4476092112298)",25.466666666666665,45,11.75,5.551252592996876,2.2205010371987504,10,31.051252592996875,34.25,29,-4.817625259299688,-5.95,0.7562768827757455,0.2437231172242545
LAX,HWD,14,"(33.94417072663332, -118.40248449470265)","(34.13714202918358, -118.39622008946336)",37.416666666666664,57,20.35,12.604889222842878,5.0419556891371515,10,45.60488922284288,42.85,45,-6.702988922284288,-7.95,0.7767820356166544,0.2232179643833456
LAX,BVH,4,"(33.94417072663332, -118.40248449470265)","(34.096160966379955, -118.45047949133408)",28.516666666666666,45,12.25,7.560523209477741,3.0242092837910963,10,33.06052320947774,34.75,29,-5.043552320947774,-5.95,0.7122726983434333,0.2877273016565667
LAX,PSD,5,"(33.94417072663332, -118.40248449470265)","(34.09774725410192, -118.48273598331969)",34.06666666666667,57,42.083333333333336,9.875509076284366,3.9502036305137462,10,48.87550907628437,64.58333333333334,47,-8.116717574295105,-8.05,0.48332679066480383,0.5166732093351961
LAX,WDHL,10,"(33.94417072663332, -118.40248449470265)","(34.13750822395829, -118.63570100525659)",43.4,78,8.966666666666667,7.240489371095983,2.896195748438393,15,67.24048937109598,36.46666666666667,48,-8.547382270442931,-10.200000000000001,0.8392445302664391,0.1607554697335609
LAX,UVS,8,"(33.94417072663332, -118.40248449470265)","(34.1163659518277, -118.383531222764)",44.6,57,21.066666666666666,5.571598371485377,2.228639348594151,10,47.57159837148538,43.56666666666666,45,-6.935493170481871,-7.95,0.7339012162596513,0.2660987837403487
LAX,BVH,2,"(33.94417072663332, -118.40248449470265)","(34.047109902046046, -118.41137596921729)",25.183333333333334,45,7.116666666666666,3.3703889842140593,1.3481555936856238,10,28.87038898421406,29.616666666666667,29,-4.36787223175474,-5.95,0.8295056507991164,0.1704943492008836
LAX,WDHL,10,"(33.94417072663332, -118.40248449470265)","(34.19102971820927, -118.54207079174114)",39.28333333333333,78,11.55,9.683409107964257,3.873363643185703,15,69.68340910796425,39.05,48,-8.920840910796425,-10.200000000000001,0.7823066008034902,0.21769339919650973
LAX,LGB,15,"(33.94417072663332, -118.40248449470265)","(33.83726560304685, -118.11991953796617)",32.36666666666667,62,11.766666666666667,5.802440023082701,2.3209760092330805,15,56.8024400230827,39.266666666666666,34,-7.643577335641604,-7.9,0.5637567010191491,0.436243298980851
LAX,PSD,13,"(33.94417072663332, -118.40248449470265)","(34.0414328968185, -118.54769797115196)",33.4,57,9.783333333333333,8.048171535096394,3.2192686140385574,10,47.048171535096394,32.28333333333333,47,-6.318983820176307,-8.05,0.8495423546450726,0.15045764535492745
LAX,BVH,7,"(33.94417072663332, -118.40248449470265)","(34.09100547764805, -118.39993026190243)",33.1,45,9.283333333333333,4.506142052398194,1.8024568209592775,10,30.006142052398193,31.78333333333333,29,-4.589780871906486,-5.95,0.7957953094644113,0.20420469053558868
LAX,HWD,5,"(33.94417072663332, -118.40248449470265)","(34.142081997335985, -118.36743417671823)",36.85,57,13.933333333333334,10.410956941253078,4.164382776501231,10,43.410956941253076,36.43333333333334,45,-6.162762360791975,-7.95,0.8565882689897864,0.14341173101021376
LAX,LGB,6,"(33.94417072663332, -118.40248449470265)","(33.77463797510562, -118.14312556050376)",30.5,62,10.533333333333333,7.222257725591657,2.8889030902366626,15,58.22225772559166,38.03333333333333,34,-7.723892439225833,-7.9,0.5439134549555494,0.4560865450444507
LAX,WDHL,16,"(33.94417072663332, -118.40248449470265)","(34.18493933848256, -118.63527478887784)",43.43333333333333,78,7.35,4.916923893852228,1.9667695575408912,15,64.91692389385223,34.85,48,-8.234192389385223,-10.200000000000001,0.8771600959320909,0.12283990406790916
LAX,ANH,7,"(33.94417072663332, -118.40248449470265)","(33.786574090593696, -117.97570308041358)",38.85,77,15.416666666666666,9.279304305795504,3.7117217223182015,15,96.2793043057955,42.916666666666664,52,-11.773763763912886,-10.3,0.186371214337076,0.813628785662924
LAX,WDHL,12,"(33.94417072663332, -118.40248449470265)","(34.19937063205674, -118.56886809354732)",39.53333333333333,78,9.483333333333333,7.139863758985486,2.8559455035941945,15,67.13986375898548,36.983333333333334,48,-8.563153042565215,-10.200000000000001,0.8371054456580337,0.16289455434196634
LAX,LGB,11,"(33.94417072663332, -118.40248449470265)","(33.77004913844298, -118.10417362283283)",30.516666666666666,62,12.083333333333334,10.416179842241833,4.166471936896733,15,61.41617984224183,39.583333333333336,34,-8.120784650890851,-7.9,0.44502696506264744,0.5549730349373526
LAX,PSD,6,"(33.94417072663332, -118.40248449470265)","(34.031216263363866, -118.58089655885685)",36.1,57,15.916666666666666,10.715700318444632,4.286280127377853,10,49.71570031844463,38.416666666666664,47,-6.892403365177797,-8.05,0.7608957366173498,0.2391042633826503
LAX,LGB,8,"(33.94417072663332, -118.40248449470265)","(33.86359729363212, -118.15081920533562)",24.866666666666667,62,14.066666666666666,8.200368410382213,3.280147364152885,15,59.20036841038221,41.56666666666666,34,-7.998370174371555,-7.9,0.47542726844003264,0.5245727315599673
LAX,LGB,9,"(33.94417072663332, -118.40248449470265)","(33.84967771382318, -118.0931217818237)",28.983333333333334,62,13.95,10.170232312724895,4.0680929250899585,15,61.17023231272489,41.45,34,-8.18952323127249,-7.9,0.42812059195119023,0.5718794080488098
LAX,LGB,7,"(33.94417072663332, -118.40248449470265)","(33.84760364690648, -118.18394046184594)",25.566666666666666,62,13.316666666666666,7.196466500430376,2.8785866001721505,15,58.196466500430375,40.81666666666666,34,-7.86047998337637,-7.9,0.509878718448061,0.4901212815519389
LAX,HWD,11,"(33.94417072663332, -118.40248449470265)","(34.074436306018264, -118.36690991860429)",31.583333333333332,57,14.466666666666667,6.420322895999481,2.5681291583997927,10,39.42032289599948,36.96666666666667,45,-5.790365622933282,-7.95,0.8965656471635275,0.10343435283647255
LAX,LGB,7,"(33.94417072663332, -118.40248449470265)","(33.85250448742791, -118.09704214430894)",28.233333333333334,62,15.033333333333333,10.011031317179807,4.004412526871922,15,61.01103131717981,42.53333333333333,34,-8.227769798384648,-7.9,0.4187833643042765,0.5812166356957236
LAX,BVH,6,"(33.94417072663332, -118.40248449470265)","(34.077560994748026, -118.36058095326835)",33.35,45,13.716666666666667,7.529702550994735,3.011881020397894,10,33.029702550994735,36.21666666666667,29,-5.113803588432807,-5.95,0.6976635321079507,0.3023364678920492
LAX,LGB,11,"(33.94417072663332, -118.40248449470265)","(33.76104780581235, -118.19966317775547)",26.133333333333333,62,14.033333333333333,11.758449866403286,4.703379946561315,15,62.75844986640328,41.53333333333333,34,-8.352511653306996,-7.9,0.3887637641859881,0.6112362358140119
LAX,BVH,0,"(33.94417072663332, -118.40248449470265)","(34.10892935321027, -118.3964139173446)",37.46666666666667,45,13.316666666666666,7.5936305810443985,3.0374522324177593,10,33.0936305810444,35.81666666666666,29,-5.100196391437773,-5.95,0.7005259432652896,0.29947405673471045
LAX,UVS,18,"(33.94417072663332, -118.40248449470265)","(34.15334623962112, -118.40459035831248)",32.31666666666667,57,11.983333333333333,7.54019342778164,3.016077371112656,10,49.54019342778164,34.483333333333334,45,-6.678186009444831,-7.95,0.7810531150374268,0.21894688496257317
LAX,LGB,8,"(33.94417072663332, -118.40248449470265)","(33.81078146124095, -118.11663669992384)",27.9,62,7.866666666666666,5.053710537757729,2.0214842151030914,15,56.05371053775773,35.36666666666667,34,-7.373704387109107,-7.9,0.6286187088588135,0.3713812911411864
LAX,DTLA,11,"(33.94417072663332, -118.40248449470265)","(33.989937678288186, -118.22399158642358)",30.283333333333335,50,16.8,11.068876877309158,4.427550750923663,10,41.06887687730916,39.3,35,-6.071887687730916,-6.75,0.6633172549237277,0.3366827450762723
LAX,LGB,8,"(33.94417072663332, -118.40248449470265)","(33.79322130196169, -118.11172184336142)",26.666666666666668,62,8.233333333333333,6.9050353777663425,2.762014151106537,15,57.90503537776634,35.733333333333334,34,-7.577170204443301,-7.9,0.5800137397803315,0.4199862602196684
LAX,ANH,8,"(33.94417072663332, -118.40248449470265)","(33.82861578093307, -117.96280091390291)",38.733333333333334,77,11.8,6.906916787661592,2.762766715064637,15,93.90691678766159,39.3,52,-11.355691678766158,-10.3,0.2581336409676663,0.7418663590323338
LAX,ANH,9,"(33.94417072663332, -118.40248449470265)","(33.75758438473766, -117.93086236869965)",38.78333333333333,77,14.383333333333333,9.567302586460041,3.8269210345840166,15,96.56730258646004,41.88333333333333,52,-11.750896925312672,-10.3,0.18986356671817087,0.810136433281829
LAX,LGB,11,"(33.94417072663332, -118.40248449470265)","(33.8171920995484, -118.14830502618078)",29.533333333333335,62,7.833333333333333,0.4653706318302802,0.18614825273211208,15,51.46537063183028,35.333333333333336,34,-6.9132037298496956,-7.9,0.7284546614867025,0.2715453385132975
LAX,WDHL,12,"(33.94417072663332, -118.40248449470265)","(34.12940861477089, -118.6533932108731)",47.35,78,12.916666666666666,9.951496043251405,3.9805984173005617,15,69.95149604325141,40.416666666666664,48,-9.015982937658475,-10.200000000000001,0.765669313381832,0.23433068661816805
LAX,DTLA,8,"(33.94417072663332, -118.40248449470265)","(33.997205785927825, -118.22953557788439)",29.3,50,14.383333333333333,9.585848502911581,3.8343394011646326,10,39.58584850291158,36.88333333333333,35,-5.802751516957825,-6.75,0.7205614892196182,0.27943851078038195
LAX,LGB,15,"(33.94417072663332, -118.40248449470265)","(33.81284196290343, -118.17762858249303)",20.7,62,6.35,3.8382325944486833,1.5352930377794733,15,54.838232594448684,33.85,34,-7.176323259444868,-7.9,0.673416145994774,0.32658385400522605
LAX,BVH,16,"(33.94417072663332, -118.40248449470265)","(34.02337924230588, -118.36728728447189)",19.366666666666667,45,22.333333333333332,9.784843219388087,3.913937287755235,10,35.28484321938809,44.83333333333333,29,-5.770150988605476,-5.95,0.5448414490769712,0.45515855092302887
LAX,WDHL,3,"(33.94417072663332, -118.40248449470265)","(34.22089356815252, -118.55378738318718)",42.2,78,14.883333333333333,11.317415174384479,4.526966069753792,15,71.31741517438448,42.38333333333333,48,-9.250908184105114,-10.200000000000001,0.7209324981909883,0.2790675018090118
LAX,PSD,5,"(33.94417072663332, -118.40248449470265)","(34.086838894260076, -118.50676871188787)",33.483333333333334,57,30.5,6.292645178066771,2.5170580712267085,10,45.29264517806677,53.0,47,-7.179264517806677,-8.05,0.7048987134948539,0.29510128650514617
LAX,BVH,14,"(33.94417072663332, -118.40248449470265)","(34.11169297977342, -118.37410783244836)",41.36666666666667,45,19.016666666666666,9.424688843656178,3.769875537462471,10,34.92468884365618,41.516666666666666,29,-5.568302217698951,-5.95,0.5942825220310884,0.4057174779689116
LAX,LGB,9,"(33.94417072663332, -118.40248449470265)","(33.78778298636473, -118.18380278247578)",26.916666666666668,62,12.183333333333334,6.754715149160142,2.701886059664057,15,57.75471514916014,39.68333333333334,34,-7.759638181582681,-7.9,0.5350329568398501,0.46496704316015003
LAX,ANH,8,"(33.94417072663332, -118.40248449470265)","(33.760222472006866, -117.8549628309417)",43.1,77,12.1,12.8483732555687,5.13934930222748,15,99.8483732555687,39.6,52,-11.964837325556871,-10.3,0.15911371178473457,0.8408862882152653
LAX,UVS,21,"(33.94417072663332, -118.40248449470265)","(34.13710076801082, -118.32688554812316)",39.43333333333333,57,8.633333333333333,4.050726434971403,1.6202905739885611,10,46.0507264349714,31.133333333333333,45,-6.161739310163807,-7.95,0.8567138996041681,0.1432861003958319
LAX,LGB,5,"(33.94417072663332, -118.40248449470265)","(33.758235345335144, -118.20735788300972)",31.733333333333334,62,19.633333333333333,12.819300003685601,5.12772000147424,15,63.8193000036856,47.13333333333333,34,-8.738596667035226,-7.9,0.3018304244307379,0.6981695755692622
LAX,PSD,7,"(33.94417072663332, -118.40248449470265)","(34.13997230455349, -118.49711926780839)",29.266666666666666,57,37.266666666666666,11.781195574318923,4.712478229727569,10,50.78119557431892,59.766666666666666,47,-8.066452890765227,-8.05,0.49588687009281274,0.5041131299071874
LAX,BVH,9,"(33.94417072663332, -118.40248449470265)","(34.01336474277825, -118.37599190884383)",24.916666666666668,45,25.6,10.498277668415195,4.199311067366078,10,35.9982776684152,48.1,29,-6.004827766841521,-5.95,0.48629649094260546,0.5137035090573945
LAX,DTLA,10,"(33.94417072663332, -118.40248449470265)","(34.0884006356039, -118.27711613412949)",35.15,50,14.466666666666667,7.9294587878107645,3.171783515124306,10,37.929458787810766,36.96666666666667,35,-5.64127921211441,-6.75,0.7518905498495774,0.24810945015042254
LAX,WDHL,9,"(33.94417072663332, -118.40248449470265)","(34.16584794876867, -118.67142319494927)",46.416666666666664,78,12.5,9.516719405369765,3.806687762147906,15,69.51671940536977,40.0,48,-8.951671940536977,-10.200000000000001,0.7770103060855239,0.22298969391447612
LAX,ANH,7,"(33.94417072663332, -118.40248449470265)","(33.7957693697617, -117.96182657312747)",41.233333333333334,77,12.033333333333333,6.783749710495716,2.7134998841982862,15,93.78374971049571,39.53333333333333,52,-11.355041637716239,-10.3,0.2582581438309299,0.7417418561690702
LAX,HWD,12,"(33.94417072663332, -118.40248449470265)","(34.059872750906834, -118.32254613876503)",29.616666666666667,57,10.216666666666667,5.5335267035180005,2.2134106814072,10,38.533526703518,32.71666666666667,45,-5.489186003685133,-7.95,0.921348669550183,0.07865133044981697
LAX,BVH,14,"(33.94417072663332, -118.40248449470265)","(34.066462356238304, -118.35645412127377)",31.533333333333335,45,16.35,7.8844273909647224,3.153770956385889,10,33.384427390964724,38.85,29,-5.2809427390964725,-5.95,0.6612920320180299,0.3387079679819701
LAX,HWD,9,"(33.94417072663332, -118.40248449470265)","(34.061450622223276, -118.36553843246753)",27.966666666666665,57,18.4,7.575145247133094,3.0300580988532375,10,40.575145247133094,40.9,45,-6.1025145247133095,-7.95,0.8638315985809593,0.13616840141904077
LAX,WDHL,6,"(33.94417072663332, -118.40248449470265)","(34.2148808699139, -118.66415595261527)",52.916666666666664,78,18.316666666666666,11.317851260124563,4.527140504049825,15,71.31785126012457,45.81666666666666,48,-9.42261845934579,-10.200000000000001,0.6851155018093906,0.3148844981906094
LAX,DTLA,6,"(33.94417072663332, -118.40248449470265)","(34.02823074483788, -118.29568588233535)",26.233333333333334,50,9.25,4.817555199906019,1.9270220799624078,10,34.81755519990602,31.75,35,-5.069255519990602,-6.75,0.8430030873741712,0.1569969126258289
LAX,BVH,20,"(33.94417072663332, -118.40248449470265)","(34.019633482586194, -118.42149449850213)",16.2,45,14.533333333333333,8.232302919348378,3.292921167739351,10,33.73230291934838,37.03333333333333,29,-5.224896958601505,-5.95,0.6737297502114248,0.3262702497885752
LAX,UVS,14,"(33.94417072663332, -118.40248449470265)","(34.083016228849864, -118.41950880848582)",29.2,57,27.883333333333333,13.280476703115296,5.312190681246118,10,55.2804767031153,50.38333333333333,45,-8.047214336978197,-7.95,0.47571553802699906,0.524284461973001
LAX,BVH,10,"(33.94417072663332, -118.40248449470265)","(34.09971307945121, -118.41779175861065)",35.86666666666667,45,11.266666666666667,5.766256044766988,2.306502417906795,10,31.266256044766987,33.766666666666666,29,-4.814958937810032,-5.95,0.7567680090245916,0.24323199097540837
LAX,WDHL,5,"(33.94417072663332, -118.40248449470265)","(34.114082401058084, -118.55852609951107)",53.1,78,17.416666666666668,11.885370931791117,4.754148372716447,15,71.88537093179112,44.91666666666667,48,-9.434370426512444,-10.200000000000001,0.6825747253345545,0.31742527466544546
LAX,UVS,5,"(33.94417072663332, -118.40248449470265)","(34.15117000789143, -118.36305297134221)",35.916666666666664,57,6.916666666666667,2.4723111775240563,0.9889244710096224,10,44.472311177524055,29.416666666666668,45,-5.918064451085739,-7.95,0.8841095414903621,0.11589045850963788
LAX,DTLA,12,"(33.94417072663332, -118.40248449470265)","(34.01847668948617, -118.2682577484604)",22.583333333333332,50,10.533333333333333,4.248602817028578,1.6994411268114313,10,34.248602817028576,33.03333333333333,35,-5.076526948369525,-6.75,0.8420383199601947,0.15796168003980532
LAX,ANH,8,"(33.94417072663332, -118.40248449470265)","(33.79348983262171, -117.92524448282764)",42.93333333333333,77,6.866666666666666,3.3501808754436095,1.3400723501774439,15,90.35018087544361,34.36666666666667,52,-10.753351420877696,-10.3,0.3885642318080429,0.611435768191957
LAX,LGB,7,"(33.94417072663332, -118.40248449470265)","(33.85122501174333, -118.09729978843417)",27.916666666666668,62,14.716666666666667,9.844877286428598,3.9379509145714393,15,60.8448772864286,42.21666666666667,34,-8.195321061976193,-7.9,0.4267016849298063,0.5732983150701937
LAX,DTLA,9,"(33.94417072663332, -118.40248449470265)","(34.097762383854224, -118.28511974354551)",38.43333333333333,50,17.716666666666665,9.75768394446048,3.903073577784192,10,39.75768394446048,40.21666666666667,35,-5.986601727779382,-6.75,0.6820910803400209,0.31790891965997925
LAX,UVS,2,"(33.94417072663332, -118.40248449470265)","(34.08979621202945, -118.3464547378258)",37.233333333333334,57,19.4,8.471919427564634,3.388767771025854,10,50.471919427564636,41.9,45,-7.1421919427564635,-7.95,0.6916422180032483,0.30835778199675173
LAX,DTLA,13,"(33.94417072663332, -118.40248449470265)","(34.023213106512706, -118.21548291437897)",29.366666666666667,50,11.483333333333333,8.181657885205547,3.272663154082219,10,38.181657885205546,33.983333333333334,35,-5.517332455187221,-6.75,0.7742851159516809,0.22571488404831913
LAX,BVH,12,"(33.94417072663332, -118.40248449470265)","(34.080203602460124, -118.43680981915502)",25.033333333333335,45,7.466666666666667,4.3216682175875,1.728667287035,10,29.8216682175875,29.96666666666667,29,-4.480500155092084,-5.95,0.8129813530187407,0.18701864698125922
LAX,WDHL,13,"(33.94417072663332, -118.40248449470265)","(34.15320676544696, -118.61211371255483)",41.166666666666664,78,5.466666666666667,3.228780242423558,1.2915120969694232,15,63.22878024242356,32.96666666666667,48,-7.97121135757569,-10.200000000000001,0.9028051166159003,0.09719488338409964
LAX,BVH,12,"(33.94417072663332, -118.40248449470265)","(34.01508105493767, -118.4419383378552)",20.433333333333334,45,17.4,9.907803605346198,3.963121442138479,10,35.407803605346196,39.9,29,-5.53578036053462,-5.95,0.6020992363352756,0.3979007636647244
LAX,UVS,17,"(33.94417072663332, -118.40248449470265)","(34.13784201448569, -118.35912213430224)",37.53333333333333,57,6.7,0.5835842684759361,0.23343370739037447,10,42.58358426847594,29.2,45,-5.718358426847594,-7.95,0.9030551681673036,0.09694483183269648
LAX,UVS,9,"(33.94417072663332, -118.40248449470265)","(34.16480133421194, -118.38183757393637)",36.016666666666666,57,8.466666666666667,5.941837698400737,2.376735079360295,10,47.94183769840074,30.96666666666667,45,-6.3425171031734076,-7.95,0.8330616264106285,0.16693837358937144
LAX,DTLA,9,"(33.94417072663332, -118.40248449470265)","(34.02546598441856, -118.2812729407534)",24.333333333333332,50,8.283333333333333,3.6460181791955297,1.458407271678212,10,33.64601817919553,30.78333333333333,35,-4.9037684845862195,-6.75,0.8636840322799866,0.13631596772001334
LAX,HWD,11,"(33.94417072663332, -118.40248449470265)","(34.12352145146932, -118.37609350435616)",38.35,57,18.016666666666666,8.8870664736325,3.5548265894529996,10,41.8870664736325,40.516666666666666,45,-6.214539980696584,-7.95,0.8501094849771947,0.14989051502280532
LAX,PSD,8,"(33.94417072663332, -118.40248449470265)","(34.06313545162574, -118.562307001557)",34.483333333333334,57,6.166666666666667,4.611879395529257,1.844751758211703,10,43.61187939552926,28.666666666666668,47,-5.79452127288626,-8.05,0.905122072276689,0.09487792772331102
LAX,BVH,7,"(33.94417072663332, -118.40248449470265)","(34.09690825243759, -118.36233952809587)",38.71666666666667,45,16.533333333333335,8.757747779574776,3.5030991118299104,10,34.25774777957478,39.03333333333333,29,-5.377441444624145,-5.95,0.6393533385996869,0.3606466614003131
LAX,LGB,9,"(33.94417072663332, -118.40248449470265)","(33.82198753511351, -118.20483955660026)",21.216666666666665,62,8.5,7.78105128392475,3.1124205135699,15,58.781051283924754,36.0,34,-7.678105128392476,-7.9,0.5552472182289616,0.4447527817710383
LAX,HWD,7,"(33.94417072663332, -118.40248449470265)","(34.07409574874103, -118.30208215540824)",36.21666666666667,57,11.133333333333333,4.719745418547248,1.8878981674188993,10,37.71974541854725,33.63333333333333,45,-5.4536412085213914,-7.95,0.9238861631776553,0.07611383682234481
LAX,DTLA,10,"(33.94417072663332, -118.40248449470265)","(34.00646377509605, -118.20549760464036)",28.633333333333333,50,14.35,10.881901762523862,4.352760705009545,10,40.88190176252386,36.85,35,-5.930690176252386,-6.75,0.6940898152091384,0.3059101847908616
LAX,HWD,6,"(33.94417072663332, -118.40248449470265)","(34.08399859257422, -118.3771871784085)",33.56666666666667,57,13.966666666666667,7.281923721372664,2.9127694885490656,10,40.281923721372664,36.46666666666667,45,-5.8515257054706,-7.95,0.8907547998466692,0.1092452001533309
LAX,DTLA,4,"(33.94417072663332, -118.40248449470265)","(34.01061785638363, -118.26978732690328)",20.666666666666668,50,9.65,5.612070594932625,2.24482823797305,10,35.612070594932625,32.15,35,-5.168707059493263,-6.75,0.8293875519497597,0.1706124480502404
LAX,HWD,13,"(33.94417072663332, -118.40248449470265)","(34.10229536196463, -118.38469844587324)",39.516666666666666,57,16.933333333333334,8.432720015378502,3.373088006151401,10,41.4327200153785,39.43333333333334,45,-6.114938668204517,-7.95,0.8623635721931073,0.1376364278068927
LAX,WDHL,8,"(33.94417072663332, -118.40248449470265)","(34.21285749354254, -118.6729399713707)",52.666666666666664,78,18.066666666666666,12.072382376840329,4.828952950736132,15,72.07238237684032,45.56666666666666,48,-9.485571571017367,-10.200000000000001,0.6713789412905705,0.32862105870942954
LAX,DTLA,7,"(33.94417072663332, -118.40248449470265)","(34.06088838177369, -118.29327567072453)",32.666666666666664,50,11.783333333333333,4.826631643807123,1.9306526575228493,10,34.826631643807126,34.28333333333333,35,-5.1968298310473795,-6.75,0.825371131201137,0.17462886879886305
LAX,PSD,6,"(33.94417072663332, -118.40248449470265)","(34.11057096547171, -118.53626746925717)",42.016666666666666,57,43.55,4.389407984969354,1.7557631939877416,10,43.38940798496935,66.05,47,-7.6414407984969355,-8.05,0.6007423521318564,0.3992576478681435
LAX,ANH,12,"(33.94417072663332, -118.40248449470265)","(33.81713322625754, -117.9369630774428)",39.45,77,9.483333333333333,2.7219686259798435,1.0887874503919375,15,89.72196862597984,36.983333333333334,52,-10.821363529264652,-10.3,0.37253345025755974,0.6274665497424403
LAX,ANH,7,"(33.94417072663332, -118.40248449470265)","(33.80118922256418, -117.96499212163464)",42.416666666666664,77,11.833333333333334,6.885929542315756,2.7543718169263025,15,93.88592954231575,39.333333333333336,52,-11.355259620898241,-10.3,0.25821638898232,0.74178361101768
LAX,PSD,9,"(33.94417072663332, -118.40248449470265)","(34.11836823895586, -118.48704485576171)",26.7,57,34.7,10.50382837092303,4.201531348369212,10,49.50382837092303,57.2,47,-7.810382837092304,-8.05,0.5596193029282975,0.4403806970717025
LAX,WDHL,14,"(33.94417072663332, -118.40248449470265)","(34.15855604221727, -118.55705007998455)",38.85,78,9.883333333333333,7.235957975097622,2.894383190039049,15,67.23595797509762,37.38333333333333,48,-8.59276246417643,-10.200000000000001,0.8330275012789213,0.1669724987210787
LAX,ANH,7,"(33.94417072663332, -118.40248449470265)","(33.76952287958145, -117.93530873934196)",37.733333333333334,77,11.633333333333333,7.7223020839807415,3.0889208335922964,15,94.72230208398074,39.13333333333333,52,-11.42889687506474,-10.3,0.2443647361541687,0.7556352638458314
LAX,BVH,9,"(33.94417072663332, -118.40248449470265)","(34.07512031733601, -118.39962927285296)",31.0,45,4.4,2.2329920385403814,0.8931968154161526,10,27.73299203854038,26.9,29,-4.118299203854038,-5.95,0.8619642154046666,0.13803578459533342
LAX,BVH,16,"(33.94417072663332, -118.40248449470265)","(34.07056562752099, -118.46261947972822)",22.066666666666666,45,13.45,7.370338998945753,2.9481355995783014,10,32.870338998945755,35.95,29,-5.084533899894576,-5.95,0.7038014127799135,0.2961985872200865
LAX,BVH,15,"(33.94417072663332, -118.40248449470265)","(34.03781315045358, -118.35327894485118)",25.316666666666666,45,20.116666666666667,9.710684153297839,3.8842736613191358,10,35.21068415329784,42.61666666666667,29,-5.651901748663118,-5.95,0.5739775528589557,0.4260224471410443
LAX,HWD,11,"(33.94417072663332, -118.40248449470265)","(34.046299841314195, -118.32237220266413)",26.8,57,14.5,7.862186608250042,3.1448746433000165,10,40.86218660825004,37.0,45,-5.936218660825004,-7.95,0.8822364537175826,0.11776354628241736
LAX,LGB,10,"(33.94417072663332, -118.40248449470265)","(33.77665076430944, -118.12654872421102)",29.283333333333335,62,9.983333333333333,7.653231155695651,3.0612924622782605,15,58.65323115569565,37.483333333333334,34,-7.739489782236232,-7.9,0.5400416235347577,0.4599583764652423
LAX,UVS,14,"(33.94417072663332, -118.40248449470265)","(34.09892608284099, -118.40542544602143)",35.0,57,24.983333333333334,9.916365635989385,3.966546254395754,10,51.916365635989386,47.483333333333334,45,-7.565803230265606,-7.95,0.5948849126621725,0.4051150873378275
LAX,DTLA,15,"(33.94417072663332, -118.40248449470265)","(33.987106978363556, -118.27010132917192)",19.183333333333334,50,12.416666666666666,9.660112258866612,3.8640449035466444,10,39.66011225886661,34.916666666666664,35,-5.711844559219995,-6.75,0.738493940366445,0.26150605963355505
LAX,ANH,9,"(33.94417072663332, -118.40248449470265)","(33.806941662360984, -117.88905261258881)",41.516666666666666,77,9.683333333333334,4.399077399990922,1.7596309599963689,15,91.39907739999092,37.18333333333334,52,-10.999074406665759,-10.3,0.3320174757264704,0.6679825242735297
LAX,HWD,7,"(33.94417072663332, -118.40248449470265)","(34.13081155441006, -118.3566646039172)",37.016666666666666,57,12.85,7.942290883494252,3.1769163533977007,10,40.94229088349425,35.35,45,-5.861729088349425,-7.95,0.8897579357859121,0.1102420642140879
LAX,WDHL,8,"(33.94417072663332, -118.40248449470265)","(34.121342926130026, -118.59718951260439)",47.1,78,11.416666666666666,8.645194517140277,3.4580778068561107,15,68.64519451714028,38.916666666666664,48,-8.810352785047362,-10.200000000000001,0.8005359170557251,0.19946408294427487
LAX,ANH,5,"(33.94417072663332, -118.40248449470265)","(33.79403366200874, -117.8944478909467)",39.36666666666667,77,8.683333333333334,4.7185751532950295,1.8874300613180117,15,91.71857515329503,36.18333333333334,52,-10.981024181996172,-10.3,0.3360327541328295,0.6639672458671705
LAX,UVS,10,"(33.94417072663332, -118.40248449470265)","(34.1677887924989, -118.39446454656812)",35.36666666666667,57,11.8,7.5743836527010355,3.029753461080414,10,49.57438365270104,34.3,45,-6.672438365270104,-7.95,0.7820344268562534,0.2179655731437466
LAX,DTLA,9,"(33.94417072663332, -118.40248449470265)","(34.020851946779835, -118.29823578676363)",25.316666666666666,50,10.7,5.870925682776252,2.348370273110501,10,35.87092568277625,33.2,35,-5.247092568277626,-6.75,0.8180077089993307,0.18199229100066927
LAX,UVS,8,"(33.94417072663332, -118.40248449470265)","(34.136677941421404, -118.30040977614662)",41.4,57,20.916666666666668,7.843546804372798,3.137418721749119,10,49.8435468043728,43.41666666666667,45,-7.155188013770614,-7.95,0.6888636223164204,0.3111363776835797
LAX,DTLA,9,"(33.94417072663332, -118.40248449470265)","(34.04533287694538, -118.22382873502714)",31.983333333333334,50,10.65,6.241521796604452,2.496608718641781,10,36.24152179660445,33.15,35,-5.281652179660445,-6.75,0.812806132966044,0.1871938670339561
LAX,LGB,7,"(33.94417072663332, -118.40248449470265)","(33.784026354568425, -118.17087347609441)",28.766666666666666,62,10.383333333333333,6.193728355695316,2.4774913422781264,15,57.19372835569531,37.88333333333333,34,-7.613539502236199,-7.9,0.5711293842120191,0.4288706157879808
LAX,BVH,8,"(33.94417072663332, -118.40248449470265)","(34.08792229431272, -118.35659952913842)",37.083333333333336,45,16.933333333333334,8.673510700761435,3.469404280304574,10,34.17351070076143,39.43333333333334,29,-5.389017736742811,-5.95,0.6366797865691567,0.36332021343084336
LAX,LGB,12,"(33.94417072663332, -118.40248449470265)","(33.861534224318916, -118.15090791820518)",24.866666666666667,62,13.733333333333333,7.844816313789976,3.1379265255159905,15,58.84481631378998,41.233333333333334,34,-7.9461482980456655,-7.9,0.4884649725616725,0.5115350274383276
LAX,HWD,7,"(33.94417072663332, -118.40248449470265)","(34.0512951880396, -118.35669528909455)",28.216666666666665,57,16.233333333333334,8.148897462597532,3.2595589850390128,10,41.14889746259753,38.733333333333334,45,-6.05155641292642,-7.95,0.8697152689823995,0.1302847310176006
LAX,PSD,5,"(33.94417072663332, -118.40248449470265)","(34.133260098723866, -118.55940494859229)",41.93333333333333,57,52.5,7.886621920670908,3.1546487682683635,10,46.886621920670905,75.0,47,-8.438662192067092,-8.05,0.40403939216756174,0.5959606078324383
LAX,WDHL,5,"(33.94417072663332, -118.40248449470265)","(34.145663000272464, -118.5962272536704)",40.75,78,7.416666666666667,4.564447189060284,1.8257788756241138,15,64.56444718906029,34.916666666666664,48,-8.202278052239363,-10.200000000000001,0.8805576895454286,0.11944231045457142
LAX,HWD,14,"(33.94417072663332, -118.40248449470265)","(34.057554152544974, -118.29708684209469)",31.733333333333334,57,16.483333333333334,7.3091970442451455,2.9236788176980584,10,40.309197044245145,38.983333333333334,45,-5.980086371091182,-7.95,0.8776018357686705,0.12239816423132961
LAX,PSD,10,"(33.94417072663332, -118.40248449470265)","(34.10775925029085, -118.57531488208873)",54.5,57,35.63333333333333,4.90091552320076,1.960366209280304,10,43.90091552320076,58.13333333333333,47,-7.296758218986742,-8.05,0.6798846563498573,0.3201153436501428
LAX,UVS,11,"(33.94417072663332, -118.40248449470265)","(34.095191770481215, -118.35475674566237)",40.68333333333333,57,19.3,7.451031870800894,2.9804127483203575,10,49.4510318708009,41.8,45,-7.0351031870800895,-7.95,0.7140011560791615,0.2859988439208385
LAX,ANH,7,"(33.94417072663332, -118.40248449470265)","(33.84245738873188, -117.92101865135774)",39.05,77,9.6,5.218986922191419,2.087594768876568,15,92.21898692219142,37.1,52,-11.076898692219142,-10.3,0.3149886734798417,0.6850113265201584
LAX,ANH,11,"(33.94417072663332, -118.40248449470265)","(33.80666173567344, -117.94679807497094)",43.8,77,10.116666666666667,4.114363207232,1.6457452828928,15,91.114363207232,37.61666666666667,52,-10.992269654056534,-10.3,0.33352836773510774,0.6664716322648923
LAX,DTLA,15,"(33.94417072663332, -118.40248449470265)","(34.063234103748094, -118.2781773710881)",31.183333333333334,50,11.133333333333333,3.8032248771004773,1.521289950840191,10,33.803224877100476,33.63333333333333,35,-5.061989154376715,-6.75,0.8439623875725956,0.1560376124274045
LAX,ANH,13,"(33.94417072663332, -118.40248449470265)","(33.85724235650325, -117.88330860109772)",40.11666666666667,77,17.033333333333335,9.300308210686456,3.720123284274582,15,96.30030821068645,44.53333333333333,52,-11.856697487735312,-10.3,0.17412104689667376,0.8258789531033263
LAX,HWD,7,"(33.94417072663332, -118.40248449470265)","(34.0985655706545, -118.32101500426705)",36.3,57,4.316666666666666,1.476823245837665,0.590729298335066,10,34.476823245837664,26.816666666666666,45,-4.7885156579171,-7.95,0.9593588595695381,0.04064114043046193
LAX,HWD,10,"(33.94417072663332, -118.40248449470265)","(34.072307013588066, -118.33351833393691)",32.8,57,7.116666666666666,3.4678842771916507,1.3871537108766603,10,36.46788427719165,29.616666666666667,45,-5.127621761052499,-7.95,0.9438731905000025,0.056126809499997495
LAX,HWD,14,"(33.94417072663332, -118.40248449470265)","(34.12198405608497, -118.33387378982037)",39.18333333333333,57,10.383333333333333,5.296034955267249,2.1184139821068997,10,38.296034955267245,32.88333333333333,45,-5.473770162193391,-7.95,0.9224585519487633,0.07754144805123679
LAX,UVS,12,"(33.94417072663332, -118.40248449470265)","(34.126678809484815, -118.31892790684212)",42.81666666666667,57,19.316666666666666,5.566230043123705,2.2264920172494818,10,47.5662300431237,41.81666666666666,45,-6.847456337645704,-7.95,0.7507364078440802,0.24926359215591967
LAX,WDHL,6,"(33.94417072663332, -118.40248449470265)","(34.20543090821547, -118.61978325353178)",43.7,78,8.1,6.276138782395621,2.510455512958248,15,66.27613878239562,35.6,48,-8.407613878239562,-10.200000000000001,0.8572195729341581,0.14278042706584176
LAX,DTLA,10,"(33.94417072663332, -118.40248449470265)","(34.00502452612045, -118.19948511976217)",30.1,50,15.816666666666666,11.732160001223953,4.692864000489581,10,41.73216000122395,38.31666666666666,35,-6.089049333455729,-6.75,0.6594739101595268,0.34052608984047317
LAX,UVS,12,"(33.94417072663332, -118.40248449470265)","(34.16285955359087, -118.30885241793901)",41.31666666666667,57,13.566666666666666,7.850795358496684,3.1403181433986735,10,49.85079535849668,36.06666666666666,45,-6.788412869183002,-7.95,0.7616209851585652,0.23837901484143473
LAX,LGB,8,"(33.94417072663332, -118.40248449470265)","(33.820990543206044, -118.17716745387739)",23.283333333333335,62,7.083333333333333,3.8303254430677756,1.5321301772271103,15,54.83032544306778,34.583333333333336,34,-7.212199210973445,-7.9,0.6654775228870703,0.3345224771129297
LAX,UVS,17,"(33.94417072663332, -118.40248449470265)","(34.122930888744904, -118.3347378848478)",38.416666666666664,57,11.883333333333333,3.956927015959475,1.58277080638379,10,45.95692701595947,34.38333333333333,45,-6.3148593682626135,-7.95,0.8368726373674258,0.16312736263257432
LAX,DTLA,10,"(33.94417072663332, -118.40248449470265)","(34.085884647549605, -118.27917560512078)",35.35,50,14.65,7.564457371484348,3.025782948593739,10,37.56445737148435,37.15,35,-5.613945737148436,-6.75,0.7569544605397015,0.24304553946029842
LAX,DTLA,10,"(33.94417072663332, -118.40248449470265)","(34.036789537610666, -118.28753641813466)",25.05,50,8.266666666666667,3.1062220541728216,1.2424888216691286,10,33.10622205417282,30.766666666666666,35,-4.848955538750615,-6.75,0.8700096923690303,0.12999030763096964
LAX,DTLA,11,"(33.94417072663332, -118.40248449470265)","(33.99789954424111, -118.28633807381469)",20.0,50,9.233333333333333,8.258627841514341,3.3034511366057364,10,38.25862784151434,31.733333333333334,35,-5.412529450818101,-6.75,0.7920736664242006,0.2079263335757994
LAX,UVS,11,"(33.94417072663332, -118.40248449470265)","(34.1606824112211, -118.42108349819094)",32.03333333333333,57,12.35,10.19931154653352,4.079724618613408,10,52.19931154653352,34.85,45,-6.962431154653352,-7.95,0.7286074564267686,0.27139254357323145
LAX,DTLA,5,"(33.94417072663332, -118.40248449470265)","(34.02869460339466, -118.266831290034)",23.066666666666666,50,6.95,2.4863045397506314,0.9945218159002526,10,32.486304539750634,29.45,35,-4.721130453975064,-6.75,0.8837950291142845,0.11620497088571542
LAX,UVS,4,"(33.94417072663332, -118.40248449470265)","(34.18849441312622, -118.35189132083777)",42.766666666666666,57,15.133333333333333,8.638807436075254,3.4555229744301013,10,50.638807436075254,37.63333333333333,45,-6.945547410274193,-7.95,0.7319331097335721,0.26806689026642794
LAX,BVH,5,"(33.94417072663332, -118.40248449470265)","(34.02251399204448, -118.44713387004246)",20.483333333333334,45,16.016666666666666,9.171129274140652,3.668451709656261,10,34.671129274140654,38.516666666666666,29,-5.392946260747399,-5.95,0.6357705587147746,0.3642294412852254
LAX,BVH,11,"(33.94417072663332, -118.40248449470265)","(34.060550309686434, -118.40165139459305)",27.816666666666666,45,4.833333333333333,1.7551124432157104,0.7020449772862841,10,27.25511244321571,27.333333333333332,29,-4.092177910988238,-5.95,0.865042892772698,0.1349571072273021
LAX,HWD,11,"(33.94417072663332, -118.40248449470265)","(34.04046308365917, -118.37115932365387)",22.683333333333334,57,21.316666666666666,10.850146588082485,4.340058635232994,10,43.85014658808248,43.81666666666666,45,-6.575847992141581,-7.95,0.7980501446851863,0.2019498553148136
LAX,ANH,10,"(33.94417072663332, -118.40248449470265)","(33.81525092967682, -117.97088551776496)",41.93333333333333,77,16.15,7.48398751700149,2.9935950068005956,15,94.4839875170015,43.65,52,-11.630898751700151,-10.3,0.2090107400035242,0.7909892599964758
LAX,DTLA,15,"(33.94417072663332, -118.40248449470265)","(34.073894092760455, -118.23308693755969)",29.266666666666666,50,8.583333333333334,7.220835698166207,2.888334279266483,10,37.220835698166205,31.083333333333336,35,-5.276250236483287,-6.75,0.8136266626757406,0.18637333732425948
LAX,HWD,15,"(33.94417072663332, -118.40248449470265)","(34.140627525986574, -118.33876451899678)",40.266666666666666,57,14.783333333333333,8.582893190012236,3.433157276004894,10,41.582893190012236,37.28333333333333,45,-6.02245598566789,-7.95,0.8729773301355092,0.1270226698644909
LAX,LGB,4,"(33.94417072663332, -118.40248449470265)","(33.82724857937649, -118.14157686000648)",28.483333333333334,62,6.766666666666667,2.38169151317841,0.952676605271364,15,53.38169151317841,34.266666666666666,34,-7.051502484651175,-7.9,0.7002518670810152,0.2997481329189849
LAX,UVS,12,"(33.94417072663332, -118.40248449470265)","(34.12148945085342, -118.39386942614637)",39.61666666666667,57,17.8,6.274374078971857,2.509749631588743,10,48.27437407897186,40.3,45,-6.842437407897187,-7.95,0.7516744240652689,0.2483255759347311
LAX,LGB,7,"(33.94417072663332, -118.40248449470265)","(33.85751521031583, -118.17320788993018)",25.866666666666667,62,12.116666666666667,7.8202578187053735,3.1281031274821496,15,58.82025781870537,39.61666666666667,34,-7.862859115203872,-7.9,0.509284153975003,0.49071584602499696
LAX,HWD,14,"(33.94417072663332, -118.40248449470265)","(34.06550798005138, -118.35954743056361)",33.13333333333333,57,15.75,6.471363602554947,2.588545441021979,10,39.471363602554945,38.25,45,-5.859636360255495,-7.95,0.8899630415010119,0.11003695849898809
LAX,LGB,5,"(33.94417072663332, -118.40248449470265)","(33.77193496846268, -118.0922465350034)",34.25,62,15.833333333333334,11.385116888295567,4.554046755318227,15,62.38511688829557,43.333333333333336,34,-8.405178355496226,-7.9,0.37632450996354827,0.6236754900364516
LAX,PSD,9,"(33.94417072663332, -118.40248449470265)","(34.09928044420897, -118.53002059482203)",41.21666666666667,57,38.25,3.53005507190331,1.4120220287613239,10,42.53005507190331,60.75,47,-7.290505507190332,-8.05,0.6812439726466957,0.31875602735330444
LAX,BVH,4,"(33.94417072663332, -118.40248449470265)","(34.04331766865292, -118.45916689620299)",21.333333333333332,45,12.6,7.940707314876544,3.1762829259506176,10,33.44070731487655,35.1,29,-5.099070731487655,-5.95,0.7007620414121769,0.29923795858782315
LAX,BVH,11,"(33.94417072663332, -118.40248449470265)","(34.09771295390024, -118.40267342060257)",35.18333333333333,45,10.6,5.494662231914079,2.1978648927656317,10,30.994662231914077,33.1,29,-4.754466223191408,-5.95,0.7677293145456098,0.2322706854543902
LAX,DTLA,2,"(33.94417072663332, -118.40248449470265)","(34.07497135381087, -118.26532197143858)",31.183333333333334,50,10.5,5.495510555253386,2.1982042221013542,10,35.49551055525339,33.0,35,-5.1995510555253395,-6.75,0.8249785639073702,0.1750214360926298
LAX,LGB,13,"(33.94417072663332, -118.40248449470265)","(33.776090555748304, -118.11369185220391)",29.783333333333335,62,11.35,8.742733809900427,3.497093523960171,15,59.74273380990043,38.85,34,-7.916773380990043,-7.9,0.4958067530649076,0.5041932469350924
LAX,PSD,22,"(33.94417072663332, -118.40248449470265)","(34.04834693764278, -118.53449047820123)",32.25,57,12.7,7.22666891222344,2.890667564889376,10,46.22666891222344,35.2,47,-6.382666891222344,-8.05,0.8412199313415586,0.15878006865844133
LAX,WDHL,10,"(33.94417072663332, -118.40248449470265)","(34.12335362221111, -118.54807960279673)",42.13333333333333,78,15.233333333333333,11.607161114381043,4.6428644457524175,15,71.60716111438104,42.733333333333334,48,-9.297382778104772,-10.200000000000001,0.7114870454437349,0.2885129545562653
LAX,LGB,15,"(33.94417072663332, -118.40248449470265)","(33.78591311247324, -118.16425485617204)",28.216666666666665,62,8.333333333333334,5.514180505066445,2.205672202026578,15,56.51418050506645,35.833333333333336,34,-7.4430847171733125,-7.9,0.6122821408637523,0.3877178591362478
LAX,HWD,18,"(33.94417072663332, -118.40248449470265)","(34.14641528568799, -118.33217470239005)",38.8,57,13.316666666666666,9.446558540023567,3.7786234160094265,10,42.44655854002357,35.81666666666666,45,-6.03548918733569,-7.95,0.8715250666015684,0.12847493339843163
LAX,UVS,15,"(33.94417072663332, -118.40248449470265)","(34.1209087381951, -118.30889644982605)",46.0,57,25.283333333333335,7.278248418457837,2.9112993673831347,10,49.278248418457835,47.78333333333333,45,-7.31699150851245,-7.95,0.6531713151801457,0.34682868481985435
LAX,BVH,9,"(33.94417072663332, -118.40248449470265)","(34.05226910587029, -118.40056609275506)",26.616666666666667,45,6.25,2.9303691087428336,1.1721476434971334,10,28.430369108742834,28.75,29,-4.280536910874284,-5.95,0.8415042238692341,0.1584957761307659
LAX,PSD,7,"(33.94417072663332, -118.40248449470265)","(34.05204547639585, -118.50751469539051)",31.683333333333334,57,21.933333333333334,8.762358119522972,3.504943247809189,10,47.76235811952297,44.43333333333334,47,-6.997902478618965,-8.05,0.7411774773980443,0.2588225226019557
LAX,DTLA,11,"(33.94417072663332, -118.40248449470265)","(34.002760624267026, -118.29153692990398)",20.966666666666665,50,10.2,7.7776975139398115,3.1110790055759248,10,37.77769751393981,32.7,35,-5.412769751393982,-6.75,0.7920340878302018,0.20796591216979823
LAX,HWD,9,"(33.94417072663332, -118.40248449470265)","(34.11938149735479, -118.28593225287055)",40.233333333333334,57,16.166666666666668,7.599889181824419,3.0399556727297674,10,40.599889181824416,38.66666666666667,45,-5.993322251515775,-7.95,0.8761729586239783,0.12382704137602182
LAX,LGB,10,"(33.94417072663332, -118.40248449470265)","(33.84369302275422, -118.16492871154645)",28.75,62,9.55,5.162221471812281,2.0648885887249127,15,56.16222147181228,37.05,34,-7.468722147181229,-7.9,0.6061787665670778,0.39382123343292214
LAX,BVH,8,"(33.94417072663332, -118.40248449470265)","(34.07100539838568, -118.44237149200626)",27.916666666666668,45,11.233333333333333,4.498646778291738,1.799458711316695,10,29.998646778291736,33.733333333333334,29,-4.68653134449584,-5.95,0.7796226395598587,0.22037736044014133
LAX,UVS,11,"(33.94417072663332, -118.40248449470265)","(34.1074925302934, -118.3190680034466)",35.88333333333333,57,13.566666666666666,7.42308395869844,2.969233583479376,10,49.42308395869844,36.06666666666666,45,-6.745641729203177,-7.95,0.7692991881301966,0.2307008118698034
LAX,PSD,16,"(33.94417072663332, -118.40248449470265)","(34.10417766815016, -118.59393446893104)",49.2,57,29.033333333333335,6.7988241013509265,2.7195296405403706,10,45.798824101350924,51.53333333333333,47,-7.15654907680176,-8.05,0.7096018082736041,0.29039819172639597
LAX,PSD,4,"(33.94417072663332, -118.40248449470265)","(34.069317627983615, -118.57344520568037)",39.516666666666666,57,9.666666666666666,4.598192282795319,1.8392769131181277,10,43.59819228279532,32.166666666666664,47,-5.9681525616128654,-8.05,0.8891262860871499,0.11087371391285004
LAX,UVS,9,"(33.94417072663332, -118.40248449470265)","(34.16391954572897, -118.30835135942503)",40.733333333333334,57,13.533333333333333,8.010117272455625,3.2040469089822503,10,50.01011727245562,36.03333333333333,45,-6.802678393912229,-7.95,0.7590213573758136,0.24097864262418645
LAX,DTLA,10,"(33.94417072663332, -118.40248449470265)","(34.05764499526884, -118.2654517734796)",28.116666666666667,50,8.283333333333333,2.5163494186240594,1.0065397674496237,10,32.51634941862406,30.78333333333333,35,-4.7908016085290726,-6.75,0.8764461738185342,0.12355382618146578
LAX,PSD,14,"(33.94417072663332, -118.40248449470265)","(34.045917683977116, -118.60909772984556)",40.416666666666664,57,20.233333333333334,11.092946668247418,4.4371786672989675,10,50.09294666824742,42.733333333333334,47,-7.145961333491409,-8.05,0.7117787422320673,0.2882212577679327
LAX,HWD,13,"(33.94417072663332, -118.40248449470265)","(34.11792085030513, -118.36725395603042)",44.266666666666666,57,16.6,7.2947047230727,2.91788188922908,10,40.2947047230727,39.1,45,-5.98447047230727,-7.95,0.8771301292816098,0.12286987071839027
LAX,BVH,10,"(33.94417072663332, -118.40248449470265)","(34.08109294183366, -118.3863319172958)",34.916666666666664,45,8.316666666666666,4.37416486648537,1.749665946594148,10,29.87416486648537,30.816666666666666,29,-4.528249819981871,-5.95,0.8056126428038338,0.19438735719616623
LAX,UVS,2,"(33.94417072663332, -118.40248449470265)","(34.183520430123934, -118.38001853445266)",41.11666666666667,57,13.35,8.549402166293289,3.419760866517316,10,50.54940216629329,35.85,45,-6.84744021662933,-7.95,0.7507394245778923,0.24926057542210758
LAX,HWD,14,"(33.94417072663332, -118.40248449470265)","(34.13787152366124, -118.3763125109419)",38.56666666666667,57,15.433333333333334,10.611503632794058,4.244601453117623,10,43.611503632794054,37.93333333333334,45,-6.257817029946073,-7.95,0.8445110259997215,0.15548897400027847
LAX,ANH,7,"(33.94417072663332, -118.40248449470265)","(33.81836064121529, -117.94885136904512)",40.63333333333333,77,10.7,4.425066034384963,1.770026413753985,15,91.42506603438497,38.2,52,-11.052506603438497,-10.3,0.32027536996375233,0.6797246300362477
LAX,DTLA,7,"(33.94417072663332, -118.40248449470265)","(34.077248780491175, -118.24587825856311)",31.3,50,10.616666666666667,6.632387319048668,2.6529549276194673,10,36.63238731904867,33.11666666666667,35,-5.319072065238201,-6.75,0.8070458575767413,0.1929541424232587
LAX,PSD,3,"(33.94417072663332, -118.40248449470265)","(34.03589084664114, -118.54281392910327)",31.483333333333334,57,16.883333333333333,9.061787962014726,3.6247151848058903,10,48.061787962014726,39.38333333333333,47,-6.77534546286814,-8.05,0.781538486663069,0.21846151333693103
LAX,LGB,9,"(33.94417072663332, -118.40248449470265)","(33.849764025332846, -118.13357817642714)",28.883333333333333,62,10.7,6.3452894234733765,2.538115769389351,15,57.345289423473375,38.2,34,-7.644528942347338,-7.9,0.5635226533626048,0.43647734663739524
LAX,BVH,7,"(33.94417072663332, -118.40248449470265)","(34.12332552936315, -118.41131344713939)",43.21666666666667,45,18.633333333333333,9.762529706885346,3.9050118827541382,10,35.262529706885346,41.13333333333333,29,-5.582919637355202,-5.95,0.5907533031820783,0.4092466968179217
LAX,PSD,16,"(33.94417072663332, -118.40248449470265)","(34.052093015813156, -118.58869769811572)",64.0,57,43.81666666666667,8.260274532641121,3.3041098130564484,10,47.26027453264112,66.31666666666666,47,-8.041860786597445,-8.05,0.5020347921174467,0.4979652078825533
LAX,UVS,8,"(33.94417072663332, -118.40248449470265)","(34.175240835880274, -118.37347803278028)",40.583333333333336,57,12.633333333333333,6.8667273250361145,2.746690930014446,10,48.866727325036116,35.13333333333333,45,-6.643339399170279,-7.95,0.7869538170461813,0.21304618295381875
LAX,DTLA,6,"(33.94417072663332, -118.40248449470265)","(34.00726431726812, -118.33621827347385)",19.8,50,16.766666666666666,11.66399456824626,4.6655978272985035,10,41.66399456824626,39.266666666666666,35,-6.129732790157959,-6.75,0.650279318840957,0.34972068115904303
LAX,UVS,10,"(33.94417072663332, -118.40248449470265)","(34.12026004953448, -118.32889925210193)",41.38333333333333,57,17.766666666666666,4.890085126157278,1.9560340504629115,10,46.89008512615728,40.266666666666666,45,-6.702341845949061,-7.95,0.7768942131907121,0.22310578680928791
LAX,DTLA,10,"(33.94417072663332, -118.40248449470265)","(34.072293927754366, -118.25040464787058)",29.35,50,9.3,5.5781743733466165,2.2312697493386464,10,35.57817437334661,31.8,35,-5.147817437334662,-6.75,0.8323232073574517,0.1676767926425483
LAX,PSD,15,"(33.94417072663332, -118.40248449470265)","(34.033172073837605, -118.61250540241183)",48.95,57,28.766666666666666,12.970305825448845,5.188122330179538,10,51.97030582544885,51.266666666666666,47,-7.7603639158782185,-8.05,0.5719070379658804,0.4280929620341197
LAX,DTLA,15,"(33.94417072663332, -118.40248449470265)","(33.99362052006579, -118.25475905740056)",23.3,50,15.7,8.715753118555863,3.486301247422345,10,38.71575311855587,38.2,35,-5.781575311855587,-6.75,0.724805393394982,0.27519460660501815
LAX,UVS,9,"(33.94417072663332, -118.40248449470265)","(34.090491019026345, -118.41717413764187)",31.966666666666665,57,26.083333333333332,12.139200259404731,4.855680103761893,10,54.13920025940473,48.58333333333333,45,-7.843086692607141,-7.95,0.5267028961708065,0.4732971038291936
LAX,UVS,12,"(33.94417072663332, -118.40248449470265)","(34.19540763088305, -118.31079423219381)",44.0,57,20.883333333333333,11.691036685031083,4.676414674012433,10,53.69103668503108,43.38333333333333,45,-7.538270335169775,-7.95,0.6015025474200288,0.3984974525799712
LAX,PSD,16,"(33.94417072663332, -118.40248449470265)","(34.144240077165215, -118.50104941134448)",32.03333333333333,57,40.03333333333333,12.006829137944067,4.8027316551776265,10,51.00682913794407,62.53333333333333,47,-8.227349580461073,-8.05,0.45577845206638445,0.5442215479336157
LAX,BVH,13,"(33.94417072663332, -118.40248449470265)","(34.01432574916786, -118.37724532878134)",19.716666666666665,45,21.55,10.266602866059088,4.106641146423636,10,35.76660286605909,44.05,29,-5.77916028660591,-5.95,0.5426063522342156,0.4573936477657844
LAX,LGB,5,"(33.94417072663332, -118.40248449470265)","(33.79361080140387, -118.20676262094396)",22.5,62,10.4,8.873392153170132,3.549356861268053,15,59.87339215317013,37.9,34,-7.882339215317014,-7.9,0.5044150814147988,0.4955849185852012
LAX,PSD,11,"(33.94417072663332, -118.40248449470265)","(34.08264672965366, -118.498289965642)",32.36666666666667,57,29.383333333333333,7.562865473431307,3.025146189372523,10,46.56286547343131,51.88333333333333,47,-7.250453214009799,-8.05,0.6898775259102209,0.3101224740897792
LAX,ANH,5,"(33.94417072663332, -118.40248449470265)","(33.83073406034005, -117.85483083353098)",42.63333333333333,77,15.9,9.761319685771042,3.904527874308417,15,96.76131968577104,43.4,52,-11.846131968577104,-10.3,0.17564563437000938,0.8243543656299906
LAX,HWD,20,"(33.94417072663332, -118.40248449470265)","(34.10726762411929, -118.27681401214653)",39.233333333333334,57,15.733333333333333,7.7093212889803295,3.083728515592132,10,40.70932128898033,38.233333333333334,45,-5.9825987955647,-7.95,0.8773317029048604,0.12266829709513968
LAX,DTLA,4,"(33.94417072663332, -118.40248449470265)","(34.03112673044768, -118.32166044560965)",25.216666666666665,50,10.016666666666667,8.072617154716959,3.2290468618867836,10,38.07261715471696,32.516666666666666,35,-5.433095048805029,-6.75,0.7886663101716338,0.21133368982836623
LAX,WDHL,11,"(33.94417072663332, -118.40248449470265)","(34.15719244939667, -118.67483762895057)",46.55,78,12.633333333333333,10.246375331844376,4.098550132737751,15,70.24637533184438,40.13333333333333,48,-9.031304199851105,-10.200000000000001,0.7629091945742134,0.2370908054257866
LAX,WDHL,13,"(33.94417072663332, -118.40248449470265)","(34.128108121612534, -118.55721376483517)",41.43333333333333,78,15.216666666666667,10.108965970525045,4.043586388210018,15,70.10896597052505,42.71666666666667,48,-9.146729930385838,-10.200000000000001,0.7414023477235308,0.25859765227646925
LAX,LGB,5,"(33.94417072663332, -118.40248449470265)","(33.851248017101064, -118.20529616112918)",21.15,62,10.55,9.866729522785649,3.9466918091142595,15,60.86672952278565,38.05,34,-7.989172952278565,-7.9,0.47772152283572045,0.5222784771642794
LAX,BVH,12,"(33.94417072663332, -118.40248449470265)","(34.033052644176514, -118.37169782410216)",22.0,45,16.516666666666666,8.126408730124574,3.25056349204983,10,33.626408730124574,39.016666666666666,29,-5.313474206345791,-5.95,0.6539676898388718,0.3460323101611282
LAX,DTLA,12,"(33.94417072663332, -118.40248449470265)","(34.09962305315539, -118.23683149235765)",33.78333333333333,50,13.083333333333334,10.669292655445714,4.267717062178286,10,40.669292655445716,35.583333333333336,35,-5.846095932211239,-6.75,0.7117511285493233,0.28824887145067657
LAX,HWD,11,"(33.94417072663332, -118.40248449470265)","(34.13483450231847, -118.35401461685763)",39.46666666666667,57,14.333333333333334,8.356722951144294,3.3426891804577172,10,41.35672295114429,36.833333333333336,45,-5.977338961781096,-7.95,0.8778966478010314,0.12210335219896871
LAX,ANH,8,"(33.94417072663332, -118.40248449470265)","(33.803907981230886, -117.91459609868639)",40.016666666666666,77,4.566666666666666,1.5641069735931403,0.6256427894372562,15,88.56410697359314,32.06666666666666,52,-10.459744030692647,-10.3,0.46014870061078345,0.5398512993892167
LAX,WDHL,9,"(33.94417072663332, -118.40248449470265)","(34.18553191846273, -118.60550413844757)",39.53333333333333,78,4.05,2.4936735664051635,0.9974694265620654,15,62.493673566405164,31.55,48,-7.826867356640516,-10.200000000000001,0.9147554551517818,0.08524454484821817
LAX,UVS,9,"(33.94417072663332, -118.40248449470265)","(34.19380766813753, -118.33017741323545)",42.8,57,19.933333333333334,10.188485378031789,4.075394151212715,10,52.188485378031785,42.43333333333334,45,-7.340515204469846,-7.95,0.6478232680201697,0.35217673197983035
LAX,UVS,9,"(33.94417072663332, -118.40248449470265)","(34.15390215771296, -118.40195926366594)",32.81666666666667,57,12.5,7.221749677221203,2.8886998708884812,10,49.221749677221204,35.0,45,-6.672174967722121,-7.95,0.7820793213666616,0.21792067863333842
LAX,PSD,8,"(33.94417072663332, -118.40248449470265)","(34.07986845343891, -118.49500960170325)",31.133333333333333,57,32.733333333333334,8.099639060186675,3.23985562407467,10,47.099639060186675,55.233333333333334,47,-7.471630572685334,-8.05,0.6406921253420986,0.35930787465790137
LAX,ANH,13,"(33.94417072663332, -118.40248449470265)","(33.75726301421567, -117.95567171245654)",36.483333333333334,77,15.616666666666667,10.840962215667497,4.336384886266999,15,97.8409622156675,43.11666666666667,52,-11.939929554900084,-10.3,0.16247464828505898,0.837525351714941
LAX,PSD,18,"(33.94417072663332, -118.40248449470265)","(34.053460706782445, -118.61474912032844)",57.666666666666664,57,37.166666666666664,10.958856243116992,4.383542497246797,10,49.95885624311699,59.666666666666664,47,-7.979218957645033,-8.05,0.5176878765817253,0.48231212341827473
LAX,UVS,5,"(33.94417072663332, -118.40248449470265)","(34.12409813303893, -118.38297510183628)",39.03333333333333,57,15.866666666666667,4.694860834378731,1.8779443337514923,10,46.69486083437873,38.36666666666667,45,-6.587819416771207,-7.95,0.7961138710676232,0.20388612893237673
LAX,BVH,11,"(33.94417072663332, -118.40248449470265)","(34.08045779618294, -118.47366329897811)",23.716666666666665,45,15.683333333333334,9.233730649240107,3.693492259696043,10,34.73373064924011,38.18333333333334,29,-5.382539731590678,-5.95,0.6381769390516598,0.36182306094834016
LAX,WDHL,9,"(33.94417072663332, -118.40248449470265)","(34.18854253087413, -118.60149423062074)",40.36666666666667,78,4.05,3.0605320145431536,1.2242128058172614,15,63.060532014543156,31.55,48,-7.8835532014543155,-10.200000000000001,0.910230026759306,0.089769973240694
LAX,PSD,8,"(33.94417072663332, -118.40248449470265)","(34.09812146594952, -118.49256299403018)",36.4,57,44.416666666666664,8.503147621197284,3.401259048478914,10,47.503147621197286,66.91666666666666,47,-8.096148095453062,-8.05,0.4884650231828672,0.5115349768171328
LAX,BVH,21,"(33.94417072663332, -118.40248449470265)","(34.07715626946146, -118.45867907034939)",21.8,45,12.766666666666667,7.01124365506356,2.804497462025424,10,32.51124365506356,35.266666666666666,29,-5.014457698839689,-5.95,0.7181983442207812,0.2818016557792189
LAX,LGB,12,"(33.94417072663332, -118.40248449470265)","(33.818368376561935, -118.10204190593949)",30.033333333333335,62,10.0,7.083377900414551,2.8333511601658206,15,58.083377900414554,37.5,34,-7.683337790041456,-7.9,0.5539546535167849,0.44604534648321503
LAX,PSD,5,"(33.94417072663332, -118.40248449470265)","(34.08821627626013, -118.52298332893477)",37.666666666666664,57,34.68333333333333,3.964453196342258,1.5857812785369032,10,42.964453196342255,57.18333333333333,47,-7.155611986300893,-8.05,0.7097948738433891,0.2902051261566108
LAX,LGB,9,"(33.94417072663332, -118.40248449470265)","(33.78250561399103, -118.16063422782625)",29.766666666666666,62,8.2,5.929309327718206,2.3717237310872825,15,56.92930932771821,35.7,34,-7.477930932771821,-7.9,0.6039782533161422,0.39602174668385776
LAX,WDHL,7,"(33.94417072663332, -118.40248449470265)","(34.16659730289381, -118.54389826172937)",36.35,78,8.816666666666666,8.824626835531085,3.529850734212434,15,68.82462683553109,36.31666666666666,48,-8.698296016886443,-10.200000000000001,0.8178284817150183,0.18217151828498165
LAX,PSD,15,"(33.94417072663332, -118.40248449470265)","(34.12921609073696, -118.62059071560306)",44.65,57,40.46666666666667,12.279560540840349,4.911824216336139,10,51.27956054084035,62.96666666666667,47,-8.276289387417368,-8.05,0.4436678311574824,0.5563321688425176
LAX,HWD,16,"(33.94417072663332, -118.40248449470265)","(34.122761450130106, -118.38728102221646)",39.95,57,19.1,10.128407523657675,4.05136300946307,10,43.12840752365767,41.6,45,-6.3928407523657675,-7.95,0.8259453455277862,0.17405465447221388
LAX,DTLA,4,"(33.94417072663332, -118.40248449470265)","(34.072738092337666, -118.25682734488247)",31.05,50,10.566666666666666,5.318486939064374,2.1273947756257496,10,35.31848693906437,33.06666666666666,35,-5.185182027239771,-6.75,0.8270436140270754,0.17295638597292468
LAX,LGB,16,"(33.94417072663332, -118.40248449470265)","(33.80483810887302, -118.12153546347119)",25.75,62,7.766666666666667,4.682177962791291,1.8728711851165165,15,55.68217796279129,35.266666666666666,34,-7.331551129612463,-7.9,0.638405183103454,0.36159481689654593
LAX,WDHL,14,"(33.94417072663332, -118.40248449470265)","(34.1174867110819, -118.61132743114426)",48.166666666666664,78,12.466666666666667,9.27231868607467,3.7089274744298675,15,69.27231868607467,39.96666666666667,48,-8.9255652019408,-10.200000000000001,0.7815009669540581,0.21849903304594187
LAX,UVS,5,"(33.94417072663332, -118.40248449470265)","(34.09403098583778, -118.4229018884611)",33.18333333333333,57,31.55,12.366402484617149,4.94656099384686,10,54.36640248461715,54.05,45,-8.139140248461715,-7.95,0.45285540019896897,0.547144599801031
LAX,LGB,8,"(33.94417072663332, -118.40248449470265)","(33.859969442005486, -118.14444783960005)",26.166666666666668,62,12.866666666666667,7.637259439005186,3.0549037756020745,15,58.637259439005184,40.36666666666667,34,-7.882059277233853,-7.9,0.5044850603918243,0.49551493960817566
LAX,ANH,9,"(33.94417072663332, -118.40248449470265)","(33.824772354960565, -117.88892636488393)",43.55,77,9.55,4.833161798956843,1.9332647195827373,15,91.83316179895684,37.05,52,-11.035816179895683,-10.3,0.3239197066806936,0.6760802933193064
LAX,BVH,11,"(33.94417072663332, -118.40248449470265)","(34.109335660194695, -118.37048432726198)",39.8,45,18.333333333333332,9.408388314496548,3.7633553257986194,10,34.90838831449655,40.83333333333333,29,-5.532505498116322,-5.95,0.6028835509968294,0.39711644900317056
LAX,HWD,9,"(33.94417072663332, -118.40248449470265)","(34.118501230589, -118.35538454226507)",46.88333333333333,57,18.166666666666668,6.124614856557935,2.449845942623174,10,39.12461485655793,40.66666666666667,45,-5.9457948189891265,-7.95,0.8812378884809365,0.11876211151906356
LAX,LGB,6,"(33.94417072663332, -118.40248449470265)","(33.787286564715025, -118.16507036880776)",28.633333333333333,62,9.133333333333333,5.334968990928121,2.1339875963712482,15,56.33496899092812,36.63333333333333,34,-7.465163565759479,-7.9,0.6070279709585366,0.39297202904146333
LAX,LGB,5,"(33.94417072663332, -118.40248449470265)","(33.808935075084676, -118.10975722860144)",28.9,62,9.05,6.085606628308478,2.4342426513233915,15,57.085606628308476,36.55,34,-7.536060662830848,-7.9,0.5899937009014343,0.4100062990985658
LAX,UVS,15,"(33.94417072663332, -118.40248449470265)","(34.173201979644205, -118.29553140904594)",40.35,57,16.083333333333332,10.427866712700503,4.171146685080201,10,52.42786671270051,38.58333333333333,45,-7.171953337936717,-7.95,0.6852589722781635,0.3147410277218366
LAX,HWD,2,"(33.94417072663332, -118.40248449470265)","(34.139007740905676, -118.37375308639848)",37.53333333333333,57,15.083333333333334,10.522853139883894,4.209141255953558,10,43.52285313988389,37.583333333333336,45,-6.231451980655056,-7.95,0.8479417175169067,0.1520582824830933
LAX,DTLA,12,"(33.94417072663332, -118.40248449470265)","(34.07211459805946, -118.30861481330095)",35.483333333333334,50,18.816666666666666,7.754789051977381,3.1019156207909524,10,37.75478905197738,41.31666666666666,35,-5.8413122385310725,-6.75,0.7127315631234719,0.2872684368765281
LAX,WDHL,11,"(33.94417072663332, -118.40248449470265)","(34.13204194751788, -118.62728685319131)",43.833333333333336,78,10.083333333333334,7.426313770730294,2.9705255082921176,15,67.42631377073029,37.583333333333336,48,-8.621798043739696,-10.200000000000001,0.8289497203859761,0.17105027961402386
LAX,LGB,6,"(33.94417072663332, -118.40248449470265)","(33.819504904483814, -118.16775326511095)",24.466666666666665,62,5.266666666666667,2.454091349057584,0.9816365396230337,15,53.454091349057585,32.766666666666666,34,-6.983742468239092,-7.9,0.7142789387041957,0.2857210612958044
LAX,LGB,7,"(33.94417072663332, -118.40248449470265)","(33.78875199044964, -118.19010901347497)",25.666666666666668,62,11.483333333333333,7.304645479772906,2.921858191909162,15,58.30464547977291,38.983333333333334,34,-7.779631214643958,-7.9,0.5300559159755478,0.46994408402445226
LAX,BVH,7,"(33.94417072663332, -118.40248449470265)","(34.08125165807827, -118.44684235519331)",25.75,45,10.133333333333333,5.664727665773787,2.265891066309515,10,31.16472766577379,32.63333333333333,29,-4.748139433244046,-5.95,0.7688556026059541,0.2311443973940459
LAX,HWD,5,"(33.94417072663332, -118.40248449470265)","(34.03688843663895, -118.33505179551251)",25.616666666666667,57,17.35,9.51852694630599,3.807410778522396,10,42.51852694630599,39.85,45,-6.244352694630599,-7.95,0.8462708670519838,0.1537291329480161
LAX,WDHL,8,"(33.94417072663332, -118.40248449470265)","(34.155772699013205, -118.66985924740668)",47.916666666666664,78,13.0,9.618588565227867,3.847435426091147,15,69.61858856522787,40.5,48,-8.986858856522787,-10.200000000000001,0.7708542662456582,0.2291457337543418
LAX,LGB,18,"(33.94417072663332, -118.40248449470265)","(33.77366972683182, -118.18521880947425)",29.683333333333334,62,14.416666666666666,8.78329787051703,3.5133191482068122,15,59.78329787051703,41.916666666666664,34,-8.074163120385037,-7.9,0.45656894653823554,0.5434310534617643
LAX,ANH,9,"(33.94417072663332, -118.40248449470265)","(33.78348780765929, -117.86628608750995)",42.983333333333334,77,11.633333333333333,9.052934973527728,3.621173989411091,15,96.05293497352773,39.13333333333333,52,-11.56196016401944,-10.3,0.22063664546073883,0.7793633545392612
LAX,BVH,7,"(33.94417072663332, -118.40248449470265)","(34.021652633414405, -118.44198645312875)",18.116666666666667,45,14.983333333333333,8.909216695014573,3.563686678005829,10,34.40921669501457,37.483333333333334,29,-5.315088336168124,-5.95,0.6536023313037993,0.3463976686962007
LAX,HWD,13,"(33.94417072663332, -118.40248449470265)","(34.1125146144206, -118.32844646067049)",38.95,57,9.533333333333333,3.582738407761891,1.4330953631047563,10,36.582738407761894,32.03333333333333,45,-5.259940507442856,-7.95,0.9364375228900476,0.06356247710995248
LAX,PSD,7,"(33.94417072663332, -118.40248449470265)","(34.046278852502226, -118.58126380009526)",35.45,57,14.95,8.43568884820704,3.3742755392828157,10,47.435688848207036,37.45,47,-6.616068884820704,-8.05,0.8075130901714911,0.19248690982850897
LAX,UVS,8,"(33.94417072663332, -118.40248449470265)","(34.1517708079689, -118.30618949624856)",39.11666666666667,57,10.5,7.376221466299034,2.9504885865196138,10,49.376221466299036,33.0,45,-6.587622146629904,-7.95,0.7961458894109437,0.20385411058905634
LAX,PSD,10,"(33.94417072663332, -118.40248449470265)","(34.1130897009124, -118.54758537537471)",41.46666666666667,57,50.15,4.332319031162604,1.7329276124650417,10,43.332319031162605,72.65,47,-7.965731903116261,-8.05,0.521054566458781,0.47894543354121905
LAX,DTLA,16,"(33.94417072663332, -118.40248449470265)","(34.097011879279584, -118.25723096196438)",35.516666666666666,50,15.483333333333333,9.397042172228032,3.7588168688912127,10,39.39704217222803,37.983333333333334,35,-5.83887088388947,-6.75,0.7132311592531687,0.28676884074683134
LAX,UVS,4,"(33.94417072663332, -118.40248449470265)","(34.080499238193845, -118.3589967199199)",37.0,57,24.45,9.998084888490284,3.9992339553961136,10,51.99808488849028,46.95,45,-7.547308488849029,-7.95,0.5993341524778624,0.4006658475221377
LAX,BVH,14,"(33.94417072663332, -118.40248449470265)","(34.03129219919543, -118.4700671877111)",21.316666666666666,45,16.5,10.386641078556389,4.154656431422556,10,35.88664107855639,39.0,29,-5.538664107855639,-5.95,0.6014081574254011,0.39859184257459895
LAX,LGB,9,"(33.94417072663332, -118.40248449470265)","(33.763213340322665, -118.17422067254549)",29.333333333333332,62,15.45,9.679999333370125,3.87199973334805,15,60.67999933337013,42.95,34,-8.215499933337014,-7.9,0.4217728383520085,0.5782271616479915
LAX,ANH,14,"(33.94417072663332, -118.40248449470265)","(33.80205003198564, -117.95586049334703)",42.65,77,10.7,5.586826341807286,2.2347305367229144,15,92.58682634180728,38.2,52,-11.168682634180728,-10.3,0.29552849234290424,0.7044715076570959
LAX,PSD,13,"(33.94417072663332, -118.40248449470265)","(34.07981636395043, -118.49866142344604)",31.616666666666667,57,28.633333333333333,7.586345795066528,3.0345383180266112,10,46.58634579506653,51.13333333333333,47,-7.215301246173319,-8.05,0.6973475389814764,0.3026524610185236
LAX,LGB,9,"(33.94417072663332, -118.40248449470265)","(33.85193408074717, -118.13942453357649)",28.883333333333333,62,13.033333333333333,6.418384560923814,2.5673538243695253,15,57.41838456092381,40.53333333333333,34,-7.7685051227590485,-7.9,0.5328264330471633,0.4671735669528368
LAX,LGB,13,"(33.94417072663332, -118.40248449470265)","(33.823196485327394, -118.1989856933519)",19.116666666666667,62,9.45,6.981371998911708,2.7925487995646834,15,57.98137199891171,36.95,34,-7.645637199891172,-7.9,0.5632500417733217,0.4367499582266784
LAX,LGB,14,"(33.94417072663332, -118.40248449470265)","(33.8531657286458, -118.16850437116655)",25.933333333333334,62,10.016666666666667,6.868596860044632,2.747438744017853,15,57.86859686004463,37.516666666666666,34,-7.662693019337797,-7.9,0.5590498906475305,0.4409501093524694
LAX,LGB,5,"(33.94417072663332, -118.40248449470265)","(33.7642238290531, -118.12490545691321)",33.85,62,14.816666666666666,9.691836128921064,3.876734451568426,15,60.69183612892107,42.31666666666666,34,-8.18501694622544,-7.9,0.42922423643134905,0.570775763568651
LAX,HWD,7,"(33.94417072663332, -118.40248449470265)","(34.104644659108466, -118.35179486946492)",42.733333333333334,57,11.55,4.161017318393715,1.6644069273574862,10,37.16101731839372,34.05,45,-5.418601731839372,-7.95,0.9263138511994098,0.07368614880059024
LAX,UVS,13,"(33.94417072663332, -118.40248449470265)","(34.10868653961637, -118.28637059381887)",40.3,57,19.4,11.104562789572757,4.441825115829102,10,53.10456278957275,41.9,45,-7.405456278957276,-7.95,0.6328687685684941,0.367131231431506
LAX,ANH,11,"(33.94417072663332, -118.40248449470265)","(33.810153765744836, -117.88973922726353)",41.766666666666666,77,8.816666666666666,4.220328231214554,1.6881312924858216,15,91.22032823121455,36.31666666666666,52,-10.93786615645479,-10.3,0.34572905679647653,0.6542709432035235
LAX,UVS,9,"(33.94417072663332, -118.40248449470265)","(34.14948351489222, -118.32847777538433)",38.28333333333333,57,7.466666666666667,4.2646118705739005,1.7058447482295602,10,46.2646118705739,29.96666666666667,45,-6.124794520390724,-7.95,0.8611895717383872,0.13881042826161286
LAX,DTLA,14,"(33.94417072663332, -118.40248449470265)","(34.06210069550906, -118.27714168902097)",30.8,50,10.833333333333334,3.564519635676561,1.4258078542706243,10,33.56451963567656,33.333333333333336,35,-5.023118630234324,-6.75,0.8490130784308282,0.15098692156917182
LAX,LGB,7,"(33.94417072663332, -118.40248449470265)","(33.776416993275056, -118.165451905671)",30.383333333333333,62,10.7,7.122348747291211,2.8489394989164842,15,58.12234874729121,38.2,34,-7.722234874729121,-7.9,0.5443246196238347,0.4556753803761654
LAX,ANH,14,"(33.94417072663332, -118.40248449470265)","(33.78868880064805, -117.9560874151876)",40.28333333333333,77,12.166666666666666,6.702975521776457,2.681190208710583,15,93.70297552177645,39.666666666666664,52,-11.353630885510977,-10.3,0.2585284809080855,0.7414715190919146
LAX,DTLA,12,"(33.94417072663332, -118.40248449470265)","(34.090204282107365, -118.30550909903175)",34.6,50,13.916666666666666,9.793302160534639,3.9173208642138557,10,39.79330216053464,36.416666666666664,35,-5.800163549386797,-6.75,0.7210822857305995,0.2789177142694005
LAX,WDHL,16,"(33.94417072663332, -118.40248449470265)","(34.16312582364764, -118.58553218390213)",37.4,78,6.3,3.1411879817226334,1.2564751926890534,15,63.14118798172263,33.8,48,-8.004118798172263,-10.200000000000001,0.8998790312198304,0.10012096878016964
LAX,PSD,12,"(33.94417072663332, -118.40248449470265)","(34.04216404975038, -118.51069543147037)",30.333333333333332,57,21.266666666666666,9.766856773751742,3.9067427095006972,10,48.76685677375174,43.766666666666666,47,-7.065019010708508,-8.05,0.7280954346855987,0.2719045653144013
LAX,ANH,8,"(33.94417072663332, -118.40248449470265)","(33.82201391116247, -117.9274000613807)",37.266666666666666,77,9.266666666666667,2.0778262510517704,0.8311305004207081,15,89.07782625105177,36.766666666666666,52,-10.74611595843851,-10.3,0.39028462757985616,0.609715372420144
LAX,HWD,12,"(33.94417072663332, -118.40248449470265)","(34.123966644227686, -118.31969898359431)",39.833333333333336,57,11.083333333333334,5.656653905767365,2.262661562306946,10,38.656653905767364,33.583333333333336,45,-5.544832057243403,-7.95,0.9172205370209839,0.08277946297901612
LAX,LGB,10,"(33.94417072663332, -118.40248449470265)","(33.80654944828789, -118.10914594665464)",27.333333333333332,62,9.066666666666666,6.265972393218382,2.506388957287353,15,57.265972393218384,36.56666666666666,34,-7.554930572655172,-7.9,0.5854214194668357,0.41457858053316443
LAX,PSD,11,"(33.94417072663332, -118.40248449470265)","(34.09489703755638, -118.5959244920069)",47.71666666666667,57,28.216666666666665,6.598086469150466,2.6392345876601864,10,45.598086469150466,50.71666666666667,47,-7.095641980248381,-8.05,0.7219907658756751,0.2780092341243248
LAX,LGB,18,"(33.94417072663332, -118.40248449470265)","(33.83795236094571, -118.17380388555604)",25.933333333333334,62,8.666666666666666,4.985316447748247,1.9941265790992988,15,55.98531644774825,36.166666666666664,34,-7.406864978108159,-7.9,0.6208446848015446,0.3791553151984554
LAX,DTLA,4,"(33.94417072663332, -118.40248449470265)","(34.088466203799136, -118.32184718681249)",38.4,50,17.716666666666665,11.060283868779148,4.424113547511659,10,41.06028386877915,40.21666666666667,35,-6.116861720211249,-6.75,0.6532007166489359,0.3467992833510642
LAX,PSD,14,"(33.94417072663332, -118.40248449470265)","(34.113196179652476, -118.48335443601331)",26.966666666666665,57,34.65,10.571174473784627,4.22846978951385,10,49.57117447378462,57.15,47,-7.814617447378462,-8.05,0.558575440136623,0.44142455986337703
LAX,DTLA,9,"(33.94417072663332, -118.40248449470265)","(34.048055018750404, -118.27562563288214)",25.4,50,4.583333333333333,1.4706567315565606,0.5882626926226242,10,31.47065673155656,27.083333333333332,35,-4.501232339822323,-6.75,0.904544182980132,0.09545581701986804
LAX,ANH,23,"(33.94417072663332, -118.40248449470265)","(33.78159592052073, -117.98154305974816)",36.4,77,17.183333333333334,10.432698382141242,4.1730793528564964,15,97.43269838214124,44.68333333333334,52,-11.977436504880792,-10.3,0.1574352163557042,0.8425647836442958
LAX,DTLA,8,"(33.94417072663332, -118.40248449470265)","(34.02213894083105, -118.23244329057125)",26.566666666666666,50,8.683333333333334,6.165882079376316,2.4663528317505263,10,36.16588207937632,31.183333333333334,35,-5.175754874604299,-6.75,0.8283879426256255,0.1716120573743745
LAX,HWD,15,"(33.94417072663332, -118.40248449470265)","(34.099234187866976, -118.38833798456633)",36.9,57,18.566666666666666,8.850909161006545,3.5403636644026175,10,41.85090916100654,41.06666666666666,45,-6.238424249433988,-7.95,0.8470405546374213,0.15295944536257863
LAX,LGB,11,"(33.94417072663332, -118.40248449470265)","(33.8432126990445, -118.09151692263265)",29.483333333333334,62,15.366666666666667,9.780734025899031,3.9122936103596127,15,60.78073402589903,42.86666666666667,34,-8.221406735923237,-7.9,0.4203329538352335,0.5796670461647665
LAX,WDHL,7,"(33.94417072663332, -118.40248449470265)","(34.11509564229274, -118.63044935083808)",54.916666666666664,78,21.266666666666666,10.296068371013778,4.118427348405511,15,70.29606837101377,48.766666666666666,48,-9.467940170434712,-10.200000000000001,0.6752571251440501,0.32474287485594994
LAX,LGB,15,"(33.94417072663332, -118.40248449470265)","(33.75805571562477, -118.19829554459432)",28.383333333333333,62,16.283333333333335,12.0659956203864,4.826398248154559,15,63.0659956203864,43.78333333333333,34,-8.495766228705307,-7.9,0.35531291016836924,0.6446870898316307
LAX,PSD,9,"(33.94417072663332, -118.40248449470265)","(34.04742064715228, -118.56903456385712)",33.7,57,14.2,7.4857456417855825,2.994298256714233,10,46.485745641785584,36.7,47,-6.483574564178559,-8.05,0.8272734286556018,0.17272657134439823
LAX,HWD,9,"(33.94417072663332, -118.40248449470265)","(34.06397662504743, -118.27719679894233)",30.566666666666666,57,17.083333333333332,8.626280583802531,3.4505122335210126,10,41.62628058380253,39.58333333333333,45,-6.141794725046919,-7.95,0.8591448255851294,0.14085517441487064
LAX,WDHL,9,"(33.94417072663332, -118.40248449470265)","(34.181275215132956, -118.56936024245036)",36.6,78,6.216666666666667,5.436468461759654,2.1745873847038615,15,65.43646846175966,33.71666666666667,48,-8.2294801795093,-10.200000000000001,0.8776669360577015,0.12233306394229848
LAX,HWD,13,"(33.94417072663332, -118.40248449470265)","(34.07809177043412, -118.3937349467044)",31.35,57,19.466666666666665,9.817316406965112,3.9269265627860452,10,42.81731640696511,41.96666666666667,45,-6.380064974029845,-7.95,0.8277743455072036,0.1722256544927964
LAX,HWD,11,"(33.94417072663332, -118.40248449470265)","(34.09445325291547, -118.2944074889954)",36.766666666666666,57,9.633333333333333,4.731978212196648,1.8927912848786592,10,37.73197821219665,32.13333333333333,45,-5.379864487886332,-7.95,0.9289146446025633,0.07108535539743671
LAX,BVH,17,"(33.94417072663332, -118.40248449470265)","(34.121619351015646, -118.47504702529677)",27.35,45,18.983333333333334,13.145714107836486,5.258285643134594,10,38.64571410783648,41.483333333333334,29,-5.938738077450315,-5.95,0.5028154508803034,0.4971845491196965
LAX,HWD,11,"(33.94417072663332, -118.40248449470265)","(34.06232064701282, -118.35615008381862)",32.25,57,16.583333333333332,6.547788057924162,2.619115223169665,10,39.547788057924166,39.08333333333333,45,-5.9089454724590835,-7.95,0.885040603096011,0.11495939690398908
LAX,BVH,10,"(33.94417072663332, -118.40248449470265)","(34.095455247564104, -118.34849542416312)",40.11666666666667,45,17.916666666666668,10.29742168294294,4.118968673177176,10,35.79742168294294,40.41666666666667,29,-5.6005755016276275,-5.95,0.5864780143185572,0.4135219856814427
LAX,PSD,5,"(33.94417072663332, -118.40248449470265)","(34.04828850217569, -118.52367554380484)",29.8,57,15.733333333333333,7.870759994856239,3.1483039979424956,10,46.870759994856236,38.233333333333334,47,-6.598742666152291,-8.05,0.8101918634658428,0.1898081365341572
LAX,ANH,8,"(33.94417072663332, -118.40248449470265)","(33.80612918496425, -117.96586115484463)",42.2,77,11.883333333333333,6.824495784589645,2.729798313835858,15,93.82449578458964,39.38333333333333,52,-11.351616245125632,-10.3,0.2589148581899963,0.7410851418100036
LAX,PSD,8,"(33.94417072663332, -118.40248449470265)","(34.13682268612783, -118.53052762273059)",39.88333333333333,57,48.583333333333336,8.880364497728193,3.552145799091277,10,47.880364497728195,71.08333333333334,47,-8.342203116439487,-8.05,0.4274645934429181,0.5725354065570819
LAX,HWD,11,"(33.94417072663332, -118.40248449470265)","(34.13299348595679, -118.27478743610078)",34.8,57,18.416666666666668,10.347198886571059,4.138879554628423,10,43.34719888657106,40.91666666666667,45,-6.380553221990439,-7.95,0.827704727795584,0.17229527220441604
LAX,DTLA,9,"(33.94417072663332, -118.40248449470265)","(34.03435143192209, -118.2612919366012)",24.85,50,5.566666666666666,1.7365730095368814,0.6946292038147526,10,31.736573009536883,28.066666666666666,35,-4.5769906342870215,-6.75,0.8977994235132529,0.10220057648674702
LAX,LGB,8,"(33.94417072663332, -118.40248449470265)","(33.7972371945583, -118.2038757103504)",23.3,62,11.183333333333334,8.23644830826881,3.294579323307524,15,59.23644830826881,38.68333333333334,34,-7.8578114974935485,-7.9,0.5105455615291858,0.4894544384708142
LAX,PSD,10,"(33.94417072663332, -118.40248449470265)","(34.08470857782724, -118.5085210156873)",32.833333333333336,57,30.533333333333335,6.065704709129983,2.4262818836519933,10,45.06570470912998,53.03333333333333,47,-7.158237137579665,-8.05,0.7092538314761909,0.2907461685238091
LAX,ANH,8,"(33.94417072663332, -118.40248449470265)","(33.79702940836393, -117.90612455798801)",40.28333333333333,77,7.833333333333333,3.2039517581581505,1.2815807032632602,15,90.20395175815815,35.333333333333336,52,-10.787061842482483,-10.3,0.38058596632673314,0.6194140336732669
LAX,UVS,7,"(33.94417072663332, -118.40248449470265)","(34.14456175810878, -118.34450187066535)",37.35,57,7.883333333333334,1.851023034246241,0.7404092136984964,10,43.85102303424624,30.383333333333333,45,-5.904268970091291,-7.95,0.8855155518299851,0.11448444817001498
LAX,PSD,10,"(33.94417072663332, -118.40248449470265)","(34.13127201735964, -118.54406501393494)",41.03333333333333,57,48.71666666666667,7.502596568748516,3.0010386274994065,10,46.502596568748515,71.21666666666667,47,-8.211092990208185,-8.05,0.45981362111360846,0.5401863788863915
LAX,BVH,4,"(33.94417072663332, -118.40248449470265)","(34.060460453106906, -118.46424180827034)",23.7,45,14.716666666666667,7.6479990293166855,3.059199611726674,10,33.147999029316686,37.21666666666667,29,-5.175633236265003,-5.95,0.6844647545209459,0.31553524547905404
LAX,LGB,9,"(33.94417072663332, -118.40248449470265)","(33.870929615425794, -118.15509224079587)",24.033333333333335,62,14.45,9.48000535208968,3.7920021408358724,15,60.48000535208968,41.95,34,-8.145500535208967,-7.9,0.4389312787979462,0.5610687212020539
LAX,UVS,11,"(33.94417072663332, -118.40248449470265)","(34.13270687746003, -118.31889295477494)",45.05,57,21.55,5.282481527320471,2.1129926109281882,10,47.28248152732047,44.05,45,-6.930748152732047,-7.95,0.7348268427672402,0.26517315723275975
LAX,HWD,10,"(33.94417072663332, -118.40248449470265)","(34.094844733733396, -118.27849306495104)",36.95,57,13.45,7.010709247319349,2.8042836989277395,10,40.01070924731935,35.95,45,-5.798570924731935,-7.95,0.895802243071569,0.10419775692843107
LAX,LGB,6,"(33.94417072663332, -118.40248449470265)","(33.77656122823412, -118.16753427149612)",29.683333333333334,62,10.85,7.190715867457939,2.876286346983176,15,58.19071586745794,38.35,34,-7.736571586745795,-7.9,0.5407664083673406,0.4592335916326594
LAX,BVH,13,"(33.94417072663332, -118.40248449470265)","(34.06100547002399, -118.45966121014114)",23.516666666666666,45,14.9,6.98441304781292,2.793765219125168,10,32.48441304781292,37.4,29,-5.1184413047812924,-5.95,0.6966844068258733,0.3033155931741267
LAX,DTLA,7,"(33.94417072663332, -118.40248449470265)","(33.991845870409996, -118.3309645375798)",21.25,50,18.65,12.712350646540473,5.084940258616189,10,42.71235064654047,41.15,35,-6.3287350646540474,-6.75,0.6037858981261852,0.3962141018738149
LAX,ANH,10,"(33.94417072663332, -118.40248449470265)","(33.80888126847459, -117.86474130805466)",43.46666666666667,77,12.766666666666667,7.821980398758274,3.12879215950331,15,94.82198039875827,40.266666666666666,52,-11.495531373209161,-10.3,0.23227111406695422,0.7677288859330458
LAX,DTLA,8,"(33.94417072663332, -118.40248449470265)","(33.9906686042599, -118.25710739258292)",22.466666666666665,50,14.55,9.154478159780378,3.6617912639121513,10,39.15447815978038,37.05,35,-5.767947815978038,-6.75,0.7275152246715292,0.27248477532847076
LAX,HWD,8,"(33.94417072663332, -118.40248449470265)","(34.108915701343214, -118.27642470210125)",38.916666666666664,57,16.4,7.863996347344477,3.145598538937791,10,40.863996347344475,38.9,45,-6.031399634734448,-7.95,0.8719822749210951,0.12801772507890496
LAX,UVS,5,"(33.94417072663332, -118.40248449470265)","(34.15073625032411, -118.35662705564788)",35.31666666666667,57,6.883333333333334,2.1312903215476493,0.8525161286190598,10,44.13129032154765,29.383333333333333,45,-5.882295698821432,-7.95,0.8877243531252298,0.1122756468747703
LAX,PSD,14,"(33.94417072663332, -118.40248449470265)","(34.121568085934726, -118.60066446949621)",47.0,57,34.016666666666666,9.20480805271081,3.681923221084324,10,48.20480805271081,56.516666666666666,47,-7.646314138604415,-8.05,0.5995729049108997,0.40042709508910035
LAX,BVH,3,"(33.94417072663332, -118.40248449470265)","(34.04645714413, -118.47714938085271)",25.233333333333334,45,17.466666666666665,10.047545824654133,4.0190183298616535,10,35.54754582465414,39.96666666666667,29,-5.553087915798747,-5.95,0.5979455295933069,0.402054470406693
LAX,DTLA,13,"(33.94417072663332, -118.40248449470265)","(34.01013396975628, -118.33375568240147)",21.166666666666668,50,16.733333333333334,11.104698059800137,4.441879223920055,10,41.104698059800135,39.233333333333334,35,-6.07213647264668,-6.75,0.6632616921595831,0.3367383078404168
LAX,BVH,4,"(33.94417072663332, -118.40248449470265)","(34.08036851317133, -118.43360282896143)",26.083333333333332,45,6.75,3.959207651886507,1.5836830607546029,10,29.45920765188651,29.25,29,-4.408420765188652,-5.95,0.823694182227535,0.17630581777246507
LAX,UVS,11,"(33.94417072663332, -118.40248449470265)","(34.108724088492195, -118.38353489136911)",42.3,57,19.15,6.541868474589727,2.616747389835891,10,48.54186847458973,41.65,45,-6.936686847458972,-7.95,0.7336680377426154,0.26633196225738465
LAX,PSD,6,"(33.94417072663332, -118.40248449470265)","(34.10586519639091, -118.53986846571496)",43.15,57,41.71666666666667,3.431988388844362,1.3727953555377448,10,42.43198838884436,64.21666666666667,47,-7.45403217221777,-8.05,0.644733267907312,0.3552667320926879
LAX,UVS,12,"(33.94417072663332, -118.40248449470265)","(34.171199601071244, -118.3321648563773)",40.7,57,13.066666666666666,6.5334787392616525,2.613391495704661,10,48.53347873926165,35.56666666666666,45,-6.631681207259499,-7.95,0.7889018614579154,0.21109813854208456
LAX,UVS,5,"(33.94417072663332, -118.40248449470265)","(34.147335127960545, -118.32157461545638)",39.5,57,8.95,5.043864682963686,2.0175458731854743,10,47.04386468296369,31.45,45,-6.276886468296369,-7.95,0.8419904944104857,0.15800950558951435
LAX,HWD,7,"(33.94417072663332, -118.40248449470265)","(34.10165362421266, -118.32693294654703)",37.833333333333336,57,3.9833333333333334,1.7078027761753387,0.6831211104701355,10,34.70780277617534,26.483333333333334,45,-4.7949469442842005,-7.95,0.9591073652126224,0.04089263478737757
LAX,PSD,17,"(33.94417072663332, -118.40248449470265)","(34.087294964112935, -118.49237597559906)",32.0,57,34.61666666666667,8.353522659943007,3.3414090639772027,10,47.35352265994301,57.11666666666667,47,-7.591185599327634,-8.05,0.6127328813663073,0.3872671186336928
LAX,LGB,12,"(33.94417072663332, -118.40248449470265)","(33.78886185701923, -118.16401813686973)",28.033333333333335,62,8.133333333333333,5.026788956271461,2.0107155825085843,15,56.02678895627146,35.63333333333333,34,-7.384345562293813,-7.9,0.6261310683546027,0.3738689316453972
LAX,WDHL,13,"(33.94417072663332, -118.40248449470265)","(34.1564775344634, -118.58837056152633)",38.63333333333333,78,7.016666666666667,3.4898292239888247,1.3959316895955298,15,63.48982922398883,34.516666666666666,48,-8.074816255732216,-10.200000000000001,0.8933269170344019,0.10667308296559806
LAX,PSD,14,"(33.94417072663332, -118.40248449470265)","(34.123208581294875, -118.55391065432867)",41.46666666666667,57,50.15,6.071986192781605,2.4287944771126417,10,45.07198619278161,72.65,47,-8.13969861927816,-8.05,0.4775903685293862,0.5224096314706138
LAX,WDHL,13,"(33.94417072663332, -118.40248449470265)","(34.13968771776282, -118.64964107853797)",43.233333333333334,78,9.316666666666666,8.343695418956923,3.3374781675827694,15,68.34369541895693,36.81666666666666,48,-8.675202875229026,-10.200000000000001,0.8212437957067937,0.1787562042932062
LAX,WDHL,9,"(33.94417072663332, -118.40248449470265)","(34.12183640679551, -118.55827239413443)",41.45,78,15.216666666666667,10.830260526111296,4.332104210444518,15,70.83026052611129,42.71666666666667,48,-9.218859385944462,-10.200000000000001,0.7273344804647424,0.2726655195352576
LAX,LGB,14,"(33.94417072663332, -118.40248449470265)","(33.85017010848692, -118.19545329866718)",23.233333333333334,62,10.766666666666667,8.66725584240282,3.4669023369611285,15,59.667255842402824,38.266666666666666,34,-7.880058917573616,-7.9,0.5049851054151027,0.49501489458489734
LAX,WDHL,6,"(33.94417072663332, -118.40248449470265)","(34.199458801646756, -118.60676791336145)",43.583333333333336,78,8.533333333333333,4.897937234564111,1.9591748938256446,15,64.89793723456411,36.03333333333333,48,-8.291460390123078,-10.200000000000001,0.8708549917132672,0.1291450082867328
LAX,BVH,10,"(33.94417072663332, -118.40248449470265)","(34.11297306258134, -118.40873907438619)",39.05,45,15.4,7.9880038307973145,3.195201532318926,10,33.48800383079731,37.9,29,-5.243800383079732,-5.95,0.669560870921191,0.3304391290788089
LAX,DTLA,13,"(33.94417072663332, -118.40248449470265)","(34.046293057772175, -118.3035449225715)",28.466666666666665,50,9.9,5.2331519412656435,2.0932607765062574,10,35.233151941265646,32.4,35,-5.143315194126565,-6.75,0.8329506064345608,0.16704939356543927
LAX,LGB,5,"(33.94417072663332, -118.40248449470265)","(33.781812914686626, -118.1218482538104)",28.533333333333335,62,10.583333333333334,7.249436551247572,2.899774620499029,15,58.24943655124757,38.083333333333336,34,-7.729110321791424,-7.9,0.542618752710246,0.4573812472897541
LAX,LGB,9,"(33.94417072663332, -118.40248449470265)","(33.81534716283546, -118.1388699771644)",25.5,62,3.783333333333333,1.7787316459495481,0.7114926583798192,15,52.77873164594955,31.28333333333333,34,-6.842039831261622,-7.9,0.7423005379613699,0.2576994620386301
LAX,LGB,10,"(33.94417072663332, -118.40248449470265)","(33.766935857223274, -118.17769356555081)",29.45,62,16.2,9.273699121609992,3.7094796486439967,15,60.273699121609994,43.7,34,-8.212369912161,-7.9,0.4225363758472503,0.5774636241527498
LAX,LGB,4,"(33.94417072663332, -118.40248449470265)","(33.82180319036442, -118.13845640941892)",26.433333333333334,62,4.733333333333333,2.088797494026016,0.8355189976104065,15,53.08879749402602,32.233333333333334,34,-6.92054641606927,-7.9,0.7269997819958607,0.27300021800413926
LAX,WDHL,14,"(33.94417072663332, -118.40248449470265)","(34.16576488010274, -118.57805528286404)",36.75,78,8.033333333333333,4.004197067813131,1.6016788271252524,15,64.00419706781312,35.53333333333333,48,-8.17708637344798,-10.200000000000001,0.8831819483916349,0.11681805160836516
LAX,LGB,19,"(33.94417072663332, -118.40248449470265)","(33.802866039212496, -118.09815327975417)",27.616666666666667,62,9.95,7.960405303047343,3.1841621212189373,15,58.960405303047345,37.45,34,-7.768540530304735,-7.9,0.532817619304774,0.4671823806952261
LAX,LGB,8,"(33.94417072663332, -118.40248449470265)","(33.83146592617372, -118.10751210698864)",30.733333333333334,62,10.7,6.825702555630581,2.7302810222522327,15,57.825702555630585,38.2,34,-7.692570255563059,-7.9,0.5516722930991942,0.4483277069008057
LAX,LGB,21,"(33.94417072663332, -118.40248449470265)","(33.83554092274928, -118.09003281977601)",30.05,62,15.633333333333333,9.419822727411272,3.7679290909645093,15,60.41982272741127,43.13333333333333,34,-8.198648939407795,-7.9,0.4258877943509501,0.57411220564905
LAX,ANH,8,"(33.94417072663332, -118.40248449470265)","(33.77245482108894, -117.92608198303114)",39.88333333333333,77,11.65,6.926850947670943,2.770740379068377,15,93.92685094767094,39.15,52,-11.350185094767093,-10.3,0.2591895591261558,0.7408104408738442
LAX,DTLA,5,"(33.94417072663332, -118.40248449470265)","(34.03959805379206, -118.21445909513807)",28.15,50,10.266666666666667,7.59834525966487,3.039338103865948,10,37.59834525966487,32.766666666666666,35,-5.398167859299821,-6.75,0.794428999370522,0.20557100062947797
LAX,BVH,16,"(33.94417072663332, -118.40248449470265)","(34.119164293680754, -118.38840045602264)",41.1,45,18.516666666666666,9.629386820480942,3.851754728192377,10,35.129386820480946,41.016666666666666,29,-5.563772015381428,-5.95,0.5953743345623738,0.4046256654376263
LAX,PSD,12,"(33.94417072663332, -118.40248449470265)","(34.134162841596535, -118.54953675330636)",40.75,57,48.766666666666666,7.942943920844981,3.1771775683379926,10,46.94294392084498,71.26666666666667,47,-8.257627725417832,-8.05,0.44827874077101487,0.5517212592289852
LAX,LGB,11,"(33.94417072663332, -118.40248449470265)","(33.76536572413407, -118.10998217242461)",32.03333333333333,62,13.6,10.550785260289441,4.220314104115777,15,61.550785260289445,41.1,34,-8.210078526028944,-7.9,0.4230955716707707,0.5769044283292293
LAX,DTLA,9,"(33.94417072663332, -118.40248449470265)","(34.07129155439823, -118.27040581808046)",31.283333333333335,50,11.166666666666666,4.875305216890897,1.950122086756359,10,34.875305216890894,33.666666666666664,35,-5.170863855022423,-6.75,0.8290821402462714,0.17091785975372867
LAX,DTLA,10,"(33.94417072663332, -118.40248449470265)","(34.015175247622736, -118.21470937144423)",30.016666666666666,50,12.133333333333333,8.945687456262448,3.578274982504979,10,38.94568745626245,34.63333333333333,35,-5.626235412292911,-6.75,0.7546863409470179,0.24531365905298197
LAX,DTLA,5,"(33.94417072663332, -118.40248449470265)","(34.08605311441322, -118.20577458867727)",36.7,50,16.0,11.509867267614345,4.603946907045738,10,41.50986726761435,38.5,35,-6.0759867267614345,-6.75,0.6624012149355385,0.33759878506446145
LAX,HWD,11,"(33.94417072663332, -118.40248449470265)","(34.091439088127956, -118.29951260472845)",35.333333333333336,57,8.466666666666667,3.977502648524676,1.5910010594098705,10,36.97750264852468,30.96666666666667,45,-5.246083598185802,-7.95,0.937257346695988,0.06274265330401195
LAX,ANH,15,"(33.94417072663332, -118.40248449470265)","(33.79443567471693, -117.94425533313375)",42.13333333333333,77,10.916666666666666,4.754649050749863,1.901859620299945,15,91.75464905074986,38.416666666666664,52,-11.09629823840832,-10.3,0.3108179179130882,0.6891820820869119
LAX,UVS,8,"(33.94417072663332, -118.40248449470265)","(34.19108566371551, -118.30598101226818)",43.983333333333334,57,19.766666666666666,11.482230294949478,4.592892117979791,10,53.482230294949474,42.266666666666666,45,-7.461556362828281,-7.95,0.6197397245593738,0.3802602754406262
LAX,UVS,11,"(33.94417072663332, -118.40248449470265)","(34.10057249487273, -118.39584747967388)",36.18333333333333,57,27.316666666666666,8.754448922776781,3.5017795691107123,10,50.75444892277678,49.81666666666666,45,-7.566278225611011,-7.95,0.5947704351212364,0.40522956487876355
LAX,ANH,5,"(33.94417072663332, -118.40248449470265)","(33.80888797406682, -117.91223311003563)",39.88333333333333,77,6.333333333333333,1.1268798023762243,0.4507519209504897,15,88.12687980237622,33.833333333333336,52,-10.50435464690429,-10.3,0.44908839096523334,0.5509116090347667
LAX,LGB,15,"(33.94417072663332, -118.40248449470265)","(33.85229017198265, -118.12629679060619)",28.283333333333335,62,13.133333333333333,7.205650445359146,2.8822601781436585,15,58.20565044535915,40.63333333333333,34,-7.852231711202581,-7.9,0.5119398019229894,0.4880601980770107
LAX,HWD,10,"(33.94417072663332, -118.40248449470265)","(34.03783680752665, -118.30431906466347)",25.916666666666668,57,20.816666666666666,9.854339774264425,3.94173590970577,10,42.854339774264425,43.31666666666666,45,-6.451267310759775,-7.95,0.8173853852128549,0.1826146147871451
LAX,HWD,8,"(33.94417072663332, -118.40248449470265)","(34.115810338306794, -118.294493980718)",41.63333333333333,57,14.183333333333334,6.264651588529176,2.5058606354116706,10,39.264651588529176,36.68333333333334,45,-5.760631825519585,-7.95,0.8992906983675816,0.10070930163241844
LAX,HWD,16,"(33.94417072663332, -118.40248449470265)","(34.10024748116867, -118.31734739354255)",35.93333333333333,57,6.033333333333333,2.040375876327036,0.8161503505308143,10,35.04037587632703,28.53333333333333,45,-4.93070425429937,-7.95,0.9534382709889234,0.04656172901107659
LAX,DTLA,16,"(33.94417072663332, -118.40248449470265)","(34.06018706873149, -118.31471094762219)",29.366666666666667,50,15.016666666666667,7.4138467874499465,2.965538714979979,10,37.41384678744995,37.516666666666666,35,-5.617218012078329,-6.75,0.756351939628403,0.24364806037159695
LAX,UVS,10,"(33.94417072663332, -118.40248449470265)","(34.139973258275006, -118.41331007616455)",32.233333333333334,57,13.666666666666666,8.342854790869202,3.3371419163476808,10,50.342854790869204,36.166666666666664,45,-6.8426188124202545,-7.95,0.7516405615539502,0.2483594384460497
LAX,UVS,8,"(33.94417072663332, -118.40248449470265)","(34.1756788660929, -118.3495397673334)",39.833333333333336,57,12.866666666666667,6.467608758778151,2.5870435035112602,10,48.46760875877815,35.36666666666667,45,-6.615094209211149,-7.95,0.7916509523157046,0.20834904768429535
LAX,DTLA,15,"(33.94417072663332, -118.40248449470265)","(34.05967861119879, -118.32280493323749)",29.666666666666668,50,16.583333333333332,8.462065413644236,3.384826165457694,10,38.46206541364424,39.08333333333333,35,-5.800373208031091,-6.75,0.7210401166796804,0.2789598833203195
LAX,WDHL,14,"(33.94417072663332, -118.40248449470265)","(34.11724234590441, -118.55882799400742)",52.43333333333333,78,17.416666666666668,11.414341448299885,4.565736579319954,15,71.41434144829988,44.91666666666667,48,-9.387267478163322,-10.200000000000001,0.6926914822739879,0.3073085177260121
LAX,PSD,10,"(33.94417072663332, -118.40248449470265)","(34.05947950073241, -118.53451157093497)",37.2,57,16.766666666666666,5.442954393032659,2.177181757213064,10,44.44295439303266,39.266666666666666,47,-6.407628772636599,-8.05,0.837857332533207,0.16214266746679284
LAX,WDHL,13,"(33.94417072663332, -118.40248449470265)","(34.15490731632662, -118.59750670064804)",38.56666666666667,78,5.9,2.997819943416238,1.1991279773664951,15,62.99781994341624,33.4,48,-7.969781994341624,-10.200000000000001,0.9029304682421736,0.09706953175782643
LAX,ANH,8,"(33.94417072663332, -118.40248449470265)","(33.787950006225785, -117.91287574521265)",42.38333333333333,77,8.566666666666666,4.272291028094678,1.708916411237871,15,91.27229102809468,36.06666666666666,52,-10.930562436142802,-10.3,0.3473830180596437,0.6526169819403563
LAX,ANH,5,"(33.94417072663332, -118.40248449470265)","(33.85047891225134, -117.86228146063391)",42.18333333333333,77,17.666666666666668,10.484854154655611,4.193941661862245,15,97.48485415465561,45.16666666666667,52,-12.006818748798896,-10.3,0.1535767940852113,0.8464232059147887
LAX,DTLA,11,"(33.94417072663332, -118.40248449470265)","(33.98935392092802, -118.2039050572002)",31.45,50,18.883333333333333,12.979531452429324,5.19181258097173,10,42.97953145242933,41.38333333333333,35,-6.3671198119096,-6.75,0.5945675810323788,0.4054324189676211
LAX,HWD,5,"(33.94417072663332, -118.40248449470265)","(34.11828913897911, -118.37197699534326)",40.8,57,16.783333333333335,7.874643127006056,3.1498572508024223,10,40.87464312700605,39.28333333333333,45,-6.051630979367272,-7.95,0.869706819579832,0.13029318042016808
LAX,LGB,13,"(33.94417072663332, -118.40248449470265)","(33.82410243613665, -118.17122851670342)",24.116666666666667,62,5.95,3.198831933916819,1.2795327735667277,15,54.19883193391682,33.45,34,-7.092383193391683,-7.9,0.6916014278618412,0.30839857213815886
LAX,PSD,7,"(33.94417072663332, -118.40248449470265)","(34.0577445882386, -118.62004648846407)",57.2,57,37.7,11.241648475093232,4.496659390037292,10,50.24164847509323,60.2,47,-8.034164847509324,-8.05,0.5039587054018889,0.496041294598111
LAX,HWD,7,"(33.94417072663332, -118.40248449470265)","(34.142037441366206, -118.35441361906341)",38.86666666666667,57,14.6,9.499813990197692,3.7999255960790768,10,42.499813990197694,37.1,45,-6.10498139901977,-7.95,0.8635411681010517,0.13645883189894828
LAX,LGB,13,"(33.94417072663332, -118.40248449470265)","(33.78089981781296, -118.19469699468408)",25.1,62,13.0,8.70170212976359,3.4806808519054355,15,59.70170212976359,40.5,34,-7.99517021297636,-7.9,0.47622538866748354,0.5237746113325166
LAX,WDHL,9,"(33.94417072663332, -118.40248449470265)","(34.14738226900926, -118.65885675587748)",43.21666666666667,78,9.3,8.692354207339422,3.476941682935769,15,68.69235420733942,36.8,48,-8.709235420733943,-10.200000000000001,0.8161930040103428,0.1838069959896572
LAX,UVS,17,"(33.94417072663332, -118.40248449470265)","(34.143915192406894, -118.33679542687769)",37.983333333333334,57,6.5,2.7891329156116247,1.1156531662446498,10,44.789132915611624,29.0,45,-5.928913291561162,-7.95,0.8829933303489121,0.11700666965108793
LAX,ANH,13,"(33.94417072663332, -118.40248449470265)","(33.77007894197059, -117.98642741207705)",34.45,77,16.683333333333334,12.119105439140757,4.847642175656302,15,99.11910543914075,44.18333333333334,52,-12.121077210580742,-10.3,0.1393046664333997,0.8606953335666003
LAX,PSD,11,"(33.94417072663332, -118.40248449470265)","(34.04546708262437, -118.49994981972316)",27.95,57,22.25,10.331243499368716,4.1324973997474865,10,49.33124349936872,44.75,47,-7.1706243499368725,-8.05,0.7066928237422762,0.29330717625772385
LAX,UVS,14,"(33.94417072663332, -118.40248449470265)","(34.108349410257105, -118.39789797234856)",37.85,57,25.95,8.029061770825644,3.2116247083302576,10,50.02906177082564,48.45,45,-7.425406177082565,-7.95,0.628221326805543,0.37177867319445707
LAX,HWD,11,"(33.94417072663332, -118.40248449470265)","(34.05990779203404, -118.32644170793218)",32.5,57,10.633333333333333,5.487378539699945,2.194951415879978,10,38.48737853969995,33.13333333333333,45,-5.505404520636661,-7.95,0.9201653292801931,0.07983467071980693
LAX,WDHL,9,"(33.94417072663332, -118.40248449470265)","(34.13837658752629, -118.58683736906595)",45.266666666666666,78,11.933333333333334,6.220709469875181,2.4882837879500723,15,66.22070946987517,39.43333333333334,48,-8.593737613654184,-10.200000000000001,0.8328918210697397,0.16710817893026034
LAX,WDHL,10,"(33.94417072663332, -118.40248449470265)","(34.170183029380446, -118.55533863678868)",35.333333333333336,78,6.366666666666666,7.153896434404748,2.8615585737618994,15,67.15389643440474,33.86666666666667,48,-8.408722976773808,-10.200000000000001,0.8570837719428605,0.14291622805713955
LAX,LGB,6,"(33.94417072663332, -118.40248449470265)","(33.76733722830417, -118.17051693198437)",30.683333333333334,62,13.483333333333333,8.833806643360942,3.5335226573443768,15,59.833806643360944,40.983333333333334,34,-8.032547331002762,-7.9,0.46691159668474724,0.5330884033152528
LAX,PSD,9,"(33.94417072663332, -118.40248449470265)","(34.05579870372268, -118.56748377555787)",35.13333333333333,57,14.95,6.063783878662986,2.4255135514651944,10,45.06378387866299,37.45,47,-6.378878387866299,-8.05,0.8417253038828917,0.15827469611710823
LAX,UVS,10,"(33.94417072663332, -118.40248449470265)","(34.11057239121493, -118.35696333332126)",42.55,57,18.316666666666666,4.80791048461197,1.923164193844788,10,46.807910484611966,40.81666666666666,45,-6.7216243817945305,-7.95,0.7735341430152728,0.22646585698472718
LAX,UVS,9,"(33.94417072663332, -118.40248449470265)","(34.163787960267825, -118.34851202809286)",37.166666666666664,57,10.783333333333333,4.470311203476627,1.788124481390651,10,46.470311203476626,33.28333333333333,45,-6.311197787014329,-7.95,0.8373718884410188,0.16262811155898124
LAX,LGB,11,"(33.94417072663332, -118.40248449470265)","(33.81213464316892, -118.19307036716366)",21.583333333333332,62,6.8,6.057088207570254,2.4228352830281015,15,57.05708820757025,34.3,34,-7.420708820757025,-7.9,0.6175804831054768,0.38241951689452314
LAX,LGB,11,"(33.94417072663332, -118.40248449470265)","(33.808177974704655, -118.11972068272064)",27.183333333333334,62,7.666666666666667,4.725970292794971,1.8903881171179884,15,55.72597029279497,35.166666666666664,34,-7.330930362612831,-7.9,0.6385484711284695,0.3614515288715306
LAX,ANH,0,"(33.94417072663332, -118.40248449470265)","(33.7738855737305, -117.87769597142805)",40.9,77,10.766666666666667,8.881924430820073,3.552769772328029,15,95.88192443082008,38.266666666666666,52,-11.501525776415342,-10.3,0.23120390057217693,0.768796099427823
LAX,DTLA,12,"(33.94417072663332, -118.40248449470265)","(34.06835512341471, -118.20575596834203)",31.6,50,13.716666666666667,9.834568012789216,3.933827205115686,10,39.83456801278922,36.21666666666667,35,-5.794290134612256,-6.75,0.7222620270207277,0.27773797297927233
LAX,ANH,11,"(33.94417072663332, -118.40248449470265)","(33.81269709420537, -117.87652364730737)",43.2,77,13.266666666666667,6.106608392187463,2.4426433568749855,15,93.10660839218747,40.766666666666666,52,-11.34899417255208,-10.3,0.25941829406658934,0.7405817059334107
LAX,BVH,7,"(33.94417072663332, -118.40248449470265)","(34.04954286568683, -118.41270534260246)",24.066666666666666,45,6.483333333333333,2.956767546179855,1.182707018471942,10,28.456767546179854,28.983333333333334,29,-4.294843421284652,-5.95,0.8395867594577734,0.16041324054222658
LAX,PSD,21,"(33.94417072663332, -118.40248449470265)","(34.135047942749345, -118.59254462771655)",48.45,57,38.016666666666666,10.079207384884445,4.031682953953778,10,49.07920738488444,60.516666666666666,47,-7.933754071821777,-8.05,0.5290288002760385,0.47097119972396145
LAX,PSD,13,"(33.94417072663332, -118.40248449470265)","(34.05861359047447, -118.61817747651855)",56.78333333333333,57,36.61666666666667,10.934717865984108,4.373887146393644,10,49.93471786598411,59.11666666666667,47,-7.949305119931745,-8.05,0.525152470904024,0.474847529095976
LAX,HWD,10,"(33.94417072663332, -118.40248449470265)","(34.08453757954912, -118.31774616243584)",38.86666666666667,57,5.966666666666667,1.844282358068421,0.7377129432273684,10,34.84428235806842,28.46666666666667,45,-4.907761569140176,-7.95,0.9544462521267688,0.04555374787323117
LAX,DTLA,11,"(33.94417072663332, -118.40248449470265)","(34.08734797647959, -118.22267780309714)",31.616666666666667,50,10.933333333333334,9.94768944488727,3.9790757779549084,10,39.947689444887274,33.43333333333334,35,-5.666435611155395,-6.75,0.7471679180025634,0.25283208199743656
LAX,LGB,6,"(33.94417072663332, -118.40248449470265)","(33.766755225711044, -118.21472341001106)",26.35,62,14.933333333333334,12.469887088670365,4.987954835468146,15,63.46988708867036,42.43333333333334,34,-8.468655375533704,-7.9,0.3615471477841105,0.6384528522158895
LAX,LGB,8,"(33.94417072663332, -118.40248449470265)","(33.854915833233854, -118.13173946734636)",28.566666666666666,62,12.0,7.265509092750634,2.9062036371002535,15,58.265509092750634,39.5,34,-7.801550909275063,-7.9,0.5245924129589324,0.4754075870410675
LAX,HWD,13,"(33.94417072663332, -118.40248449470265)","(34.14573909896083, -118.36335183110224)",36.63333333333333,57,12.8,10.645182423315521,4.258072969326209,10,43.64518242331552,35.3,45,-6.129518242331551,-7.95,0.8606239240964931,0.1393760759035069
LAX,HWD,13,"(33.94417072663332, -118.40248449470265)","(34.10276165028098, -118.3769175383083)",45.03333333333333,57,18.55,7.3677563488291185,2.9471025395316475,10,40.36775634882912,41.05,45,-6.089275634882911,-7.95,0.865381356359681,0.134618643640319
LAX,UVS,9,"(33.94417072663332, -118.40248449470265)","(34.15168791266635, -118.35115647146797)",37.3,57,8.683333333333334,2.3534123646272125,0.9413649458508849,10,44.35341236462721,31.183333333333334,45,-5.994507903129389,-7.95,0.8760442652667527,0.12395573473324736
LAX,WDHL,10,"(33.94417072663332, -118.40248449470265)","(34.121968067342365, -118.54643338723957)",42.166666666666664,78,15.266666666666667,11.942801857416299,4.7771207429665195,15,71.9428018574163,42.766666666666666,48,-9.332613519074963,-10.200000000000001,0.7042015881948687,0.2957984118051313
LAX,BVH,3,"(33.94417072663332, -118.40248449470265)","(34.12183367793475, -118.42946320416225)",33.8,45,12.783333333333333,9.850514207572559,3.9402056830290237,10,35.35051420757256,35.28333333333333,29,-5.299218087423922,-5.95,0.6571866432471505,0.3428133567528495
LAX,HWD,13,"(33.94417072663332, -118.40248449470265)","(34.11576476590813, -118.3874101178039)",43.666666666666664,57,18.766666666666666,9.564336728689513,3.8257346914758052,10,42.56433672868951,41.266666666666666,45,-6.319767006202285,-7.95,0.8362015540909986,0.16379844590900133
LAX,BVH,9,"(33.94417072663332, -118.40248449470265)","(34.09922919984583, -118.38537500331093)",37.9,45,13.266666666666667,6.740686623380457,2.6962746493521825,10,32.240686623380455,35.766666666666666,29,-5.012401995671379,-5.95,0.7186142102377717,0.2813857897622283
LAX,PSD,10,"(33.94417072663332, -118.40248449470265)","(34.14401674935223, -118.59869598872748)",41.733333333333334,57,39.96666666666667,11.847359414193788,4.738943765677515,10,50.84735941419379,62.46666666666667,47,-8.208069274752713,-8.05,0.46056475754310194,0.539435242456898
LAX,ANH,7,"(33.94417072663332, -118.40248449470265)","(33.79924932124676, -117.96841209162127)",41.05,77,12.566666666666666,7.453367075056686,2.9813468300226744,15,94.45336707505669,40.06666666666666,52,-11.448670040839003,-10.3,0.24073208935829327,0.7592679106417067
LAX,BVH,9,"(33.94417072663332, -118.40248449470265)","(34.0243316275125, -118.38183257609792)",20.233333333333334,45,17.416666666666668,8.441037324916788,3.3764149299667157,10,33.94103732491679,39.91666666666667,29,-5.389937065825013,-5.95,0.6364671019102431,0.36353289808975686
LAX,ANH,13,"(33.94417072663332, -118.40248449470265)","(33.8685082092401, -117.93752067930471)",38.85,77,15.033333333333333,10.059196421813375,4.02367856872535,15,97.05919642181337,42.53333333333333,52,-11.832586308848004,-10.3,0.17761559302713775,0.8223844069728623
LAX,LGB,6,"(33.94417072663332, -118.40248449470265)","(33.86071186328514, -118.14816286148468)",26.3,62,13.733333333333333,7.7154651512354,3.08618606049416,15,58.7154651512354,41.233333333333334,34,-7.933213181790208,-7.9,0.4916974677593784,0.5083025322406215
LAX,UVS,6,"(33.94417072663332, -118.40248449470265)","(34.18359023310864, -118.32844107572002)",42.63333333333333,57,15.85,8.668634434466707,3.467453773786683,10,50.66863443446671,38.35,45,-6.9843634434466715,-7.95,0.7242489171680436,0.2757510828319564
LAX,DTLA,14,"(33.94417072663332, -118.40248449470265)","(34.03779483798568, -118.26360296844314)",25.766666666666666,50,5.2,1.056920149506351,0.42276805980254034,10,31.05692014950635,27.7,35,-4.4906920149506355,-6.75,0.9054504042909861,0.09454959570901386
LAX,BVH,0,"(33.94417072663332, -118.40248449470265)","(34.018636084554366, -118.46191842724697)",22.45,45,18.216666666666665,10.997353620500903,4.398941448200361,10,36.4973536205009,40.71666666666667,29,-5.685568695383424,-5.95,0.5657252909337029,0.43427470906629717
LAX,UVS,11,"(33.94417072663332, -118.40248449470265)","(34.14016969563946, -118.35792339460885)",38.083333333333336,57,2.95,0.501985308780579,0.2007941235122316,10,42.501985308780576,25.45,45,-5.522698530878058,-7.95,0.9188856254594734,0.08111437454052668
LAX,BVH,10,"(33.94417072663332, -118.40248449470265)","(34.079372400898315, -118.38599920658855)",34.266666666666666,45,7.683333333333334,4.2536536477724365,1.7014614591089747,10,29.75365364777244,30.183333333333334,29,-4.48453203144391,-5.95,0.812367562049725,0.18763243795027498
LAX,UVS,15,"(33.94417072663332, -118.40248449470265)","(34.090799564910014, -118.41084037822684)",32.983333333333334,57,25.45,11.452496666284135,4.580998666513654,10,53.452496666284134,47.95,45,-7.742749666628415,-7.95,0.5516279189537867,0.44837208104621323
LAX,ANH,16,"(33.94417072663332, -118.40248449470265)","(33.81745797409975, -117.895290587379)",41.36666666666667,77,7.416666666666667,3.5244403413119807,1.4097761365247923,15,90.52444034131199,34.916666666666664,52,-10.798277367464532,-10.3,0.37794557915543314,0.6220544208445669
LAX,ANH,9,"(33.94417072663332, -118.40248449470265)","(33.76127697835668, -117.96938917449478)",34.81666666666667,77,15.75,11.385890621559371,4.5543562486237485,15,98.38589062155937,43.25,52,-12.001089062155938,-10.3,0.1543230808264068,0.8456769191735931
LAX,LGB,15,"(33.94417072663332, -118.40248449470265)","(33.8428454682086, -118.08765968289121)",28.15,62,13.133333333333333,10.24227538863229,4.096910155452916,15,61.242275388632294,40.63333333333333,34,-8.155894205529897,-7.9,0.436373269922799,0.563626730077201
LAX,BVH,17,"(33.94417072663332, -118.40248449470265)","(34.06585989536743, -118.38427872723747)",28.4,45,9.85,3.896781168104251,1.5587124672417003,10,29.39678116810425,32.35,29,-4.557178116810425,-5.95,0.8010423586243594,0.19895764137564062
LAX,PSD,11,"(33.94417072663332, -118.40248449470265)","(34.09023778791775, -118.51156332841101)",37.0,57,34.016666666666666,5.613911065604778,2.2455644262419114,10,44.61391106560478,56.516666666666666,47,-7.287224439893812,-8.05,0.681956034369042,0.3180439656309581
LAX,WDHL,5,"(33.94417072663332, -118.40248449470265)","(34.16996983404201, -118.58840175222952)",36.1,78,4.2,2.424125526602199,0.9696502106408795,15,62.4241255266022,31.7,48,-7.82741255266022,-10.200000000000001,0.9147129322899599,0.08528706771004013
LAX,HWD,13,"(33.94417072663332, -118.40248449470265)","(34.08602748594996, -118.39543982446267)",32.333333333333336,57,18.766666666666666,9.824722474301769,3.9298889897207077,10,42.824722474301765,41.266666666666666,45,-6.3458055807635105,-7.95,0.832603796954376,0.167396203045624
LAX,ANH,12,"(33.94417072663332, -118.40248449470265)","(33.83432890921994, -117.85476117183443)",43.233333333333334,77,16.783333333333335,9.990052838304491,3.9960211353217967,15,96.99005283830449,44.28333333333333,52,-11.913171950497118,-10.3,0.16614869557878553,0.8338513044212145
LAX,PSD,11,"(33.94417072663332, -118.40248449470265)","(34.06086709581839, -118.52931155501548)",34.9,57,17.016666666666666,5.597339815296677,2.2389359261186708,10,44.59733981529668,39.516666666666666,47,-6.435567314863001,-8.05,0.8340258972580039,0.1659741027419961
LAX,LGB,6,"(33.94417072663332, -118.40248449470265)","(33.84875297865561, -118.12220100369721)",29.8,62,12.566666666666666,7.017089822812565,2.806835929125026,15,58.017089822812565,40.06666666666666,34,-7.805042315614591,-7.9,0.52372159904511,0.47627840095488994
LAX,BVH,9,"(33.94417072663332, -118.40248449470265)","(34.06748681679893, -118.47879434158418)",26.133333333333333,45,18.633333333333333,9.660339839943637,3.8641359359774547,10,35.16033983994364,41.13333333333333,29,-5.57270065066103,-5.95,0.593221574054539,0.40677842594546093
LAX,DTLA,12,"(33.94417072663332, -118.40248449470265)","(34.09949771569472, -118.2560819883365)",36.266666666666666,50,16.216666666666665,9.84602978947459,3.938411915789836,10,39.84602978947459,38.71666666666667,35,-5.920436312280793,-6.75,0.6962626659834236,0.3037373340165764
LAX,DTLA,13,"(33.94417072663332, -118.40248449470265)","(34.0728566008596, -118.28560274523835)",32.55,50,13.283333333333333,5.759832140047232,2.3039328560188927,10,35.75983214004723,35.78333333333333,35,-5.36514988067139,-6.75,0.799768821190149,0.200231178809851
LAX,LGB,21,"(33.94417072663332, -118.40248449470265)","(33.82852315538734, -118.08854088480985)",29.35,62,13.716666666666667,9.26730679627817,3.7069227185112683,15,60.26730679627817,41.21666666666667,34,-8.08756401296115,-7.9,0.45324598465598825,0.5467540153440118
LAX,PSD,12,"(33.94417072663332, -118.40248449470265)","(34.11133373244256, -118.48739460224893)",25.6,57,33.3,9.911657079136472,3.9646628316545884,10,48.911657079136475,55.8,47,-7.681165707913648,-8.05,0.5911772723014573,0.4088227276985427
LAX,LGB,10,"(33.94417072663332, -118.40248449470265)","(33.853415477154336, -118.18209089918753)",25.3,62,13.133333333333333,7.827016677670172,3.130806671068069,15,58.82701667767017,40.63333333333333,34,-7.914368334433684,-7.9,0.4964079781888194,0.5035920218111807
LAX,BVH,4,"(33.94417072663332, -118.40248449470265)","(34.050593107897114, -118.46130671662651)",21.966666666666665,45,13.516666666666667,7.670021180979844,3.0680084723919374,10,33.170021180979845,36.016666666666666,29,-5.1178354514313185,-5.95,0.6968124176164934,0.3031875823835066
LAX,DTLA,16,"(33.94417072663332, -118.40248449470265)","(34.0916914871217, -118.32587793955271)",38.31666666666667,50,18.75,11.861894935259034,4.744757974103614,10,41.86189493525903,41.25,35,-6.248689493525903,-6.75,0.6227672556271963,0.3772327443728037
LAX,DTLA,10,"(33.94417072663332, -118.40248449470265)","(34.043834715242824, -118.26318035497455)",25.683333333333334,50,2.3833333333333333,0.5981560689588235,0.23926242758352936,10,30.598156068958822,24.883333333333333,35,-4.303982273562549,-6.75,0.9202697466938954,0.07973025330610455
LAX,HWD,7,"(33.94417072663332, -118.40248449470265)","(34.14516552274846, -118.33095103995319)",39.7,57,13.9,9.220087305748697,3.6880349222994786,10,42.2200873057487,36.4,45,-6.04200873057487,-7.95,0.8707933091987641,0.12920669080123595
LAX,LGB,6,"(33.94417072663332, -118.40248449470265)","(33.82657852968369, -118.08574717557697)",30.566666666666666,62,14.766666666666667,9.58934404771232,3.835737619084928,15,60.589344047712316,42.266666666666666,34,-8.172267738104566,-7.9,0.43235045356707213,0.5676495464329279
LAX,LGB,9,"(33.94417072663332, -118.40248449470265)","(33.80221747337277, -118.11289746669304)",26.783333333333335,62,8.483333333333333,6.001285407226834,2.4005141628907336,15,57.00128540722683,35.983333333333334,34,-7.49929520738935,-7.9,0.5988569823265771,0.40114301767342275
LAX,BVH,7,"(33.94417072663332, -118.40248449470265)","(34.076222926386016, -118.39710818392149)",31.55,45,5.233333333333333,2.6325446464141193,1.0530178585656478,10,28.132544646414118,27.733333333333334,29,-4.199921131308079,-5.95,0.8519627493391893,0.1480372506608108
LAX,LGB,10,"(33.94417072663332, -118.40248449470265)","(33.84319390516137, -118.10028100471236)",30.0,62,14.633333333333333,8.693911383901526,3.47756455356061,15,59.69391138390152,42.13333333333333,34,-8.07605780505682,-7.9,0.45609888805225024,0.5439011119477498
LAX,HWD,15,"(33.94417072663332, -118.40248449470265)","(34.0679737076105, -118.28891885532559)",33.266666666666666,57,14.616666666666667,6.85509750462756,2.742039001851024,10,39.85509750462756,37.11666666666667,45,-5.841343083796089,-7.95,0.8917417422700965,0.10825825772990359
LAX,PSD,15,"(33.94417072663332, -118.40248449470265)","(34.06955858988853, -118.54864281709176)",39.05,57,3.0166666666666666,3.2035267276622763,1.2814106910649106,10,42.20352672766228,25.516666666666666,47,-5.4961860060995615,-8.05,0.9278293246659985,0.07217067533400152
LAX,BVH,9,"(33.94417072663332, -118.40248449470265)","(34.04737689468816, -118.43892290014077)",20.466666666666665,45,7.6,5.1567861538987145,2.062714461559486,10,30.656786153898715,30.1,29,-4.5706786153898715,-5.95,0.7988819895302409,0.2011180104697591
LAX,ANH,6,"(33.94417072663332, -118.40248449470265)","(33.83828805258053, -117.90334810265593)",39.6,77,11.75,5.023221764461287,2.0092887057845146,15,92.02322176446128,39.25,52,-11.16482217644613,-10.3,0.296332840369259,0.703667159630741
LAX,BVH,13,"(33.94417072663332, -118.40248449470265)","(34.04480028669548, -118.47857881327094)",26.85,45,17.766666666666666,10.340763582308723,4.136305432923489,10,35.840763582308725,40.266666666666666,29,-5.597409691564206,-5.95,0.5872455807117685,0.41275441928823153
LAX,LGB,14,"(33.94417072663332, -118.40248449470265)","(33.87072008278927, -118.12088424573771)",26.966666666666665,62,17.15,10.387047519415514,4.154819007766205,15,61.38704751941552,44.65,34,-8.371204751941551,-7.9,0.3843311346486092,0.6156688653513908
LAX,DTLA,8,"(33.94417072663332, -118.40248449470265)","(33.98719082208177, -118.30420386373063)",21.55,50,14.883333333333333,10.998729325121797,4.399491730048719,10,40.9987293251218,37.38333333333333,35,-5.9690395991788465,-6.75,0.6858870653828593,0.31411293461714085
LAX,HWD,16,"(33.94417072663332, -118.40248449470265)","(34.07923929958795, -118.2959126588448)",33.75,57,9.583333333333334,4.9836200396692645,1.993448015867706,10,37.98362003966926,32.083333333333336,45,-5.402528670633593,-7.95,0.9274034525165746,0.0725965474834254
LAX,DTLA,7,"(33.94417072663332, -118.40248449470265)","(34.05309104769261, -118.20883756684692)",30.516666666666666,50,10.7,8.55413339101711,3.421653356406844,10,38.55413339101711,33.2,35,-5.515413339101711,-6.75,0.7746203388491386,0.22537966115086142
LAX,LGB,5,"(33.94417072663332, -118.40248449470265)","(33.85997728399809, -118.19831326447654)",23.766666666666666,62,11.983333333333333,10.162074616495216,4.064829846598086,15,61.16207461649522,39.483333333333334,34,-8.090374128316189,-7.9,0.4525496904952692,0.5474503095047307
LAX,ANH,9,"(33.94417072663332, -118.40248449470265)","(33.79264112487131, -117.98481643843282)",38.583333333333336,77,16.266666666666666,10.053246347407379,4.021298538962951,15,97.05324634740738,43.766666666666666,52,-11.893657968074073,-10.3,0.1688698686898673,0.8311301313101327
LAX,UVS,7,"(33.94417072663332, -118.40248449470265)","(34.1220056462321, -118.3336384789614)",39.18333333333333,57,14.333333333333334,4.180805113921834,1.6723220455687335,10,46.180805113921835,36.833333333333336,45,-6.4597471780588505,-7.95,0.8161162167374371,0.1838837832625629
LAX,WDHL,9,"(33.94417072663332, -118.40248449470265)","(34.11640766175154, -118.54643683997232)",42.45,78,15.233333333333333,12.639441205573448,5.055776482229379,15,72.63944120557345,42.733333333333334,48,-9.40061078722401,-10.200000000000001,0.6898438126599652,0.3101561873400348
LAX,BVH,13,"(33.94417072663332, -118.40248449470265)","(34.05846747947119, -118.37109764453739)",26.533333333333335,45,11.816666666666666,5.954873942191603,2.381949576876641,10,31.454873942191604,34.31666666666666,29,-4.861320727552494,-5.95,0.7481329384214821,0.25186706157851796
LAX,LGB,15,"(33.94417072663332, -118.40248449470265)","(33.82446936923582, -118.08188040316065)",27.3,62,11.966666666666667,10.07701102346401,4.030804409385604,15,61.07701102346401,39.46666666666667,34,-8.081034435679735,-7.9,0.4548645941102266,0.5451354058897733
LAX,BVH,8,"(33.94417072663332, -118.40248449470265)","(34.06336956793292, -118.4318796794288)",23.216666666666665,45,6.666666666666667,2.9864508183101837,1.1945803273240734,10,28.486450818310182,29.166666666666668,29,-4.306978415164352,-5.95,0.8379456657591327,0.16205433424086743
LAX,ANH,12,"(33.94417072663332, -118.40248449470265)","(33.8697884483834, -117.91178675821472)",40.5,77,18.15,9.973761195385958,3.9895044781543834,15,96.97376119538596,45.65,52,-11.979876119538597,-10.3,0.1571118733972365,0.8428881266027635
LAX,HWD,15,"(33.94417072663332, -118.40248449470265)","(34.142961029788665, -118.30792693594104)",42.983333333333334,57,17.116666666666667,9.249523665145347,3.699809466058139,10,42.24952366514535,39.61666666666667,45,-6.205785699847869,-7.95,0.8512215691646899,0.14877843083531017
LAX,WDHL,5,"(33.94417072663332, -118.40248449470265)","(34.204941662934786, -118.66664835203294)",46.13333333333333,78,11.216666666666667,10.550690890741228,4.220276356296491,15,70.55069089074122,38.71666666666667,48,-8.990902422407457,-10.200000000000001,0.7701392368524121,0.2298607631475878
LAX,LGB,13,"(33.94417072663332, -118.40248449470265)","(33.76046946113127, -118.19922627106178)",24.766666666666666,62,12.65,11.801964101637054,4.720785640654822,15,62.801964101637054,40.15,34,-8.287696410163706,-7.9,0.4042719658365391,0.5957280341634608
LAX,BVH,8,"(33.94417072663332, -118.40248449470265)","(34.114802009834676, -118.37287898353499)",40.88333333333333,45,20.366666666666667,9.966925694561475,3.98677027782459,10,35.466925694561475,42.86666666666667,29,-5.690025902789481,-5.95,0.5646299243129732,0.4353700756870268
LAX,DTLA,11,"(33.94417072663332, -118.40248449470265)","(34.06564422613261, -118.20551456757902)",33.06666666666667,50,15.183333333333334,9.668968766191417,3.8675875064765672,10,39.66896876619142,37.68333333333334,35,-5.851063543285809,-6.75,0.7107308951280539,0.289269104871946
LAX,PSD,15,"(33.94417072663332, -118.40248449470265)","(34.03671434504564, -118.56732561868812)",34.5,57,15.0,9.168131878350113,3.6672527513400457,10,48.16813187835011,37.5,47,-6.691813187835011,-8.05,0.7954648491479709,0.20453515085202909
LAX,WDHL,16,"(33.94417072663332, -118.40248449470265)","(34.15214670390537, -118.61961378963429)",44.15,78,9.633333333333333,3.8524040533857824,1.540961621354313,15,63.85240405338578,37.13333333333333,48,-8.241907072005246,-10.200000000000001,0.8763264152570378,0.12367358474296224
LAX,ANH,12,"(33.94417072663332, -118.40248449470265)","(33.7583752827301, -117.95029168822822)",37.38333333333333,77,16.216666666666665,10.313093175978114,4.125237270391246,15,97.31309317597811,43.71666666666667,52,-11.917142650931146,-10.3,0.16559931061084632,0.8344006893891536
LAX,DTLA,15,"(33.94417072663332, -118.40248449470265)","(33.99081926476436, -118.28188044921785)",18.183333333333334,50,9.166666666666666,9.252764471564229,3.7011057886256915,10,39.25276447156423,31.666666666666664,35,-5.508609780489756,-6.75,0.7758059093892821,0.224194090610718
LAX,ANH,5,"(33.94417072663332, -118.40248449470265)","(33.83464519291484, -117.96338762719834)",38.333333333333336,77,11.916666666666666,7.464848582415046,2.9859394329660183,15,94.46484858241504,39.416666666666664,52,-11.417318191574838,-10.3,0.24650907024549185,0.7534909297545082
LAX,UVS,11,"(33.94417072663332, -118.40248449470265)","(34.11601736137398, -118.36813731699753)",42.95,57,20.233333333333334,4.2897402861404705,1.7158961144561882,10,46.28974028614047,42.733333333333334,45,-6.765640695280714,-7.95,0.7657307128630094,0.23426928713699052
LAX,WDHL,14,"(33.94417072663332, -118.40248449470265)","(34.2249922888627, -118.5910946504632)",47.3,78,14.166666666666666,9.512334468465708,3.804933787386283,15,69.51233446846571,41.666666666666664,48,-9.034566780179905,-10.200000000000001,0.7623185570021556,0.23768144299784455
LAX,UVS,8,"(33.94417072663332, -118.40248449470265)","(34.18305962056515, -118.31935783805419)",43.233333333333334,57,16.65,9.239309338494571,3.695723735397829,10,51.23930933849457,39.15,45,-7.081430933849457,-7.95,0.704447863220574,0.295552136779426
LAX,UVS,8,"(33.94417072663332, -118.40248449470265)","(34.11733413962306, -118.42078618514984)",36.916666666666664,57,24.116666666666667,10.088817992346538,4.035527196938615,10,52.088817992346534,46.61666666666667,45,-7.539715132567987,-7.95,0.6011561827472821,0.39884381725271784
LAX,UVS,14,"(33.94417072663332, -118.40248449470265)","(34.12208071882313, -118.34963579431397)",41.266666666666666,57,13.883333333333333,2.9247522558868018,1.1699009023547207,10,44.9247522558868,36.38333333333333,45,-6.311641892255347,-7.95,0.8373114010347773,0.1626885989652227
LAX,DTLA,8,"(33.94417072663332, -118.40248449470265)","(34.09567843406151, -118.32172760144543)",37.65,50,16.883333333333333,11.959192623884496,4.783677049553798,10,41.9591926238845,39.38333333333333,35,-6.165085929055117,-6.75,0.6421973484278025,0.35780265157219754
LAX,PSD,6,"(33.94417072663332, -118.40248449470265)","(34.10919360049394, -118.51542354892678)",43.11666666666667,57,42.766666666666666,6.222467551856283,2.4889870207425133,10,45.22246755185628,65.26666666666667,47,-7.785580088518962,-8.05,0.5657224918639473,0.4342775081360527
LAX,BVH,7,"(33.94417072663332, -118.40248449470265)","(34.025939183088774, -118.38010785335314)",21.05,45,17.75,8.333542800987843,3.333417120395137,10,33.83354280098784,40.25,29,-5.395854280098785,-5.95,0.6350968937682302,0.36490310623176986
LAX,PSD,8,"(33.94417072663332, -118.40248449470265)","(34.049832194733234, -118.62002362105495)",46.38333333333333,57,25.883333333333333,11.934357444812349,4.77374297792494,10,50.93435744481235,48.38333333333333,47,-7.512602411147903,-8.05,0.6312068231812891,0.368793176818711
LAX,DTLA,3,"(33.94417072663332, -118.40248449470265)","(34.019487379468494, -118.21536080908348)",30.15,50,12.266666666666667,8.486383199205388,3.394553279682155,10,38.48638319920539,34.766666666666666,35,-5.5869716532538725,-6.75,0.7618825456712264,0.23811745432877363
LAX,WDHL,19,"(33.94417072663332, -118.40248449470265)","(34.14179980731232, -118.6371104310317)",45.15,78,10.233333333333333,6.798536907963881,2.7194147631855525,15,66.79853690796388,37.733333333333334,48,-8.566520357463055,-10.200000000000001,0.8366457574968277,0.1633542425031723
