trip_id,origin_block_group,origin_tract,origin_county,origin_st_2020,destination_block_group,destination_tract,destination_county,destination_st_2020,mode,trip_purpose,previous_trip_purpose,start_time,end_time,duration_min,distance_mi,vehicle_type,vehicle_fuel_type,transit_submode,transit_agency,transit_route,origin_land_use,origin_building_use,destination_land_use,destination_building_use,user_id,trip_taker_household_id,user_age,trip_taker_sex,trip_taker_race_ethnicity,user_employment,trip_taker_wfh,user_income,trip_taker_commute_mode,trip_taker_household_size,trip_taker_household_income,trip_taker_available_vehicles,trip_taker_resident_type,trip_taker_industry,trip_taker_building_type,trip_taker_school_grade_attending,trip_taker_education,trip_taker_tenure,trip_taker_language,trip_taker_home_bgrp_2020,user_home_tract,trip_taker_home_cty_2020,trip_taker_home_st_2020,trip_taker_work_bgrp_2020,user_work_tract,trip_taker_work_cty_2020,trip_taker_work_st_2020,FM_duration_min,FM_fare_USD,depart_hour,origin_vertiport_id,origin_vertiport_tract,arrival_time_at_dest_vertiport,last_hour,LM_duration_min,dest_vertiport_id,dest_vertiport_tract,LM_fare_USD,MM_duration_min,RAM_IVTT_min,RAM_OVTT_min,RAM_Fare_USD,Driving_IVTT_min,Driving_OVTT_min,Driving_Fare_USD,Income_low,Income_mid,Income_high
9718786935307624244,"1 (Tract 6309, Cook, IL)","6309 (Cook, IL)","Cook County, IL",Illinois,"1 (Tract 8, Champaign, IL)","8 (Champaign, IL)","Champaign County, IL",Illinois,auto_passenger,eat,lodging,1900-01-01 18:30:00,1900-01-01 20:39:16,129,127.1,unknown_vehicle_type,unknown_fuel_type,,,,mixed_use,multi_family,retail,retail,13021411755206184918,,,,,,,,,,,,visitor,,,,,,,Visitor (no home location),Visitor (no home location),Visitor (no home location),Visitor (no home location),Visitor (no work/school location),Visitor (no work/school location),Visitor (no work/school location),Visitor (no work/school location),6.428571428571429,10.716923076923077,18,Chicago3_mdw,"9801 (Cook, IL)",1900-01-01 19:56:25.714285716,19,6.662650602409639,UIUC1,"3.01 (Champaign, IL)",11.837287611986408,70,83.09122203098107,10,122.55421068890949,129,3.0,76.25999999999999,0,1,0
202170935878352540,"1 (Tract 6202, Cook, IL)","6202 (Cook, IL)","Cook County, IL",Illinois,"1 (Tract 58, Champaign, IL)","58 (Champaign, IL)","Champaign County, IL",Illinois,auto_passenger,maintenance,social,1900-01-01 13:02:00,1900-01-01 15:20:08,138,127.7,unknown_vehicle_type,unknown_fuel_type,,,,multi_family,multi_family,office,office,5466515233579052972,,,,,,,,,,,,visitor,,,,,,,Visitor (no home location),Visitor (no home location),Visitor (no home location),Visitor (no home location),Visitor (no work/school location),Visitor (no work/school location),Visitor (no work/school location),Visitor (no work/school location),3.5,7.914000000000001,13,Chicago3_mdw,"9801 (Cook, IL)",1900-01-01 14:25:30.000000000,14,3.863636363636364,UIUC1,"3.01 (Champaign, IL)",7.806293537787513,70,77.36363636363636,10,115.72029353778751,138,3.0,76.62,0,1,0
8916469519188152655,"1 (Tract 9801, Cook, IL)","9801 (Cook, IL)","Cook County, IL",Illinois,"5 (Tract 10, Champaign, IL)","10 (Champaign, IL)","Champaign County, IL",Illinois,private_auto,shop,region_arrival,1900-01-01 12:30:00,1900-01-01 14:41:23,131,133.7,unknown_vehicle_type,other_non_bev,,,,transportation_utilities,transportation_utilities,retail,retail,18193022436231047244,921476089160076768,62.0,female,white_not_hispanic_or_latino,employed,employed_not_working,95615.0,worked_from_home,1.0,95615.0,one,core,naics61,single_family,not_attending_school,bachelors_degree,owner,english,"1 (Tract 10, Champaign, IL)","10 (Champaign, IL)","Champaign County, IL",Illinois,"5 (Tract 10, Champaign, IL)","10 (Champaign, IL)","Champaign County, IL",Illinois,5.0608108108108105,8.638370729219785,12,Chicago3_mdw,"9801 (Cook, IL)",1900-01-01 13:55:03.648648648,13,6.9375,UIUC1,"3.01 (Champaign, IL)",11.312416666666666,70,81.9983108108108,10,119.95078739588645,131,3.0,80.21999999999998,0,1,0
10592153590785880465,"3 (Tract 7111, Cook, IL)","7111 (Cook, IL)","Cook County, IL",Illinois,"1 (Tract 4.01, Champaign, IL)","4.01 (Champaign, IL)","Champaign County, IL",Illinois,auto_passenger,school,social,1900-01-01 15:35:00,1900-01-01 17:41:11,126,124.3,unknown_vehicle_type,unknown_fuel_type,,,,single_family,single_family,education,education,16734624168510511397,286967820962608413,31.0,female,white_not_hispanic_or_latino,employed,employed_not_working,59118.0,private_auto,4.0,117193.0,two,core,naics62,single_family,not_attending_school,some_college,owner,english,"1 (Tract 106.01, Champaign, IL)","106.01 (Champaign, IL)","Champaign County, IL",Illinois,"2 (Tract 106.01, Champaign, IL)","106.01 (Champaign, IL)","Champaign County, IL",Illinois,17.0,23.895652173913042,15,Chicago3_mdw,"9801 (Cook, IL)",1900-01-01 17:12:00.000000000,17,1.1454545454545455,UIUC1,"3.01 (Champaign, IL)",5.059398969745339,70,88.14545454545454,10,128.95505114365838,126,3.0,74.58,0,1,0
15643050057632593109,"1 (Tract 7107, Cook, IL)","7107 (Cook, IL)","Cook County, IL",Illinois,"4 (Tract 58, Champaign, IL)","58 (Champaign, IL)","Champaign County, IL",Illinois,private_auto,social,recreation,1900-01-01 13:32:00,1900-01-01 15:38:43,126,127.1,unknown_vehicle_type,other_non_bev,,,,open_space,open_space,single_family,single_family,11111385923439680132,1754010645869224538,31.0,female,white_not_hispanic_or_latino,employed,employed_not_working,30192.0,private_auto,2.0,30192.0,two,core,naics62,single_family,not_attending_school,bachelors_degree,renter,english,"1 (Tract 106.03, Champaign, IL)","106.03 (Champaign, IL)","Champaign County, IL",Illinois,"2 (Tract 14, Champaign, IL)","14 (Champaign, IL)","Champaign County, IL",Illinois,17.0,25.653333333333332,13,Chicago3_mdw,"9801 (Cook, IL)",1900-01-01 15:09:00.000000000,15,3.3684210526315788,UIUC1,"3.01 (Champaign, IL)",7.598303107165504,70,90.36842105263158,10,133.25163644049883,126,3.0,76.25999999999999,1,0,0
63938430418359865,"1 (Tract 9801, Cook, IL)","9801 (Cook, IL)","Cook County, IL",Illinois,"1 (Tract 8, Champaign, IL)","8 (Champaign, IL)","Champaign County, IL",Illinois,private_auto,shop,region_arrival,1900-01-01 14:27:00,1900-01-01 16:38:29,131,132.1,unknown_vehicle_type,other_non_bev,,,,transportation_utilities,transportation_utilities,retail,retail,16735116902452142090,15402573091832518867,39.0,male,white_not_hispanic_or_latino,employed,employed_not_working,97677.0,private_auto,3.0,108530.0,three_plus,core,naics22,single_family,not_attending_school,high_school,renter,english,"1 (Tract 107.01, Champaign, IL)","107.01 (Champaign, IL)","Champaign County, IL",Illinois,"1 (Tract 8, Champaign, IL)","8 (Champaign, IL)","Champaign County, IL",Illinois,5.041322314049586,8.63018556058007,14,Chicago3_mdw,"9801 (Cook, IL)",1900-01-01 15:52:02.479338840,15,7.485714285714286,UIUC1,"3.01 (Champaign, IL)",12.18297435897436,70,82.52703659976386,10,120.81315991955444,131,3.0,79.25999999999999,0,1,0
3598804492687313471,"1 (Tract 9801, Cook, IL)","9801 (Cook, IL)","Cook County, IL",Illinois,"1 (Tract 109.02, Champaign, IL)","109.02 (Champaign, IL)","Champaign County, IL",Illinois,private_auto,home,region_arrival,1900-01-01 23:15:00,1900-01-01 01:31:31,136,140.7,unknown_vehicle_type,other_non_bev,,,,transportation_utilities,transportation_utilities,single_family,single_family,14383051734658360683,17708074750476727327,20.0,male,white_not_hispanic_or_latino,employed,employed_not_working,42269.0,private_auto,2.0,80916.0,two,core,naics48_49,single_family,not_attending_school,some_college,owner,english,"1 (Tract 109.02, Champaign, IL)","109.02 (Champaign, IL)","Champaign County, IL",Illinois,"3 (Tract 11, Champaign, IL)","11 (Champaign, IL)","Champaign County, IL",Illinois,3.0,7.7728301886792455,23,Chicago3_mdw,"9801 (Cook, IL)",1900-01-02 00:38:00.000000000,0,9.0,UIUC1,"3.01 (Champaign, IL)",15.430243902439024,70,82.0,10,123.20307409111828,136,3.0,84.41999999999999,1,0,0
2661229927525987796,"1 (Tract 9801, Cook, IL)","9801 (Cook, IL)","Cook County, IL",Illinois,"2 (Tract 14, Champaign, IL)","14 (Champaign, IL)","Champaign County, IL",Illinois,private_auto,recreation,region_arrival,1900-01-01 08:05:00,1900-01-01 10:21:25,136,135.2,unknown_vehicle_type,other_non_bev,,,,transportation_utilities,transportation_utilities,office,office,173956947502248675,11212794584015225260,38.0,female,two_races_not_hispanic_or_latino,employed,employed_not_working,43353.0,worked_from_home,3.0,112325.0,two,core,naics52,mobile,not_attending_school,bachelors_degree,renter,english,"1 (Tract 109.02, Champaign, IL)","109.02 (Champaign, IL)","Champaign County, IL",Illinois,"1 (Tract 109.02, Champaign, IL)","109.02 (Champaign, IL)","Champaign County, IL",Illinois,5.442622950819672,8.798731828023508,8,Chicago3_mdw,"9801 (Cook, IL)",1900-01-01 09:30:26.557377048,9,3.112676056338028,UIUC1,"3.01 (Champaign, IL)",7.515851668327364,70,78.5552990071577,10,116.31458349635086,136,3.0,81.11999999999999,1,0,0
15495372817076554531,"1 (Tract 9801, Cook, IL)","9801 (Cook, IL)","Cook County, IL",Illinois,"4 (Tract 13.01, Champaign, IL)","13.01 (Champaign, IL)","Champaign County, IL",Illinois,private_auto,social,other_activity_type,1900-01-01 12:37:11,1900-01-01 14:55:00,137,127.4,unknown_vehicle_type,other_non_bev,,,,transportation_utilities,transportation_utilities,single_family,single_family,8932170651133108800,17757617944794038949,34.0,female,two_races_not_hispanic_or_latino,employed,employed_not_working,64105.0,worked_from_home,6.0,322902.0,two,core,naics56,single_family,not_attending_school,bachelors_degree,owner,english,"1 (Tract 11, Champaign, IL)","11 (Champaign, IL)","Champaign County, IL",Illinois,"1 (Tract 11, Champaign, IL)","11 (Champaign, IL)","Champaign County, IL",Illinois,5.0608108108108105,8.638370729219785,12,Chicago3_mdw,"9801 (Cook, IL)",1900-01-01 14:02:14.648648648,14,6.625,UIUC1,"3.01 (Champaign, IL)",10.442308153477217,70,81.6858108108108,10,119.080678882697,137,3.0,76.44,0,1,0
2371440222445959288,"1 (Tract 9801, Cook, IL)","9801 (Cook, IL)","Cook County, IL",Illinois,"1 (Tract 11, Champaign, IL)","11 (Champaign, IL)","Champaign County, IL",Illinois,auto_passenger,home,region_arrival,1900-01-01 06:54:00,1900-01-01 09:08:38,134,135.8,unknown_vehicle_type,unknown_fuel_type,,,,transportation_utilities,transportation_utilities,single_family,single_family,6987624162673704187,3282156415249094803,55.0,female,white_not_hispanic_or_latino,employed,employed_not_working,246723.0,private_auto,3.0,252432.0,three_plus,core,naics522130,single_family,not_attending_school,bachelors_degree,owner,english,"1 (Tract 11, Champaign, IL)","11 (Champaign, IL)","Champaign County, IL",Illinois,"5 (Tract 12.01, Champaign, IL)","12.01 (Champaign, IL)","Champaign County, IL",Illinois,4.568965517241379,8.431795705920624,6,Chicago3_mdw,"9801 (Cook, IL)",1900-01-01 08:18:34.137931032,8,5.0,UIUC1,"3.01 (Champaign, IL)",9.49158878504673,70,79.56896551724138,10,117.92338449096735,134,3.0,81.48,0,0,1
11371077816496986874,"1 (Tract 9801, Cook, IL)","9801 (Cook, IL)","Cook County, IL",Illinois,"2 (Tract 58, Champaign, IL)","58 (Champaign, IL)","Champaign County, IL",Illinois,private_auto,recreation,region_arrival,1900-01-01 13:11:00,1900-01-01 15:28:24,137,135.2,unknown_vehicle_type,other_non_bev,,,,transportation_utilities,transportation_utilities,civic_institutional,civic_institutional,10829601005551556795,10927758444350557678,45.0,male,white_not_hispanic_or_latino,employed,employed_not_working,121088.0,private_auto,1.0,121088.0,three_plus,core,naics2382,single_family,not_attending_school,some_college,owner,english,"1 (Tract 11, Champaign, IL)","11 (Champaign, IL)","Champaign County, IL",Illinois,"3 (Tract 54.01, Champaign, IL)","54.01 (Champaign, IL)","Champaign County, IL",Illinois,5.015151515151516,8.619193825042881,13,Chicago3_mdw,"9801 (Cook, IL)",1900-01-01 14:36:00.909090912,14,3.863636363636364,UIUC1,"3.01 (Champaign, IL)",7.806293537787513,70,78.87878787878788,10,116.4254873628304,137,3.0,81.11999999999999,0,1,0
5238065849322026392,"5 (Tract 6606, Cook, IL)","6606 (Cook, IL)","Cook County, IL",Illinois,"1 (Tract 110.01, Champaign, IL)","110.01 (Champaign, IL)","Champaign County, IL",Illinois,private_auto,home,eat,1900-01-01 21:00:33,1900-01-01 23:13:15,132,135.9,unknown_vehicle_type,other_non_bev,,,,mixed_use,retail,multi_family,multi_family,3604550916099400019,9830285214401726700,28.0,male,white_not_hispanic_or_latino,employed,employed_not_working,58169.0,private_auto,2.0,105655.0,two,core,naics61,multiple_units,not_attending_school,bachelors_degree,renter,english,"1 (Tract 110.01, Champaign, IL)","110.01 (Champaign, IL)","Champaign County, IL",Illinois,"2 (Tract 106.04, Champaign, IL)","106.04 (Champaign, IL)","Champaign County, IL",Illinois,7.0,12.760000000000002,21,Chicago3_mdw,"9801 (Cook, IL)",1900-01-01 22:27:33.000000000,22,4.0,UIUC1,"3.01 (Champaign, IL)",8.230322580645161,70,81.0,10,120.99032258064517,132,3.0,81.54,0,1,0
4808031270002875008,"5 (Tract 6606, Cook, IL)","6606 (Cook, IL)","Cook County, IL",Illinois,"1 (Tract 110.01, Champaign, IL)","110.01 (Champaign, IL)","Champaign County, IL",Illinois,private_auto,home,shop,1900-01-01 12:52:00,1900-01-01 15:06:31,134,127.9,unknown_vehicle_type,other_non_bev,,,,retail,retail,single_family,single_family,17717676975564729667,1652101385866952468,50.0,male,white_not_hispanic_or_latino,employed,employed_not_working,100906.0,private_auto,2.0,150173.0,one,core,naics61,single_family,not_attending_school,advanced_degree,owner,english,"1 (Tract 110.01, Champaign, IL)","110.01 (Champaign, IL)","Champaign County, IL",Illinois,"2 (Tract 2, Vermilion, IL)","2 (Vermilion, IL)","Vermilion County, IL",Illinois,7.875,13.127500000000001,12,Chicago3_mdw,"9801 (Cook, IL)",1900-01-01 14:19:52.500000000,14,3.6666666666666665,UIUC1,"3.01 (Champaign, IL)",8.09032258064516,70,81.54166666666667,10,121.21782258064516,134,3.0,76.74,0,1,0
7557938263029244793,"1 (Tract 9801, Cook, IL)","9801 (Cook, IL)","Cook County, IL",Illinois,"1 (Tract 13.02, Champaign, IL)","13.02 (Champaign, IL)","Champaign County, IL",Illinois,private_auto,eat,region_arrival,1900-01-01 18:30:00,1900-01-01 20:45:08,135,140.4,unknown_vehicle_type,other_non_bev,,,,transportation_utilities,transportation_utilities,retail,retail,16335420508492208702,16655162341236783893,26.0,male,white_not_hispanic_or_latino,employed,employed_not_working,26047.0,private_auto,3.0,78142.0,three_plus,core,naics611110,single_family,not_attending_school,bachelors_degree,owner,english,"1 (Tract 110.02, Champaign, IL)","110.02 (Champaign, IL)","Champaign County, IL",Illinois,"2 (Tract 110.01, Champaign, IL)","110.01 (Champaign, IL)","Champaign County, IL",Illinois,4.653846153846154,8.46744557329463,18,Chicago3_mdw,"9801 (Cook, IL)",1900-01-01 19:54:39.230769228,19,7.222222222222222,UIUC1,"3.01 (Champaign, IL)",12.536652835408022,70,81.87606837606839,10,121.00409840870265,135,3.0,84.24,1,0,0
6799839050468096975,"1 (Tract 9801, Cook, IL)","9801 (Cook, IL)","Cook County, IL",Illinois,"1 (Tract 12.05, Champaign, IL)","12.05 (Champaign, IL)","Champaign County, IL",Illinois,private_auto,social,region_arrival,1900-01-01 18:36:00,1900-01-01 20:53:59,137,140.2,unknown_vehicle_type,other_non_bev,,,,transportation_utilities,transportation_utilities,single_family,single_family,6273785060452677243,17212808131071473081,63.0,female,white_not_hispanic_or_latino,employed,employed_not_working,5911.0,private_auto,2.0,191381.0,two,core,naics61,single_family,not_attending_school,advanced_degree,owner,english,"1 (Tract 110.02, Champaign, IL)","110.02 (Champaign, IL)","Champaign County, IL",Illinois,"2 (Tract 12.05, Champaign, IL)","12.05 (Champaign, IL)","Champaign County, IL",Illinois,4.653846153846154,8.46744557329463,18,Chicago3_mdw,"9801 (Cook, IL)",1900-01-01 20:00:39.230769228,20,12.833333333333334,UIUC1,"3.01 (Champaign, IL)",18.883816425120774,70,87.48717948717949,10,127.3512619984154,137,3.0,84.11999999999999,1,0,0
10888133630995265992,"1 (Tract 9801, Cook, IL)","9801 (Cook, IL)","Cook County, IL",Illinois,"1 (Tract 111, Champaign, IL)","111 (Champaign, IL)","Champaign County, IL",Illinois,private_auto,home,region_arrival,1900-01-01 16:48:00,1900-01-01 19:09:15,141,127.8,unknown_vehicle_type,other_non_bev,,,,transportation_utilities,transportation_utilities,mixed_use,multi_family,2922830423324452554,1042019130861644647,28.0,male,white_not_hispanic_or_latino,employed,employed_not_working,44349.0,private_auto,1.0,44349.0,one,core,naics61,multiple_units,not_attending_school,advanced_degree,renter,english,"1 (Tract 111, Champaign, IL)","111 (Champaign, IL)","Champaign County, IL",Illinois,"1 (Tract 53, Champaign, IL)","53 (Champaign, IL)","Champaign County, IL",Illinois,4.228070175438597,8.288619662363455,16,Chicago3_mdw,"9801 (Cook, IL)",1900-01-01 18:12:13.684210524,18,2.926829268292683,UIUC1,"3.01 (Champaign, IL)",7.049268292682927,70,77.15489944373128,10,115.33788795504638,141,3.0,76.67999999999999,1,0,0
1106330626119427540,"1 (Tract 9801, Cook, IL)","9801 (Cook, IL)","Cook County, IL",Illinois,"1 (Tract 12.05, Champaign, IL)","12.05 (Champaign, IL)","Champaign County, IL",Illinois,private_auto,home,region_arrival,1900-01-01 17:38:00,1900-01-01 19:54:18,136,139.6,unknown_vehicle_type,other_non_bev,,,,transportation_utilities,transportation_utilities,single_family,single_family,10459217816667888994,3791856798203666962,45.0,female,two_races_not_hispanic_or_latino,employed,employed_not_working,71630.0,auto_passenger,4.0,247450.0,two,core,naics61,single_family,not_attending_school,advanced_degree,owner,english,"1 (Tract 12.05, Champaign, IL)","12.05 (Champaign, IL)","Champaign County, IL",Illinois,"2 (Tract 9769, Moultrie, IL)","9769 (Moultrie, IL)","Moultrie County, IL",Illinois,5.551724137931035,8.844554326610279,17,Chicago3_mdw,"9801 (Cook, IL)",1900-01-01 19:03:33.103448273,19,12.0,UIUC1,"3.01 (Champaign, IL)",18.533816425120772,70,87.55172413793103,10,127.37837075173105,136,3.0,83.75999999999999,0,1,0
2799337532514784207,"1 (Tract 9801, Cook, IL)","9801 (Cook, IL)","Cook County, IL",Illinois,"5 (Tract 12.01, Champaign, IL)","12.01 (Champaign, IL)","Champaign County, IL",Illinois,auto_passenger,shop,other_activity_type,1900-01-01 16:23:35,1900-01-01 18:38:02,134,128.8,unknown_vehicle_type,unknown_fuel_type,,,,transportation_utilities,transportation_utilities,retail,retail,13955671882344303698,1596039113026980265,49.0,female,asian_not_hispanic_or_latino,employed,employed_not_working,70041.0,worked_from_home,3.0,185253.0,two,core,naics61,single_family,not_attending_school,advanced_degree,owner,asian_pacific,"1 (Tract 12.05, Champaign, IL)","12.05 (Champaign, IL)","Champaign County, IL",Illinois,"1 (Tract 12.05, Champaign, IL)","12.05 (Champaign, IL)","Champaign County, IL",Illinois,4.228070175438597,8.288619662363455,16,Chicago3_mdw,"9801 (Cook, IL)",1900-01-01 17:47:48.684210524,17,7.68,UIUC1,"3.01 (Champaign, IL)",12.47842392026578,70,81.90807017543861,10,120.76704358262924,134,3.0,77.28,0,1,0
13775079376061101392,"1 (Tract 9801, Cook, IL)","9801 (Cook, IL)","Cook County, IL",Illinois,"1 (Tract 12.05, Champaign, IL)","12.05 (Champaign, IL)","Champaign County, IL",Illinois,private_auto,home,region_arrival,1900-01-01 20:39:00,1900-01-01 22:53:19,134,139.6,unknown_vehicle_type,other_non_bev,,,,transportation_utilities,transportation_utilities,single_family,single_family,12681315065688390202,807001204939531751,34.0,female,white_not_hispanic_or_latino,employed,employed_not_working,51047.0,private_auto,5.0,110404.0,three_plus,core,naics61,single_family,graduate,bachelors_degree,renter,english,"1 (Tract 12.05, Champaign, IL)","12.05 (Champaign, IL)","Champaign County, IL",Illinois,"1 (Tract 53, Champaign, IL)","53 (Champaign, IL)","Champaign County, IL",Illinois,5.92,8.999230188679245,20,Chicago3_mdw,"9801 (Cook, IL)",1900-01-01 22:04:55.200000000,22,11.666666666666666,UIUC1,"3.01 (Champaign, IL)",18.39381642512077,70,87.58666666666667,10,127.39304661380002,134,3.0,83.75999999999999,0,1,0
16585958189026994402,"1 (Tract 9801, Cook, IL)","9801 (Cook, IL)","Cook County, IL",Illinois,"4 (Tract 13.01, Champaign, IL)","13.01 (Champaign, IL)","Champaign County, IL",Illinois,private_auto,eat,region_arrival,1900-01-01 18:20:00,1900-01-01 20:31:58,131,135.2,unknown_vehicle_type,other_non_bev,,,,transportation_utilities,transportation_utilities,retail,retail,3577492219062424346,14714589929114137145,64.0,female,asian_not_hispanic_or_latino,employed,employed_not_working,35614.0,private_auto,3.0,62206.0,three_plus,core,naics31_33,single_family,not_attending_school,k_12,owner,asian_pacific,"1 (Tract 12.05, Champaign, IL)","12.05 (Champaign, IL)","Champaign County, IL",Illinois,"2 (Tract 5, Champaign, IL)","5 (Champaign, IL)","Champaign County, IL",Illinois,4.653846153846154,8.46744557329463,18,Chicago3_mdw,"9801 (Cook, IL)",1900-01-01 19:44:39.230769228,19,5.181818181818182,UIUC1,"3.01 (Champaign, IL)",9.836171789840854,70,79.83566433566435,10,118.30361736313549,131,3.0,81.11999999999999,1,0,0
10269062107046906950,"1 (Tract 9801, Cook, IL)","9801 (Cook, IL)","Cook County, IL",Illinois,"1 (Tract 12.05, Champaign, IL)","12.05 (Champaign, IL)","Champaign County, IL",Illinois,private_auto,home,region_arrival,1900-01-01 13:25:00,1900-01-01 15:42:04,137,139.1,unknown_vehicle_type,other_non_bev,,,,transportation_utilities,transportation_utilities,single_family,single_family,4438023311749333243,16376781032427447281,57.0,male,white_not_hispanic_or_latino,employed,employed_not_working,92734.0,private_auto,2.0,255020.0,two,core,naics42,single_family,not_attending_school,some_college,owner,english,"1 (Tract 12.05, Champaign, IL)","12.05 (Champaign, IL)","Champaign County, IL",Illinois,"3 (Tract 8, Champaign, IL)","8 (Champaign, IL)","Champaign County, IL",Illinois,5.015151515151516,8.619193825042881,13,Chicago3_mdw,"9801 (Cook, IL)",1900-01-01 14:50:00.909090912,14,12.857142857142858,UIUC1,"3.01 (Champaign, IL)",18.893816425120775,70,87.87229437229438,10,127.51301025016366,137,3.0,83.46,0,1,0
1997889717301660577,"1 (Tract 9801, Cook, IL)","9801 (Cook, IL)","Cook County, IL",Illinois,"5 (Tract 109.01, Champaign, IL)","109.01 (Champaign, IL)","Champaign County, IL",Illinois,private_auto,social,region_arrival,1900-01-01 18:53:00,1900-01-01 21:17:00,144,130.8,unknown_vehicle_type,other_non_bev,,,,transportation_utilities,transportation_utilities,single_family,single_family,10616907149189863282,13566130511361871202,61.0,male,white_not_hispanic_or_latino,employed,employed_not_working,120771.0,private_auto,2.0,336951.0,three_plus,core,naics31_33,single_family,not_attending_school,some_college,owner,english,"1 (Tract 12.05, Champaign, IL)","12.05 (Champaign, IL)","Champaign County, IL",Illinois,"2 (Tract 7, Champaign, IL)","7 (Champaign, IL)","Champaign County, IL",Illinois,4.653846153846154,8.46744557329463,18,Chicago3_mdw,"9801 (Cook, IL)",1900-01-01 20:17:39.230769228,20,10.0,UIUC1,"3.01 (Champaign, IL)",15.68204081632653,70,84.65384615384616,10,124.14948638962116,144,3.0,78.48,0,1,0
450165916912258766,"1 (Tract 9801, Cook, IL)","9801 (Cook, IL)","Cook County, IL",Illinois,"1 (Tract 12.05, Champaign, IL)","12.05 (Champaign, IL)","Champaign County, IL",Illinois,private_auto,home,region_arrival,1900-01-01 14:08:00,1900-01-01 16:25:11,137,139.3,unknown_vehicle_type,other_non_bev,,,,transportation_utilities,transportation_utilities,single_family,single_family,7761160562308253285,18016077724100068893,49.0,female,asian_not_hispanic_or_latino,employed,employed_not_working,70041.0,worked_from_home,3.0,185253.0,two,core,naics61,single_family,not_attending_school,advanced_degree,owner,asian_pacific,"1 (Tract 12.05, Champaign, IL)","12.05 (Champaign, IL)","Champaign County, IL",Illinois,"1 (Tract 12.05, Champaign, IL)","12.05 (Champaign, IL)","Champaign County, IL",Illinois,5.041322314049586,8.63018556058007,14,Chicago3_mdw,"9801 (Cook, IL)",1900-01-01 15:33:02.479338840,15,12.884615384615383,UIUC1,"3.01 (Champaign, IL)",18.905354886659236,70,87.92593769866497,10,127.53554044723931,137,3.0,83.58,0,1,0
3427212355513587345,"1 (Tract 9801, Cook, IL)","9801 (Cook, IL)","Cook County, IL",Illinois,"1 (Tract 12.04, Champaign, IL)","12.04 (Champaign, IL)","Champaign County, IL",Illinois,private_auto,social,region_arrival,1900-01-01 20:53:00,1900-01-01 23:08:38,135,132.0,unknown_vehicle_type,other_non_bev,,,,transportation_utilities,transportation_utilities,single_family,single_family,11531596238418874611,15121049385259268329,64.0,female,white_not_hispanic_or_latino,employed,employed_not_working,55359.0,private_auto,3.0,137023.0,three_plus,core,naics61,single_family,not_attending_school,advanced_degree,owner,indo_european,"1 (Tract 12.05, Champaign, IL)","12.05 (Champaign, IL)","Champaign County, IL",Illinois,"1 (Tract 53, Champaign, IL)","53 (Champaign, IL)","Champaign County, IL",Illinois,5.92,8.999230188679245,20,Chicago3_mdw,"9801 (Cook, IL)",1900-01-01 22:18:55.200000000,22,11.0,UIUC1,"3.01 (Champaign, IL)",17.097196261682246,70,86.92,10,126.09642645036149,135,3.0,79.2,0,1,0
7076826695580665834,"1 (Tract 9801, Cook, IL)","9801 (Cook, IL)","Cook County, IL",Illinois,"1 (Tract 12.05, Champaign, IL)","12.05 (Champaign, IL)","Champaign County, IL",Illinois,private_auto,social,region_arrival,1900-01-01 17:28:00,1900-01-01 19:49:30,141,132.5,unknown_vehicle_type,other_non_bev,,,,transportation_utilities,transportation_utilities,single_family,single_family,7793575260574130694,11605045312420492052,57.0,female,white_not_hispanic_or_latino,employed,employed_not_working,83099.0,worked_from_home,2.0,189942.0,two,core,naics54,single_family,not_attending_school,bachelors_degree,owner,english,"1 (Tract 12.05, Champaign, IL)","12.05 (Champaign, IL)","Champaign County, IL",Illinois,"1 (Tract 12.05, Champaign, IL)","12.05 (Champaign, IL)","Champaign County, IL",Illinois,5.551724137931035,8.844554326610279,17,Chicago3_mdw,"9801 (Cook, IL)",1900-01-01 18:53:33.103448273,18,12.434782608695652,UIUC1,"3.01 (Champaign, IL)",18.71642512077295,70,87.98650674662669,10,127.56097944738323,141,3.0,79.5,0,1,0
1676838641594111896,"1 (Tract 9801, Cook, IL)","9801 (Cook, IL)","Cook County, IL",Illinois,"1 (Tract 3.02, Champaign, IL)","3.02 (Champaign, IL)","Champaign County, IL",Illinois,private_auto,recreation,region_arrival,1900-01-01 17:34:00,1900-01-01 19:46:49,132,126.0,unknown_vehicle_type,other_non_bev,,,,transportation_utilities,transportation_utilities,non_retail_attraction,non_retail_attraction,16931341236502215388,7520905415932210862,26.0,male,white_not_hispanic_or_latino,employed,employed_not_working,34427.0,private_auto,2.0,66479.0,two,core,naics61,multiple_units,graduate,advanced_degree,renter,english,"1 (Tract 13.01, Champaign, IL)","13.01 (Champaign, IL)","Champaign County, IL",Illinois,"1 (Tract 53, Champaign, IL)","53 (Champaign, IL)","Champaign County, IL",Illinois,5.551724137931035,8.844554326610279,17,Chicago3_mdw,"9801 (Cook, IL)",1900-01-01 18:59:33.103448273,18,1.4444444444444444,UIUC1,"3.01 (Champaign, IL)",5.324621778886118,70,76.99616858237547,10,114.16917610549639,132,3.0,75.6,1,0,0
2429087250132153204,"1 (Tract 9801, Cook, IL)","9801 (Cook, IL)","Cook County, IL",Illinois,"1 (Tract 13.01, Champaign, IL)","13.01 (Champaign, IL)","Champaign County, IL",Illinois,private_auto,home,region_arrival,1900-01-01 18:30:00,1900-01-01 20:44:45,134,135.7,unknown_vehicle_type,other_non_bev,,,,transportation_utilities,transportation_utilities,mixed_use,multi_family,6783179004800113283,6757684487819041622,29.0,female,white_not_hispanic_or_latino,employed,employed_not_working,30138.0,worked_from_home,2.0,27936.0,one,core,naics611110,multiple_units,graduate,advanced_degree,renter,english,"1 (Tract 13.01, Champaign, IL)","13.01 (Champaign, IL)","Champaign County, IL",Illinois,"3 (Tract 13.01, Champaign, IL)","13.01 (Champaign, IL)","Champaign County, IL",Illinois,4.653846153846154,8.46744557329463,18,Chicago3_mdw,"9801 (Cook, IL)",1900-01-01 19:54:39.230769228,19,5.181818181818182,UIUC1,"3.01 (Champaign, IL)",9.836171789840854,70,79.83566433566435,10,118.30361736313549,134,3.0,81.41999999999999,1,0,0
13889640611360913775,"1 (Tract 9801, Cook, IL)","9801 (Cook, IL)","Cook County, IL",Illinois,"1 (Tract 13.02, Champaign, IL)","13.02 (Champaign, IL)","Champaign County, IL",Illinois,private_auto,shop,region_arrival,1900-01-01 17:47:00,1900-01-01 20:04:05,137,140.4,unknown_vehicle_type,other_non_bev,,,,transportation_utilities,transportation_utilities,retail,retail,3324963143444813789,2353797008023370771,27.0,male,white_not_hispanic_or_latino,employed,employed_not_working,50466.0,auto_passenger,2.0,121832.0,three_plus,core,naics22,multiple_units,undergraduate,some_college,renter,english,"1 (Tract 13.01, Champaign, IL)","13.01 (Champaign, IL)","Champaign County, IL",Illinois,"4 (Tract 8, Champaign, IL)","8 (Champaign, IL)","Champaign County, IL",Illinois,5.551724137931035,8.844554326610279,17,Chicago3_mdw,"9801 (Cook, IL)",1900-01-01 19:12:33.103448273,19,7.222222222222222,UIUC1,"3.01 (Champaign, IL)",12.536652835408022,70,82.77394636015326,10,121.3812071620183,137,3.0,84.24,0,1,0
9382559577775928974,"1 (Tract 9801, Cook, IL)","9801 (Cook, IL)","Cook County, IL",Illinois,"1 (Tract 13.02, Champaign, IL)","13.02 (Champaign, IL)","Champaign County, IL",Illinois,private_auto,home,region_arrival,1900-01-01 22:00:00,1900-01-01 00:17:28,137,129.1,unknown_vehicle_type,other_non_bev,,,,transportation_utilities,transportation_utilities,single_family,single_family,2003526063022077879,4795848046821575315,46.0,female,asian_not_hispanic_or_latino,employed,employed_not_working,656995.0,private_auto,4.0,693226.0,two,core,naics62,single_family,not_attending_school,advanced_degree,owner,indo_european,"1 (Tract 13.02, Champaign, IL)","13.02 (Champaign, IL)","Champaign County, IL",Illinois,"2 (Tract 4.02, Champaign, IL)","4.02 (Champaign, IL)","Champaign County, IL",Illinois,3.333333333333333,7.912830188679245,22,Chicago3_mdw,"9801 (Cook, IL)",1900-01-01 23:23:19.999999998,23,7.0,UIUC1,"3.01 (Champaign, IL)",12.44331950207469,70,80.33333333333333,10,120.35614969075394,137,3.0,77.46,0,0,1
10371535930941080555,"1 (Tract 9801, Cook, IL)","9801 (Cook, IL)","Cook County, IL",Illinois,"1 (Tract 14, Champaign, IL)","14 (Champaign, IL)","Champaign County, IL",Illinois,private_auto,home,region_arrival,1900-01-01 14:18:00,1900-01-01 16:41:05,143,137.7,unknown_vehicle_type,other_non_bev,,,,transportation_utilities,transportation_utilities,single_family,single_family,4998479952530172073,12080413665774229383,39.0,male,white_not_hispanic_or_latino,employed,employed_not_working,84539.0,private_auto,3.0,132848.0,two,core,naics524113,single_family,not_attending_school,bachelors_degree,owner,english,"1 (Tract 14, Champaign, IL)","14 (Champaign, IL)","Champaign County, IL",Illinois,"1 (Tract 13.01, Champaign, IL)","13.01 (Champaign, IL)","Champaign County, IL",Illinois,5.041322314049586,8.63018556058007,14,Chicago3_mdw,"9801 (Cook, IL)",1900-01-01 15:43:02.479338840,15,3.393939393939394,UIUC1,"3.01 (Champaign, IL)",7.633982270119938,70,78.43526170798897,10,116.26416783070002,143,3.0,82.61999999999999,0,1,0
15886560758677008813,"1 (Tract 9801, Cook, IL)","9801 (Cook, IL)","Cook County, IL",Illinois,"1 (Tract 109.02, Champaign, IL)","109.02 (Champaign, IL)","Champaign County, IL",Illinois,private_auto,shop,region_arrival,1900-01-01 16:02:00,1900-01-01 18:27:07,145,130.8,unknown_vehicle_type,other_non_bev,,,,transportation_utilities,transportation_utilities,retail,retail,2373984963054192511,12842882702201329,50.0,female,white_not_hispanic_or_latino,employed,employed_not_working,229108.0,private_auto,3.0,402768.0,two,core,naics92,single_family,not_attending_school,advanced_degree,owner,english,"1 (Tract 14, Champaign, IL)","14 (Champaign, IL)","Champaign County, IL",Illinois,"1 (Tract 14, Champaign, IL)","14 (Champaign, IL)","Champaign County, IL",Illinois,4.228070175438597,8.288619662363455,16,Chicago3_mdw,"9801 (Cook, IL)",1900-01-01 17:26:13.684210524,17,9.5,UIUC1,"3.01 (Champaign, IL)",15.640243902439023,70,83.7280701754386,10,123.92886356480248,145,3.0,78.48,0,0,1
3875884977703279647,"1 (Tract 9801, Cook, IL)","9801 (Cook, IL)","Cook County, IL",Illinois,"1 (Tract 2, Champaign, IL)","2 (Champaign, IL)","Champaign County, IL",Illinois,private_auto,home,region_arrival,1900-01-01 16:58:00,1900-01-01 19:14:32,136,125.5,unknown_vehicle_type,other_non_bev,,,,transportation_utilities,transportation_utilities,single_family,single_family,7736607731904452675,10741890458005680859,20.0,male,white_not_hispanic_or_latino,employed,employed_not_working,3058.0,private_auto,13.0,66605.0,two,core,naics72,single_family,undergraduate,some_college,renter,indo_european,"1 (Tract 2, Champaign, IL)","2 (Champaign, IL)","Champaign County, IL",Illinois,"3 (Tract 55, Champaign, IL)","55 (Champaign, IL)","Champaign County, IL",Illinois,4.228070175438597,8.288619662363455,16,Chicago3_mdw,"9801 (Cook, IL)",1900-01-01 18:22:13.684210524,18,1.9333333333333331,UIUC1,"3.01 (Champaign, IL)",6.197853658536586,70,76.16140350877194,10,114.48647332090005,136,3.0,75.3,1,0,0
8049431793183129579,"1 (Tract 9801, Cook, IL)","9801 (Cook, IL)","Cook County, IL",Illinois,"1 (Tract 13.02, Champaign, IL)","13.02 (Champaign, IL)","Champaign County, IL",Illinois,auto_passenger,maintenance,region_arrival,1900-01-01 13:38:00,1900-01-01 15:57:46,139,134.7,,unknown_fuel_type,,,,transportation_utilities,transportation_utilities,office,office,3813882419094150924,558692394400486614,29.0,male,white_not_hispanic_or_latino,employed,employed_not_working,155986.0,worked_from_home,1.0,155986.0,zero,core,naics54,multiple_units,not_attending_school,bachelors_degree,renter,english,"1 (Tract 3.02, Champaign, IL)","3.02 (Champaign, IL)","Champaign County, IL",Illinois,"1 (Tract 3.01, Champaign, IL)","3.01 (Champaign, IL)","Champaign County, IL",Illinois,5.015151515151516,8.619193825042881,13,Chicago3_mdw,"9801 (Cook, IL)",1900-01-01 15:03:00.909090912,15,7.222222222222222,UIUC1,"3.01 (Champaign, IL)",12.536652835408022,70,82.23737373737374,10,121.1558466604509,139,3.0,80.82,0,0,1
9442111242082701563,"1 (Tract 9801, Cook, IL)","9801 (Cook, IL)","Cook County, IL",Illinois,"1 (Tract 3.02, Champaign, IL)","3.02 (Champaign, IL)","Champaign County, IL",Illinois,private_auto,home,region_arrival,1900-01-01 20:23:00,1900-01-01 22:33:51,130,133.7,unknown_vehicle_type,other_non_bev,,,,transportation_utilities,transportation_utilities,multi_family,multi_family,13476631435651015002,2941259691717832544,21.0,female,asian_not_hispanic_or_latino,employed,employed_not_working,1736.0,other_travel_mode,4.0,16388.0,two,core,naics621210,several_units,undergraduate,some_college,renter,asian_pacific,"1 (Tract 3.02, Champaign, IL)","3.02 (Champaign, IL)","Champaign County, IL",Illinois,"1 (Tract 13.01, Champaign, IL)","13.01 (Champaign, IL)","Champaign County, IL",Illinois,5.92,8.999230188679245,20,Chicago3_mdw,"9801 (Cook, IL)",1900-01-01 21:48:55.200000000,21,1.0909090909090908,UIUC1,"3.01 (Champaign, IL)",5.176136930401269,70,77.0109090909091,10,114.17536711908052,130,3.0,80.21999999999998,1,0,0
2336012503979473553,"1 (Tract 4208, Cook, IL)","4208 (Cook, IL)","Cook County, IL",Illinois,"2 (Tract 59.02, Champaign, IL)","59.02 (Champaign, IL)","Champaign County, IL",Illinois,private_auto,shop,home,1900-01-01 09:27:00,1900-01-01 11:34:31,127,129.2,unknown_vehicle_type,other_non_bev,,,,multi_family,multi_family,retail,retail,16750094755581410546,12215269805116482196,25.0,male,white_not_hispanic_or_latino,employed,employed_not_working,21368.0,private_auto,4.0,141269.0,two,core,naics61,multiple_units,not_attending_school,advanced_degree,renter,indo_european,"1 (Tract 4208, Cook, IL)","4208 (Cook, IL)","Cook County, IL",Illinois,"1 (Tract 8381, Cook, IL)","8381 (Cook, IL)","Cook County, IL",Illinois,15.0,24.12,9,Chicago3_mdw,"9801 (Cook, IL)",1900-01-01 11:02:00.000000000,11,2.0625,UIUC1,"3.01 (Champaign, IL)",5.999218636032094,70,87.0625,10,130.1192186360321,127,3.0,77.52,1,0,0
3199508232757560480,"1 (Tract 9801, Cook, IL)","9801 (Cook, IL)","Cook County, IL",Illinois,"1 (Tract 54.01, Champaign, IL)","54.01 (Champaign, IL)","Champaign County, IL",Illinois,private_auto,home,region_arrival,1900-01-01 15:29:00,1900-01-01 17:45:19,136,135.9,unknown_vehicle_type,other_non_bev,,,,transportation_utilities,transportation_utilities,single_family,single_family,13498949760179454096,19854901013587660,60.0,female,white_not_hispanic_or_latino,employed,employed_not_working,31799.0,private_auto,2.0,64141.0,two,core,naics44_45,single_family,not_attending_school,high_school,owner,indo_european,"1 (Tract 54.01, Champaign, IL)","54.01 (Champaign, IL)","Champaign County, IL",Illinois,"1 (Tract 8, Champaign, IL)","8 (Champaign, IL)","Champaign County, IL",Illinois,5.063291139240507,8.639412467160257,15,Chicago3_mdw,"9801 (Cook, IL)",1900-01-01 16:54:03.797468352,16,5.791666666666667,UIUC1,"3.01 (Champaign, IL)",10.519836683417086,70,80.85495780590718,10,119.15924915057734,136,3.0,81.54,1,0,0
291052364612281620,"1 (Tract 9801, Cook, IL)","9801 (Cook, IL)","Cook County, IL",Illinois,"1 (Tract 54.01, Champaign, IL)","54.01 (Champaign, IL)","Champaign County, IL",Illinois,private_auto,home,region_arrival,1900-01-01 12:42:00,1900-01-01 14:57:37,135,135.7,unknown_vehicle_type,other_non_bev,,,,transportation_utilities,transportation_utilities,single_family,single_family,6861643066599304906,9452945312491199900,25.0,female,white_not_hispanic_or_latino,employed,employed_not_working,86955.0,private_auto,2.0,106278.0,two,core,naics622110,single_family,not_attending_school,bachelors_degree,owner,english,"1 (Tract 54.01, Champaign, IL)","54.01 (Champaign, IL)","Champaign County, IL",Illinois,"1 (Tract 53, Champaign, IL)","53 (Champaign, IL)","Champaign County, IL",Illinois,5.0608108108108105,8.638370729219785,12,Chicago3_mdw,"9801 (Cook, IL)",1900-01-01 14:07:03.648648648,14,5.545454545454546,UIUC1,"3.01 (Champaign, IL)",10.416427592507993,70,80.60626535626535,10,119.05479832172779,135,3.0,81.41999999999999,0,1,0
15219115052536741267,"1 (Tract 9801, Cook, IL)","9801 (Cook, IL)","Cook County, IL",Illinois,"2 (Tract 54.01, Champaign, IL)","54.01 (Champaign, IL)","Champaign County, IL",Illinois,private_auto,shop,region_arrival,1900-01-01 17:22:00,1900-01-01 19:39:06,137,127.7,unknown_vehicle_type,other_non_bev,,,,transportation_utilities,transportation_utilities,retail,retail,13885223295113971619,16568671201919942653,55.0,male,white_not_hispanic_or_latino,employed,employed_not_working,54347.0,private_auto,2.0,114732.0,two,core,naics31_33,single_family,not_attending_school,some_college,owner,english,"1 (Tract 54.02, Champaign, IL)","54.02 (Champaign, IL)","Champaign County, IL",Illinois,"1 (Tract 111, Champaign, IL)","111 (Champaign, IL)","Champaign County, IL",Illinois,5.551724137931035,8.844554326610279,17,Chicago3_mdw,"9801 (Cook, IL)",1900-01-01 18:47:33.103448273,18,5.421052631578948,UIUC1,"3.01 (Champaign, IL)",10.364178788680242,70,80.97277676950998,10,119.20873311529053,137,3.0,76.62,0,1,0
17449047991929361644,"1 (Tract 9801, Cook, IL)","9801 (Cook, IL)","Cook County, IL",Illinois,"1 (Tract 55, Champaign, IL)","55 (Champaign, IL)","Champaign County, IL",Illinois,private_auto,home,region_arrival,1900-01-01 20:16:00,1900-01-01 22:30:34,134,136.8,unknown_vehicle_type,other_non_bev,,,,transportation_utilities,transportation_utilities,single_family,single_family,6336202897542605104,18148369122840905517,48.0,female,asian_not_hispanic_or_latino,employed,employed_not_working,70041.0,worked_from_home,2.0,217602.0,three_plus,core,naics61,single_family,not_attending_school,advanced_degree,owner,english,"1 (Tract 55, Champaign, IL)","55 (Champaign, IL)","Champaign County, IL",Illinois,"1 (Tract 55, Champaign, IL)","55 (Champaign, IL)","Champaign County, IL",Illinois,5.92,8.999230188679245,20,Chicago3_mdw,"9801 (Cook, IL)",1900-01-01 21:41:55.200000000,21,7.25,UIUC1,"3.01 (Champaign, IL)",11.272573964497042,70,83.17,10,120.27180415317629,134,3.0,82.08,0,1,0
11213045215023865238,"1 (Tract 9801, Cook, IL)","9801 (Cook, IL)","Cook County, IL",Illinois,"5 (Tract 10, Champaign, IL)","10 (Champaign, IL)","Champaign County, IL",Illinois,private_auto,eat,region_arrival,1900-01-01 17:40:00,1900-01-01 19:50:36,130,135.8,unknown_vehicle_type,other_non_bev,,,,transportation_utilities,transportation_utilities,retail,retail,3619945370093223173,17664587586844290697,44.0,female,white_not_hispanic_or_latino,employed,employed_not_working,10418.0,worked_from_home,2.0,38419.0,one,core,naics71,single_family,not_attending_school,some_college,renter,english,"1 (Tract 55, Champaign, IL)","55 (Champaign, IL)","Champaign County, IL",Illinois,"1 (Tract 55, Champaign, IL)","55 (Champaign, IL)","Champaign County, IL",Illinois,5.551724137931035,8.844554326610279,17,Chicago3_mdw,"9801 (Cook, IL)",1900-01-01 19:05:33.103448273,19,5.8,UIUC1,"3.01 (Champaign, IL)",10.834666666666667,70,81.35172413793103,10,119.67922099327694,130,3.0,81.48,1,0,0
6393181651314120277,"1 (Tract 9801, Cook, IL)","9801 (Cook, IL)","Cook County, IL",Illinois,"1 (Tract 57.01, Champaign, IL)","57.01 (Champaign, IL)","Champaign County, IL",Illinois,private_auto,eat,region_arrival,1900-01-01 12:22:00,1900-01-01 14:41:37,139,138.0,unknown_vehicle_type,other_non_bev,,,,transportation_utilities,transportation_utilities,retail,retail,810188302091961651,11740947409916379870,27.0,female,hispanic_or_latino_origin,employed,employed_not_working,72462.0,private_auto,2.0,129225.0,two,core,naics54,multiple_units,graduate,bachelors_degree,renter,spanish,"1 (Tract 56.01, Champaign, IL)","56.01 (Champaign, IL)","Champaign County, IL",Illinois,"5 (Tract 58, Champaign, IL)","58 (Champaign, IL)","Champaign County, IL",Illinois,5.0608108108108105,8.638370729219785,12,Chicago3_mdw,"9801 (Cook, IL)",1900-01-01 13:47:03.648648648,13,7.0,UIUC1,"3.01 (Champaign, IL)",11.769454545454547,70,82.0608108108108,10,120.40782527467434,139,3.0,82.8,0,1,0
10895176420246401250,"1 (Tract 9801, Cook, IL)","9801 (Cook, IL)","Cook County, IL",Illinois,"1 (Tract 56.01, Champaign, IL)","56.01 (Champaign, IL)","Champaign County, IL",Illinois,private_auto,home,region_arrival,1900-01-01 18:23:00,1900-01-01 20:44:31,141,129.9,unknown_vehicle_type,other_non_bev,,,,transportation_utilities,transportation_utilities,single_family,single_family,6441285878759854447,18414367649191684478,50.0,female,two_races_not_hispanic_or_latino,employed,employed_not_working,42737.0,private_auto,3.0,125836.0,three_plus,core,naics445110,single_family,not_attending_school,high_school,owner,english,"1 (Tract 56.01, Champaign, IL)","56.01 (Champaign, IL)","Champaign County, IL",Illinois,"1 (Tract 56.02, Champaign, IL)","56.02 (Champaign, IL)","Champaign County, IL",Illinois,4.653846153846154,8.46744557329463,18,Chicago3_mdw,"9801 (Cook, IL)",1900-01-01 19:47:39.230769228,19,6.666666666666667,UIUC1,"3.01 (Champaign, IL)",11.166952789699572,70,81.32051282051283,10,119.6343983629942,141,3.0,77.94,1,0,0
13707542944331306722,"5 (Tract 6608, Cook, IL)","6608 (Cook, IL)","Cook County, IL",Illinois,"1 (Tract 56.02, Champaign, IL)","56.02 (Champaign, IL)","Champaign County, IL",Illinois,private_auto,home,social,1900-01-01 14:16:06,1900-01-01 16:36:55,140,132.1,unknown_vehicle_type,other_non_bev,,,,multi_family,multi_family,mixed_use,multi_family,13150426486614027560,10854003188367243565,23.0,female,white_not_hispanic_or_latino,employed,employed_not_working,37985.0,private_auto,2.0,81398.0,two,core,naics56,multiple_units,not_attending_school,some_college,renter,english,"1 (Tract 56.02, Champaign, IL)","56.02 (Champaign, IL)","Champaign County, IL",Illinois,"2 (Tract 102.04, Champaign, IL)","102.04 (Champaign, IL)","Champaign County, IL",Illinois,8.0,13.165185185185184,14,Chicago3_mdw,"9801 (Cook, IL)",1900-01-01 15:44:06.000000000,15,9.538461538461538,UIUC1,"3.01 (Champaign, IL)",14.484240802675584,70,87.53846153846153,10,127.64942598786077,140,3.0,79.25999999999999,1,0,0
6543063500537300449,"1 (Tract 9801, Cook, IL)","9801 (Cook, IL)","Cook County, IL",Illinois,"1 (Tract 57.01, Champaign, IL)","57.01 (Champaign, IL)","Champaign County, IL",Illinois,private_auto,eat,region_arrival,1900-01-01 10:49:00,1900-01-01 13:08:38,139,137.9,unknown_vehicle_type,other_non_bev,,,,transportation_utilities,transportation_utilities,retail,retail,11379214061409337094,3892052457309627006,74.0,male,white_not_hispanic_or_latino,employed,employed_not_working,526479.0,worked_from_home,2.0,526479.0,three_plus,core,naics624410,single_family,not_attending_school,advanced_degree,owner,english,"1 (Tract 57.01, Champaign, IL)","57.01 (Champaign, IL)","Champaign County, IL",Illinois,"1 (Tract 57.01, Champaign, IL)","57.01 (Champaign, IL)","Champaign County, IL",Illinois,5.180851063829787,8.688787635487756,10,Chicago3_mdw,"9801 (Cook, IL)",1900-01-01 12:14:10.851063828,12,7.105263157894737,UIUC1,"3.01 (Champaign, IL)",11.813665071770334,70,82.28611422172453,10,120.50245270725809,139,3.0,82.74,0,0,1
16313973652478903880,"1 (Tract 9801, Cook, IL)","9801 (Cook, IL)","Cook County, IL",Illinois,"1 (Tract 3.01, Champaign, IL)","3.01 (Champaign, IL)","Champaign County, IL",Illinois,private_auto,shop,region_arrival,1900-01-01 15:04:00,1900-01-01 17:19:40,135,133.9,unknown_vehicle_type,other_non_bev,,,,transportation_utilities,transportation_utilities,retail,retail,12618519888028532219,17493991913067450473,64.0,male,black_not_hispanic_or_latino,employed,employed_not_working,36192.0,auto_passenger,3.0,55767.0,two,core,naics31_33,several_units,not_attending_school,high_school,renter,indo_european,"1 (Tract 57.01, Champaign, IL)","57.01 (Champaign, IL)","Champaign County, IL",Illinois,"2 (Tract 14, Champaign, IL)","14 (Champaign, IL)","Champaign County, IL",Illinois,5.063291139240507,8.639412467160257,15,Chicago3_mdw,"9801 (Cook, IL)",1900-01-01 16:29:03.797468352,16,0.9019607843137256,UIUC1,"3.01 (Champaign, IL)",4.9560058097313,70,75.96525192355423,10,113.59541827689155,135,3.0,80.34,1,0,0
1845958281209682187,"1 (Tract 8352, Cook, IL)","8352 (Cook, IL)","Cook County, IL",Illinois,"1 (Tract 57.02, Champaign, IL)","57.02 (Champaign, IL)","Champaign County, IL",Illinois,private_auto,home,shop,1900-01-01 20:24:00,1900-01-01 22:49:30,145,131.7,unknown_vehicle_type,other_non_bev,,,,retail,retail,mixed_use,multi_family,546706457342666403,4736275494628771043,26.0,female,white_not_hispanic_or_latino,employed,employed_not_working,29678.0,private_auto,1.0,29678.0,one,core,naics812910,several_units,not_attending_school,some_college,renter,english,"1 (Tract 57.02, Champaign, IL)","57.02 (Champaign, IL)","Champaign County, IL",Illinois,"2 (Tract 106.03, Champaign, IL)","106.03 (Champaign, IL)","Champaign County, IL",Illinois,2.6666666666666665,6.755798319327732,20,Chicago3_mdw,"9801 (Cook, IL)",1900-01-01 21:46:40.000000002,21,8.0,UIUC1,"3.01 (Champaign, IL)",14.58,70,80.66666666666667,10,121.33579831932774,145,3.0,79.02,1,0,0
12564048507627015056,"1 (Tract 9801, Cook, IL)","9801 (Cook, IL)","Cook County, IL",Illinois,"3 (Tract 7, Champaign, IL)","7 (Champaign, IL)","Champaign County, IL",Illinois,private_auto,shop,region_arrival,1900-01-01 13:48:00,1900-01-01 16:01:44,133,133.6,unknown_vehicle_type,other_non_bev,,,,transportation_utilities,transportation_utilities,retail,retail,8708116943642444234,8999864423249230150,48.0,female,black_not_hispanic_or_latino,employed,employed_not_working,23448.0,private_auto,4.0,59132.0,one,core,naics62,single_family,not_attending_school,some_college,renter,english,"1 (Tract 7, Champaign, IL)","7 (Champaign, IL)","Champaign County, IL",Illinois,"2 (Tract 5, Champaign, IL)","5 (Champaign, IL)","Champaign County, IL",Illinois,5.015151515151516,8.619193825042881,13,Chicago3_mdw,"9801 (Cook, IL)",1900-01-01 15:13:00.909090912,15,4.85,UIUC1,"3.01 (Champaign, IL)",9.255549222797928,70,79.86515151515151,10,117.87474304784081,133,3.0,80.16,1,0,0
8817199507971930677,"1 (Tract 9801, Cook, IL)","9801 (Cook, IL)","Cook County, IL",Illinois,"2 (Tract 7, Champaign, IL)","7 (Champaign, IL)","Champaign County, IL",Illinois,private_auto,eat,region_arrival,1900-01-01 19:58:00,1900-01-01 22:05:46,127,132.5,unknown_vehicle_type,other_non_bev,,,,transportation_utilities,transportation_utilities,retail,retail,16727899023492694007,7760387921269837653,23.0,female,asian_not_hispanic_or_latino,employed,employed_not_working,56389.0,private_auto,2.0,107911.0,two,core,naics31_33,multiple_units,not_attending_school,bachelors_degree,renter,english,"1 (Tract 8, Champaign, IL)","8 (Champaign, IL)","Champaign County, IL",Illinois,"1 (Tract 4, Vermilion, IL)","4 (Vermilion, IL)","Vermilion County, IL",Illinois,5.05,8.633830188679244,19,Chicago3_mdw,"9801 (Cook, IL)",1900-01-01 21:23:03.000000000,21,4.0,UIUC1,"3.01 (Champaign, IL)",8.898549222797927,70,79.05,10,117.53237941147717,127,3.0,79.5,0,1,0
15582313350274070582,"1 (Tract 9801, Cook, IL)","9801 (Cook, IL)","Cook County, IL",Illinois,"1 (Tract 8, Champaign, IL)","8 (Champaign, IL)","Champaign County, IL",Illinois,private_auto,home,region_arrival,1900-01-01 06:25:00,1900-01-01 08:32:55,127,131.6,unknown_vehicle_type,other_non_bev,,,,transportation_utilities,transportation_utilities,multi_family,multi_family,11083318090284386026,8809069638597467006,23.0,male,white_not_hispanic_or_latino,employed,employed_not_working,86938.0,worked_from_home,3.0,133306.0,two,core,naics31_33,multiple_units,not_attending_school,bachelors_degree,renter,english,"1 (Tract 8, Champaign, IL)","8 (Champaign, IL)","Champaign County, IL",Illinois,"2 (Tract 14, Champaign, IL)","14 (Champaign, IL)","Champaign County, IL",Illinois,4.568965517241379,8.431795705920624,6,Chicago3_mdw,"9801 (Cook, IL)",1900-01-01 07:49:34.137931032,7,7.066666666666666,UIUC1,"3.01 (Champaign, IL)",12.00697435897436,70,81.63563218390804,10,120.43877006489498,127,3.0,78.96,0,1,0
9414516101118116020,"1 (Tract 9801, Cook, IL)","9801 (Cook, IL)","Cook County, IL",Illinois,"1 (Tract 8, Champaign, IL)","8 (Champaign, IL)","Champaign County, IL",Illinois,auto_passenger,home,region_arrival,1900-01-01 17:22:00,1900-01-01 19:32:00,130,132.8,unknown_vehicle_type,unknown_fuel_type,,,,transportation_utilities,transportation_utilities,mixed_use,multi_family,12979939558692082206,14035796145998444276,23.0,female,white_not_hispanic_or_latino,employed,employed_not_working,13058.0,walking,5.0,119426.0,three_plus,core,naics453110,multiple_units,not_attending_school,high_school,renter,english,"1 (Tract 8, Champaign, IL)","8 (Champaign, IL)","Champaign County, IL",Illinois,"3 (Tract 8, Champaign, IL)","8 (Champaign, IL)","Champaign County, IL",Illinois,5.551724137931035,8.844554326610279,17,Chicago3_mdw,"9801 (Cook, IL)",1900-01-01 18:47:33.103448273,18,7.046296296296297,UIUC1,"3.01 (Champaign, IL)",11.998418803418804,70,82.59802043422732,10,120.84297313002908,130,3.0,79.68,1,0,0
17628695939794506550,"1 (Tract 9801, Cook, IL)","9801 (Cook, IL)","Cook County, IL",Illinois,"1 (Tract 8, Champaign, IL)","8 (Champaign, IL)","Champaign County, IL",Illinois,private_auto,home,region_arrival,1900-01-01 19:34:00,1900-01-01 21:44:00,130,125.5,unknown_vehicle_type,other_non_bev,,,,transportation_utilities,transportation_utilities,mixed_use,multi_family,3345557326675797001,5120837596233252338,23.0,female,white_not_hispanic_or_latino,employed,employed_not_working,37985.0,private_auto,2.0,81398.0,two,core,naics56,multiple_units,not_attending_school,some_college,renter,english,"1 (Tract 8, Champaign, IL)","8 (Champaign, IL)","Champaign County, IL",Illinois,"2 (Tract 12.05, Champaign, IL)","12.05 (Champaign, IL)","Champaign County, IL",Illinois,5.05,8.633830188679244,19,Chicago3_mdw,"9801 (Cook, IL)",1900-01-01 20:59:03.000000000,20,7.103448275862069,UIUC1,"3.01 (Champaign, IL)",12.022422634836428,70,82.15344827586206,10,120.65625282351567,130,3.0,75.3,1,0,0
16794341465618135041,"1 (Tract 6605, Cook, IL)","6605 (Cook, IL)","Cook County, IL",Illinois,"1 (Tract 8, Champaign, IL)","8 (Champaign, IL)","Champaign County, IL",Illinois,private_auto,home,shop,1900-01-01 18:36:14,1900-01-01 20:43:06,126,125.8,unknown_vehicle_type,other_non_bev,,,,retail,retail,multi_family,multi_family,1121653617171704812,13899665800491069230,24.0,female,white_not_hispanic_or_latino,employed,employed_not_working,33815.0,private_auto,1.0,33815.0,one,core,naics611110,multiple_units,graduate,bachelors_degree,renter,english,"1 (Tract 8, Champaign, IL)","8 (Champaign, IL)","Champaign County, IL",Illinois,"1 (Tract 56.02, Champaign, IL)","56.02 (Champaign, IL)","Champaign County, IL",Illinois,6.5,12.134,18,Chicago3_mdw,"9801 (Cook, IL)",1900-01-01 20:02:44.000000000,20,7.103448275862069,UIUC1,"3.01 (Champaign, IL)",12.022422634836428,70,83.60344827586206,10,124.15642263483643,126,3.0,75.47999999999999,1,0,0
13824595907108546978,"1 (Tract 9801, Cook, IL)","9801 (Cook, IL)","Cook County, IL",Illinois,"1 (Tract 8, Champaign, IL)","8 (Champaign, IL)","Champaign County, IL",Illinois,private_auto,recreation,region_arrival,1900-01-01 11:22:00,1900-01-01 13:31:37,129,131.9,unknown_vehicle_type,other_non_bev,,,,transportation_utilities,transportation_utilities,non_retail_attraction,non_retail_attraction,11226285383297890553,16094904781265065734,33.0,male,black_not_hispanic_or_latino,employed,employed_not_working,56982.0,auto_passenger,2.0,102925.0,two,core,naics48_49,single_family,not_attending_school,some_college,owner,english,"1 (Tract 9.02, Champaign, IL)","9.02 (Champaign, IL)","Champaign County, IL",Illinois,"1 (Tract 8, Champaign, IL)","8 (Champaign, IL)","Champaign County, IL",Illinois,4.945945945945946,8.590127485976542,11,Chicago3_mdw,"9801 (Cook, IL)",1900-01-01 12:46:56.756756754,12,7.131147540983607,UIUC1,"3.01 (Champaign, IL)",12.034056326187475,70,82.07709348692956,10,120.624183812164,129,3.0,79.14,0,1,0
1014857249859303129,"1 (Tract 9801, Cook, IL)","9801 (Cook, IL)","Cook County, IL",Illinois,"1 (Tract 9.02, Champaign, IL)","9.02 (Champaign, IL)","Champaign County, IL",Illinois,private_auto,home,region_arrival,1900-01-01 21:02:00,1900-01-01 23:13:31,131,126.7,unknown_vehicle_type,other_non_bev,,,,transportation_utilities,transportation_utilities,single_family,single_family,2924399678924651306,3058061646718124669,50.0,female,asian_not_hispanic_or_latino,employed,employed_not_working,19778.0,private_auto,1.0,19778.0,one,core,naics812199,single_family,not_attending_school,bachelors_degree,owner,english,"1 (Tract 9.02, Champaign, IL)","9.02 (Champaign, IL)","Champaign County, IL",Illinois,"1 (Tract 12.04, Champaign, IL)","12.04 (Champaign, IL)","Champaign County, IL",Illinois,4.333333333333333,8.332830188679244,21,Chicago3_mdw,"9801 (Cook, IL)",1900-01-01 22:26:19.999999998,22,11.0,UIUC1,"3.01 (Champaign, IL)",16.21918128654971,70,85.33333333333333,10,124.55201147522895,131,3.0,76.02,1,0,0
2656299898004681324,"1 (Tract 9801, Cook, IL)","9801 (Cook, IL)","Cook County, IL",Illinois,"1 (Tract 9.02, Champaign, IL)","9.02 (Champaign, IL)","Champaign County, IL",Illinois,private_auto,home,region_arrival,1900-01-01 22:26:00,1900-01-01 00:36:01,130,134.0,unknown_vehicle_type,other_non_bev,,,,transportation_utilities,transportation_utilities,single_family,single_family,4487436743142089108,4185405242257434392,36.0,female,white_not_hispanic_or_latino,employed,employed_not_working,4636.0,worked_from_home,4.0,207633.0,three_plus,core,naics611620,single_family,not_attending_school,advanced_degree,owner,english,"1 (Tract 9.02, Champaign, IL)","9.02 (Champaign, IL)","Champaign County, IL",Illinois,"1 (Tract 9.02, Champaign, IL)","9.02 (Champaign, IL)","Champaign County, IL",Illinois,3.333333333333333,7.912830188679245,22,Chicago3_mdw,"9801 (Cook, IL)",1900-01-01 23:49:19.999999998,23,11.0,UIUC1,"3.01 (Champaign, IL)",16.21918128654971,70,84.33333333333333,10,124.13201147522896,130,3.0,80.39999999999999,1,0,0
1528960255210489011,"1 (Tract 9801, Cook, IL)","9801 (Cook, IL)","Cook County, IL",Illinois,"1 (Tract 8, Champaign, IL)","8 (Champaign, IL)","Champaign County, IL",Illinois,private_auto,eat,region_arrival,1900-01-01 11:32:00,1900-01-01 13:41:40,129,132.6,unknown_vehicle_type,other_non_bev,,,,transportation_utilities,transportation_utilities,retail,retail,6526358611069515578,11261216045355187218,23.0,male,black_not_hispanic_or_latino,employed,employed_not_working,44049.0,private_auto,1.0,44049.0,one,core,naics446110,multiple_units,not_attending_school,some_college,renter,english,"1 (Tract 9.02, Champaign, IL)","9.02 (Champaign, IL)","Champaign County, IL",Illinois,"3 (Tract 54.01, Champaign, IL)","54.01 (Champaign, IL)","Champaign County, IL",Illinois,4.945945945945946,8.590127485976542,11,Chicago3_mdw,"9801 (Cook, IL)",1900-01-01 12:56:56.756756754,12,7.131147540983607,UIUC1,"3.01 (Champaign, IL)",12.034056326187475,70,82.07709348692956,10,120.624183812164,129,3.0,79.55999999999999,1,0,0
9897912129271722735,"1 (Tract 9801, Cook, IL)","9801 (Cook, IL)","Cook County, IL",Illinois,"3 (Tract 54.01, Champaign, IL)","54.01 (Champaign, IL)","Champaign County, IL",Illinois,private_auto,shop,region_arrival,1900-01-01 19:59:00,1900-01-01 22:10:35,131,135.6,unknown_vehicle_type,other_non_bev,,,,transportation_utilities,transportation_utilities,retail,retail,18335786478029832546,6237204882314545524,18.0,female,white_not_hispanic_or_latino,employed,employed_not_working,4341.0,private_auto,3.0,95072.0,two,core,naics722410,single_family,not_attending_school,high_school,owner,english,"2 (Tract 107.01, Champaign, IL)","107.01 (Champaign, IL)","Champaign County, IL",Illinois,"2 (Tract 110.02, Champaign, IL)","110.02 (Champaign, IL)","Champaign County, IL",Illinois,5.05,8.633830188679244,19,Chicago3_mdw,"9801 (Cook, IL)",1900-01-01 21:24:03.000000000,21,6.5,UIUC1,"3.01 (Champaign, IL)",10.817336683417086,70,81.55,10,119.45116687209632,131,3.0,81.36,1,0,0
15926915160590820519,"1 (Tract 9801, Cook, IL)","9801 (Cook, IL)","Cook County, IL",Illinois,"1 (Tract 13.01, Champaign, IL)","13.01 (Champaign, IL)","Champaign County, IL",Illinois,private_auto,eat,region_arrival,1900-01-01 13:57:00,1900-01-01 16:14:31,137,131.2,,,,,,transportation_utilities,transportation_utilities,retail,retail,6633374629025461100,15319747952134013498,57.0,male,white_not_hispanic_or_latino,employed,employed_not_working,296785.0,private_auto,3.0,326463.0,two,core,naics5412,single_family,not_attending_school,advanced_degree,owner,english,"2 (Tract 11, Champaign, IL)","11 (Champaign, IL)","Champaign County, IL",Illinois,"1 (Tract 13.01, Champaign, IL)","13.01 (Champaign, IL)","Champaign County, IL",Illinois,5.015151515151516,8.619193825042881,13,Chicago3_mdw,"9801 (Cook, IL)",1900-01-01 15:22:00.909090912,15,5.625,UIUC1,"3.01 (Champaign, IL)",10.022308153477217,70,80.64015151515152,10,118.6415019785201,137,3.0,78.71999999999998,0,0,1
4463136983920937233,"1 (Tract 9801, Cook, IL)","9801 (Cook, IL)","Cook County, IL",Illinois,"3 (Tract 13.01, Champaign, IL)","13.01 (Champaign, IL)","Champaign County, IL",Illinois,private_auto,shop,region_arrival,1900-01-01 08:53:00,1900-01-01 11:08:29,135,135.8,unknown_vehicle_type,other_non_bev,,,,transportation_utilities,transportation_utilities,retail,retail,11172931886655027622,17436529122053768575,32.0,female,white_not_hispanic_or_latino,employed,employed_not_working,82124.0,walking,2.0,211349.0,two,core,naics8111,multiple_units,not_attending_school,advanced_degree,owner,english,"2 (Tract 110.01, Champaign, IL)","110.01 (Champaign, IL)","Champaign County, IL",Illinois,"2 (Tract 110.02, Champaign, IL)","110.02 (Champaign, IL)","Champaign County, IL",Illinois,5.442622950819672,8.798731828023508,8,Chicago3_mdw,"9801 (Cook, IL)",1900-01-01 10:18:26.557377048,10,4.461538461538462,UIUC1,"3.01 (Champaign, IL)",9.533654307323372,70,79.90416141235814,10,118.33238613534688,135,3.0,81.48,0,1,0
18331326502479668219,"1 (Tract 9801, Cook, IL)","9801 (Cook, IL)","Cook County, IL",Illinois,"1 (Tract 54.01, Champaign, IL)","54.01 (Champaign, IL)","Champaign County, IL",Illinois,private_auto,eat,region_arrival,1900-01-01 15:37:00,1900-01-01 17:52:49,135,135.9,unknown_vehicle_type,other_non_bev,,,,transportation_utilities,transportation_utilities,retail,retail,14590971882519898302,4544623380794389009,36.0,male,two_races_not_hispanic_or_latino,employed,employed_not_working,160625.0,private_auto,2.0,241542.0,two,core,naics61,multiple_units,not_attending_school,bachelors_degree,renter,spanish,"2 (Tract 110.02, Champaign, IL)","110.02 (Champaign, IL)","Champaign County, IL",Illinois,"2 (Tract 14, Champaign, IL)","14 (Champaign, IL)","Champaign County, IL",Illinois,5.063291139240507,8.639412467160257,15,Chicago3_mdw,"9801 (Cook, IL)",1900-01-01 17:02:03.797468352,17,5.684210526315789,UIUC1,"3.01 (Champaign, IL)",10.474705104469717,70,80.7475016655563,10,119.11411757162998,135,3.0,81.54,0,0,1
624120432039791084,"1 (Tract 9801, Cook, IL)","9801 (Cook, IL)","Cook County, IL",Illinois,"1 (Tract 59.01, Champaign, IL)","59.01 (Champaign, IL)","Champaign County, IL",Illinois,private_auto,eat,region_arrival,1900-01-01 19:22:00,1900-01-01 21:37:32,135,127.4,unknown_vehicle_type,other_non_bev,,,,transportation_utilities,transportation_utilities,retail,retail,10788688367295621975,7386143953795657354,30.0,male,hispanic_or_latino_origin,employed,employed_not_working,24154.0,public_transit,2.0,47100.0,one,core,naics61,multiple_units,graduate,advanced_degree,renter,english,"2 (Tract 110.02, Champaign, IL)","110.02 (Champaign, IL)","Champaign County, IL",Illinois,"2 (Tract 59.02, Champaign, IL)","59.02 (Champaign, IL)","Champaign County, IL",Illinois,5.05,8.633830188679244,19,Chicago3_mdw,"9801 (Cook, IL)",1900-01-01 20:47:03.000000000,20,2.3684210526315788,UIUC1,"3.01 (Champaign, IL)",6.637989178553862,70,77.41842105263157,10,115.2718193672331,135,3.0,76.44,1,0,0
14883210383686131083,"1 (Tract 9801, Cook, IL)","9801 (Cook, IL)","Cook County, IL",Illinois,"2 (Tract 12.01, Champaign, IL)","12.01 (Champaign, IL)","Champaign County, IL",Illinois,private_auto,home,region_arrival,1900-01-01 22:54:00,1900-01-01 01:05:57,131,136.9,unknown_vehicle_type,other_non_bev,,,,transportation_utilities,transportation_utilities,single_family,single_family,15143099788908913261,2721293355866405196,51.0,male,white_not_hispanic_or_latino,employed,employed_not_working,117213.0,private_auto,4.0,162904.0,two,core,naics44_45,single_family,not_attending_school,advanced_degree,owner,english,"2 (Tract 12.01, Champaign, IL)","12.01 (Champaign, IL)","Champaign County, IL",Illinois,"1 (Tract 110.02, Champaign, IL)","110.02 (Champaign, IL)","Champaign County, IL",Illinois,3.333333333333333,7.912830188679245,22,Chicago3_mdw,"9801 (Cook, IL)",1900-01-02 00:17:19.999999998,0,5.0,UIUC1,"3.01 (Champaign, IL)",11.35282392026578,70,78.33333333333333,10,119.26565410894503,131,3.0,82.14,0,1,0
17426597229628129014,"1 (Tract 9801, Cook, IL)","9801 (Cook, IL)","Cook County, IL",Illinois,"3 (Tract 54.01, Champaign, IL)","54.01 (Champaign, IL)","Champaign County, IL",Illinois,auto_passenger,shop,region_arrival,1900-01-01 17:17:00,1900-01-01 19:30:56,133,135.6,unknown_vehicle_type,unknown_fuel_type,,,,transportation_utilities,transportation_utilities,retail,retail,14853461602794000019,4600682002118171296,47.0,female,white_not_hispanic_or_latino,employed,employed_not_working,42269.0,auto_passenger,6.0,154587.0,three_plus,core,naics61,single_family,not_attending_school,high_school,renter,english,"2 (Tract 12.03, Champaign, IL)","12.03 (Champaign, IL)","Champaign County, IL",Illinois,"2 (Tract 59.02, Champaign, IL)","59.02 (Champaign, IL)","Champaign County, IL",Illinois,5.551724137931035,8.844554326610279,17,Chicago3_mdw,"9801 (Cook, IL)",1900-01-01 18:42:33.103448273,18,5.421052631578948,UIUC1,"3.01 (Champaign, IL)",10.364178788680242,70,80.97277676950998,10,119.20873311529053,133,3.0,81.36,1,0,0
17758690497573922885,"1 (Tract 9801, Cook, IL)","9801 (Cook, IL)","Cook County, IL",Illinois,"1 (Tract 8, Champaign, IL)","8 (Champaign, IL)","Champaign County, IL",Illinois,private_auto,shop,region_arrival,1900-01-01 13:56:00,1900-01-01 16:05:57,129,131.6,unknown_vehicle_type,other_non_bev,,,,transportation_utilities,transportation_utilities,retail,retail,4706897692286330478,383811562463700695,39.0,male,other_not_hispanic_or_latino,employed,employed_not_working,69551.0,private_auto,4.0,80447.0,three_plus,core,naics52,single_family,not_attending_school,high_school,renter,english,"2 (Tract 12.03, Champaign, IL)","12.03 (Champaign, IL)","Champaign County, IL",Illinois,"4 (Tract 8, Champaign, IL)","8 (Champaign, IL)","Champaign County, IL",Illinois,5.015151515151516,8.619193825042881,13,Chicago3_mdw,"9801 (Cook, IL)",1900-01-01 15:21:00.909090912,15,7.485714285714286,UIUC1,"3.01 (Champaign, IL)",12.18297435897436,70,82.5008658008658,10,120.80216818401725,129,3.0,78.96,0,1,0
14738013870298859928,"1 (Tract 9801, Cook, IL)","9801 (Cook, IL)","Cook County, IL",Illinois,"2 (Tract 12.03, Champaign, IL)","12.03 (Champaign, IL)","Champaign County, IL",Illinois,private_auto,home,region_arrival,1900-01-01 19:23:00,1900-01-01 21:40:53,137,129.0,unknown_vehicle_type,other_non_bev,,,,transportation_utilities,transportation_utilities,single_family,single_family,16602747950502815571,7622246005550801186,32.0,female,white_not_hispanic_or_latino,employed,employed_not_working,39412.0,auto_passenger,4.0,114759.0,two,core,naics622110,single_family,undergraduate,some_college,owner,english,"2 (Tract 12.03, Champaign, IL)","12.03 (Champaign, IL)","Champaign County, IL",Illinois,"1 (Tract 53, Champaign, IL)","53 (Champaign, IL)","Champaign County, IL",Illinois,5.05,8.633830188679244,19,Chicago3_mdw,"9801 (Cook, IL)",1900-01-01 20:48:03.000000000,20,9.666666666666666,UIUC1,"3.01 (Champaign, IL)",14.434744525547444,70,84.71666666666667,10,123.06857471422668,137,3.0,77.39999999999999,1,0,0
17652902998577453247,"1 (Tract 9801, Cook, IL)","9801 (Cook, IL)","Cook County, IL",Illinois,"3 (Tract 8, Champaign, IL)","8 (Champaign, IL)","Champaign County, IL",Illinois,private_auto,shop,region_arrival,1900-01-01 15:35:00,1900-01-01 17:49:07,134,124.8,unknown_vehicle_type,other_non_bev,,,,transportation_utilities,transportation_utilities,office,office,11407179358402763178,17053035118330807360,58.0,male,black_not_hispanic_or_latino,employed,employed_not_working,48308.0,auto_passenger,2.0,100240.0,one,core,naics61,multiple_units,not_attending_school,some_college,renter,spanish,"2 (Tract 12.05, Champaign, IL)","12.05 (Champaign, IL)","Champaign County, IL",Illinois,"1 (Tract 53, Champaign, IL)","53 (Champaign, IL)","Champaign County, IL",Illinois,5.063291139240507,8.639412467160257,15,Chicago3_mdw,"9801 (Cook, IL)",1900-01-01 17:00:03.797468352,17,7.052083333333333,UIUC1,"3.01 (Champaign, IL)",12.00084935897436,70,82.11537447257383,10,120.64026182613462,134,3.0,74.88,0,1,0
9029425811319578753,"1 (Tract 9801, Cook, IL)","9801 (Cook, IL)","Cook County, IL",Illinois,"2 (Tract 12.05, Champaign, IL)","12.05 (Champaign, IL)","Champaign County, IL",Illinois,private_auto,home,region_arrival,1900-01-01 21:43:00,1900-01-01 00:03:49,140,137.3,unknown_vehicle_type,other_non_bev,,,,transportation_utilities,transportation_utilities,single_family,single_family,17417999542175536393,287344525706603907,50.0,female,white_not_hispanic_or_latino,employed,employed_not_working,91756.0,private_auto,3.0,191669.0,three_plus,core,naics61,single_family,not_attending_school,advanced_degree,owner,english,"2 (Tract 12.05, Champaign, IL)","12.05 (Champaign, IL)","Champaign County, IL",Illinois,"1 (Tract 53, Champaign, IL)","53 (Champaign, IL)","Champaign County, IL",Illinois,4.333333333333333,8.332830188679244,21,Chicago3_mdw,"9801 (Cook, IL)",1900-01-01 23:07:19.999999998,23,11.666666666666666,UIUC1,"3.01 (Champaign, IL)",18.39381642512077,70,86.0,10,126.72664661380001,140,3.0,82.38000000000001,0,1,0
11484539492547601212,"1 (Tract 9801, Cook, IL)","9801 (Cook, IL)","Cook County, IL",Illinois,"2 (Tract 12.05, Champaign, IL)","12.05 (Champaign, IL)","Champaign County, IL",Illinois,private_auto,home,region_arrival,1900-01-01 19:14:00,1900-01-01 21:29:35,135,131.4,unknown_vehicle_type,other_non_bev,,,,transportation_utilities,transportation_utilities,mixed_use,single_family,15054392699362668958,4212082875044868251,32.0,female,asian_not_hispanic_or_latino,employed,employed_not_working,98530.0,worked_from_home,2.0,197061.0,two,core,naics62,several_units,not_attending_school,advanced_degree,renter,asian_pacific,"2 (Tract 12.05, Champaign, IL)","12.05 (Champaign, IL)","Champaign County, IL",Illinois,"2 (Tract 12.05, Champaign, IL)","12.05 (Champaign, IL)","Champaign County, IL",Illinois,5.05,8.633830188679244,19,Chicago3_mdw,"9801 (Cook, IL)",1900-01-01 20:39:03.000000000,20,12.833333333333334,UIUC1,"3.01 (Champaign, IL)",18.883816425120774,70,87.88333333333333,10,127.51764661380001,135,3.0,78.84,0,1,0
17149621107030037011,"1 (Tract 9801, Cook, IL)","9801 (Cook, IL)","Cook County, IL",Illinois,"2 (Tract 12.05, Champaign, IL)","12.05 (Champaign, IL)","Champaign County, IL",Illinois,private_auto,home,region_arrival,1900-01-01 20:47:00,1900-01-01 23:08:24,141,130.6,unknown_vehicle_type,other_non_bev,,,,transportation_utilities,transportation_utilities,single_family,single_family,17895172576701416905,10400624145961201837,74.0,male,white_not_hispanic_or_latino,employed,employed_not_working,526479.0,worked_from_home,2.0,526479.0,three_plus,core,naics62,single_family,not_attending_school,advanced_degree,owner,english,"2 (Tract 12.05, Champaign, IL)","12.05 (Champaign, IL)","Champaign County, IL",Illinois,"2 (Tract 12.05, Champaign, IL)","12.05 (Champaign, IL)","Champaign County, IL",Illinois,5.92,8.999230188679245,20,Chicago3_mdw,"9801 (Cook, IL)",1900-01-01 22:12:55.200000000,22,11.666666666666666,UIUC1,"3.01 (Champaign, IL)",18.39381642512077,70,87.58666666666667,10,127.39304661380002,141,3.0,78.36,0,0,1
2489781191465207915,"1 (Tract 9801, Cook, IL)","9801 (Cook, IL)","Cook County, IL",Illinois,"3 (Tract 13.02, Champaign, IL)","13.02 (Champaign, IL)","Champaign County, IL",Illinois,private_auto,social,region_arrival,1900-01-01 08:21:00,1900-01-01 10:39:37,138,141.3,unknown_vehicle_type,other_non_bev,,,,transportation_utilities,transportation_utilities,single_family,single_family,12445821694870533117,268418177559505224,86.0,male,white_not_hispanic_or_latino,employed,employed_not_working,50482.0,private_auto,3.0,63284.0,two,core,naics62,single_family,not_attending_school,high_school,owner,english,"2 (Tract 13.01, Champaign, IL)","13.01 (Champaign, IL)","Champaign County, IL",Illinois,"2 (Tract 110.01, Champaign, IL)","110.01 (Champaign, IL)","Champaign County, IL",Illinois,5.442622950819672,8.798731828023508,8,Chicago3_mdw,"9801 (Cook, IL)",1900-01-01 09:46:26.557377048,9,7.111111111111111,UIUC1,"3.01 (Champaign, IL)",12.489986168741355,70,82.55373406193078,10,121.28871799676486,138,3.0,84.78,0,1,0
4208166674082549094,"1 (Tract 9801, Cook, IL)","9801 (Cook, IL)","Cook County, IL",Illinois,"2 (Tract 3.01, Champaign, IL)","3.01 (Champaign, IL)","Champaign County, IL",Illinois,private_auto,home,region_arrival,1900-01-01 18:32:00,1900-01-01 20:47:31,135,126.4,unknown_vehicle_type,other_non_bev,,,,transportation_utilities,transportation_utilities,multi_family,multi_family,11604371575692389906,10233118692314186795,25.0,female,black_not_hispanic_or_latino,employed,employed_not_working,31095.0,worked_from_home,1.0,31095.0,one,core,naics81,multiple_units,undergraduate,some_college,renter,english,"2 (Tract 3.01, Champaign, IL)","3.01 (Champaign, IL)","Champaign County, IL",Illinois,"2 (Tract 14, Champaign, IL)","14 (Champaign, IL)","Champaign County, IL",Illinois,4.653846153846154,8.46744557329463,18,Chicago3_mdw,"9801 (Cook, IL)",1900-01-01 19:56:39.230769228,19,0.903448275862069,UIUC1,"3.01 (Champaign, IL)",4.956630556181604,70,75.55729442970824,10,113.42407612947623,135,3.0,75.84,1,0,0
7370918308587686532,"2 (Tract 3007, Cook, IL)","3007 (Cook, IL)","Cook County, IL",Illinois,"3 (Tract 8, Champaign, IL)","8 (Champaign, IL)","Champaign County, IL",Illinois,private_auto,maintenance,home,1900-01-01 13:05:00,1900-01-01 15:30:08,145,135.3,unknown_vehicle_type,other_non_bev,,,,multi_family,multi_family,mixed_use,office,12046294896815025681,9088655648909537706,50.0,male,hispanic_or_latino_origin,employed,employed_not_working,61436.0,private_auto,1.0,61436.0,two,core,naics2383,several_units,not_attending_school,k_12,owner,spanish,"2 (Tract 3007, Cook, IL)","3007 (Cook, IL)","Cook County, IL",Illinois,"1 (Tract 8407.05, DuPage, IL)","8407.05 (DuPage, IL)","DuPage County, IL",Illinois,20.0,21.740000000000002,13,Chicago3_mdw,"9801 (Cook, IL)",1900-01-01 14:45:00.000000000,14,7.428571428571429,UIUC1,"3.01 (Champaign, IL)",12.158974358974358,70,97.42857142857143,10,133.89897435897436,145,3.0,81.18,0,1,0
8670036081901828759,"1 (Tract 9801, Cook, IL)","9801 (Cook, IL)","Cook County, IL",Illinois,"2 (Tract 4.02, Champaign, IL)","4.02 (Champaign, IL)","Champaign County, IL",Illinois,private_auto,home,region_arrival,1900-01-01 20:45:00,1900-01-01 22:57:48,132,126.5,unknown_vehicle_type,other_non_bev,,,,transportation_utilities,transportation_utilities,multi_family,multi_family,10888064138606732929,11529608321633810140,22.0,female,white_not_hispanic_or_latino,employed,employed_not_working,5097.0,walking,3.0,14273.0,two,core,naics92,multiple_units,undergraduate,high_school,renter,english,"2 (Tract 4.02, Champaign, IL)","4.02 (Champaign, IL)","Champaign County, IL",Illinois,"2 (Tract 4.02, Champaign, IL)","4.02 (Champaign, IL)","Champaign County, IL",Illinois,5.92,8.999230188679245,20,Chicago3_mdw,"9801 (Cook, IL)",1900-01-01 22:10:55.200000000,22,1.5714285714285714,UIUC1,"3.01 (Champaign, IL)",5.595871687587169,70,77.49142857142857,10,114.59510187626641,132,3.0,75.89999999999999,1,0,0
3339678925198468010,"1 (Tract 9801, Cook, IL)","9801 (Cook, IL)","Cook County, IL",Illinois,"1 (Tract 111, Champaign, IL)","111 (Champaign, IL)","Champaign County, IL",Illinois,private_auto,eat,region_arrival,1900-01-01 16:06:00,1900-01-01 18:27:02,141,127.5,unknown_vehicle_type,other_non_bev,,,,transportation_utilities,transportation_utilities,retail,retail,12486829319677402553,10335819718249514780,39.0,male,other_not_hispanic_or_latino,employed,employed_not_working,69551.0,private_auto,4.0,80447.0,three_plus,core,naics52,single_family,not_attending_school,high_school,renter,english,"2 (Tract 54.02, Champaign, IL)","54.02 (Champaign, IL)","Champaign County, IL",Illinois,"1 (Tract 54.02, Champaign, IL)","54.02 (Champaign, IL)","Champaign County, IL",Illinois,4.228070175438597,8.288619662363455,16,Chicago3_mdw,"9801 (Cook, IL)",1900-01-01 17:30:13.684210524,17,2.9166666666666665,UIUC1,"3.01 (Champaign, IL)",7.045,70,77.14473684210527,10,115.33361966236346,141,3.0,76.5,0,1,0
5355413845787949118,"1 (Tract 9801, Cook, IL)","9801 (Cook, IL)","Cook County, IL",Illinois,"2 (Tract 56.01, Champaign, IL)","56.01 (Champaign, IL)","Champaign County, IL",Illinois,private_auto,home,region_arrival,1900-01-01 14:04:00,1900-01-01 16:25:55,141,136.4,unknown_vehicle_type,other_non_bev,,,,transportation_utilities,transportation_utilities,single_family,single_family,3027455848684746883,14956790336787599200,63.0,male,white_not_hispanic_or_latino,employed,employed_not_working,33384.0,private_auto,1.0,33384.0,two,core,naics23,single_family,not_attending_school,advanced_degree,renter,indo_european,"2 (Tract 56.01, Champaign, IL)","56.01 (Champaign, IL)","Champaign County, IL",Illinois,"1 (Tract 56.01, Champaign, IL)","56.01 (Champaign, IL)","Champaign County, IL",Illinois,5.041322314049586,8.63018556058007,14,Chicago3_mdw,"9801 (Cook, IL)",1900-01-01 15:29:02.479338840,15,6.5,UIUC1,"3.01 (Champaign, IL)",11.096952789699571,70,81.54132231404958,10,119.72713835027965,141,3.0,81.84,1,0,0
14861886854120530143,"1 (Tract 9801, Cook, IL)","9801 (Cook, IL)","Cook County, IL",Illinois,"1 (Tract 4.01, Champaign, IL)","4.01 (Champaign, IL)","Champaign County, IL",Illinois,private_auto,social,region_arrival,1900-01-01 21:25:00,1900-01-01 23:37:14,132,134.2,unknown_vehicle_type,other_non_bev,,,,transportation_utilities,transportation_utilities,education,education,6744137122874882908,1466325954509237270,37.0,female,white_not_hispanic_or_latino,employed,employed_not_working,66424.0,private_auto,4.0,73078.0,two,core,naics3399,single_family,not_attending_school,advanced_degree,owner,english,"2 (Tract 57.01, Champaign, IL)","57.01 (Champaign, IL)","Champaign County, IL",Illinois,"1 (Tract 13.02, Champaign, IL)","13.02 (Champaign, IL)","Champaign County, IL",Illinois,4.333333333333333,8.332830188679244,21,Chicago3_mdw,"9801 (Cook, IL)",1900-01-01 22:49:19.999999998,22,0.8103448275862069,UIUC1,"3.01 (Champaign, IL)",4.918652888240636,70,75.14367816091954,10,113.25148307691987,132,3.0,80.52,0,1,0
11293594495606158540,"1 (Tract 8352, Cook, IL)","8352 (Cook, IL)","Cook County, IL",Illinois,"2 (Tract 57.01, Champaign, IL)","57.01 (Champaign, IL)","Champaign County, IL",Illinois,auto_passenger,home,shop,1900-01-01 14:54:54,1900-01-01 17:22:32,147,132.4,unknown_vehicle_type,unknown_fuel_type,,,,retail,retail,multi_family,multi_family,9653431639984701994,6587967386360626695,28.0,female,black_not_hispanic_or_latino,employed,employed_not_working,36702.0,private_auto,2.0,36702.0,zero,core,naics3399,multiple_units,not_attending_school,high_school,renter,english,"2 (Tract 57.01, Champaign, IL)","57.01 (Champaign, IL)","Champaign County, IL",Illinois,"2 (Tract 104, Champaign, IL)","104 (Champaign, IL)","Champaign County, IL",Illinois,4.4,7.4837983193277315,14,Chicago3_mdw,"9801 (Cook, IL)",1900-01-01 16:19:18.000000000,16,6.818181818181818,UIUC1,"3.01 (Champaign, IL)",11.693090909090909,70,81.21818181818182,10,119.17688922841864,147,3.0,79.44,1,0,0
10934723323089466152,"1 (Tract 9801, Cook, IL)","9801 (Cook, IL)","Cook County, IL",Illinois,"1 (Tract 56.02, Champaign, IL)","56.02 (Champaign, IL)","Champaign County, IL",Illinois,private_auto,shop,region_arrival,1900-01-01 18:22:00,1900-01-01 20:44:49,142,130.8,unknown_vehicle_type,other_non_bev,,,,transportation_utilities,transportation_utilities,retail,retail,1329448500748333009,3221376158405224605,26.0,male,white_not_hispanic_or_latino,employed,employed_not_working,28491.0,biking,5.0,256422.0,three_plus,core,naics611110,several_units,graduate,bachelors_degree,renter,spanish,"2 (Tract 58, Champaign, IL)","58 (Champaign, IL)","Champaign County, IL",Illinois,"3 (Tract 14, Champaign, IL)","14 (Champaign, IL)","Champaign County, IL",Illinois,4.653846153846154,8.46744557329463,18,Chicago3_mdw,"9801 (Cook, IL)",1900-01-01 19:46:39.230769228,19,8.0,UIUC1,"3.01 (Champaign, IL)",13.838086956521739,70,82.65384615384616,10,122.30553252981636,142,3.0,78.48,1,0,0
1958205863802558124,"1 (Tract 9801, Cook, IL)","9801 (Cook, IL)","Cook County, IL",Illinois,"1 (Tract 13.01, Champaign, IL)","13.01 (Champaign, IL)","Champaign County, IL",Illinois,auto_passenger,shop,region_arrival,1900-01-01 09:49:00,1900-01-01 12:06:16,137,135.3,unknown_vehicle_type,unknown_fuel_type,,,,transportation_utilities,transportation_utilities,retail,retail,16787157072083543042,8002277367725442384,25.0,male,asian_not_hispanic_or_latino,employed,employed_not_working,26569.0,walking,3.0,101447.0,zero,core,naics61,multiple_units,graduate,bachelors_degree,renter,indo_european,"2 (Tract 60, Champaign, IL)","60 (Champaign, IL)","Champaign County, IL",Illinois,"2 (Tract 59.02, Champaign, IL)","59.02 (Champaign, IL)","Champaign County, IL",Illinois,4.908163265306122,8.574258760107817,9,Chicago3_mdw,"9801 (Cook, IL)",1900-01-01 11:13:54.489795918,11,4.7407407407407405,UIUC1,"3.01 (Champaign, IL)",9.650919264588328,70,79.64890400604685,10,118.22517802469615,137,3.0,81.18,1,0,0
4152644517967455418,"1 (Tract 9801, Cook, IL)","9801 (Cook, IL)","Cook County, IL",Illinois,"2 (Tract 59.02, Champaign, IL)","59.02 (Champaign, IL)","Champaign County, IL",Illinois,private_auto,other_activity_type,region_arrival,1900-01-01 19:09:00,1900-01-01 21:22:05,133,134.8,unknown_vehicle_type,other_non_bev,,,,transportation_utilities,transportation_utilities,education,education,7855491651076125403,15390925783811068631,36.0,female,black_not_hispanic_or_latino,employed,employed_not_working,17807.0,auto_passenger,2.0,85474.0,one,core,naics48_49,multiple_units,not_attending_school,high_school,renter,other,"2 (Tract 60, Champaign, IL)","60 (Champaign, IL)","Champaign County, IL",Illinois,"2 (Tract 60, Champaign, IL)","60 (Champaign, IL)","Champaign County, IL",Illinois,5.05,8.633830188679244,19,Chicago3_mdw,"9801 (Cook, IL)",1900-01-01 20:34:03.000000000,20,1.625,UIUC1,"3.01 (Champaign, IL)",5.815468636032094,70,76.675,10,114.44929882471133,133,3.0,80.88000000000001,1,0,0
17186181505102199155,"2 (Tract 6607, Cook, IL)","6607 (Cook, IL)","Cook County, IL",Illinois,"2 (Tract 14, Champaign, IL)","14 (Champaign, IL)","Champaign County, IL",Illinois,private_auto,recreation,home,1900-01-01 02:22:45,1900-01-01 04:29:33,126,127.0,unknown_vehicle_type,other_non_bev,,,,single_family,single_family,non_retail_attraction,non_retail_attraction,2835633769019224805,16139755499334470839,42.0,male,hispanic_or_latino_origin,employed,employed_not_working,1019.0,private_auto,4.0,7442.0,one,core,naics52,single_family,undergraduate,bachelors_degree,owner,spanish,"2 (Tract 6607, Cook, IL)","6607 (Cook, IL)","Cook County, IL",Illinois,"1 (Tract 816, Cook, IL)","816 (Cook, IL)","Cook County, IL",Illinois,8.0,14.74,2,Chicago3_mdw,"9801 (Cook, IL)",1900-01-01 03:50:45.000000000,3,3.0,UIUC1,"3.01 (Champaign, IL)",7.468527724665392,70,81.0,10,122.20852772466539,126,3.0,76.2,1,0,0
10040800607113899399,"2 (Tract 6715, Cook, IL)","6715 (Cook, IL)","Cook County, IL",Illinois,"2 (Tract 14, Champaign, IL)","14 (Champaign, IL)","Champaign County, IL",Illinois,auto_passenger,recreation,home,1900-01-01 14:57:00,1900-01-01 17:07:23,130,126.7,unknown_vehicle_type,unknown_fuel_type,,,,single_family,single_family,non_retail_attraction,non_retail_attraction,15010057801378879319,16606464002411248213,37.0,male,hispanic_or_latino_origin,employed,employed_not_working,63755.0,private_auto,4.0,106876.0,two,core,naics31_33,single_family,not_attending_school,high_school,owner,spanish,"2 (Tract 6715, Cook, IL)","6715 (Cook, IL)","Cook County, IL",Illinois,"1 (Tract 2801, Cook, IL)","2801 (Cook, IL)","Cook County, IL",Illinois,12.375,19.390833333333333,14,Chicago3_mdw,"9801 (Cook, IL)",1900-01-01 16:29:22.500000000,16,4.085714285714285,UIUC1,"3.01 (Champaign, IL)",7.924527724665392,70,86.46071428571429,10,127.31536105799873,130,3.0,76.02,0,1,0
3686486235513709415,"2 (Tract 6716, Cook, IL)","6716 (Cook, IL)","Cook County, IL",Illinois,"2 (Tract 14, Champaign, IL)","14 (Champaign, IL)","Champaign County, IL",Illinois,private_auto,recreation,shop,1900-01-01 19:44:12,1900-01-01 21:55:38,131,133.7,unknown_vehicle_type,other_non_bev,,,,retail,retail,office,office,15823305912237301970,5947092641104675805,58.0,male,hispanic_or_latino_origin,employed,employed_not_working,24468.0,private_auto,7.0,66268.0,three_plus,core,naics31_33,single_family,not_attending_school,k_12,owner,spanish,"2 (Tract 6715, Cook, IL)","6715 (Cook, IL)","Cook County, IL",Illinois,"1 (Tract 2801, Cook, IL)","2801 (Cook, IL)","Cook County, IL",Illinois,15.0,19.77714285714286,19,Chicago3_mdw,"9801 (Cook, IL)",1900-01-01 21:19:12.000000000,21,3.295774647887324,UIUC1,"3.01 (Champaign, IL)",7.5927530767780675,70,88.29577464788733,10,127.36989593392093,131,3.0,80.21999999999998,1,0,0
2956559741734670368,"1 (Tract 7402, Cook, IL)","7402 (Cook, IL)","Cook County, IL",Illinois,"3 (Tract 53, Champaign, IL)","53 (Champaign, IL)","Champaign County, IL",Illinois,private_auto,shop,school,1900-01-01 17:43:00,1900-01-01 19:44:56,121,121.0,unknown_vehicle_type,other_non_bev,,,,education,education,retail,retail,9487090080873113437,14453335203325643250,29.0,female,white_not_hispanic_or_latino,employed,employed_not_working,120771.0,private_auto,1.0,120771.0,one,core,naics62,single_family,not_attending_school,bachelors_degree,owner,english,"2 (Tract 7204, Cook, IL)","7204 (Cook, IL)","Cook County, IL",Illinois,"5 (Tract 8218, Cook, IL)","8218 (Cook, IL)","Cook County, IL",Illinois,17.0,23.78,17,Chicago3_mdw,"9801 (Cook, IL)",1900-01-01 19:20:00.000000000,19,3.6538461538461537,UIUC1,"3.01 (Champaign, IL)",8.212504831851565,70,90.65384615384616,10,131.99250483185156,121,3.0,72.6,0,1,0
9021060366649409459,"2 (Tract 7207, Cook, IL)","7207 (Cook, IL)","Cook County, IL",Illinois,"1 (Tract 4.01, Champaign, IL)","4.01 (Champaign, IL)","Champaign County, IL",Illinois,private_auto,shop,home,1900-01-01 08:51:00,1900-01-01 10:51:01,120,122.0,unknown_vehicle_type,other_non_bev,,,,mixed_use,multi_family,retail,retail,405040185650227315,4280529864955010100,24.0,male,black_not_hispanic_or_latino,employed,employed_not_working,26047.0,private_auto,3.0,78142.0,two,core,naics44_45,several_units,not_attending_school,some_college,owner,english,"2 (Tract 7207, Cook, IL)","7207 (Cook, IL)","Cook County, IL",Illinois,"3 (Tract 8662, Lake, IL)","8662 (Lake, IL)","Lake County, IL",Illinois,21.5,29.61923076923077,8,Chicago3_mdw,"9801 (Cook, IL)",1900-01-01 10:32:30.000000000,10,1.0571428571428572,UIUC1,"3.01 (Champaign, IL)",5.02230806065443,70,92.55714285714286,10,134.6415388298852,120,3.0,73.2,1,0,0
7348302287162601983,"2 (Tract 7004.01, Cook, IL)","7004.01 (Cook, IL)","Cook County, IL",Illinois,"1 (Tract 9.01, Champaign, IL)","9.01 (Champaign, IL)","Champaign County, IL",Illinois,private_auto,shop,maintenance,1900-01-01 11:28:48,1900-01-01 13:33:30,124,122.8,unknown_vehicle_type,other_non_bev,,,,mixed_use,office,retail,retail,5099971641984481091,10311253674456622077,57.0,female,black_not_hispanic_or_latino,employed,employed_not_working,49956.0,worked_from_home,3.0,150786.0,two,core,naics56,single_family,not_attending_school,some_college,owner,english,"2 (Tract 8214.01, Cook, IL)","8214.01 (Cook, IL)","Cook County, IL",Illinois,"3 (Tract 8214.01, Cook, IL)","8214.01 (Cook, IL)","Cook County, IL",Illinois,12.0,16.863809523809525,11,Chicago3_mdw,"9801 (Cook, IL)",1900-01-01 13:00:48.000000000,13,6.142857142857143,UIUC1,"3.01 (Champaign, IL)",11.637685950413223,70,88.14285714285714,10,128.50149547422274,124,3.0,73.67999999999999,0,1,0
11245116690274115714,"1 (Tract 8352, Cook, IL)","8352 (Cook, IL)","Cook County, IL",Illinois,"1 (Tract 9.02, Champaign, IL)","9.02 (Champaign, IL)","Champaign County, IL",Illinois,private_auto,eat,shop,1900-01-01 18:36:28,1900-01-01 20:48:43,132,125.8,unknown_vehicle_type,other_non_bev,,,,retail,retail,retail,retail,16015470634064858493,11405598080304970956,19.0,male,hispanic_or_latino_origin,employed,employed_not_working,17807.0,private_auto,3.0,47485.0,three_plus,core,naics5615,single_family,undergraduate,some_college,owner,spanish,"2 (Tract 9.01, Champaign, IL)","9.01 (Champaign, IL)","Champaign County, IL",Illinois,"5 (Tract 12.01, Champaign, IL)","12.01 (Champaign, IL)","Champaign County, IL",Illinois,3.25,7.000798319327732,18,Chicago3_mdw,"9801 (Cook, IL)",1900-01-01 19:59:43.000000000,19,9.555555555555555,UIUC1,"3.01 (Champaign, IL)",15.61251461988304,70,82.80555555555556,10,122.61331293921077,132,3.0,75.47999999999999,1,0,0
926887371769393900,"1 (Tract 9801, Cook, IL)","9801 (Cook, IL)","Cook County, IL",Illinois,"3 (Tract 7, Champaign, IL)","7 (Champaign, IL)","Champaign County, IL",Illinois,private_auto,maintenance,region_arrival,1900-01-01 11:20:00,1900-01-01 13:31:14,131,132.5,unknown_vehicle_type,other_non_bev,,,,transportation_utilities,transportation_utilities,civic_institutional,civic_institutional,9313572327331539847,10762095169816219291,62.0,male,white_not_hispanic_or_latino,employed,employed_not_working,94971.0,auto_passenger,2.0,189942.0,three_plus,core,naics56,single_family,not_attending_school,some_college,owner,spanish,"2 (Tract 9.02, Champaign, IL)","9.02 (Champaign, IL)","Champaign County, IL",Illinois,"2 (Tract 14, Champaign, IL)","14 (Champaign, IL)","Champaign County, IL",Illinois,4.945945945945946,8.590127485976542,11,Chicago3_mdw,"9801 (Cook, IL)",1900-01-01 12:44:56.756756754,12,4.625,UIUC1,"3.01 (Champaign, IL)",9.161049222797928,70,79.57094594594595,10,117.75117670877447,131,3.0,79.5,0,1,0
1054588397249127898,"1 (Tract 8352, Cook, IL)","8352 (Cook, IL)","Cook County, IL",Illinois,"4 (Tract 9.01, Champaign, IL)","9.01 (Champaign, IL)","Champaign County, IL",Illinois,private_auto,social,shop,1900-01-01 19:31:12,1900-01-01 21:43:14,132,126.5,unknown_vehicle_type,other_non_bev,,,,retail,retail,single_family,single_family,209045261155411787,3587705024503921351,29.0,female,white_not_hispanic_or_latino,employed,employed_not_working,22429.0,private_auto,2.0,22429.0,one,core,naics622110,single_family,not_attending_school,some_college,renter,english,"3 (Tract 10, Champaign, IL)","10 (Champaign, IL)","Champaign County, IL",Illinois,"1 (Tract 53, Champaign, IL)","53 (Champaign, IL)","Champaign County, IL",Illinois,3.2,6.979798319327732,19,Chicago3_mdw,"9801 (Cook, IL)",1900-01-01 20:54:24.000000000,20,6.666666666666667,UIUC1,"3.01 (Champaign, IL)",11.857685950413224,70,79.86666666666667,10,118.83748426974095,132,3.0,75.89999999999999,1,0,0
9450613557668246201,"1 (Tract 9801, Cook, IL)","9801 (Cook, IL)","Cook County, IL",Illinois,"1 (Tract 9.02, Champaign, IL)","9.02 (Champaign, IL)","Champaign County, IL",Illinois,private_auto,school,region_arrival,1900-01-01 15:59:00,1900-01-01 18:20:22,141,127.1,unknown_vehicle_type,other_non_bev,,,,transportation_utilities,transportation_utilities,education,education,16756175359731920331,15410618689809253644,24.0,male,white_not_hispanic_or_latino,employed,employed_not_working,57843.0,worked_from_home,2.0,116961.0,two,core,naics54,single_family,graduate,advanced_degree,owner,english,"3 (Tract 10, Champaign, IL)","10 (Champaign, IL)","Champaign County, IL",Illinois,"3 (Tract 10, Champaign, IL)","10 (Champaign, IL)","Champaign County, IL",Illinois,5.063291139240507,8.639412467160257,15,Chicago3_mdw,"9801 (Cook, IL)",1900-01-01 17:24:03.797468352,17,9.73913043478261,UIUC1,"3.01 (Champaign, IL)",15.689616069158404,70,84.80242157402311,10,124.32902853631866,141,3.0,76.25999999999999,0,1,0
5298920293034882916,"1 (Tract 9801, Cook, IL)","9801 (Cook, IL)","Cook County, IL",Illinois,"1 (Tract 9.02, Champaign, IL)","9.02 (Champaign, IL)","Champaign County, IL",Illinois,private_auto,shop,region_arrival,1900-01-01 16:16:00,1900-01-01 18:31:02,135,134.3,unknown_vehicle_type,other_non_bev,,,,transportation_utilities,transportation_utilities,mixed_use,retail,3019931776311908889,17587036683361486670,41.0,male,white_not_hispanic_or_latino,employed,employed_not_working,67232.0,worked_from_home,2.0,134465.0,one,core,naics31_33,multiple_units,not_attending_school,some_college,renter,english,"3 (Tract 10, Champaign, IL)","10 (Champaign, IL)","Champaign County, IL",Illinois,"3 (Tract 10, Champaign, IL)","10 (Champaign, IL)","Champaign County, IL",Illinois,4.228070175438597,8.288619662363455,16,Chicago3_mdw,"9801 (Cook, IL)",1900-01-01 17:40:13.684210524,17,9.73913043478261,UIUC1,"3.01 (Champaign, IL)",15.689616069158404,70,83.96720061022121,10,123.97823573152186,135,3.0,80.58,0,1,0
16793671241220807057,"1 (Tract 9801, Cook, IL)","9801 (Cook, IL)","Cook County, IL",Illinois,"5 (Tract 12.01, Champaign, IL)","12.01 (Champaign, IL)","Champaign County, IL",Illinois,private_auto,eat,region_arrival,1900-01-01 15:52:00,1900-01-01 18:04:29,132,136.0,unknown_vehicle_type,other_non_bev,,,,transportation_utilities,transportation_utilities,retail,retail,16603670714431902409,386168378834529928,34.0,male,white_not_hispanic_or_latino,employed,employed_not_working,45878.0,private_auto,3.0,106029.0,one,core,naics61,single_family,graduate,bachelors_degree,owner,english,"3 (Tract 10, Champaign, IL)","10 (Champaign, IL)","Champaign County, IL",Illinois,"1 (Tract 53, Champaign, IL)","53 (Champaign, IL)","Champaign County, IL",Illinois,5.063291139240507,8.639412467160257,15,Chicago3_mdw,"9801 (Cook, IL)",1900-01-01 17:17:03.797468352,17,7.68,UIUC1,"3.01 (Champaign, IL)",12.47842392026578,70,82.74329113924051,10,121.11783638742604,132,3.0,81.6,0,1,0
11050215596839260009,"1 (Tract 9801, Cook, IL)","9801 (Cook, IL)","Cook County, IL",Illinois,"3 (Tract 11, Champaign, IL)","11 (Champaign, IL)","Champaign County, IL",Illinois,private_auto,home,region_arrival,1900-01-01 13:14:00,1900-01-01 15:31:32,137,127.4,unknown_vehicle_type,other_non_bev,,,,transportation_utilities,transportation_utilities,single_family,single_family,794617893376965313,10459793759777346415,35.0,male,white_not_hispanic_or_latino,employed,employed_not_working,65292.0,worked_from_home,1.0,65292.0,one,core,naics611110,single_family,not_attending_school,bachelors_degree,owner,english,"3 (Tract 11, Champaign, IL)","11 (Champaign, IL)","Champaign County, IL",Illinois,"1 (Tract 11, Champaign, IL)","11 (Champaign, IL)","Champaign County, IL",Illinois,5.015151515151516,8.619193825042881,13,Chicago3_mdw,"9801 (Cook, IL)",1900-01-01 14:39:00.909090912,14,5.375,UIUC1,"3.01 (Champaign, IL)",9.649088785046729,70,80.39015151515152,10,118.26828261008961,137,3.0,76.44,0,1,0
1066179097141623072,"1 (Tract 9801, Cook, IL)","9801 (Cook, IL)","Cook County, IL",Illinois,"1 (Tract 57.02, Champaign, IL)","57.02 (Champaign, IL)","Champaign County, IL",Illinois,private_auto,social,region_arrival,1900-01-01 13:32:00,1900-01-01 15:57:28,145,139.7,unknown_vehicle_type,other_non_bev,,,,transportation_utilities,transportation_utilities,single_family,single_family,2029374324983669144,3609315926842405138,44.0,male,white_not_hispanic_or_latino,employed,employed_not_working,50975.0,worked_from_home,2.0,81561.0,two,core,naics713940,single_family,not_attending_school,advanced_degree,owner,english,"3 (Tract 11, Champaign, IL)","11 (Champaign, IL)","Champaign County, IL",Illinois,"2 (Tract 4.01, Champaign, IL)","4.01 (Champaign, IL)","Champaign County, IL",Illinois,5.015151515151516,8.619193825042881,13,Chicago3_mdw,"9801 (Cook, IL)",1900-01-01 14:57:00.909090912,14,10.0,UIUC1,"3.01 (Champaign, IL)",15.42,70,85.01515151515152,10,124.03919382504289,145,3.0,83.82,0,1,0
12124638797854326964,"1 (Tract 9801, Cook, IL)","9801 (Cook, IL)","Cook County, IL",Illinois,"3 (Tract 12.01, Champaign, IL)","12.01 (Champaign, IL)","Champaign County, IL",Illinois,private_auto,home,region_arrival,1900-01-01 15:50:36,1900-01-01 18:11:13,140,127.9,unknown_vehicle_type,other_non_bev,,,,transportation_utilities,transportation_utilities,single_family,single_family,15974447339711463585,13897075567985311439,53.0,female,black_not_hispanic_or_latino,employed,employed_not_working,33952.0,private_auto,6.0,106818.0,three_plus,core,naics31_33,single_family,not_attending_school,high_school,owner,indo_european,"3 (Tract 12.01, Champaign, IL)","12.01 (Champaign, IL)","Champaign County, IL",Illinois,"1 (Tract 106.04, Champaign, IL)","106.04 (Champaign, IL)","Champaign County, IL",Illinois,5.063291139240507,8.639412467160257,15,Chicago3_mdw,"9801 (Cook, IL)",1900-01-01 17:15:39.797468352,17,7.68,UIUC1,"3.01 (Champaign, IL)",12.47842392026578,70,82.74329113924051,10,121.11783638742604,140,3.0,76.74,1,0,0
11638160216706764086,"1 (Tract 9801, Cook, IL)","9801 (Cook, IL)","Cook County, IL",Illinois,"1 (Tract 8, Champaign, IL)","8 (Champaign, IL)","Champaign County, IL",Illinois,private_auto,shop,region_arrival,1900-01-01 18:25:00,1900-01-01 20:33:20,128,132.4,unknown_vehicle_type,other_non_bev,,,,transportation_utilities,transportation_utilities,retail,retail,3623236196336059287,1425881946354852616,38.0,female,asian_not_hispanic_or_latino,employed,employed_not_working,86659.0,private_auto,4.0,178415.0,two,core,naics62,single_family,not_attending_school,advanced_degree,owner,asian_pacific,"3 (Tract 12.03, Champaign, IL)","12.03 (Champaign, IL)","Champaign County, IL",Illinois,"2 (Tract 5, Champaign, IL)","5 (Champaign, IL)","Champaign County, IL",Illinois,4.653846153846154,8.46744557329463,18,Chicago3_mdw,"9801 (Cook, IL)",1900-01-01 19:49:39.230769228,19,6.662650602409639,UIUC1,"3.01 (Champaign, IL)",11.837287611986408,70,81.3164967562558,10,120.30473318528104,128,3.0,79.44,0,1,0
10956669063860229420,"1 (Tract 9801, Cook, IL)","9801 (Cook, IL)","Cook County, IL",Illinois,"1 (Tract 111, Champaign, IL)","111 (Champaign, IL)","Champaign County, IL",Illinois,private_auto,shop,region_arrival,1900-01-01 15:53:00,1900-01-01 18:15:07,142,127.8,unknown_vehicle_type,other_non_bev,,,,transportation_utilities,transportation_utilities,retail,retail,11092191431974413868,390740730615044241,34.0,male,white_not_hispanic_or_latino,employed,employed_not_working,56073.0,private_auto,4.0,107049.0,one,core,naics541940,single_family,not_attending_school,advanced_degree,owner,english,"3 (Tract 13.01, Champaign, IL)","13.01 (Champaign, IL)","Champaign County, IL",Illinois,"1 (Tract 56.02, Champaign, IL)","56.02 (Champaign, IL)","Champaign County, IL",Illinois,5.063291139240507,8.639412467160257,15,Chicago3_mdw,"9801 (Cook, IL)",1900-01-01 17:18:03.797468352,17,2.9166666666666665,UIUC1,"3.01 (Champaign, IL)",7.045,70,77.97995780590718,10,115.68441246716026,142,3.0,76.67999999999999,0,1,0
9382014173643239340,"1 (Tract 9801, Cook, IL)","9801 (Cook, IL)","Cook County, IL",Illinois,"1 (Tract 59.01, Champaign, IL)","59.01 (Champaign, IL)","Champaign County, IL",Illinois,private_auto,social,region_arrival,1900-01-01 17:07:00,1900-01-01 19:27:46,140,127.8,unknown_vehicle_type,other_non_bev,,,,transportation_utilities,transportation_utilities,single_family,single_family,1698415016142302630,4778001524579273463,55.0,female,white_not_hispanic_or_latino,employed,employed_not_working,45365.0,private_auto,2.0,230953.0,two,core,naics62,single_family,not_attending_school,bachelors_degree,owner,english,"3 (Tract 13.02, Champaign, IL)","13.02 (Champaign, IL)","Champaign County, IL",Illinois,"2 (Tract 4.02, Champaign, IL)","4.02 (Champaign, IL)","Champaign County, IL",Illinois,5.551724137931035,8.844554326610279,17,Chicago3_mdw,"9801 (Cook, IL)",1900-01-01 18:32:33.103448273,18,2.80327868852459,UIUC1,"3.01 (Champaign, IL)",6.820629385628926,70,78.35500282645562,10,115.66518371223921,140,3.0,76.67999999999999,0,1,0
1814469514772078153,"1 (Tract 9801, Cook, IL)","9801 (Cook, IL)","Cook County, IL",Illinois,"1 (Tract 59.02, Champaign, IL)","59.02 (Champaign, IL)","Champaign County, IL",Illinois,private_auto,other_activity_type,region_arrival,1900-01-01 14:16:00,1900-01-01 16:35:28,139,126.7,unknown_vehicle_type,other_non_bev,,,,transportation_utilities,transportation_utilities,education,education,10903037601369027348,17334791676980964870,39.0,female,white_not_hispanic_or_latino,employed,employed_not_working,102655.0,private_auto,4.0,211349.0,two,core,naics61,single_family,not_attending_school,advanced_degree,owner,english,"3 (Tract 13.02, Champaign, IL)","13.02 (Champaign, IL)","Champaign County, IL",Illinois,"2 (Tract 4.02, Champaign, IL)","4.02 (Champaign, IL)","Champaign County, IL",Illinois,5.041322314049586,8.63018556058007,14,Chicago3_mdw,"9801 (Cook, IL)",1900-01-01 15:41:02.479338840,15,1.6507936507936507,UIUC1,"3.01 (Champaign, IL)",5.826301969365427,70,76.69211596484323,10,114.4564875299455,139,3.0,76.02,0,1,0
13255025235650874489,"1 (Tract 9801, Cook, IL)","9801 (Cook, IL)","Cook County, IL",Illinois,"3 (Tract 13.02, Champaign, IL)","13.02 (Champaign, IL)","Champaign County, IL",Illinois,private_auto,home,region_arrival,1900-01-01 21:55:00,1900-01-01 00:11:48,136,140.7,unknown_vehicle_type,other_non_bev,,,,transportation_utilities,transportation_utilities,single_family,single_family,11182767458429008441,6180429104392111401,40.0,female,white_not_hispanic_or_latino,employed,employed_not_working,104326.0,worked_from_home,4.0,202857.0,two,core,naics52,single_family,not_attending_school,bachelors_degree,owner,english,"3 (Tract 13.02, Champaign, IL)","13.02 (Champaign, IL)","Champaign County, IL",Illinois,"3 (Tract 13.02, Champaign, IL)","13.02 (Champaign, IL)","Champaign County, IL",Illinois,4.333333333333333,8.332830188679244,21,Chicago3_mdw,"9801 (Cook, IL)",1900-01-01 23:19:19.999999998,23,7.0,UIUC1,"3.01 (Champaign, IL)",12.44331950207469,70,81.33333333333333,10,120.77614969075393,136,3.0,84.41999999999999,0,1,0
14928262263544719748,"1 (Tract 9801, Cook, IL)","9801 (Cook, IL)","Cook County, IL",Illinois,"3 (Tract 14, Champaign, IL)","14 (Champaign, IL)","Champaign County, IL",Illinois,private_auto,home,region_arrival,1900-01-01 18:57:00,1900-01-01 21:12:50,135,135.4,unknown_vehicle_type,other_non_bev,,,,transportation_utilities,transportation_utilities,multi_family,multi_family,9010791258366707468,6298142238403288372,32.0,female,asian_not_hispanic_or_latino,employed,employed_not_working,53180.0,private_auto,2.0,53180.0,two,core,naics61,multiple_units,graduate,advanced_degree,renter,asian_pacific,"3 (Tract 14, Champaign, IL)","14 (Champaign, IL)","Champaign County, IL",Illinois,"2 (Tract 14, Champaign, IL)","14 (Champaign, IL)","Champaign County, IL",Illinois,4.653846153846154,8.46744557329463,18,Chicago3_mdw,"9801 (Cook, IL)",1900-01-01 20:21:39.230769228,20,3.78125,UIUC1,"3.01 (Champaign, IL)",7.796652724665392,70,78.43509615384616,10,116.26409829796002,135,3.0,81.24,0,1,0
3182664196205768161,"1 (Tract 9801, Cook, IL)","9801 (Cook, IL)","Cook County, IL",Illinois,"1 (Tract 9.01, Champaign, IL)","9.01 (Champaign, IL)","Champaign County, IL",Illinois,private_auto,eat,region_arrival,1900-01-01 15:45:00,1900-01-01 17:56:40,131,133.4,unknown_vehicle_type,other_non_bev,,,,transportation_utilities,transportation_utilities,retail,retail,1771804619495468159,11079902506294399547,20.0,male,hispanic_or_latino_origin,employed,employed_not_working,7246.0,other_travel_mode,9.0,17028.0,three_plus,core,naics54,single_family,undergraduate,some_college,renter,spanish,"3 (Tract 3.01, Champaign, IL)","3.01 (Champaign, IL)","Champaign County, IL",Illinois,"4 (Tract 13.01, Champaign, IL)","13.01 (Champaign, IL)","Champaign County, IL",Illinois,5.063291139240507,8.639412467160257,15,Chicago3_mdw,"9801 (Cook, IL)",1900-01-01 17:10:03.797468352,17,6.7368421052631575,UIUC1,"3.01 (Champaign, IL)",11.88715963462375,70,81.80013324450366,10,120.52657210178401,131,3.0,80.04,1,0,0
10140903016223254203,"1 (Tract 9801, Cook, IL)","9801 (Cook, IL)","Cook County, IL",Illinois,"2 (Tract 110.02, Champaign, IL)","110.02 (Champaign, IL)","Champaign County, IL",Illinois,private_auto,eat,region_arrival,1900-01-01 17:34:00,1900-01-01 19:51:45,137,126.0,unknown_vehicle_type,other_non_bev,,,,transportation_utilities,transportation_utilities,retail,retail,10087030733460097101,11507253368978561137,25.0,female,black_not_hispanic_or_latino,employed,employed_not_working,31095.0,worked_from_home,1.0,31095.0,one,core,naics81211,multiple_units,undergraduate,some_college,renter,english,"3 (Tract 5, Champaign, IL)","5 (Champaign, IL)","Champaign County, IL",Illinois,"3 (Tract 5, Champaign, IL)","5 (Champaign, IL)","Champaign County, IL",Illinois,5.551724137931035,8.844554326610279,17,Chicago3_mdw,"9801 (Cook, IL)",1900-01-01 18:59:33.103448273,18,2.0,UIUC1,"3.01 (Champaign, IL)",6.283119266055047,70,77.55172413793103,10,115.12767359266533,137,3.0,75.6,1,0,0
7675744991207536899,"1 (Tract 9801, Cook, IL)","9801 (Cook, IL)","Cook County, IL",Illinois,"5 (Tract 12.01, Champaign, IL)","12.01 (Champaign, IL)","Champaign County, IL",Illinois,private_auto,eat,region_arrival,1900-01-01 19:50:00,1900-01-01 22:02:51,132,127.4,unknown_vehicle_type,other_non_bev,,,,transportation_utilities,transportation_utilities,retail,retail,16863454489580773505,11016806022532203880,27.0,female,white_not_hispanic_or_latino,employed,employed_not_working,45286.0,walking,2.0,80460.0,one,core,naics611110,several_units,graduate,bachelors_degree,renter,english,"3 (Tract 5, Champaign, IL)","5 (Champaign, IL)","Champaign County, IL",Illinois,"3 (Tract 13.01, Champaign, IL)","13.01 (Champaign, IL)","Champaign County, IL",Illinois,5.05,8.633830188679244,19,Chicago3_mdw,"9801 (Cook, IL)",1900-01-01 21:15:03.000000000,21,6.666666666666667,UIUC1,"3.01 (Champaign, IL)",12.05282392026578,70,81.71666666666667,10,120.68665410894502,132,3.0,76.44,0,1,0
13264457337108542923,"1 (Tract 9801, Cook, IL)","9801 (Cook, IL)","Cook County, IL",Illinois,"3 (Tract 5, Champaign, IL)","5 (Champaign, IL)","Champaign County, IL",Illinois,private_auto,home,region_arrival,1900-01-01 17:51:00,1900-01-01 20:07:03,136,126.8,unknown_vehicle_type,other_non_bev,,,,transportation_utilities,transportation_utilities,single_family,single_family,953909614296480919,3799535137408548241,52.0,male,white_not_hispanic_or_latino,employed,employed_not_working,681573.0,private_auto,2.0,681573.0,three_plus,core,naics5412,single_family,graduate,advanced_degree,owner,english,"3 (Tract 5, Champaign, IL)","5 (Champaign, IL)","Champaign County, IL",Illinois,"2 (Tract 102.04, Champaign, IL)","102.04 (Champaign, IL)","Champaign County, IL",Illinois,5.551724137931035,8.844554326610279,17,Chicago3_mdw,"9801 (Cook, IL)",1900-01-01 19:16:33.103448273,19,2.6153846153846154,UIUC1,"3.01 (Champaign, IL)",6.941564986737401,70,78.16710875331565,10,115.78611931334768,136,3.0,76.08,0,0,1
14914259550949251299,"1 (Tract 9801, Cook, IL)","9801 (Cook, IL)","Cook County, IL",Illinois,"3 (Tract 8, Champaign, IL)","8 (Champaign, IL)","Champaign County, IL",Illinois,private_auto,eat,region_arrival,1900-01-01 12:08:00,1900-01-01 14:18:06,130,132.7,unknown_vehicle_type,other_non_bev,,,,transportation_utilities,transportation_utilities,retail,retail,14116062933852365019,6481529509790693225,62.0,male,white_not_hispanic_or_latino,employed,employed_not_working,93489.0,private_auto,3.0,194014.0,one,core,naics51,several_units,not_attending_school,bachelors_degree,renter,english,"3 (Tract 5, Champaign, IL)","5 (Champaign, IL)","Champaign County, IL",Illinois,"4 (Tract 5, Champaign, IL)","5 (Champaign, IL)","Champaign County, IL",Illinois,5.0608108108108105,8.638370729219785,12,Chicago3_mdw,"9801 (Cook, IL)",1900-01-01 13:33:03.648648648,13,7.219512195121951,UIUC1,"3.01 (Champaign, IL)",12.07116948092558,70,82.28032300593276,10,120.70954021014536,130,3.0,79.61999999999999,0,1,0
15283736938204948048,"1 (Tract 9801, Cook, IL)","9801 (Cook, IL)","Cook County, IL",Illinois,"5 (Tract 109.01, Champaign, IL)","109.01 (Champaign, IL)","Champaign County, IL",Illinois,private_auto,social,region_arrival,1900-01-01 19:11:00,1900-01-01 21:30:44,139,143.0,unknown_vehicle_type,other_non_bev,,,,transportation_utilities,transportation_utilities,single_family,single_family,13766643157464997888,9903694405788513702,22.0,male,two_races_not_hispanic_or_latino,employed,employed_not_working,30585.0,biking,3.0,91756.0,one,core,naics54,multiple_units,undergraduate,some_college,renter,english,"3 (Tract 5, Champaign, IL)","5 (Champaign, IL)","Champaign County, IL",Illinois,"5 (Tract 10, Champaign, IL)","10 (Champaign, IL)","Champaign County, IL",Illinois,5.05,8.633830188679244,19,Chicago3_mdw,"9801 (Cook, IL)",1900-01-01 20:36:03.000000000,20,10.0,UIUC1,"3.01 (Champaign, IL)",15.68204081632653,70,85.05,10,124.31587100500577,139,3.0,85.8,1,0,0
12633413961266942962,"1 (Tract 9801, Cook, IL)","9801 (Cook, IL)","Cook County, IL",Illinois,"3 (Tract 53, Champaign, IL)","53 (Champaign, IL)","Champaign County, IL",Illinois,private_auto,home,region_arrival,1900-01-01 22:20:00,1900-01-01 00:31:02,131,133.7,unknown_vehicle_type,other_non_bev,,,,transportation_utilities,transportation_utilities,mixed_use,multi_family,790797842749420713,12903111432012542940,25.0,male,asian_not_hispanic_or_latino,employed,employed_not_working,5795.0,worked_from_home,1.0,5795.0,one,core,naics61,multiple_units,graduate,advanced_degree,renter,asian_pacific,"3 (Tract 53, Champaign, IL)","53 (Champaign, IL)","Champaign County, IL",Illinois,"3 (Tract 53, Champaign, IL)","53 (Champaign, IL)","Champaign County, IL",Illinois,3.333333333333333,7.912830188679245,22,Chicago3_mdw,"9801 (Cook, IL)",1900-01-01 23:43:19.999999998,23,3.857142857142857,UIUC1,"3.01 (Champaign, IL)",8.29788944723618,70,77.19047619047619,10,116.21071963591544,131,3.0,80.21999999999998,1,0,0
5761092807924103319,"1 (Tract 9801, Cook, IL)","9801 (Cook, IL)","Cook County, IL",Illinois,"3 (Tract 54.02, Champaign, IL)","54.02 (Champaign, IL)","Champaign County, IL",Illinois,auto_passenger,home,region_arrival,1900-01-01 16:40:00,1900-01-01 18:57:27,137,136.2,unknown_vehicle_type,unknown_fuel_type,,,,transportation_utilities,transportation_utilities,single_family,single_family,10610944236004079961,2690928920487116774,46.0,female,white_not_hispanic_or_latino,employed,employed_not_working,33239.0,private_auto,2.0,66479.0,two,core,naics622110,mobile,not_attending_school,k_12,renter,english,"3 (Tract 54.02, Champaign, IL)","54.02 (Champaign, IL)","Champaign County, IL",Illinois,"1 (Tract 53, Champaign, IL)","53 (Champaign, IL)","Champaign County, IL",Illinois,4.228070175438597,8.288619662363455,16,Chicago3_mdw,"9801 (Cook, IL)",1900-01-01 18:04:13.684210524,18,9.0,UIUC1,"3.01 (Champaign, IL)",15.04,70,83.2280701754386,10,123.32861966236345,137,3.0,81.71999999999998,1,0,0
15279187227228230539,"5 (Tract 6608, Cook, IL)","6608 (Cook, IL)","Cook County, IL",Illinois,"5 (Tract 58, Champaign, IL)","58 (Champaign, IL)","Champaign County, IL",Illinois,auto_passenger,school,social,1900-01-01 13:26:23,1900-01-01 15:43:25,137,129.5,unknown_vehicle_type,unknown_fuel_type,,,,mixed_use,multi_family,education,education,16347172299739259386,11653403922255303817,18.0,female,white_not_hispanic_or_latino,employed,employed_not_working,15519.0,auto_passenger,3.0,67289.0,two,core,naics62,single_family,school,k_12,owner,english,"3 (Tract 54.02, Champaign, IL)","54.02 (Champaign, IL)","Champaign County, IL",Illinois,"1 (Tract 9.02, Champaign, IL)","9.02 (Champaign, IL)","Champaign County, IL",Illinois,9.6,13.837185185185184,13,Chicago3_mdw,"9801 (Cook, IL)",1900-01-01 14:55:59.000000000,14,3.863636363636364,UIUC1,"3.01 (Champaign, IL)",7.806293537787513,70,83.46363636363635,10,121.64347872297269,137,3.0,77.7,1,0,0
5517290751729218663,"1 (Tract 9801, Cook, IL)","9801 (Cook, IL)","Cook County, IL",Illinois,"1 (Tract 111, Champaign, IL)","111 (Champaign, IL)","Champaign County, IL",Illinois,private_auto,recreation,region_arrival,1900-01-01 13:27:00,1900-01-01 15:44:09,137,134.9,unknown_vehicle_type,other_non_bev,,,,transportation_utilities,transportation_utilities,office,office,12719730141749553869,3023739400288809181,21.0,female,asian_not_hispanic_or_latino,employed,employed_not_working,10195.0,worked_from_home,8.0,191669.0,two,core,naics812199,mobile,undergraduate,some_college,owner,asian_pacific,"3 (Tract 56.01, Champaign, IL)","56.01 (Champaign, IL)","Champaign County, IL",Illinois,"1 (Tract 54.01, Champaign, IL)","54.01 (Champaign, IL)","Champaign County, IL",Illinois,5.015151515151516,8.619193825042881,13,Chicago3_mdw,"9801 (Cook, IL)",1900-01-01 14:52:00.909090912,14,2.891891891891892,UIUC1,"3.01 (Champaign, IL)",7.034594594594595,70,77.9070434070434,10,115.65378841963748,137,3.0,80.94,1,0,0
9777614286366303265,"1 (Tract 9801, Cook, IL)","9801 (Cook, IL)","Cook County, IL",Illinois,"3 (Tract 57.01, Champaign, IL)","57.01 (Champaign, IL)","Champaign County, IL",Illinois,private_auto,home,region_arrival,1900-01-01 18:07:00,1900-01-01 20:29:53,142,129.6,unknown_vehicle_type,other_non_bev,,,,transportation_utilities,transportation_utilities,single_family,single_family,11824414903661838448,8370488376304227680,31.0,female,white_not_hispanic_or_latino,employed,employed_not_working,76463.0,private_auto,3.0,152927.0,two,core,naics611110,single_family,not_attending_school,advanced_degree,owner,english,"3 (Tract 57.01, Champaign, IL)","57.01 (Champaign, IL)","Champaign County, IL",Illinois,"5 (Tract 10, Champaign, IL)","10 (Champaign, IL)","Champaign County, IL",Illinois,4.653846153846154,8.46744557329463,18,Chicago3_mdw,"9801 (Cook, IL)",1900-01-01 19:31:39.230769228,19,6.363636363636363,UIUC1,"3.01 (Champaign, IL)",11.502181818181818,70,81.01748251748252,10,119.96962739147645,142,3.0,77.75999999999999,0,1,0
15023156152511760650,"1 (Tract 9801, Cook, IL)","9801 (Cook, IL)","Cook County, IL",Illinois,"1 (Tract 56.02, Champaign, IL)","56.02 (Champaign, IL)","Champaign County, IL",Illinois,private_auto,social,region_arrival,1900-01-01 06:39:00,1900-01-01 08:59:39,140,139.0,unknown_vehicle_type,other_non_bev,,,,transportation_utilities,transportation_utilities,single_family,single_family,6597705041007467291,13633142267722444236,54.0,male,asian_not_hispanic_or_latino,employed,employed_not_working,335367.0,worked_from_home,2.0,359465.0,two,core,naics61,single_family,not_attending_school,advanced_degree,owner,asian_pacific,"3 (Tract 57.01, Champaign, IL)","57.01 (Champaign, IL)","Champaign County, IL",Illinois,"3 (Tract 57.01, Champaign, IL)","57.01 (Champaign, IL)","Champaign County, IL",Illinois,4.568965517241379,8.431795705920624,6,Chicago3_mdw,"9801 (Cook, IL)",1900-01-01 08:03:34.137931032,8,8.0,UIUC1,"3.01 (Champaign, IL)",13.838086956521739,70,82.56896551724138,10,122.26988266244236,140,3.0,83.39999999999999,0,0,1
13280462907551252487,"3 (Tract 6505, Cook, IL)","6505 (Cook, IL)","Cook County, IL",Illinois,"4 (Tract 5, Champaign, IL)","5 (Champaign, IL)","Champaign County, IL",Illinois,private_auto,shop,school,1900-01-01 17:00:00,1900-01-01 19:12:16,132,124.0,,,,,,education,education,retail,retail,11521601601714117187,1371779023780314562,21.0,male,black_not_hispanic_or_latino,employed,employed_not_working,7246.0,public_transit,6.0,134056.0,three_plus,core,naics56,single_family,undergraduate,some_college,owner,english,"3 (Tract 6608, Cook, IL)","6608 (Cook, IL)","Cook County, IL",Illinois,"1 (Tract 8391, Cook, IL)","8391 (Cook, IL)","Cook County, IL",Illinois,6.0,11.114153846153844,17,Chicago3_mdw,"9801 (Cook, IL)",1900-01-01 18:26:00.000000000,18,2.575,UIUC1,"3.01 (Champaign, IL)",6.924603448275863,70,78.575,10,118.0387572944297,132,3.0,74.39999999999999,1,0,0
14520487201577199614,"1 (Tract 9801, Cook, IL)","9801 (Cook, IL)","Cook County, IL",Illinois,"3 (Tract 13.02, Champaign, IL)","13.02 (Champaign, IL)","Champaign County, IL",Illinois,private_auto,maintenance,region_arrival,1900-01-01 17:06:00,1900-01-01 19:27:05,141,132.0,unknown_vehicle_type,other_non_bev,,,,transportation_utilities,transportation_utilities,office,office,15186214109927293991,13338773000197392922,21.0,female,asian_not_hispanic_or_latino,employed,employed_not_working,10195.0,private_auto,8.0,191669.0,two,core,naics8111,mobile,undergraduate,bachelors_degree,owner,asian_pacific,"3 (Tract 7, Champaign, IL)","7 (Champaign, IL)","Champaign County, IL",Illinois,"3 (Tract 7, Champaign, IL)","7 (Champaign, IL)","Champaign County, IL",Illinois,5.551724137931035,8.844554326610279,17,Chicago3_mdw,"9801 (Cook, IL)",1900-01-01 18:31:33.103448273,18,7.166666666666667,UIUC1,"3.01 (Champaign, IL)",12.51331950207469,70,82.7183908045977,10,121.35787382868497,141,3.0,79.2,1,0,0
14397335408223496310,"1 (Tract 9801, Cook, IL)","9801 (Cook, IL)","Cook County, IL",Illinois,"3 (Tract 7, Champaign, IL)","7 (Champaign, IL)","Champaign County, IL",Illinois,auto_passenger,home,region_arrival,1900-01-01 10:17:00,1900-01-01 12:27:45,130,132.6,unknown_vehicle_type,unknown_fuel_type,,,,transportation_utilities,transportation_utilities,single_family,single_family,3781968771984057233,9134071358906058205,50.0,male,white_not_hispanic_or_latino,employed,employed_not_working,50421.0,private_auto,1.0,50421.0,one,core,naics44_45,single_family,not_attending_school,some_college,owner,english,"3 (Tract 7, Champaign, IL)","7 (Champaign, IL)","Champaign County, IL",Illinois,"1 (Tract 55, Champaign, IL)","55 (Champaign, IL)","Champaign County, IL",Illinois,5.180851063829787,8.688787635487756,10,Chicago3_mdw,"9801 (Cook, IL)",1900-01-01 11:42:10.851063828,11,4.791666666666667,UIUC1,"3.01 (Champaign, IL)",9.231049222797928,70,79.97251773049646,10,117.91983685828569,130,3.0,79.55999999999999,0,1,0
9995209325894729243,"1 (Tract 9801, Cook, IL)","9801 (Cook, IL)","Cook County, IL",Illinois,"1 (Tract 59.01, Champaign, IL)","59.01 (Champaign, IL)","Champaign County, IL",Illinois,private_auto,school,region_arrival,1900-01-01 11:28:00,1900-01-01 13:45:03,137,135.1,unknown_vehicle_type,other_non_bev,,,,transportation_utilities,transportation_utilities,education,education,2867261704167743543,8796956242452380456,27.0,male,white_not_hispanic_or_latino,employed,employed_not_working,69898.0,private_auto,4.0,207633.0,three_plus,core,naics339950,single_family,not_attending_school,bachelors_degree,owner,english,"3 (Tract 7, Champaign, IL)","7 (Champaign, IL)","Champaign County, IL",Illinois,"5 (Tract 10, Champaign, IL)","10 (Champaign, IL)","Champaign County, IL",Illinois,4.945945945945946,8.590127485976542,11,Chicago3_mdw,"9801 (Cook, IL)",1900-01-01 12:52:56.756756754,12,2.5588235294117645,UIUC1,"3.01 (Champaign, IL)",6.717958218801539,70,77.50476947535772,10,115.30808570477808,137,3.0,81.05999999999999,0,1,0
4815548056288542807,"1 (Tract 9801, Cook, IL)","9801 (Cook, IL)","Cook County, IL",Illinois,"3 (Tract 8, Champaign, IL)","8 (Champaign, IL)","Champaign County, IL",Illinois,auto_passenger,home,region_arrival,1900-01-01 14:03:00,1900-01-01 16:12:04,129,131.8,unknown_vehicle_type,unknown_fuel_type,,,,transportation_utilities,transportation_utilities,multi_family,multi_family,16025988494970856099,11008722715468812372,30.0,male,asian_not_hispanic_or_latino,employed,employed_not_working,115918.0,public_transit,2.0,115918.0,zero,core,naics517312,several_units,not_attending_school,advanced_degree,renter,asian_pacific,"3 (Tract 8, Champaign, IL)","8 (Champaign, IL)","Champaign County, IL",Illinois,"3 (Tract 7, Champaign, IL)","7 (Champaign, IL)","Champaign County, IL",Illinois,5.041322314049586,8.63018556058007,14,Chicago3_mdw,"9801 (Cook, IL)",1900-01-01 15:28:02.479338840,15,7.485714285714286,UIUC1,"3.01 (Champaign, IL)",12.18297435897436,70,82.52703659976386,10,120.81315991955444,129,3.0,79.08,0,1,0
4626506166961245222,"3 (Tract 7107, Cook, IL)","7107 (Cook, IL)","Cook County, IL",Illinois,"4 (Tract 53, Champaign, IL)","53 (Champaign, IL)","Champaign County, IL",Illinois,auto_passenger,recreation,shop,1900-01-01 10:03:00,1900-01-01 12:04:19,121,120.6,,unknown_fuel_type,,,,mixed_use,retail,mixed_use,non_retail_attraction,12927336550502637169,371984784646900255,45.0,female,black_not_hispanic_or_latino,employed,employed_not_working,13023.0,private_auto,7.0,13023.0,two,core,naics62,single_family,not_attending_school,high_school,renter,english,"3 (Tract 8287.01, Cook, IL)","8287.01 (Cook, IL)","Cook County, IL",Illinois,"1 (Tract 8836.06, Will, IL)","8836.06 (Will, IL)","Will County, IL",Illinois,16.25,25.338333333333335,10,Chicago3_mdw,"9801 (Cook, IL)",1900-01-01 11:39:15.000000000,11,3.625,UIUC1,"3.01 (Champaign, IL)",8.20038944723618,70,89.875,10,133.53872278056951,121,3.0,72.36,1,0,0
6014191953071558618,"3 (Tract 8350, Cook, IL)","8350 (Cook, IL)","Cook County, IL",Illinois,"2 (Tract 59.02, Champaign, IL)","59.02 (Champaign, IL)","Champaign County, IL",Illinois,private_auto,shop,home,1900-01-01 19:10:36,1900-01-01 21:26:58,136,140.0,unknown_vehicle_type,other_non_bev,,,,single_family,single_family,retail,retail,12151196017422774737,11183973752583808550,47.0,female,hispanic_or_latino_origin,employed,employed_not_working,23742.0,auto_passenger,5.0,35614.0,three_plus,core,naics62,single_family,not_attending_school,no_school,renter,spanish,"3 (Tract 8350, Cook, IL)","8350 (Cook, IL)","Cook County, IL",Illinois,"1 (Tract 9801, Cook, IL)","9801 (Cook, IL)","Cook County, IL",Illinois,7.0,12.643636363636364,19,Chicago3_mdw,"9801 (Cook, IL)",1900-01-01 20:37:36.000000000,20,1.625,UIUC1,"3.01 (Champaign, IL)",5.815468636032094,70,78.625,10,118.45910499966845,136,3.0,84.0,1,0,0
5773827830635378073,"1 (Tract 9801, Cook, IL)","9801 (Cook, IL)","Cook County, IL",Illinois,"1 (Tract 54.01, Champaign, IL)","54.01 (Champaign, IL)","Champaign County, IL",Illinois,private_auto,eat,region_arrival,1900-01-01 17:43:00,1900-01-01 20:02:30,139,127.6,unknown_vehicle_type,electric,,,,transportation_utilities,transportation_utilities,mixed_use,retail,11126364105060994119,13741204071512874204,27.0,male,black_not_hispanic_or_latino,employed,employed_not_working,50975.0,private_auto,3.0,50975.0,three_plus,core,naics3399,single_family,not_attending_school,high_school,renter,english,"3 (Tract 9.01, Champaign, IL)","9.01 (Champaign, IL)","Champaign County, IL",Illinois,"3 (Tract 54.01, Champaign, IL)","54.01 (Champaign, IL)","Champaign County, IL",Illinois,5.551724137931035,8.844554326610279,17,Chicago3_mdw,"9801 (Cook, IL)",1900-01-01 19:08:33.103448273,19,4.571428571428571,UIUC1,"3.01 (Champaign, IL)",10.007336683417085,70,80.1231527093596,10,118.85189101002736,139,3.0,76.55999999999999,0,1,0
11593433368954398577,"1 (Tract 9801, Cook, IL)","9801 (Cook, IL)","Cook County, IL",Illinois,"3 (Tract 9.02, Champaign, IL)","9.02 (Champaign, IL)","Champaign County, IL",Illinois,private_auto,home,region_arrival,1900-01-01 21:35:00,1900-01-01 23:45:58,130,134.5,unknown_vehicle_type,other_non_bev,,,,transportation_utilities,transportation_utilities,single_family,single_family,1432201528507152203,14033028605738097205,34.0,female,white_not_hispanic_or_latino,employed,employed_not_working,40837.0,auto_passenger,2.0,92596.0,two,core,naics44_45,single_family,not_attending_school,high_school,renter,english,"3 (Tract 9.02, Champaign, IL)","9.02 (Champaign, IL)","Champaign County, IL",Illinois,"1 (Tract 8, Champaign, IL)","8 (Champaign, IL)","Champaign County, IL",Illinois,4.333333333333333,8.332830188679244,21,Chicago3_mdw,"9801 (Cook, IL)",1900-01-01 22:59:19.999999998,22,11.0,UIUC1,"3.01 (Champaign, IL)",16.21918128654971,70,85.33333333333333,10,124.55201147522895,130,3.0,80.7,1,0,0
8968255228189322461,"1 (Tract 9801, Cook, IL)","9801 (Cook, IL)","Cook County, IL",Illinois,"1 (Tract 9.01, Champaign, IL)","9.01 (Champaign, IL)","Champaign County, IL",Illinois,private_auto,eat,region_arrival,1900-01-01 18:33:00,1900-01-01 20:45:22,132,125.9,unknown_vehicle_type,other_non_bev,,,,transportation_utilities,transportation_utilities,retail,retail,15894461180788720381,6482630856537121676,28.0,male,white_not_hispanic_or_latino,employed,employed_not_working,49878.0,private_auto,1.0,49878.0,one,core,naics61,multiple_units,graduate,bachelors_degree,renter,english,"3 (Tract 9.02, Champaign, IL)","9.02 (Champaign, IL)","Champaign County, IL",Illinois,"2 (Tract 14, Champaign, IL)","14 (Champaign, IL)","Champaign County, IL",Illinois,4.653846153846154,8.46744557329463,18,Chicago3_mdw,"9801 (Cook, IL)",1900-01-01 19:57:39.230769228,19,6.529411764705882,UIUC1,"3.01 (Champaign, IL)",11.800038891589693,70,81.18325791855204,10,120.26748446488432,132,3.0,75.54,0,1,0
914211270954943017,"1 (Tract 9801, Cook, IL)","9801 (Cook, IL)","Cook County, IL",Illinois,"1 (Tract 9.02, Champaign, IL)","9.02 (Champaign, IL)","Champaign County, IL",Illinois,private_auto,shop,region_arrival,1900-01-01 15:20:00,1900-01-01 17:32:25,132,133.3,unknown_vehicle_type,other_non_bev,,,,transportation_utilities,transportation_utilities,retail,retail,16406241703225731563,2157847377789307213,45.0,male,black_not_hispanic_or_latino,employed,employed_not_working,108530.0,worked_from_home,1.0,108530.0,one,core,naics31_33,several_units,not_attending_school,some_college,renter,english,"4 (Tract 10, Champaign, IL)","10 (Champaign, IL)","Champaign County, IL",Illinois,"4 (Tract 10, Champaign, IL)","10 (Champaign, IL)","Champaign County, IL",Illinois,5.063291139240507,8.639412467160257,15,Chicago3_mdw,"9801 (Cook, IL)",1900-01-01 16:45:03.797468352,16,9.833333333333334,UIUC1,"3.01 (Champaign, IL)",15.729181286549707,70,84.89662447257383,10,124.36859375370996,132,3.0,79.98,0,1,0
12202029202016954709,"1 (Tract 9801, Cook, IL)","9801 (Cook, IL)","Cook County, IL",Illinois,"1 (Tract 9.01, Champaign, IL)","9.01 (Champaign, IL)","Champaign County, IL",Illinois,private_auto,shop,region_arrival,1900-01-01 17:18:00,1900-01-01 19:28:58,130,133.7,unknown_vehicle_type,other_non_bev,,,,transportation_utilities,transportation_utilities,retail,retail,969501407270471271,10464774558984287140,61.0,male,white_not_hispanic_or_latino,employed,employed_not_working,196373.0,private_auto,4.0,386588.0,two,core,naics61,single_family,not_attending_school,advanced_degree,owner,indo_european,"4 (Tract 10, Champaign, IL)","10 (Champaign, IL)","Champaign County, IL",Illinois,"2 (Tract 2, Champaign, IL)","2 (Champaign, IL)","Champaign County, IL",Illinois,5.551724137931035,8.844554326610279,17,Chicago3_mdw,"9801 (Cook, IL)",1900-01-01 18:43:33.103448273,18,6.555555555555555,UIUC1,"3.01 (Champaign, IL)",11.811019283746557,70,82.10727969348659,10,120.65557361035684,130,3.0,80.21999999999998,0,0,1
15148814354533115619,"1 (Tract 9801, Cook, IL)","9801 (Cook, IL)","Cook County, IL",Illinois,"5 (Tract 10, Champaign, IL)","10 (Champaign, IL)","Champaign County, IL",Illinois,private_auto,other_activity_type,region_arrival,1900-01-01 12:10:00,1900-01-01 14:21:20,131,133.7,unknown_vehicle_type,other_non_bev,,,,transportation_utilities,transportation_utilities,mixed_use,industrial,9375048514181918158,13272213266770813243,56.0,female,white_not_hispanic_or_latino,employed,employed_not_working,48308.0,private_auto,1.0,48308.0,three_plus,core,naics3399,single_family,not_attending_school,high_school,owner,english,"4 (Tract 10, Champaign, IL)","10 (Champaign, IL)","Champaign County, IL",Illinois,"3 (Tract 8, Champaign, IL)","8 (Champaign, IL)","Champaign County, IL",Illinois,5.0608108108108105,8.638370729219785,12,Chicago3_mdw,"9801 (Cook, IL)",1900-01-01 13:35:03.648648648,13,6.9375,UIUC1,"3.01 (Champaign, IL)",11.312416666666666,70,81.9983108108108,10,119.95078739588645,131,3.0,80.21999999999998,0,1,0
3010797121363946256,"1 (Tract 9801, Cook, IL)","9801 (Cook, IL)","Cook County, IL",Illinois,"2 (Tract 110.02, Champaign, IL)","110.02 (Champaign, IL)","Champaign County, IL",Illinois,private_auto,shop,region_arrival,1900-01-01 14:16:00,1900-01-01 16:30:22,134,133.4,unknown_vehicle_type,other_non_bev,,,,transportation_utilities,transportation_utilities,retail,retail,339302010015688146,15042136446821058635,42.0,female,white_not_hispanic_or_latino,employed,employed_not_working,45148.0,private_auto,5.0,148253.0,three_plus,core,naics61,single_family,not_attending_school,some_college,owner,english,"4 (Tract 107.02, Champaign, IL)","107.02 (Champaign, IL)","Champaign County, IL",Illinois,"1 (Tract 112, Vermilion, IL)","112 (Vermilion, IL)","Vermilion County, IL",Illinois,5.041322314049586,8.63018556058007,14,Chicago3_mdw,"9801 (Cook, IL)",1900-01-01 15:41:02.479338840,15,2.242424242424242,UIUC1,"3.01 (Champaign, IL)",6.384937447873228,70,77.28374655647383,10,115.0151230084533,134,3.0,80.04,0,1,0
3408899932527714046,"1 (Tract 9801, Cook, IL)","9801 (Cook, IL)","Cook County, IL",Illinois,"2 (Tract 14, Champaign, IL)","14 (Champaign, IL)","Champaign County, IL",Illinois,private_auto,school,region_arrival,1900-01-01 08:08:00,1900-01-01 10:22:38,134,134.4,unknown_vehicle_type,other_non_bev,,,,transportation_utilities,transportation_utilities,education,education,1165136999063406429,4633192802993929216,27.0,male,white_not_hispanic_or_latino,employed,employed_not_working,94201.0,private_auto,5.0,200480.0,three_plus,core,naics92,single_family,not_attending_school,bachelors_degree,owner,english,"4 (Tract 108, Vermilion, IL)","108 (Vermilion, IL)","Vermilion County, IL",Illinois,"2 (Tract 2, Vermilion, IL)","2 (Vermilion, IL)","Vermilion County, IL",Illinois,5.442622950819672,8.798731828023508,8,Chicago3_mdw,"9801 (Cook, IL)",1900-01-01 09:33:26.557377048,9,3.112676056338028,UIUC1,"3.01 (Champaign, IL)",7.515851668327364,70,78.5552990071577,10,116.31458349635086,134,3.0,80.64,0,1,0
1431116527598219857,"1 (Tract 9801, Cook, IL)","9801 (Cook, IL)","Cook County, IL",Illinois,"1 (Tract 8, Champaign, IL)","8 (Champaign, IL)","Champaign County, IL",Illinois,private_auto,eat,region_arrival,1900-01-01 17:54:00,1900-01-01 20:06:16,132,125.2,unknown_vehicle_type,other_non_bev,,,,transportation_utilities,transportation_utilities,retail,retail,17832845294594256099,10109495137077796685,26.0,male,asian_not_hispanic_or_latino,employed,employed_not_working,57093.0,private_auto,6.0,255593.0,three_plus,core,naics44_45,single_family,undergraduate,bachelors_degree,owner,asian_pacific,"4 (Tract 12.01, Champaign, IL)","12.01 (Champaign, IL)","Champaign County, IL",Illinois,"1 (Tract 8, Champaign, IL)","8 (Champaign, IL)","Champaign County, IL",Illinois,5.551724137931035,8.844554326610279,17,Chicago3_mdw,"9801 (Cook, IL)",1900-01-01 19:19:33.103448273,19,6.662650602409639,UIUC1,"3.01 (Champaign, IL)",11.837287611986408,70,82.21437474034067,10,120.68184193859669,132,3.0,75.12,0,1,0
12452015244500597823,"1 (Tract 9801, Cook, IL)","9801 (Cook, IL)","Cook County, IL",Illinois,"1 (Tract 8, Champaign, IL)","8 (Champaign, IL)","Champaign County, IL",Illinois,private_auto,eat,region_arrival,1900-01-01 16:04:00,1900-01-01 18:17:45,133,124.6,unknown_vehicle_type,other_non_bev,,,,transportation_utilities,transportation_utilities,retail,retail,3042267910607428490,2573946294702713277,21.0,female,black_not_hispanic_or_latino,employed,employed_not_working,3561.0,private_auto,6.0,106818.0,three_plus,core,naics44_45,single_family,undergraduate,some_college,owner,indo_european,"4 (Tract 12.01, Champaign, IL)","12.01 (Champaign, IL)","Champaign County, IL",Illinois,"2 (Tract 7, Champaign, IL)","7 (Champaign, IL)","Champaign County, IL",Illinois,4.228070175438597,8.288619662363455,16,Chicago3_mdw,"9801 (Cook, IL)",1900-01-01 17:28:13.684210524,17,7.052083333333333,UIUC1,"3.01 (Champaign, IL)",12.00084935897436,70,81.28015350877193,10,120.28946902133782,133,3.0,74.75999999999999,1,0,0
15926242925870062557,"1 (Tract 9801, Cook, IL)","9801 (Cook, IL)","Cook County, IL",Illinois,"4 (Tract 13.01, Champaign, IL)","13.01 (Champaign, IL)","Champaign County, IL",Illinois,private_auto,shop,region_arrival,1900-01-01 13:56:00,1900-01-01 16:10:34,134,137.4,unknown_vehicle_type,other_non_bev,,,,transportation_utilities,transportation_utilities,retail,retail,14933261894406861675,13038498032437820207,27.0,male,asian_not_hispanic_or_latino,employed,employed_not_working,255020.0,worked_from_home,2.0,394122.0,two,core,naics54,multiple_units,not_attending_school,advanced_degree,renter,asian_pacific,"4 (Tract 13.01, Champaign, IL)","13.01 (Champaign, IL)","Champaign County, IL",Illinois,"4 (Tract 13.01, Champaign, IL)","13.01 (Champaign, IL)","Champaign County, IL",Illinois,5.015151515151516,8.619193825042881,13,Chicago3_mdw,"9801 (Cook, IL)",1900-01-01 15:21:00.909090912,15,5.625,UIUC1,"3.01 (Champaign, IL)",10.022308153477217,70,80.64015151515152,10,118.6415019785201,134,3.0,82.44,0,0,1
1132093555920395325,"1 (Tract 8352, Cook, IL)","8352 (Cook, IL)","Cook County, IL",Illinois,"4 (Tract 5, Champaign, IL)","5 (Champaign, IL)","Champaign County, IL",Illinois,private_auto,home,eat,1900-01-01 19:43:00,1900-01-01 21:58:43,135,128.4,unknown_vehicle_type,other_non_bev,,,,retail,retail,multi_family,multi_family,2305371332574899155,13812161304242623360,37.0,female,white_not_hispanic_or_latino,employed,employed_not_working,12234.0,private_auto,1.0,12234.0,one,core,naics92,several_units,not_attending_school,advanced_degree,renter,english,"4 (Tract 5, Champaign, IL)","5 (Champaign, IL)","Champaign County, IL",Illinois,"3 (Tract 24, Sangamon, IL)","24 (Sangamon, IL)","Sangamon County, IL",Illinois,3.2,6.979798319327732,19,Chicago3_mdw,"9801 (Cook, IL)",1900-01-01 21:06:12.000000000,21,2.2666666666666666,UIUC1,"3.01 (Champaign, IL)",6.795103448275863,70,75.46666666666667,10,113.7749017676036,135,3.0,77.04,1,0,0
14980674019165513632,"1 (Tract 9801, Cook, IL)","9801 (Cook, IL)","Cook County, IL",Illinois,"4 (Tract 5, Champaign, IL)","5 (Champaign, IL)","Champaign County, IL",Illinois,private_auto,school,region_arrival,1900-01-01 10:36:00,1900-01-01 12:51:28,135,135.6,unknown_vehicle_type,other_non_bev,,,,transportation_utilities,transportation_utilities,mixed_use,multi_family,7620604779485913672,8431623363205696514,26.0,female,black_not_hispanic_or_latino,employed,employed_not_working,55872.0,worked_from_home,2.0,55872.0,one,core,naics51,multiple_units,not_attending_school,some_college,renter,english,"4 (Tract 5, Champaign, IL)","5 (Champaign, IL)","Champaign County, IL",Illinois,"1 (Tract 5, Champaign, IL)","5 (Champaign, IL)","Champaign County, IL",Illinois,5.180851063829787,8.688787635487756,10,Chicago3_mdw,"9801 (Cook, IL)",1900-01-01 12:01:10.851063828,12,2.740740740740741,UIUC1,"3.01 (Champaign, IL)",6.994214559386974,70,77.92159180457054,10,115.68300219487473,135,3.0,81.36,0,1,0
2877905775357598506,"4 (Tract 8428, Cook, IL)","8428 (Cook, IL)","Cook County, IL",Illinois,"1 (Tract 59.02, Champaign, IL)","59.02 (Champaign, IL)","Champaign County, IL",Illinois,private_auto,school,shop,1900-01-01 11:51:35,1900-01-01 14:15:17,143,128.6,unknown_vehicle_type,other_non_bev,,,,mixed_use,retail,education,education,11448259181856450092,4027447804515719462,23.0,male,asian_not_hispanic_or_latino,employed,employed_not_working,30388.0,private_auto,1.0,30388.0,one,core,naics61,multiple_units,graduate,advanced_degree,renter,asian_pacific,"4 (Tract 53, Champaign, IL)","53 (Champaign, IL)","Champaign County, IL",Illinois,"1 (Tract 53, Champaign, IL)","53 (Champaign, IL)","Champaign County, IL",Illinois,11.5,14.86,11,Chicago3_mdw,"9801 (Cook, IL)",1900-01-01 13:23:05.000000000,13,2.1359223300970878,UIUC1,"3.01 (Champaign, IL)",6.03005601467287,70,83.63592233009709,10,120.89005601467287,143,3.0,77.16,1,0,0
10945231933022695334,"1 (Tract 9801, Cook, IL)","9801 (Cook, IL)","Cook County, IL",Illinois,"1 (Tract 8, Champaign, IL)","8 (Champaign, IL)","Champaign County, IL",Illinois,auto_passenger,eat,region_arrival,1900-01-01 16:14:00,1900-01-01 18:25:58,131,131.9,unknown_vehicle_type,unknown_fuel_type,,,,transportation_utilities,transportation_utilities,retail,retail,2294320184365108457,8237435459271446183,20.0,female,black_not_hispanic_or_latino,employed,employed_not_working,15941.0,private_auto,2.0,43719.0,zero,core,naics48_49,multiple_units,undergraduate,high_school,renter,english,"4 (Tract 53, Champaign, IL)","53 (Champaign, IL)","Champaign County, IL",Illinois,"4 (Tract 8, Champaign, IL)","8 (Champaign, IL)","Champaign County, IL",Illinois,4.228070175438597,8.288619662363455,16,Chicago3_mdw,"9801 (Cook, IL)",1900-01-01 17:38:13.684210524,17,7.052083333333333,UIUC1,"3.01 (Champaign, IL)",12.00084935897436,70,81.28015350877193,10,120.28946902133782,131,3.0,79.14,1,0,0
14648238044168161466,"1 (Tract 9801, Cook, IL)","9801 (Cook, IL)","Cook County, IL",Illinois,"1 (Tract 111, Champaign, IL)","111 (Champaign, IL)","Champaign County, IL",Illinois,private_auto,social,region_arrival,1900-01-01 12:29:00,1900-01-01 14:45:13,136,135.0,unknown_vehicle_type,other_non_bev,,,,transportation_utilities,transportation_utilities,multi_family,multi_family,12065114657306276450,14988734541684917822,48.0,male,hispanic_or_latino_origin,employed,employed_not_working,111281.0,walking,2.0,208653.0,one,core,naics61,single_family,not_attending_school,advanced_degree,owner,spanish,"4 (Tract 55, Champaign, IL)","55 (Champaign, IL)","Champaign County, IL",Illinois,"4 (Tract 55, Champaign, IL)","55 (Champaign, IL)","Champaign County, IL",Illinois,5.0608108108108105,8.638370729219785,12,Chicago3_mdw,"9801 (Cook, IL)",1900-01-01 13:54:03.648648648,13,2.647058823529412,UIUC1,"3.01 (Champaign, IL)",6.931764705882354,70,77.70786963434021,10,115.57013543510215,136,3.0,81.0,0,1,0
3597174247301961300,"1 (Tract 9801, Cook, IL)","9801 (Cook, IL)","Cook County, IL",Illinois,"4 (Tract 55, Champaign, IL)","55 (Champaign, IL)","Champaign County, IL",Illinois,private_auto,shop,region_arrival,1900-01-01 08:45:00,1900-01-01 11:02:49,137,137.4,unknown_vehicle_type,electric,,,,transportation_utilities,transportation_utilities,retail,retail,13855915295393531042,13171912047547600797,20.0,male,black_not_hispanic_or_latino,employed,employed_not_working,23183.0,private_auto,4.0,122873.0,two,core,naics81211,multiple_units,undergraduate,some_college,renter,english,"4 (Tract 56.01, Champaign, IL)","56.01 (Champaign, IL)","Champaign County, IL",Illinois,"2 (Tract 57.01, Champaign, IL)","57.01 (Champaign, IL)","Champaign County, IL",Illinois,5.442622950819672,8.798731828023508,8,Chicago3_mdw,"9801 (Cook, IL)",1900-01-01 10:10:26.557377048,10,4.5,UIUC1,"3.01 (Champaign, IL)",10.11757396449704,70,79.94262295081967,10,118.91630579252055,137,3.0,82.44,1,0,0
8270806462676460276,"1 (Tract 9801, Cook, IL)","9801 (Cook, IL)","Cook County, IL",Illinois,"4 (Tract 57.01, Champaign, IL)","57.01 (Champaign, IL)","Champaign County, IL",Illinois,private_auto,social,region_arrival,1900-01-01 12:51:00,1900-01-01 15:12:35,141,137.8,unknown_vehicle_type,other_non_bev,,,,transportation_utilities,transportation_utilities,single_family,single_family,8474829776662342537,17928758918674620772,48.0,female,white_not_hispanic_or_latino,employed,employed_not_working,110267.0,private_auto,2.0,137942.0,two,core,naics61,single_family,not_attending_school,bachelors_degree,owner,english,"4 (Tract 57.01, Champaign, IL)","57.01 (Champaign, IL)","Champaign County, IL",Illinois,"1 (Tract 59.01, Champaign, IL)","59.01 (Champaign, IL)","Champaign County, IL",Illinois,5.0608108108108105,8.638370729219785,12,Chicago3_mdw,"9801 (Cook, IL)",1900-01-01 14:16:03.648648648,14,7.0,UIUC1,"3.01 (Champaign, IL)",11.769454545454547,70,82.0608108108108,10,120.40782527467434,141,3.0,82.68,0,1,0
15389950069287907907,"1 (Tract 9801, Cook, IL)","9801 (Cook, IL)","Cook County, IL",Illinois,"4 (Tract 55, Champaign, IL)","55 (Champaign, IL)","Champaign County, IL",Illinois,private_auto,shop,region_arrival,1900-01-01 18:57:00,1900-01-01 21:15:56,138,128.7,unknown_vehicle_type,other_non_bev,,,,transportation_utilities,transportation_utilities,retail,retail,9989077367375817525,15802253964022061545,38.0,female,asian_not_hispanic_or_latino,employed,employed_not_working,86659.0,private_auto,4.0,178415.0,two,core,naics62,single_family,not_attending_school,advanced_degree,owner,asian_pacific,"4 (Tract 57.01, Champaign, IL)","57.01 (Champaign, IL)","Champaign County, IL",Illinois,"5 (Tract 58, Champaign, IL)","58 (Champaign, IL)","Champaign County, IL",Illinois,4.653846153846154,8.46744557329463,18,Chicago3_mdw,"9801 (Cook, IL)",1900-01-01 20:21:39.230769228,20,5.8,UIUC1,"3.01 (Champaign, IL)",10.66357396449704,70,80.45384615384616,10,119.13101953779167,138,3.0,77.21999999999998,0,1,0
8625758734746482263,"1 (Tract 9801, Cook, IL)","9801 (Cook, IL)","Cook County, IL",Illinois,"4 (Tract 58, Champaign, IL)","58 (Champaign, IL)","Champaign County, IL",Illinois,private_auto,home,region_arrival,1900-01-01 10:29:00,1900-01-01 12:48:30,139,127.9,unknown_vehicle_type,other_non_bev,,,,transportation_utilities,transportation_utilities,single_family,single_family,18099099197115085167,7986979934277848445,50.0,male,white_not_hispanic_or_latino,employed,employed_not_working,97677.0,private_auto,2.0,143260.0,two,core,naics61,single_family,not_attending_school,some_college,owner,english,"4 (Tract 58, Champaign, IL)","58 (Champaign, IL)","Champaign County, IL",Illinois,"1 (Tract 59.01, Champaign, IL)","59.01 (Champaign, IL)","Champaign County, IL",Illinois,5.180851063829787,8.688787635487756,10,Chicago3_mdw,"9801 (Cook, IL)",1900-01-01 11:54:10.851063828,11,2.875,UIUC1,"3.01 (Champaign, IL)",7.391066265060241,70,78.05585106382979,10,116.079853900548,139,3.0,76.74,0,1,0
14404371463367182886,"1 (Tract 9801, Cook, IL)","9801 (Cook, IL)","Cook County, IL",Illinois,"2 (Tract 2, Champaign, IL)","2 (Champaign, IL)","Champaign County, IL",Illinois,private_auto,eat,region_arrival,1900-01-01 18:51:00,1900-01-01 21:01:27,130,133.7,unknown_vehicle_type,other_non_bev,,,,transportation_utilities,transportation_utilities,retail,retail,16611317726120762512,12669683864363735156,48.0,female,asian_not_hispanic_or_latino,employed,employed_not_working,70041.0,worked_from_home,2.0,217602.0,three_plus,core,naics61,single_family,not_attending_school,advanced_degree,owner,english,"5 (Tract 109.01, Champaign, IL)","109.01 (Champaign, IL)","Champaign County, IL",Illinois,"5 (Tract 109.01, Champaign, IL)","109.01 (Champaign, IL)","Champaign County, IL",Illinois,4.653846153846154,8.46744557329463,18,Chicago3_mdw,"9801 (Cook, IL)",1900-01-01 20:15:39.230769228,20,2.0,UIUC1,"3.01 (Champaign, IL)",6.225853658536586,70,76.65384615384616,10,114.69329923183122,130,3.0,80.21999999999998,0,1,0
10706878296966183392,"1 (Tract 6403, Cook, IL)","6403 (Cook, IL)","Cook County, IL",Illinois,"5 (Tract 109.01, Champaign, IL)","109.01 (Champaign, IL)","Champaign County, IL",Illinois,private_auto,home,shop,1900-01-01 19:51:21,1900-01-01 22:07:27,136,141.4,unknown_vehicle_type,other_non_bev,,,,mixed_use,retail,single_family,single_family,13635053419720264211,7188592881684830940,54.0,male,asian_not_hispanic_or_latino,employed,employed_not_working,335367.0,worked_from_home,2.0,359465.0,two,core,naics61,single_family,not_attending_school,advanced_degree,owner,asian_pacific,"5 (Tract 109.01, Champaign, IL)","109.01 (Champaign, IL)","Champaign County, IL",Illinois,"5 (Tract 109.01, Champaign, IL)","109.01 (Champaign, IL)","Champaign County, IL",Illinois,6.5,10.342820512820513,19,Chicago3_mdw,"9801 (Cook, IL)",1900-01-01 21:17:51.000000000,21,10.333333333333334,UIUC1,"3.01 (Champaign, IL)",15.82204081632653,70,86.83333333333333,10,126.16486132914704,136,3.0,84.84,0,0,1
13672655409700503704,"1 (Tract 9801, Cook, IL)","9801 (Cook, IL)","Cook County, IL",Illinois,"1 (Tract 8, Champaign, IL)","8 (Champaign, IL)","Champaign County, IL",Illinois,private_auto,shop,region_arrival,1900-01-01 14:21:00,1900-01-01 16:33:10,132,132.4,unknown_vehicle_type,other_non_bev,,,,transportation_utilities,transportation_utilities,retail,retail,15450886405596432360,13371859009033140243,54.0,male,white_not_hispanic_or_latino,employed,employed_not_working,271327.0,worked_from_home,5.0,308444.0,two,core,naics54,single_family,not_attending_school,bachelors_degree,owner,indo_european,"5 (Tract 109.01, Champaign, IL)","109.01 (Champaign, IL)","Champaign County, IL",Illinois,"5 (Tract 109.01, Champaign, IL)","109.01 (Champaign, IL)","Champaign County, IL",Illinois,5.041322314049586,8.63018556058007,14,Chicago3_mdw,"9801 (Cook, IL)",1900-01-01 15:46:02.479338840,15,7.485714285714286,UIUC1,"3.01 (Champaign, IL)",12.18297435897436,70,82.52703659976386,10,120.81315991955444,132,3.0,79.44,0,0,1
9207881655950172721,"1 (Tract 9801, Cook, IL)","9801 (Cook, IL)","Cook County, IL",Illinois,"5 (Tract 58, Champaign, IL)","58 (Champaign, IL)","Champaign County, IL",Illinois,private_auto,home,region_arrival,1900-01-01 19:13:00,1900-01-01 21:27:28,134,135.8,unknown_vehicle_type,other_non_bev,,,,transportation_utilities,transportation_utilities,single_family,single_family,10645505633426443782,14402332530070430971,32.0,male,black_not_hispanic_or_latino,employed,employed_not_working,157606.0,private_auto,1.0,157606.0,three_plus,core,naics48_49,single_family,not_attending_school,some_college,owner,english,"5 (Tract 58, Champaign, IL)","58 (Champaign, IL)","Champaign County, IL",Illinois,"1 (Tract 111, Champaign, IL)","111 (Champaign, IL)","Champaign County, IL",Illinois,5.05,8.633830188679244,19,Chicago3_mdw,"9801 (Cook, IL)",1900-01-01 20:38:03.000000000,20,3.333333333333333,UIUC1,"3.01 (Champaign, IL)",7.583566265060241,70,78.38333333333333,10,116.21739645373948,134,3.0,81.48,0,0,1
16449628708585907055,"3 (Tract 6609, Cook, IL)","6609 (Cook, IL)","Cook County, IL",Illinois,"2 (Tract 14, Champaign, IL)","14 (Champaign, IL)","Champaign County, IL",Illinois,private_auto,maintenance,social,1900-01-01 10:39:00,1900-01-01 12:51:53,132,135.4,unknown_vehicle_type,other_non_bev,,,,multi_family,multi_family,civic_institutional,civic_institutional,4441169828771274547,5725790169385164251,62.0,female,white_not_hispanic_or_latino,employed,employed_not_working,28502.0,private_auto,5.0,55989.0,three_plus,core,naics72,single_family,not_attending_school,some_college,owner,english,"5 (Tract 6610, Cook, IL)","6610 (Cook, IL)","Cook County, IL",Illinois,"1 (Tract 3204, Cook, IL)","3204 (Cook, IL)","Cook County, IL",Illinois,9.75,14.608333333333334,10,Chicago3_mdw,"9801 (Cook, IL)",1900-01-01 12:08:45.000000000,12,3.0073529411764706,UIUC1,"3.01 (Champaign, IL)",7.47161595995951,70,82.75735294117646,10,122.07994929329284,132,3.0,81.24,1,0,0
11255454284153358404,"5 (Tract 6610, Cook, IL)","6610 (Cook, IL)","Cook County, IL",Illinois,"2 (Tract 14, Champaign, IL)","14 (Champaign, IL)","Champaign County, IL",Illinois,private_auto,recreation,home,1900-01-01 11:13:00,1900-01-01 13:29:25,136,135.4,unknown_vehicle_type,other_non_bev,,,,multi_family,multi_family,non_retail_attraction,non_retail_attraction,3598704674020444992,16601583283242357076,36.0,male,white_not_hispanic_or_latino,employed,employed_not_working,64008.0,private_auto,1.0,64008.0,one,core,naics81,multiple_units,not_attending_school,high_school,renter,english,"5 (Tract 6610, Cook, IL)","6610 (Cook, IL)","Cook County, IL",Illinois,"1 (Tract 8391, Cook, IL)","8391 (Cook, IL)","Cook County, IL",Illinois,10.5,16.652857142857144,11,Chicago3_mdw,"9801 (Cook, IL)",1900-01-01 12:43:30.000000000,12,3.0073529411764706,UIUC1,"3.01 (Champaign, IL)",7.47161595995951,70,83.50735294117646,10,124.12447310281665,136,3.0,81.24,0,1,0
3369257366385654693,"5 (Tract 6610, Cook, IL)","6610 (Cook, IL)","Cook County, IL",Illinois,"2 (Tract 14, Champaign, IL)","14 (Champaign, IL)","Champaign County, IL",Illinois,private_auto,recreation,home,1900-01-01 15:53:25,1900-01-01 18:17:01,143,135.4,unknown_vehicle_type,other_non_bev,,,,multi_family,multi_family,non_retail_attraction,non_retail_attraction,3598704674020444992,16601583283242357076,36.0,male,white_not_hispanic_or_latino,employed,employed_not_working,64008.0,private_auto,1.0,64008.0,one,core,naics81,multiple_units,not_attending_school,high_school,renter,english,"5 (Tract 6610, Cook, IL)","6610 (Cook, IL)","Cook County, IL",Illinois,"1 (Tract 8391, Cook, IL)","8391 (Cook, IL)","Cook County, IL",Illinois,14.25,18.227857142857143,15,Chicago3_mdw,"9801 (Cook, IL)",1900-01-01 17:27:40.000000000,17,4.082706766917293,UIUC1,"3.01 (Champaign, IL)",7.923264566770656,70,88.3327067669173,10,126.1511217096278,143,3.0,81.24,0,1,0
10040583522042319940,"1 (Tract 9801, Cook, IL)","9801 (Cook, IL)","Cook County, IL",Illinois,"1 (Tract 8, Champaign, IL)","8 (Champaign, IL)","Champaign County, IL",Illinois,private_auto,eat,region_arrival,1900-01-01 16:51:00,1900-01-01 19:06:41,135,125.2,unknown_vehicle_type,other_non_bev,,,,transportation_utilities,transportation_utilities,retail,retail,16829843390080910211,15540289883045993780,39.0,female,white_not_hispanic_or_latino,employed,employed_not_working,10209.0,private_auto,5.0,112303.0,two,core,naics2382,single_family,not_attending_school,bachelors_degree,owner,english,"6 (Tract 109.01, Champaign, IL)","109.01 (Champaign, IL)","Champaign County, IL",Illinois,"1 (Tract 55, Champaign, IL)","55 (Champaign, IL)","Champaign County, IL",Illinois,4.228070175438597,8.288619662363455,16,Chicago3_mdw,"9801 (Cook, IL)",1900-01-01 18:15:13.684210524,18,7.046296296296297,UIUC1,"3.01 (Champaign, IL)",11.998418803418804,70,81.2743664717349,10,120.28703846578226,135,3.0,75.12,1,0,0
7592091004883244003,"3 (Tract 6201, Cook, IL)","6201 (Cook, IL)","Cook County, IL",Illinois,"1 (Tract 12.04, Champaign, IL)","12.04 (Champaign, IL)","Champaign County, IL",Illinois,private_auto,work,shop,1900-01-01 13:38:00,1900-01-01 16:02:40,144,138.4,unknown_vehicle_type,other_non_bev,,,,retail,retail,education,education,10640846837997741874,1616857811212925028,35.0,female,white_not_hispanic_or_latino,employed,in_person,81398.0,private_auto,2.0,81398.0,one,core,naics62,single_family,not_attending_school,some_college,renter,english,"1 (Tract 102.04, Champaign, IL)","102.04 (Champaign, IL)","Champaign County, IL",Illinois,"1 (Tract 12.04, Champaign, IL)","12.04 (Champaign, IL)","Champaign County, IL",Illinois,6.428571428571429,10.227906976744187,13,Chicago3_mdw,"9801 (Cook, IL)",1900-01-01 15:04:25.714285716,15,11.0,UIUC1,"3.01 (Champaign, IL)",17.097196261682246,70,87.42857142857143,10,127.32510323842642,144,3.0,83.04,0,1,0
11548309154530553206,"1 (Tract 9801, Cook, IL)","9801 (Cook, IL)","Cook County, IL",Illinois,"3 (Tract 14, Champaign, IL)","14 (Champaign, IL)","Champaign County, IL",Illinois,private_auto,work,region_arrival,1900-01-01 15:53:00,1900-01-01 18:18:36,145,129.3,unknown_vehicle_type,other_non_bev,,,,transportation_utilities,transportation_utilities,retail,retail,6982179838758631654,1899517093106750988,48.0,female,white_not_hispanic_or_latino,employed,in_person,29733.0,private_auto,1.0,29733.0,one,core,naics51,several_units,not_attending_school,bachelors_degree,renter,english,"1 (Tract 110.02, Champaign, IL)","110.02 (Champaign, IL)","Champaign County, IL",Illinois,"3 (Tract 14, Champaign, IL)","14 (Champaign, IL)","Champaign County, IL",Illinois,5.063291139240507,8.639412467160257,15,Chicago3_mdw,"9801 (Cook, IL)",1900-01-01 17:18:03.797468352,17,4.082706766917293,UIUC1,"3.01 (Champaign, IL)",7.923264566770656,70,79.1459979061578,10,116.56267703393091,145,3.0,77.58,1,0,0
13438712550000876576,"1 (Tract 6605, Cook, IL)","6605 (Cook, IL)","Cook County, IL",Illinois,"1 (Tract 110.02, Champaign, IL)","110.02 (Champaign, IL)","Champaign County, IL",Illinois,private_auto,home,social,1900-01-01 18:27:53,1900-01-01 20:38:42,130,127.9,unknown_vehicle_type,other_non_bev,,,,single_family,single_family,mixed_use,multi_family,4611557545182946283,5095455153179643821,54.0,male,white_not_hispanic_or_latino,employed,in_person,69429.0,private_auto,2.0,175459.0,two,core,naics61,multiple_units,not_attending_school,bachelors_degree,renter,english,"1 (Tract 110.02, Champaign, IL)","110.02 (Champaign, IL)","Champaign County, IL",Illinois,"2 (Tract 12.05, Champaign, IL)","12.05 (Champaign, IL)","Champaign County, IL",Illinois,6.5,12.134,18,Chicago3_mdw,"9801 (Cook, IL)",1900-01-01 19:54:23.000000000,19,1.9523809523809523,UIUC1,"3.01 (Champaign, IL)",6.263119266055046,70,78.45238095238095,10,118.39711926605504,130,3.0,76.74,0,1,0
1679427479774514902,"1 (Tract 9801, Cook, IL)","9801 (Cook, IL)","Cook County, IL",Illinois,"2 (Tract 110.02, Champaign, IL)","110.02 (Champaign, IL)","Champaign County, IL",Illinois,private_auto,work,region_arrival,1900-01-01 07:17:00,1900-01-01 09:30:29,133,133.4,unknown_vehicle_type,other_non_bev,,,,transportation_utilities,transportation_utilities,mixed_use,healthcare,1825865435693678694,825311958557641772,39.0,male,asian_not_hispanic_or_latino,employed,in_person,642188.0,private_auto,2.0,653780.0,two,core,naics621111,multiple_units,not_attending_school,advanced_degree,renter,asian_pacific,"1 (Tract 12.04, Champaign, IL)","12.04 (Champaign, IL)","Champaign County, IL",Illinois,"2 (Tract 110.02, Champaign, IL)","110.02 (Champaign, IL)","Champaign County, IL",Illinois,4.450704225352113,8.382125963327132,7,Chicago3_mdw,"9801 (Cook, IL)",1900-01-01 08:41:27.042253524,8,1.9,UIUC1,"3.01 (Champaign, IL)",6.241119266055047,70,76.35070422535212,10,114.62324522938218,133,3.0,80.04,0,0,1
949960430353081955,"3 (Tract 6505, Cook, IL)","6505 (Cook, IL)","Cook County, IL",Illinois,"1 (Tract 12.04, Champaign, IL)","12.04 (Champaign, IL)","Champaign County, IL",Illinois,auto_passenger,home,shop,1900-01-01 17:55:00,1900-01-01 20:05:12,130,128.2,unknown_vehicle_type,unknown_fuel_type,,,,retail,retail,single_family,single_family,1277805408587868083,6836007051549303603,45.0,female,asian_not_hispanic_or_latino,employed,in_person,58316.0,auto_passenger,4.0,211448.0,two,core,naics61,single_family,not_attending_school,advanced_degree,owner,asian_pacific,"1 (Tract 12.04, Champaign, IL)","12.04 (Champaign, IL)","Champaign County, IL",Illinois,"1 (Tract 53, Champaign, IL)","53 (Champaign, IL)","Champaign County, IL",Illinois,6.0,11.114153846153844,17,Chicago3_mdw,"9801 (Cook, IL)",1900-01-01 19:21:00.000000000,19,10.444444444444445,UIUC1,"3.01 (Champaign, IL)",16.86386292834891,70,86.44444444444444,10,127.97801677450275,130,3.0,76.91999999999999,0,1,0
12415582977014791725,"3 (Tract 6505, Cook, IL)","6505 (Cook, IL)","Cook County, IL",Illinois,"1 (Tract 12.04, Champaign, IL)","12.04 (Champaign, IL)","Champaign County, IL",Illinois,private_auto,home,social,1900-01-01 23:02:15,1900-01-01 01:11:20,129,128.5,unknown_vehicle_type,other_non_bev,,,,retail,retail,single_family,single_family,16795741634902876278,9460337036183234453,38.0,female,white_not_hispanic_or_latino,employed,in_person,72462.0,private_auto,3.0,142510.0,two,core,naics61,single_family,not_attending_school,advanced_degree,owner,english,"1 (Tract 12.04, Champaign, IL)","12.04 (Champaign, IL)","Champaign County, IL",Illinois,"1 (Tract 111, Champaign, IL)","111 (Champaign, IL)","Champaign County, IL",Illinois,5.666666666666667,10.974153846153843,23,Chicago3_mdw,"9801 (Cook, IL)",1900-01-02 00:27:55.000000002,0,9.0,UIUC1,"3.01 (Champaign, IL)",16.257196261682246,70,84.66666666666667,10,127.23135010783608,129,3.0,77.1,0,1,0
15719213964215757973,"3 (Tract 6505, Cook, IL)","6505 (Cook, IL)","Cook County, IL",Illinois,"1 (Tract 111, Champaign, IL)","111 (Champaign, IL)","Champaign County, IL",Illinois,private_auto,work,shop,1900-01-01 14:17:42,1900-01-01 16:32:58,135,127.6,unknown_vehicle_type,other_non_bev,,,,mixed_use,retail,civic_institutional,civic_institutional,18285032397592597330,14896289361684287875,40.0,female,white_not_hispanic_or_latino,employed,in_person,289662.0,private_auto,7.0,338334.0,three_plus,core,naics62,single_family,not_attending_school,advanced_degree,owner,english,"1 (Tract 12.04, Champaign, IL)","12.04 (Champaign, IL)","Champaign County, IL",Illinois,"1 (Tract 111, Champaign, IL)","111 (Champaign, IL)","Champaign County, IL",Illinois,8.5,12.164153846153845,14,Chicago3_mdw,"9801 (Cook, IL)",1900-01-01 15:46:12.000000000,15,3.142857142857143,UIUC1,"3.01 (Champaign, IL)",7.14,70,81.64285714285714,10,119.30415384615385,135,3.0,76.55999999999999,0,0,1
13329309384838641929,"3 (Tract 7112, Cook, IL)","7112 (Cook, IL)","Cook County, IL",Illinois,"1 (Tract 53, Champaign, IL)","53 (Champaign, IL)","Champaign County, IL",Illinois,private_auto,work,social,1900-01-01 09:17:01,1900-01-01 11:19:51,122,124.3,unknown_vehicle_type,other_non_bev,,,,single_family,single_family,healthcare,healthcare,6434664725944455062,15495361073286372523,56.0,female,white_not_hispanic_or_latino,employed,in_person,43477.0,private_auto,4.0,185021.0,three_plus,core,naics622110,single_family,not_attending_school,bachelors_degree,owner,english,"1 (Tract 12.06, Champaign, IL)","12.06 (Champaign, IL)","Champaign County, IL",Illinois,"1 (Tract 53, Champaign, IL)","53 (Champaign, IL)","Champaign County, IL",Illinois,17.375,23.6775,9,Chicago3_mdw,"9801 (Cook, IL)",1900-01-01 10:54:23.500000000,10,4.047619047619048,UIUC1,"3.01 (Champaign, IL)",8.37788944723618,70,91.42261904761905,10,132.05538944723617,122,3.0,74.58,1,0,0
14607054780167065672,"2 (Tract 7106, Cook, IL)","7106 (Cook, IL)","Cook County, IL",Illinois,"1 (Tract 53, Champaign, IL)","53 (Champaign, IL)","Champaign County, IL",Illinois,private_auto,work,shop,1900-01-01 18:29:02,1900-01-01 20:43:15,134,134.7,unknown_vehicle_type,other_non_bev,,,,mixed_use,office,healthcare,healthcare,17361781770248771369,14830796810519340948,35.0,female,asian_not_hispanic_or_latino,employed,in_person,280418.0,private_auto,1.0,280418.0,one,core,naics622110,single_family,not_attending_school,advanced_degree,owner,indo_european,"1 (Tract 12.06, Champaign, IL)","12.06 (Champaign, IL)","Champaign County, IL",Illinois,"1 (Tract 53, Champaign, IL)","53 (Champaign, IL)","Champaign County, IL",Illinois,14.0,22.099999999999998,18,Chicago3_mdw,"9801 (Cook, IL)",1900-01-01 20:03:02.000000000,20,3.583333333333333,UIUC1,"3.01 (Champaign, IL)",8.18288944723618,70,87.58333333333333,10,130.2828894472362,134,3.0,80.82,0,0,1
13536564358966321214,"4 (Tract 7112, Cook, IL)","7112 (Cook, IL)","Cook County, IL",Illinois,"1 (Tract 53, Champaign, IL)","53 (Champaign, IL)","Champaign County, IL",Illinois,private_auto,work,social,1900-01-01 09:06:59,1900-01-01 11:19:17,132,132.6,unknown_vehicle_type,other_non_bev,,,,single_family,single_family,healthcare,healthcare,288939553434855652,6555269179899292559,46.0,female,white_not_hispanic_or_latino,employed,in_person,12680.0,private_auto,4.0,229344.0,three_plus,core,naics622110,single_family,not_attending_school,bachelors_degree,owner,english,"1 (Tract 12.06, Champaign, IL)","12.06 (Champaign, IL)","Champaign County, IL",Illinois,"1 (Tract 53, Champaign, IL)","53 (Champaign, IL)","Champaign County, IL",Illinois,17.375,23.6775,9,Chicago3_mdw,"9801 (Cook, IL)",1900-01-01 10:44:21.500000000,10,4.047619047619048,UIUC1,"3.01 (Champaign, IL)",8.37788944723618,70,91.42261904761905,10,132.05538944723617,132,3.0,79.55999999999999,1,0,0
4087885667934149832,"4 (Tract 7112, Cook, IL)","7112 (Cook, IL)","Cook County, IL",Illinois,"3 (Tract 111, Champaign, IL)","111 (Champaign, IL)","Champaign County, IL",Illinois,private_auto,work,other_activity_type,1900-01-01 15:50:14,1900-01-01 18:05:51,135,133.7,unknown_vehicle_type,other_non_bev,,,,mixed_use,education,civic_institutional,civic_institutional,8193099768873462308,2856619029007111793,73.0,female,white_not_hispanic_or_latino,employed,in_person,75027.0,other_travel_mode,2.0,135690.0,one,core,naics92,single_family,not_attending_school,advanced_degree,owner,english,"1 (Tract 12.06, Champaign, IL)","12.06 (Champaign, IL)","Champaign County, IL",Illinois,"3 (Tract 111, Champaign, IL)","111 (Champaign, IL)","Champaign County, IL",Illinois,15.666666666666666,22.959999999999997,15,Chicago3_mdw,"9801 (Cook, IL)",1900-01-01 17:25:54.000000002,17,2.9166666666666665,UIUC1,"3.01 (Champaign, IL)",7.045,70,88.58333333333334,10,130.005,135,3.0,80.21999999999998,0,1,0
5282848677719447202,"1 (Tract 9801, Cook, IL)","9801 (Cook, IL)","Cook County, IL",Illinois,"1 (Tract 13.02, Champaign, IL)","13.02 (Champaign, IL)","Champaign County, IL",Illinois,private_auto,home,region_arrival,1900-01-01 10:18:00,1900-01-01 12:36:23,138,137.2,unknown_vehicle_type,other_non_bev,,,,transportation_utilities,transportation_utilities,single_family,single_family,9122800927390235120,16460518001351275494,69.0,male,white_not_hispanic_or_latino,employed,in_person,44497.0,auto_passenger,2.0,68374.0,two,core,naics611691,single_family,not_attending_school,advanced_degree,owner,indo_european,"1 (Tract 13.02, Champaign, IL)","13.02 (Champaign, IL)","Champaign County, IL",Illinois,"1 (Tract 13.01, Champaign, IL)","13.01 (Champaign, IL)","Champaign County, IL",Illinois,5.180851063829787,8.688787635487756,10,Chicago3_mdw,"9801 (Cook, IL)",1900-01-01 11:43:10.851063828,11,7.4,UIUC1,"3.01 (Champaign, IL)",12.61131950207469,70,82.5808510638298,10,121.30010713756245,138,3.0,82.32,1,0,0
4342876841635982822,"1 (Tract 9801, Cook, IL)","9801 (Cook, IL)","Cook County, IL",Illinois,"1 (Tract 2, Champaign, IL)","2 (Champaign, IL)","Champaign County, IL",Illinois,private_auto,home,region_arrival,1900-01-01 11:13:00,1900-01-01 13:24:50,131,132.9,unknown_vehicle_type,other_non_bev,,,,transportation_utilities,transportation_utilities,single_family,single_family,15572158565114092401,9735826020684688333,52.0,male,black_not_hispanic_or_latino,employed,in_person,36702.0,auto_passenger,4.0,101951.0,two,core,naics31_33,single_family,not_attending_school,some_college,renter,english,"1 (Tract 2, Champaign, IL)","2 (Champaign, IL)","Champaign County, IL",Illinois,"2 (Tract 2, Champaign, IL)","2 (Champaign, IL)","Champaign County, IL",Illinois,4.945945945945946,8.590127485976542,11,Chicago3_mdw,"9801 (Cook, IL)",1900-01-01 12:37:56.756756754,12,1.8571428571428568,UIUC1,"3.01 (Champaign, IL)",6.165853658536586,70,76.80308880308881,10,114.75598114451313,131,3.0,79.74,1,0,0
15223278057697138125,"1 (Tract 9801, Cook, IL)","9801 (Cook, IL)","Cook County, IL",Illinois,"1 (Tract 59.02, Champaign, IL)","59.02 (Champaign, IL)","Champaign County, IL",Illinois,private_auto,work,region_arrival,1900-01-01 08:11:00,1900-01-01 10:26:26,135,134.4,unknown_vehicle_type,other_non_bev,,,,transportation_utilities,transportation_utilities,education,education,10394202336400241258,9250441660715763490,56.0,female,asian_not_hispanic_or_latino,employed,in_person,36231.0,auto_passenger,3.0,99877.0,two,core,naics62,multiple_units,not_attending_school,advanced_degree,renter,asian_pacific,"1 (Tract 57.01, Champaign, IL)","57.01 (Champaign, IL)","Champaign County, IL",Illinois,"1 (Tract 59.02, Champaign, IL)","59.02 (Champaign, IL)","Champaign County, IL",Illinois,5.442622950819672,8.798731828023508,8,Chicago3_mdw,"9801 (Cook, IL)",1900-01-01 09:36:26.557377048,9,1.963855421686747,UIUC1,"3.01 (Champaign, IL)",5.957787913140527,70,77.40647837250641,10,114.75651974116403,135,3.0,80.64,1,0,0
3299924605338706756,"2 (Tract 3007, Cook, IL)","3007 (Cook, IL)","Cook County, IL",Illinois,"1 (Tract 8, Champaign, IL)","8 (Champaign, IL)","Champaign County, IL",Illinois,private_auto,recreation,work,1900-01-01 13:29:00,1900-01-01 15:45:14,136,134.2,unknown_vehicle_type,other_non_bev,,,,mixed_use,retail,non_retail_attraction,non_retail_attraction,11528874066862487829,5789938190514544394,49.0,female,white_not_hispanic_or_latino,employed,in_person,156489.0,private_auto,1.0,156489.0,one,core,naics92,several_units,not_attending_school,bachelors_degree,renter,english,"1 (Tract 611, Cook, IL)","611 (Cook, IL)","Cook County, IL",Illinois,"2 (Tract 3007, Cook, IL)","3007 (Cook, IL)","Cook County, IL",Illinois,20.0,21.740000000000002,13,Chicago3_mdw,"9801 (Cook, IL)",1900-01-01 15:09:00.000000000,15,7.485714285714286,UIUC1,"3.01 (Champaign, IL)",12.18297435897436,70,97.48571428571428,10,133.92297435897436,136,3.0,80.52,0,0,1
11111451466861868591,"1 (Tract 6610, Cook, IL)","6610 (Cook, IL)","Cook County, IL",Illinois,"2 (Tract 14, Champaign, IL)","14 (Champaign, IL)","Champaign County, IL",Illinois,private_auto,recreation,home,1900-01-01 11:46:00,1900-01-01 13:57:03,131,134.6,unknown_vehicle_type,other_non_bev,,,,multi_family,multi_family,non_retail_attraction,non_retail_attraction,1560028760866555884,9218794146162958266,51.0,male,black_not_hispanic_or_latino,employed,in_person,64033.0,private_auto,2.0,110701.0,one,core,naics72,several_units,not_attending_school,some_college,owner,english,"1 (Tract 6610, Cook, IL)","6610 (Cook, IL)","Cook County, IL",Illinois,"1 (Tract 3204, Cook, IL)","3204 (Cook, IL)","Cook County, IL",Illinois,10.5,16.652857142857144,11,Chicago3_mdw,"9801 (Cook, IL)",1900-01-01 13:16:30.000000000,13,3.213483146067416,UIUC1,"3.01 (Champaign, IL)",7.558190646013707,70,83.71348314606742,10,124.21104778887086,131,3.0,80.75999999999999,0,1,0
11943389702322467346,"3 (Tract 7107, Cook, IL)","7107 (Cook, IL)","Cook County, IL",Illinois,"1 (Tract 53, Champaign, IL)","53 (Champaign, IL)","Champaign County, IL",Illinois,private_auto,recreation,shop,1900-01-01 10:41:00,1900-01-01 12:41:20,120,123.8,,,,,,retail,retail,mixed_use,non_retail_attraction,14753937105977352658,2366061238285321344,24.0,female,hispanic_or_latino_origin,employed,in_person,28985.0,private_auto,4.0,137679.0,three_plus,core,naics623,single_family,not_attending_school,bachelors_degree,owner,spanish,"1 (Tract 8173, Cook, IL)","8173 (Cook, IL)","Cook County, IL",Illinois,"6 (Tract 1003, Cook, IL)","1003 (Cook, IL)","Cook County, IL",Illinois,16.25,25.338333333333335,10,Chicago3_mdw,"9801 (Cook, IL)",1900-01-01 12:17:15.000000000,12,4.0,UIUC1,"3.01 (Champaign, IL)",8.35788944723618,70,90.25,10,133.6962227805695,120,3.0,74.28,1,0,0
7031069024690985260,"2 (Tract 4108, Cook, IL)","4108 (Cook, IL)","Cook County, IL",Illinois,"1 (Tract 54.01, Champaign, IL)","54.01 (Champaign, IL)","Champaign County, IL",Illinois,private_auto,maintenance,shop,1900-01-01 08:15:00,1900-01-01 10:24:55,129,132.0,unknown_vehicle_type,other_non_bev,,,,retail,retail,retail,retail,17361259224491346316,12871526873247246621,29.0,female,hispanic_or_latino_origin,employed,in_person,30192.0,private_auto,4.0,30192.0,one,core,naics31_33,several_units,not_attending_school,no_school,renter,spanish,"1 (Tract 8339, Cook, IL)","8339 (Cook, IL)","Cook County, IL",Illinois,"4 (Tract 8413, Cook, IL)","8413 (Cook, IL)","Cook County, IL",Illinois,17.0,26.01142857142857,8,Chicago3_mdw,"9801 (Cook, IL)",1900-01-01 09:52:00.000000000,9,5.833333333333333,UIUC1,"3.01 (Champaign, IL)",10.537336683417085,70,92.83333333333333,10,136.54876525484565,129,3.0,79.2,1,0,0
7191682702991801089,"5 (Tract 6608, Cook, IL)","6608 (Cook, IL)","Cook County, IL",Illinois,"1 (Tract 110.01, Champaign, IL)","110.01 (Champaign, IL)","Champaign County, IL",Illinois,private_auto,work,social,1900-01-01 15:05:00,1900-01-01 17:19:48,134,127.4,unknown_vehicle_type,other_non_bev,,,,multi_family,multi_family,retail,retail,14959161429171472601,8609853740502952906,60.0,male,white_not_hispanic_or_latino,employed,in_person,108963.0,private_auto,3.0,164604.0,three_plus,core,naics23,single_family,not_attending_school,high_school,owner,english,"1 (Tract 9617, Ford, IL)","9617 (Ford, IL)","Ford County, IL",Illinois,"1 (Tract 110.01, Champaign, IL)","110.01 (Champaign, IL)","Champaign County, IL",Illinois,8.333333333333334,13.305185185185184,15,Chicago3_mdw,"9801 (Cook, IL)",1900-01-01 16:33:19.999999998,16,3.875,UIUC1,"3.01 (Champaign, IL)",8.177822580645161,70,82.20833333333333,10,121.48300776583034,134,3.0,76.44,0,1,0
12398600674586603975,"3 (Tract 7403, Cook, IL)","7403 (Cook, IL)","Cook County, IL",Illinois,"1 (Tract 9.02, Champaign, IL)","9.02 (Champaign, IL)","Champaign County, IL",Illinois,auto_passenger,shop,recreation,1900-01-01 22:38:17,1900-01-01 00:36:30,118,119.3,unknown_vehicle_type,unknown_fuel_type,,,,non_retail_attraction,non_retail_attraction,retail,retail,17373709259029717136,9376835894144835572,55.0,female,white_not_hispanic_or_latino,employed,in_person,25502.0,auto_passenger,2.0,25502.0,zero,core,naics922140,single_family,not_attending_school,high_school,renter,english,"1 (Tract 9782, Richland, IL)","9782 (Richland, IL)","Richland County, IL",Illinois,"1 (Tract 9782, Richland, IL)","9782 (Richland, IL)","Richland County, IL",Illinois,16.0,24.54,22,Chicago3_mdw,"9801 (Cook, IL)",1900-01-02 00:14:17.000000000,0,7.0,UIUC1,"3.01 (Champaign, IL)",14.53918128654971,70,93.0,10,139.0791812865497,118,3.0,71.58,1,0,0
3890189015662195503,"1 (Tract 9801, Cook, IL)","9801 (Cook, IL)","Cook County, IL",Illinois,"1 (Tract 11, Champaign, IL)","11 (Champaign, IL)","Champaign County, IL",Illinois,auto_passenger,work,region_arrival,1900-01-01 16:23:00,1900-01-01 18:37:17,134,136.3,unknown_vehicle_type,unknown_fuel_type,,,,transportation_utilities,transportation_utilities,retail,retail,2685486090575640926,16990886258342027169,36.0,male,black_not_hispanic_or_latino,employed,in_person,47210.0,auto_passenger,2.0,47210.0,zero,core,naics31_33,multiple_units,not_attending_school,high_school,renter,english,"2 (Tract 101, Champaign, IL)","101 (Champaign, IL)","Champaign County, IL",Illinois,"1 (Tract 11, Champaign, IL)","11 (Champaign, IL)","Champaign County, IL",Illinois,4.228070175438597,8.288619662363455,16,Chicago3_mdw,"9801 (Cook, IL)",1900-01-01 17:47:13.684210524,17,5.8125,UIUC1,"3.01 (Champaign, IL)",9.832838785046729,70,80.0405701754386,10,118.12145844741019,134,3.0,81.78,0,1,0
6443158110824188838,"1 (Tract 9801, Cook, IL)","9801 (Cook, IL)","Cook County, IL",Illinois,"3 (Tract 7, Champaign, IL)","7 (Champaign, IL)","Champaign County, IL",Illinois,private_auto,work,region_arrival,1900-01-01 09:28:00,1900-01-01 11:43:33,135,129.9,unknown_vehicle_type,other_non_bev,,,,transportation_utilities,transportation_utilities,retail,retail,8128093966435108684,9593700817999495913,49.0,male,white_not_hispanic_or_latino,employed,in_person,77665.0,private_auto,4.0,226852.0,three_plus,core,naics8111,single_family,not_attending_school,high_school,owner,english,"2 (Tract 106.03, Champaign, IL)","106.03 (Champaign, IL)","Champaign County, IL",Illinois,"3 (Tract 7, Champaign, IL)","7 (Champaign, IL)","Champaign County, IL",Illinois,4.908163265306122,8.574258760107817,9,Chicago3_mdw,"9801 (Cook, IL)",1900-01-01 10:52:54.489795918,10,4.181818181818182,UIUC1,"3.01 (Champaign, IL)",8.974912859161563,70,79.0899814471243,10,117.54917161926939,135,3.0,77.94,0,1,0
10641369660676096540,"2 (Tract 7503, Cook, IL)","7503 (Cook, IL)","Cook County, IL",Illinois,"1 (Tract 8, Champaign, IL)","8 (Champaign, IL)","Champaign County, IL",Illinois,private_auto,work,eat,1900-01-01 15:30:00,1900-01-01 17:23:01,113,119.1,unknown_vehicle_type,other_non_bev,,,,retail,retail,retail,retail,10263199083378178512,16396377388205816763,49.0,male,white_not_hispanic_or_latino,employed,in_person,72462.0,private_auto,4.0,83440.0,three_plus,core,naics45,single_family,not_attending_school,high_school,owner,english,"2 (Tract 12, Vermilion, IL)","12 (Vermilion, IL)","Vermilion County, IL",Illinois,"1 (Tract 8, Champaign, IL)","8 (Champaign, IL)","Champaign County, IL",Illinois,18.046875,27.5596875,15,Chicago3_mdw,"9801 (Cook, IL)",1900-01-01 17:08:02.812500000,17,7.052083333333333,UIUC1,"3.01 (Champaign, IL)",12.00084935897436,70,95.09895833333333,10,139.56053685897436,113,3.0,71.46,0,1,0
3626136032336628080,"2 (Tract 6303, Cook, IL)","6303 (Cook, IL)","Cook County, IL",Illinois,"1 (Tract 13.01, Champaign, IL)","13.01 (Champaign, IL)","Champaign County, IL",Illinois,private_auto,work,recreation,1900-01-01 09:44:42,1900-01-01 12:05:10,140,131.1,unknown_vehicle_type,other_non_bev,,,,mixed_use,non_retail_attraction,mixed_use,healthcare,11126003599999440371,12204604307206983976,48.0,female,white_not_hispanic_or_latino,employed,in_person,61955.0,private_auto,2.0,91423.0,two,core,naics611691,single_family,not_attending_school,high_school,owner,english,"2 (Tract 12.03, Champaign, IL)","12.03 (Champaign, IL)","Champaign County, IL",Illinois,"1 (Tract 13.01, Champaign, IL)","13.01 (Champaign, IL)","Champaign County, IL",Illinois,6.0,10.975932203389831,9,Chicago3_mdw,"9801 (Cook, IL)",1900-01-01 11:10:42.000000000,11,4.7407407407407405,UIUC1,"3.01 (Champaign, IL)",9.650919264588328,70,80.74074074074073,10,120.62685146797816,140,3.0,78.66,0,1,0
7305754630201948131,"1 (Tract 9801, Cook, IL)","9801 (Cook, IL)","Cook County, IL",Illinois,"2 (Tract 12.01, Champaign, IL)","12.01 (Champaign, IL)","Champaign County, IL",Illinois,private_auto,social,region_arrival,1900-01-01 10:59:00,1900-01-01 13:13:27,134,137.2,unknown_vehicle_type,other_non_bev,,,,transportation_utilities,transportation_utilities,single_family,single_family,16359978688597921680,1397705793477018518,41.0,female,white_not_hispanic_or_latino,employed,in_person,18115.0,private_auto,2.0,42269.0,two,core,naics54,mobile,not_attending_school,high_school,owner,english,"2 (Tract 12.05, Champaign, IL)","12.05 (Champaign, IL)","Champaign County, IL",Illinois,"2 (Tract 14, Champaign, IL)","14 (Champaign, IL)","Champaign County, IL",Illinois,5.180851063829787,8.688787635487756,10,Chicago3_mdw,"9801 (Cook, IL)",1900-01-01 12:24:10.851063828,12,7.24,UIUC1,"3.01 (Champaign, IL)",12.29362392026578,70,82.42085106382979,10,120.98241155575354,134,3.0,82.32,1,0,0
5525618818819682708,"4 (Tract 8428, Cook, IL)","8428 (Cook, IL)","Cook County, IL",Illinois,"2 (Tract 12.05, Champaign, IL)","12.05 (Champaign, IL)","Champaign County, IL",Illinois,private_auto,home,other_activity_type,1900-01-01 20:54:00,1900-01-01 23:19:37,145,144.9,unknown_vehicle_type,other_non_bev,,,,industrial,industrial,mixed_use,multi_family,6728667848163542872,12415969025402371575,27.0,female,white_not_hispanic_or_latino,employed,in_person,26117.0,private_auto,1.0,26117.0,one,core,naics44_45,multiple_units,graduate,bachelors_degree,renter,english,"2 (Tract 12.05, Champaign, IL)","12.05 (Champaign, IL)","Champaign County, IL",Illinois,"3 (Tract 8, Champaign, IL)","8 (Champaign, IL)","Champaign County, IL",Illinois,9.5,14.02,20,Chicago3_mdw,"9801 (Cook, IL)",1900-01-01 22:23:30.000000000,22,11.666666666666666,UIUC1,"3.01 (Champaign, IL)",18.39381642512077,70,91.16666666666667,10,132.41381642512076,145,3.0,86.94,1,0,0
8189406856316099770,"1 (Tract 9801, Cook, IL)","9801 (Cook, IL)","Cook County, IL",Illinois,"2 (Tract 12.05, Champaign, IL)","12.05 (Champaign, IL)","Champaign County, IL",Illinois,private_auto,home,region_arrival,1900-01-01 13:30:00,1900-01-01 15:46:28,136,138.2,unknown_vehicle_type,other_non_bev,,,,transportation_utilities,transportation_utilities,single_family,single_family,2549997084334787177,2588981116366807567,36.0,male,white_not_hispanic_or_latino,employed,in_person,55554.0,private_auto,5.0,101447.0,three_plus,core,naics332812,single_family,not_attending_school,k_12,owner,english,"2 (Tract 12.05, Champaign, IL)","12.05 (Champaign, IL)","Champaign County, IL",Illinois,"2 (Tract 13.02, Champaign, IL)","13.02 (Champaign, IL)","Champaign County, IL",Illinois,5.015151515151516,8.619193825042881,13,Chicago3_mdw,"9801 (Cook, IL)",1900-01-01 14:55:00.909090912,14,12.857142857142858,UIUC1,"3.01 (Champaign, IL)",18.893816425120775,70,87.87229437229438,10,127.51301025016366,136,3.0,82.91999999999999,0,1,0
13088918907232272828,"4 (Tract 7105, Cook, IL)","7105 (Cook, IL)","Cook County, IL",Illinois,"2 (Tract 12.05, Champaign, IL)","12.05 (Champaign, IL)","Champaign County, IL",Illinois,private_auto,home,shop,1900-01-01 20:13:39,1900-01-01 22:22:57,129,132.5,unknown_vehicle_type,other_non_bev,,,,retail,retail,single_family,single_family,7037286653419996784,8389330440340865892,46.0,male,white_not_hispanic_or_latino,employed,in_person,217388.0,private_auto,3.0,217388.0,three_plus,core,naics61,single_family,not_attending_school,advanced_degree,owner,english,"2 (Tract 12.05, Champaign, IL)","12.05 (Champaign, IL)","Champaign County, IL",Illinois,"4 (Tract 53, Champaign, IL)","53 (Champaign, IL)","Champaign County, IL",Illinois,13.5,20.556666666666665,20,Chicago3_mdw,"9801 (Cook, IL)",1900-01-01 21:47:09.000000000,21,9.0,UIUC1,"3.01 (Champaign, IL)",17.273816425120774,70,92.5,10,137.83048309178744,129,3.0,79.5,0,0,1
47428925522718503,"4 (Tract 7112, Cook, IL)","7112 (Cook, IL)","Cook County, IL",Illinois,"1 (Tract 53, Champaign, IL)","53 (Champaign, IL)","Champaign County, IL",Illinois,private_auto,work,other_activity_type,1900-01-01 06:46:00,1900-01-01 08:56:59,130,132.7,unknown_vehicle_type,other_non_bev,,,,mixed_use,education,office,office,16408840493460688440,4466638584844614802,72.0,male,hispanic_or_latino_origin,employed,in_person,86557.0,private_auto,2.0,155884.0,two,core,naics61,single_family,not_attending_school,advanced_degree,owner,english,"2 (Tract 12.05, Champaign, IL)","12.05 (Champaign, IL)","Champaign County, IL",Illinois,"1 (Tract 53, Champaign, IL)","53 (Champaign, IL)","Champaign County, IL",Illinois,18.5,24.15,6,Chicago3_mdw,"9801 (Cook, IL)",1900-01-01 08:24:30.000000000,8,3.4285714285714284,UIUC1,"3.01 (Champaign, IL)",8.11788944723618,70,91.92857142857143,10,132.2678894472362,130,3.0,79.61999999999999,0,1,0
8103358457455221503,"2 (Tract 3007, Cook, IL)","3007 (Cook, IL)","Cook County, IL",Illinois,"3 (Tract 8, Champaign, IL)","8 (Champaign, IL)","Champaign County, IL",Illinois,private_auto,recreation,home,1900-01-01 14:34:00,1900-01-01 17:01:03,147,135.2,unknown_vehicle_type,other_non_bev,,,,multi_family,multi_family,non_retail_attraction,non_retail_attraction,16626700035592723841,12613964711822978747,31.0,male,hispanic_or_latino_origin,employed,in_person,29678.0,private_auto,1.0,29678.0,two,core,naics11,multiple_units,not_attending_school,high_school,renter,spanish,"2 (Tract 3007, Cook, IL)","3007 (Cook, IL)","Cook County, IL",Illinois,"1 (Tract 8407.05, DuPage, IL)","8407.05 (DuPage, IL)","DuPage County, IL",Illinois,20.0,21.740000000000002,14,Chicago3_mdw,"9801 (Cook, IL)",1900-01-01 16:14:00.000000000,16,7.6068376068376065,UIUC1,"3.01 (Champaign, IL)",12.233846153846155,70,97.6068376068376,10,133.97384615384615,147,3.0,81.11999999999999,1,0,0
1970324261966150037,"1 (Tract 9801, Cook, IL)","9801 (Cook, IL)","Cook County, IL",Illinois,"2 (Tract 4.02, Champaign, IL)","4.02 (Champaign, IL)","Champaign County, IL",Illinois,auto_passenger,home,region_arrival,1900-01-01 14:07:00,1900-01-01 16:22:08,135,133.9,unknown_vehicle_type,unknown_fuel_type,,,,transportation_utilities,transportation_utilities,multi_family,multi_family,16507229938811188746,9352135775559439797,21.0,female,white_not_hispanic_or_latino,employed,in_person,25487.0,private_auto,1.0,25487.0,one,core,naics62,multiple_units,undergraduate,some_college,renter,english,"2 (Tract 4.02, Champaign, IL)","4.02 (Champaign, IL)","Champaign County, IL",Illinois,"2 (Tract 14, Champaign, IL)","14 (Champaign, IL)","Champaign County, IL",Illinois,5.041322314049586,8.63018556058007,14,Chicago3_mdw,"9801 (Cook, IL)",1900-01-01 15:32:02.479338840,15,1.736842105263158,UIUC1,"3.01 (Champaign, IL)",5.665345371797695,70,76.77816441931274,10,114.29553093237777,135,3.0,80.34,1,0,0
10526100177073087958,"2 (Tract 4108, Cook, IL)","4108 (Cook, IL)","Cook County, IL",Illinois,"1 (Tract 3.01, Champaign, IL)","3.01 (Champaign, IL)","Champaign County, IL",Illinois,private_auto,shop,home,1900-01-01 08:14:00,1900-01-01 10:44:18,150,136.7,unknown_vehicle_type,other_non_bev,,,,single_family,single_family,retail,retail,1883227844414304717,5572371803420544220,37.0,male,black_not_hispanic_or_latino,employed,in_person,271735.0,private_auto,4.0,388883.0,two,core,naics51,single_family,not_attending_school,bachelors_degree,owner,english,"2 (Tract 4108, Cook, IL)","4108 (Cook, IL)","Cook County, IL",Illinois,"4 (Tract 8113.01, Cook, IL)","8113.01 (Cook, IL)","Cook County, IL",Illinois,17.0,26.01142857142857,8,Chicago3_mdw,"9801 (Cook, IL)",1900-01-01 09:51:00.000000000,9,0.868421052631579,UIUC1,"3.01 (Champaign, IL)",4.941919122424799,70,87.86842105263158,10,130.95334769385337,150,3.0,82.02,0,0,1
16931693383921024792,"1 (Tract 9801, Cook, IL)","9801 (Cook, IL)","Cook County, IL",Illinois,"2 (Tract 57.01, Champaign, IL)","57.01 (Champaign, IL)","Champaign County, IL",Illinois,private_auto,home,other_activity_type,1900-01-01 18:13:00,1900-01-01 20:36:27,143,133.3,unknown_vehicle_type,other_non_bev,,,,transportation_utilities,transportation_utilities,single_family,single_family,9525661036563280384,6222871411073447939,44.0,male,white_not_hispanic_or_latino,employed,in_person,6654.0,auto_passenger,4.0,73078.0,two,core,naics11,single_family,not_attending_school,some_college,owner,english,"2 (Tract 57.01, Champaign, IL)","57.01 (Champaign, IL)","Champaign County, IL",Illinois,"1 (Tract 106.04, Champaign, IL)","106.04 (Champaign, IL)","Champaign County, IL",Illinois,4.653846153846154,8.46744557329463,18,Chicago3_mdw,"9801 (Cook, IL)",1900-01-01 19:37:39.230769228,19,6.363636363636363,UIUC1,"3.01 (Champaign, IL)",11.502181818181818,70,81.01748251748252,10,119.96962739147645,143,3.0,79.98,1,0,0
4476150373626581381,"2 (Tract 6814, Cook, IL)","6814 (Cook, IL)","Cook County, IL",Illinois,"1 (Tract 8, Champaign, IL)","8 (Champaign, IL)","Champaign County, IL",Illinois,auto_passenger,eat,home,1900-01-01 20:09:58,1900-01-01 22:09:13,119,126.4,unknown_vehicle_type,unknown_fuel_type,,,,multi_family,multi_family,retail,retail,10063336918379401462,9304158583487326744,35.0,male,black_not_hispanic_or_latino,employed,in_person,87678.0,public_transit,2.0,95834.0,zero,core,naics56,several_units,not_attending_school,k_12,renter,english,"2 (Tract 6814, Cook, IL)","6814 (Cook, IL)","Cook County, IL",Illinois,"1 (Tract 8437, Cook, IL)","8437 (Cook, IL)","Cook County, IL",Illinois,12.0,20.62,20,Chicago3_mdw,"9801 (Cook, IL)",1900-01-01 21:41:58.000000000,21,7.151515151515151,UIUC1,"3.01 (Champaign, IL)",12.042610722610721,70,89.15151515151516,10,132.66261072261074,119,3.0,75.84,0,1,0
17918571062951094041,"5 (Tract 6608, Cook, IL)","6608 (Cook, IL)","Cook County, IL",Illinois,"2 (Tract 9.01, Champaign, IL)","9.01 (Champaign, IL)","Champaign County, IL",Illinois,private_auto,home,shop,1900-01-01 18:30:54,1900-01-01 20:39:20,128,127.4,unknown_vehicle_type,other_non_bev,,,,retail,retail,single_family,single_family,4564456257324755689,598858741318274122,43.0,female,black_not_hispanic_or_latino,employed,in_person,28979.0,private_auto,6.0,86938.0,two,core,naics81211,single_family,school,k_12,owner,indo_european,"2 (Tract 9.01, Champaign, IL)","9.01 (Champaign, IL)","Champaign County, IL",Illinois,"1 (Tract 9508, Effingham, IL)","9508 (Effingham, IL)","Effingham County, IL",Illinois,7.75,13.060185185185183,18,Chicago3_mdw,"9801 (Cook, IL)",1900-01-01 19:58:39.000000000,19,6.529411764705882,UIUC1,"3.01 (Champaign, IL)",11.800038891589693,70,84.27941176470588,10,124.86022407677488,128,3.0,76.44,1,0,0
5058088028601416793,"1 (Tract 9801, Cook, IL)","9801 (Cook, IL)","Cook County, IL",Illinois,"3 (Tract 9.01, Champaign, IL)","9.01 (Champaign, IL)","Champaign County, IL",Illinois,private_auto,work,region_arrival,1900-01-01 08:21:00,1900-01-01 10:30:56,129,133.0,unknown_vehicle_type,other_non_bev,,,,transportation_utilities,transportation_utilities,retail,retail,2107852248664596291,1959332610065928976,19.0,male,hispanic_or_latino_origin,employed,in_person,17807.0,private_auto,3.0,47485.0,three_plus,core,naics56,single_family,undergraduate,some_college,owner,spanish,"2 (Tract 9.01, Champaign, IL)","9.01 (Champaign, IL)","Champaign County, IL",Illinois,"3 (Tract 9.01, Champaign, IL)","9.01 (Champaign, IL)","Champaign County, IL",Illinois,5.442622950819672,8.798731828023508,8,Chicago3_mdw,"9801 (Cook, IL)",1900-01-01 09:46:26.557377048,9,6.571428571428571,UIUC1,"3.01 (Champaign, IL)",11.817685950413223,70,82.01405152224824,10,120.61641777843673,129,3.0,79.8,1,0,0
10042485364149712280,"1 (Tract 7112, Cook, IL)","7112 (Cook, IL)","Cook County, IL",Illinois,"5 (Tract 58, Champaign, IL)","58 (Champaign, IL)","Champaign County, IL",Illinois,auto_passenger,recreation,shop,1900-01-01 15:15:35,1900-01-01 17:24:14,128,126.1,unknown_vehicle_type,unknown_fuel_type,,,,retail,retail,non_retail_attraction,non_retail_attraction,6573458109469229368,5097241567433214159,22.0,female,white_not_hispanic_or_latino,employed,in_person,20865.0,private_auto,2.0,55640.0,two,core,naics623,single_family,graduate,bachelors_degree,owner,english,"2 (Tract 9.02, Champaign, IL)","9.02 (Champaign, IL)","Champaign County, IL",Illinois,"3 (Tract 55, Champaign, IL)","55 (Champaign, IL)","Champaign County, IL",Illinois,15.666666666666666,22.959999999999997,15,Chicago3_mdw,"9801 (Cook, IL)",1900-01-01 16:51:15.000000002,16,3.480769230769231,UIUC1,"3.01 (Champaign, IL)",7.645489341983318,70,89.1474358974359,10,130.60548934198331,128,3.0,75.66,1,0,0
5420932847156012368,"1 (Tract 9801, Cook, IL)","9801 (Cook, IL)","Cook County, IL",Illinois,"4 (Tract 5, Champaign, IL)","5 (Champaign, IL)","Champaign County, IL",Illinois,private_auto,maintenance,other_activity_type,1900-01-01 12:56:35,1900-01-01 15:19:04,142,131.4,unknown_vehicle_type,other_non_bev,,,,transportation_utilities,transportation_utilities,mixed_use,healthcare,15417555486353304396,9930162785004807691,48.0,female,white_not_hispanic_or_latino,employed,in_person,92993.0,private_auto,3.0,196857.0,three_plus,core,naics52,single_family,not_attending_school,some_college,owner,english,"2 (Tract 9.02, Champaign, IL)","9.02 (Champaign, IL)","Champaign County, IL",Illinois,"4 (Tract 55, Champaign, IL)","55 (Champaign, IL)","Champaign County, IL",Illinois,5.0608108108108105,8.638370729219785,12,Chicago3_mdw,"9801 (Cook, IL)",1900-01-01 14:21:38.648648648,14,2.6666666666666665,UIUC1,"3.01 (Champaign, IL)",6.963103448275862,70,77.72747747747748,10,115.60147417749565,142,3.0,78.84,0,1,0
15868574885474035533,"2 (Tract 5703, Cook, IL)","5703 (Cook, IL)","Cook County, IL",Illinois,"1 (Tract 3.02, Champaign, IL)","3.02 (Champaign, IL)","Champaign County, IL",Illinois,private_auto,shop,social,1900-01-01 14:11:03,1900-01-01 16:32:42,141,127.0,unknown_vehicle_type,other_non_bev,,,,multi_family,multi_family,retail,retail,9790835409218333076,13776327676394841036,54.0,female,white_not_hispanic_or_latino,employed,in_person,39371.0,private_auto,3.0,103863.0,three_plus,core,naics54,single_family,not_attending_school,some_college,owner,english,"2 (Tract 9545, Piatt, IL)","9545 (Piatt, IL)","Piatt County, IL",Illinois,"2 (Tract 12.05, Champaign, IL)","12.05 (Champaign, IL)","Champaign County, IL",Illinois,6.5,9.728378378378377,14,Chicago3_mdw,"9801 (Cook, IL)",1900-01-01 15:37:33.000000000,15,1.2424242424242424,UIUC1,"3.01 (Champaign, IL)",5.239773294037634,70,77.74242424242425,10,114.96815167241601,141,3.0,76.2,1,0,0
9603414077081835769,"3 (Tract 6609, Cook, IL)","6609 (Cook, IL)","Cook County, IL",Illinois,"5 (Tract 58, Champaign, IL)","58 (Champaign, IL)","Champaign County, IL",Illinois,private_auto,recreation,recreation,1900-01-01 16:54:54,1900-01-01 19:13:28,138,129.7,unknown_vehicle_type,other_non_bev,,,,open_space,open_space,non_retail_attraction,non_retail_attraction,1427297358919778707,1933966923578259194,27.0,female,white_not_hispanic_or_latino,employed,in_person,33815.0,private_auto,2.0,102655.0,two,core,naics23,single_family,not_attending_school,bachelors_degree,renter,english,"2 (Tract 9547, Piatt, IL)","9547 (Piatt, IL)","Piatt County, IL",Illinois,"4 (Tract 9547, Piatt, IL)","9547 (Piatt, IL)","Piatt County, IL",Illinois,9.25,14.398333333333333,16,Chicago3_mdw,"9801 (Cook, IL)",1900-01-01 18:24:09.000000000,18,3.5,UIUC1,"3.01 (Champaign, IL)",7.653566265060241,70,82.75,10,122.05189959839358,138,3.0,77.82,1,0,0
15178522007107929401,"1 (Tract 9801, Cook, IL)","9801 (Cook, IL)","Cook County, IL",Illinois,"1 (Tract 53, Champaign, IL)","53 (Champaign, IL)","Champaign County, IL",Illinois,private_auto,work,region_arrival,1900-01-01 09:55:00,1900-01-01 12:08:49,133,134.3,unknown_vehicle_type,other_non_bev,,,,transportation_utilities,transportation_utilities,healthcare,healthcare,10853423746586135391,13742569436061177162,40.0,female,white_not_hispanic_or_latino,employed,in_person,71228.0,private_auto,4.0,124649.0,two,core,naics622110,single_family,undergraduate,some_college,owner,english,"3 (Tract 101, Vermilion, IL)","101 (Vermilion, IL)","Vermilion County, IL",Illinois,"1 (Tract 53, Champaign, IL)","53 (Champaign, IL)","Champaign County, IL",Illinois,4.908163265306122,8.574258760107817,9,Chicago3_mdw,"9801 (Cook, IL)",1900-01-01 11:19:54.489795918,11,3.625,UIUC1,"3.01 (Champaign, IL)",8.20038944723618,70,78.53316326530611,10,116.774648207344,133,3.0,80.58,0,1,0
13121439963163571079,"4 (Tract 6608, Cook, IL)","6608 (Cook, IL)","Cook County, IL",Illinois,"1 (Tract 8, Champaign, IL)","8 (Champaign, IL)","Champaign County, IL",Illinois,private_auto,work,social,1900-01-01 09:08:55,1900-01-01 11:18:55,130,130.1,unknown_vehicle_type,other_non_bev,,,,multi_family,multi_family,retail,retail,1148795312957993418,8104755373563571560,43.0,male,white_not_hispanic_or_latino,employed,in_person,56583.0,private_auto,2.0,56583.0,one,core,naics42,several_units,not_attending_school,some_college,renter,english,"3 (Tract 106.03, Champaign, IL)","106.03 (Champaign, IL)","Champaign County, IL",Illinois,"1 (Tract 8, Champaign, IL)","8 (Champaign, IL)","Champaign County, IL",Illinois,7.333333333333333,12.885185185185183,9,Chicago3_mdw,"9801 (Cook, IL)",1900-01-01 10:36:14.999999998,10,7.466666666666667,UIUC1,"3.01 (Champaign, IL)",12.17497435897436,70,84.8,10,125.06015954415955,130,3.0,78.05999999999999,0,1,0
18090268548572855603,"1 (Tract 8352, Cook, IL)","8352 (Cook, IL)","Cook County, IL",Illinois,"1 (Tract 9.02, Champaign, IL)","9.02 (Champaign, IL)","Champaign County, IL",Illinois,private_auto,work,shop,1900-01-01 09:10:00,1900-01-01 11:29:41,139,126.6,unknown_vehicle_type,other_non_bev,,,,retail,retail,education,education,11656419952473354544,2038550199155922445,41.0,male,white_not_hispanic_or_latino,employed,in_person,129828.0,private_auto,3.0,194743.0,two,core,naics92,single_family,not_attending_school,advanced_degree,owner,english,"3 (Tract 106.03, Champaign, IL)","106.03 (Champaign, IL)","Champaign County, IL",Illinois,"1 (Tract 9.02, Champaign, IL)","9.02 (Champaign, IL)","Champaign County, IL",Illinois,3.0,6.8957983193277315,9,Chicago3_mdw,"9801 (Cook, IL)",1900-01-01 10:33:00.000000000,10,10.636363636363637,UIUC1,"3.01 (Champaign, IL)",16.066454013822437,70,83.63636363636364,10,122.96225233315016,139,3.0,75.96,0,1,0
8090659276074274675,"1 (Tract 9801, Cook, IL)","9801 (Cook, IL)","Cook County, IL",Illinois,"1 (Tract 53, Champaign, IL)","53 (Champaign, IL)","Champaign County, IL",Illinois,private_auto,work,region_arrival,1900-01-01 14:51:00,1900-01-01 17:11:03,140,126.5,unknown_vehicle_type,other_non_bev,,,,transportation_utilities,transportation_utilities,healthcare,healthcare,2897458825596157786,780488818940657409,47.0,female,white_not_hispanic_or_latino,employed,in_person,46885.0,private_auto,4.0,122856.0,three_plus,core,naics622110,single_family,not_attending_school,some_college,owner,english,"3 (Tract 110, Vermilion, IL)","110 (Vermilion, IL)","Vermilion County, IL",Illinois,"1 (Tract 53, Champaign, IL)","53 (Champaign, IL)","Champaign County, IL",Illinois,5.041322314049586,8.63018556058007,14,Chicago3_mdw,"9801 (Cook, IL)",1900-01-01 16:16:02.479338840,16,3.7804878048780486,UIUC1,"3.01 (Champaign, IL)",8.265694325284962,70,78.82181011892763,10,116.89587988586504,140,3.0,75.89999999999999,0,1,0
11511511339591208646,"1 (Tract 9801, Cook, IL)","9801 (Cook, IL)","Cook County, IL",Illinois,"2 (Tract 110.02, Champaign, IL)","110.02 (Champaign, IL)","Champaign County, IL",Illinois,private_auto,work,region_arrival,1900-01-01 18:42:00,1900-01-01 20:55:07,133,126.2,unknown_vehicle_type,other_non_bev,,,,transportation_utilities,transportation_utilities,retail,retail,12626679448044777744,17939627537785671805,28.0,female,white_not_hispanic_or_latino,employed,in_person,48936.0,private_auto,2.0,77483.0,two,core,naics8111,single_family,not_attending_school,advanced_degree,renter,english,"3 (Tract 110.01, Champaign, IL)","110.01 (Champaign, IL)","Champaign County, IL",Illinois,"2 (Tract 110.02, Champaign, IL)","110.02 (Champaign, IL)","Champaign County, IL",Illinois,4.653846153846154,8.46744557329463,18,Chicago3_mdw,"9801 (Cook, IL)",1900-01-01 20:06:39.230769228,20,2.1333333333333333,UIUC1,"3.01 (Champaign, IL)",6.339119266055046,70,76.7871794871795,10,114.80656483934968,133,3.0,75.72,0,1,0
790012763074089515,"1 (Tract 9801, Cook, IL)","9801 (Cook, IL)","Cook County, IL",Illinois,"1 (Tract 12.03, Champaign, IL)","12.03 (Champaign, IL)","Champaign County, IL",Illinois,auto_passenger,shop,region_arrival,1900-01-01 09:35:00,1900-01-01 11:48:56,133,137.1,unknown_vehicle_type,unknown_fuel_type,,,,transportation_utilities,transportation_utilities,mixed_use,office,13762254916288313906,12002915170644255544,54.0,female,black_not_hispanic_or_latino,employed,in_person,29678.0,private_auto,2.0,58169.0,two,core,naics722511,single_family,not_attending_school,bachelors_degree,owner,english,"3 (Tract 12.01, Champaign, IL)","12.01 (Champaign, IL)","Champaign County, IL",Illinois,"2 (Tract 12.05, Champaign, IL)","12.05 (Champaign, IL)","Champaign County, IL",Illinois,4.908163265306122,8.574258760107817,9,Chicago3_mdw,"9801 (Cook, IL)",1900-01-01 10:59:54.489795918,10,8.333333333333334,UIUC1,"3.01 (Champaign, IL)",13.874744525547445,70,83.24149659863944,10,122.44900328565527,133,3.0,82.25999999999999,1,0,0
2323056979224875644,"1 (Tract 8352, Cook, IL)","8352 (Cook, IL)","Cook County, IL",Illinois,"1 (Tract 53, Champaign, IL)","53 (Champaign, IL)","Champaign County, IL",Illinois,private_auto,work,shop,1900-01-01 17:27:34,1900-01-01 19:41:53,134,126.6,unknown_vehicle_type,other_non_bev,,,,retail,retail,healthcare,healthcare,10386242947245597650,15773991717808144542,41.0,male,white_not_hispanic_or_latino,employed,in_person,47758.0,private_auto,1.0,47758.0,one,core,naics622110,single_family,undergraduate,bachelors_degree,owner,english,"3 (Tract 12.03, Champaign, IL)","12.03 (Champaign, IL)","Champaign County, IL",Illinois,"1 (Tract 53, Champaign, IL)","53 (Champaign, IL)","Champaign County, IL",Illinois,6.428571428571429,8.335798319327731,17,Chicago3_mdw,"9801 (Cook, IL)",1900-01-01 18:53:59.714285716,18,4.564102564102564,UIUC1,"3.01 (Champaign, IL)",8.594812524159257,70,80.992673992674,10,116.93061084348699,134,3.0,75.96,0,1,0
244388666199402338,"2 (Tract 6202, Cook, IL)","6202 (Cook, IL)","Cook County, IL",Illinois,"3 (Tract 12.03, Champaign, IL)","12.03 (Champaign, IL)","Champaign County, IL",Illinois,private_auto,home,social,1900-01-01 18:50:41,1900-01-01 21:09:36,138,128.9,unknown_vehicle_type,other_non_bev,,,,multi_family,multi_family,single_family,single_family,10439970898710345394,16396281934565855925,37.0,female,white_not_hispanic_or_latino,employed,in_person,43477.0,private_auto,4.0,130432.0,three_plus,core,naics62,single_family,not_attending_school,some_college,owner,english,"3 (Tract 12.03, Champaign, IL)","12.03 (Champaign, IL)","Champaign County, IL",Illinois,"2 (Tract 5, Champaign, IL)","5 (Champaign, IL)","Champaign County, IL",Illinois,1.0,6.864000000000001,18,Chicago3_mdw,"9801 (Cook, IL)",1900-01-01 20:11:41.000000000,20,9.666666666666666,UIUC1,"3.01 (Champaign, IL)",14.434744525547444,70,80.66666666666667,10,121.29874452554745,138,3.0,77.34,1,0,0
14179870472685930522,"1 (Tract 9801, Cook, IL)","9801 (Cook, IL)","Cook County, IL",Illinois,"1 (Tract 59.02, Champaign, IL)","59.02 (Champaign, IL)","Champaign County, IL",Illinois,private_auto,other_activity_type,region_arrival,1900-01-01 13:11:00,1900-01-01 15:26:09,135,134.1,unknown_vehicle_type,other_non_bev,,,,transportation_utilities,transportation_utilities,education,education,6861673229727526830,3753647622422757776,32.0,female,asian_not_hispanic_or_latino,employed,in_person,53180.0,private_auto,2.0,53180.0,two,core,naics61,multiple_units,graduate,advanced_degree,renter,asian_pacific,"3 (Tract 14, Champaign, IL)","14 (Champaign, IL)","Champaign County, IL",Illinois,"2 (Tract 59.02, Champaign, IL)","59.02 (Champaign, IL)","Champaign County, IL",Illinois,5.015151515151516,8.619193825042881,13,Chicago3_mdw,"9801 (Cook, IL)",1900-01-01 14:36:00.909090912,14,2.1451612903225805,UIUC1,"3.01 (Champaign, IL)",6.033936377967577,70,77.16031280547409,10,114.65313020301046,135,3.0,80.46,0,1,0
6253650090769218833,"1 (Tract 9801, Cook, IL)","9801 (Cook, IL)","Cook County, IL",Illinois,"1 (Tract 55, Champaign, IL)","55 (Champaign, IL)","Champaign County, IL",Illinois,private_auto,work,region_arrival,1900-01-01 11:54:00,1900-01-01 14:10:15,136,137.4,unknown_vehicle_type,other_non_bev,,,,transportation_utilities,transportation_utilities,retail,retail,13347891347699857316,10906730926907240167,39.0,male,white_not_hispanic_or_latino,employed,in_person,29678.0,private_auto,1.0,29678.0,one,core,naics44_45,single_family,not_attending_school,some_college,owner,english,"3 (Tract 54.02, Champaign, IL)","54.02 (Champaign, IL)","Champaign County, IL",Illinois,"1 (Tract 55, Champaign, IL)","55 (Champaign, IL)","Champaign County, IL",Illinois,4.945945945945946,8.590127485976542,11,Chicago3_mdw,"9801 (Cook, IL)",1900-01-01 13:18:56.756756754,13,6.6,UIUC1,"3.01 (Champaign, IL)",10.99957396449704,70,81.54594594594595,10,119.58970145047358,136,3.0,82.44,1,0,0
17244728148212516107,"1 (Tract 9801, Cook, IL)","9801 (Cook, IL)","Cook County, IL",Illinois,"1 (Tract 13.02, Champaign, IL)","13.02 (Champaign, IL)","Champaign County, IL",Illinois,private_auto,other_activity_type,other_activity_type,1900-01-01 10:33:35,1900-01-01 12:53:13,139,132.6,,,,,,transportation_utilities,transportation_utilities,mixed_use,education,9565907950475961848,15685364639346281665,42.0,male,white_not_hispanic_or_latino,employed,in_person,668549.0,private_auto,7.0,668549.0,three_plus,core,naics62,single_family,not_attending_school,advanced_degree,owner,english,"3 (Tract 54.02, Champaign, IL)","54.02 (Champaign, IL)","Champaign County, IL",Illinois,"2 (Tract 5, Champaign, IL)","5 (Champaign, IL)","Champaign County, IL",Illinois,5.180851063829787,8.688787635487756,10,Chicago3_mdw,"9801 (Cook, IL)",1900-01-01 11:58:45.851063828,11,7.4,UIUC1,"3.01 (Champaign, IL)",12.61131950207469,70,82.5808510638298,10,121.30010713756245,139,3.0,79.55999999999999,0,0,1
2748663849034166850,"1 (Tract 9801, Cook, IL)","9801 (Cook, IL)","Cook County, IL",Illinois,"3 (Tract 54.01, Champaign, IL)","54.01 (Champaign, IL)","Champaign County, IL",Illinois,auto_passenger,work,region_arrival,1900-01-01 15:05:00,1900-01-01 17:23:21,138,135.7,unknown_vehicle_type,unknown_fuel_type,,,,transportation_utilities,transportation_utilities,mixed_use,industrial,9720711846739064321,3687408483100365632,61.0,male,white_not_hispanic_or_latino,employed,in_person,75971.0,private_auto,4.0,439549.0,two,core,naics31_33,single_family,not_attending_school,some_college,owner,english,"3 (Tract 55, Champaign, IL)","55 (Champaign, IL)","Champaign County, IL",Illinois,"3 (Tract 54.01, Champaign, IL)","54.01 (Champaign, IL)","Champaign County, IL",Illinois,5.063291139240507,8.639412467160257,15,Chicago3_mdw,"9801 (Cook, IL)",1900-01-01 16:30:03.797468352,16,5.791666666666667,UIUC1,"3.01 (Champaign, IL)",10.519836683417086,70,80.85495780590718,10,119.15924915057734,138,3.0,81.41999999999999,0,1,0
14603963949039736356,"3 (Tract 6501, Cook, IL)","6501 (Cook, IL)","Cook County, IL",Illinois,"2 (Tract 8, Champaign, IL)","8 (Champaign, IL)","Champaign County, IL",Illinois,private_auto,social,home,1900-01-01 07:12:00,1900-01-01 09:34:44,142,132.4,unknown_vehicle_type,other_non_bev,,,,single_family,single_family,single_family,single_family,15629901223618252069,11913809086649008779,26.0,male,hispanic_or_latino_origin,employed,in_person,4775.0,private_auto,5.0,13891.0,three_plus,core,naics31_33,single_family,not_attending_school,bachelors_degree,owner,spanish,"3 (Tract 6501, Cook, IL)","6501 (Cook, IL)","Cook County, IL",Illinois,"2 (Tract 8202.02, Cook, IL)","8202.02 (Cook, IL)","Cook County, IL",Illinois,4.0,9.011111111111111,7,Chicago3_mdw,"9801 (Cook, IL)",1900-01-01 08:36:00.000000000,8,6.5,UIUC1,"3.01 (Champaign, IL)",11.768974358974358,70,80.5,10,120.78008547008547,142,3.0,79.44,1,0,0
8056226323432250109,"3 (Tract 6606, Cook, IL)","6606 (Cook, IL)","Cook County, IL",Illinois,"2 (Tract 59.02, Champaign, IL)","59.02 (Champaign, IL)","Champaign County, IL",Illinois,private_auto,shop,home,1900-01-01 19:19:00,1900-01-01 21:29:25,130,128.2,unknown_vehicle_type,other_non_bev,,,,multi_family,multi_family,retail,retail,10724761890624311978,14123152522829583498,26.0,female,hispanic_or_latino_origin,employed,in_person,68839.0,private_auto,1.0,68839.0,one,core,naics31_33,several_units,not_attending_school,bachelors_degree,owner,spanish,"3 (Tract 6606, Cook, IL)","6606 (Cook, IL)","Cook County, IL",Illinois,"1 (Tract 6202, Cook, IL)","6202 (Cook, IL)","Cook County, IL",Illinois,6.5,12.55,19,Chicago3_mdw,"9801 (Cook, IL)",1900-01-01 20:45:30.000000000,20,1.625,UIUC1,"3.01 (Champaign, IL)",5.815468636032094,70,78.125,10,118.36546863603209,130,3.0,76.91999999999999,0,1,0
6426518983678823360,"3 (Tract 6608, Cook, IL)","6608 (Cook, IL)","Cook County, IL",Illinois,"2 (Tract 14, Champaign, IL)","14 (Champaign, IL)","Champaign County, IL",Illinois,private_auto,recreation,home,1900-01-01 11:43:00,1900-01-01 13:55:53,132,135.7,unknown_vehicle_type,other_non_bev,,,,multi_family,multi_family,office,office,17791854388476227010,6285076131740377403,40.0,male,hispanic_or_latino_origin,employed,in_person,100906.0,private_auto,1.0,100906.0,one,core,naics44_45,several_units,not_attending_school,high_school,renter,spanish,"3 (Tract 6608, Cook, IL)","6608 (Cook, IL)","Cook County, IL",Illinois,"1 (Tract 8391, Cook, IL)","8391 (Cook, IL)","Cook County, IL",Illinois,9.0,13.585185185185185,11,Chicago3_mdw,"9801 (Cook, IL)",1900-01-01 13:12:00.000000000,13,3.213483146067416,UIUC1,"3.01 (Champaign, IL)",7.558190646013707,70,82.21348314606742,10,121.1433758311989,132,3.0,81.41999999999999,0,1,0
4146523806677380643,"3 (Tract 6611, Cook, IL)","6611 (Cook, IL)","Cook County, IL",Illinois,"1 (Tract 13.01, Champaign, IL)","13.01 (Champaign, IL)","Champaign County, IL",Illinois,private_auto,shop,shop,1900-01-01 17:24:13,1900-01-01 19:41:51,137,135.5,unknown_vehicle_type,other_non_bev,,,,retail,retail,retail,retail,1336949959859187628,16602423858683319014,43.0,male,hispanic_or_latino_origin,employed,in_person,59691.0,private_auto,2.0,75971.0,two,core,naics44_45,several_units,not_attending_school,high_school,owner,spanish,"3 (Tract 6609, Cook, IL)","6609 (Cook, IL)","Cook County, IL",Illinois,"1 (Tract 8391, Cook, IL)","8391 (Cook, IL)","Cook County, IL",Illinois,8.25,14.781470588235294,17,Chicago3_mdw,"9801 (Cook, IL)",1900-01-01 18:52:28.000000000,18,4.880597014925373,UIUC1,"3.01 (Champaign, IL)",9.709658899745873,70,83.13059701492537,10,124.49112948798117,137,3.0,81.3,0,1,0
7715201342443963705,"2 (Tract 631, Cook, IL)","631 (Cook, IL)","Cook County, IL",Illinois,"1 (Tract 58, Champaign, IL)","58 (Champaign, IL)","Champaign County, IL",Illinois,auto_passenger,maintenance,social,1900-01-01 16:47:00,1900-01-01 19:33:39,166,139.0,unknown_vehicle_type,unknown_fuel_type,,,,multi_family,multi_family,office,office,17714057560791708771,16074877778886444026,40.0,female,asian_not_hispanic_or_latino,employed,in_person,44497.0,private_auto,5.0,242457.0,two,core,naics622110,single_family,not_attending_school,bachelors_degree,owner,asian_pacific,"3 (Tract 8084, Cook, IL)","8084 (Cook, IL)","Cook County, IL",Illinois,"2 (Tract 402.01, Cook, IL)","402.01 (Cook, IL)","Cook County, IL",Illinois,31.59375,41.521375000000006,16,Chicago3_mdw,"9801 (Cook, IL)",1900-01-01 18:38:35.625000000,18,3.5,UIUC1,"3.01 (Champaign, IL)",7.653566265060241,70,105.09375,10,149.17494126506026,166,3.0,83.39999999999999,1,0,0
12720590969960212927,"2 (Tract 7207, Cook, IL)","7207 (Cook, IL)","Cook County, IL",Illinois,"1 (Tract 4.01, Champaign, IL)","4.01 (Champaign, IL)","Champaign County, IL",Illinois,private_auto,eat,maintenance,1900-01-01 08:39:00,1900-01-01 10:36:47,117,121.6,unknown_vehicle_type,other_non_bev,,,,retail,retail,retail,retail,3650075447709282846,13356370374716363080,73.0,female,black_not_hispanic_or_latino,employed,in_person,39612.0,private_auto,2.0,39612.0,one,core,naics71,single_family,not_attending_school,high_school,owner,english,"4 (Tract 101, Lake, IN)","101 (Lake, IN)","Lake County, IN",Indiana,"4 (Tract 203, Lake, IN)","203 (Lake, IN)","Lake County, IN",Indiana,21.5,29.61923076923077,8,Chicago3_mdw,"9801 (Cook, IL)",1900-01-01 10:20:30.000000000,10,1.0571428571428572,UIUC1,"3.01 (Champaign, IL)",5.02230806065443,70,92.55714285714286,10,134.6415388298852,117,3.0,72.96,1,0,0
9487687599553763067,"1 (Tract 9801, Cook, IL)","9801 (Cook, IL)","Cook County, IL",Illinois,"1 (Tract 3.01, Champaign, IL)","3.01 (Champaign, IL)","Champaign County, IL",Illinois,private_auto,work,region_arrival,1900-01-01 14:02:00,1900-01-01 16:18:42,136,134.0,unknown_vehicle_type,other_non_bev,,,,transportation_utilities,transportation_utilities,education,education,1652142500163683795,10918745504201799845,21.0,male,hispanic_or_latino_origin,employed,in_person,56073.0,private_auto,1.0,56073.0,one,core,naics31_33,single_family,not_attending_school,high_school,renter,spanish,"4 (Tract 102, Vermilion, IL)","102 (Vermilion, IL)","Vermilion County, IL",Illinois,"1 (Tract 102, Vermilion, IL)","102 (Vermilion, IL)","Vermilion County, IL",Illinois,5.041322314049586,8.63018556058007,14,Chicago3_mdw,"9801 (Cook, IL)",1900-01-01 15:27:02.479338840,15,0.958904109589041,UIUC1,"3.01 (Champaign, IL)",4.979922006346933,70,76.00022642363862,10,113.61010756692701,136,3.0,80.39999999999999,0,1,0
2914814599368211312,"3 (Tract 7111, Cook, IL)","7111 (Cook, IL)","Cook County, IL",Illinois,"1 (Tract 53, Champaign, IL)","53 (Champaign, IL)","Champaign County, IL",Illinois,private_auto,work,social,1900-01-01 15:47:20,1900-01-01 17:50:59,123,124.0,unknown_vehicle_type,other_non_bev,,,,single_family,single_family,industrial,industrial,525393282163199009,15524838812224179281,22.0,female,white_not_hispanic_or_latino,employed,in_person,1854.0,private_auto,5.0,107340.0,three_plus,core,naics61,single_family,not_attending_school,bachelors_degree,owner,english,"4 (Tract 107.02, Champaign, IL)","107.02 (Champaign, IL)","Champaign County, IL",Illinois,"1 (Tract 53, Champaign, IL)","53 (Champaign, IL)","Champaign County, IL",Illinois,17.0,23.895652173913042,15,Chicago3_mdw,"9801 (Cook, IL)",1900-01-01 17:24:20.000000000,17,3.865384615384616,UIUC1,"3.01 (Champaign, IL)",8.301350985697718,70,90.86538461538461,10,132.19700315961077,123,3.0,74.39999999999999,1,0,0
3075284874495192586,"3 (Tract 6609, Cook, IL)","6609 (Cook, IL)","Cook County, IL",Illinois,"1 (Tract 9.02, Champaign, IL)","9.02 (Champaign, IL)","Champaign County, IL",Illinois,private_auto,work,recreation,1900-01-01 11:49:04,1900-01-01 13:59:47,130,127.5,unknown_vehicle_type,other_non_bev,,,,office,office,office,office,9195259266657031836,3670957313640019978,50.0,male,two_races_not_hispanic_or_latino,employed,in_person,64229.0,private_auto,3.0,76463.0,three_plus,core,naics2389,single_family,not_attending_school,high_school,owner,english,"4 (Tract 108, Vermilion, IL)","108 (Vermilion, IL)","Vermilion County, IL",Illinois,"1 (Tract 9.02, Champaign, IL)","9.02 (Champaign, IL)","Champaign County, IL",Illinois,9.25,14.398333333333333,11,Chicago3_mdw,"9801 (Cook, IL)",1900-01-01 13:18:19.000000000,13,11.306122448979592,UIUC1,"3.01 (Champaign, IL)",16.347752715121135,70,90.5561224489796,10,130.7460860484545,130,3.0,76.5,0,1,0
6522786551193760131,"4 (Tract 8428, Cook, IL)","8428 (Cook, IL)","Cook County, IL",Illinois,"2 (Tract 59.02, Champaign, IL)","59.02 (Champaign, IL)","Champaign County, IL",Illinois,private_auto,work,shop,1900-01-01 12:25:29,1900-01-01 14:42:34,137,134.5,unknown_vehicle_type,other_non_bev,,,,retail,retail,retail,retail,3344264851343633894,7935662310188906782,22.0,male,asian_not_hispanic_or_latino,employed,in_person,13023.0,private_auto,2.0,17364.0,two,core,naics53,multiple_units,not_attending_school,bachelors_degree,renter,english,"4 (Tract 53, Champaign, IL)","53 (Champaign, IL)","Champaign County, IL",Illinois,"2 (Tract 59.02, Champaign, IL)","59.02 (Champaign, IL)","Champaign County, IL",Illinois,13.0,15.489999999999998,12,Chicago3_mdw,"9801 (Cook, IL)",1900-01-01 13:58:29.000000000,13,2.1359223300970878,UIUC1,"3.01 (Champaign, IL)",6.03005601467287,70,85.13592233009709,10,121.52005601467286,137,3.0,80.7,1,0,0
959217141119503050,"1 (Tract 9801, Cook, IL)","9801 (Cook, IL)","Cook County, IL",Illinois,"4 (Tract 55, Champaign, IL)","55 (Champaign, IL)","Champaign County, IL",Illinois,private_auto,home,region_arrival,1900-01-01 10:36:00,1900-01-01 12:53:21,137,136.9,unknown_vehicle_type,other_non_bev,,,,transportation_utilities,transportation_utilities,single_family,single_family,16418705067792553796,3642531516137107821,24.0,female,white_not_hispanic_or_latino,employed,in_person,39760.0,auto_passenger,2.0,103515.0,two,core,naics56,single_family,not_attending_school,some_college,owner,english,"4 (Tract 55, Champaign, IL)","55 (Champaign, IL)","Champaign County, IL",Illinois,"1 (Tract 111, Champaign, IL)","111 (Champaign, IL)","Champaign County, IL",Illinois,5.180851063829787,8.688787635487756,10,Chicago3_mdw,"9801 (Cook, IL)",1900-01-01 12:01:10.851063828,12,6.090909090909091,UIUC1,"3.01 (Champaign, IL)",10.785755782678859,70,81.27176015473889,10,119.47454341816662,137,3.0,82.14,1,0,0
12233543405993957037,"4 (Tract 6605, Cook, IL)","6605 (Cook, IL)","Cook County, IL",Illinois,"3 (Tract 8, Champaign, IL)","8 (Champaign, IL)","Champaign County, IL",Illinois,private_auto,eat,home,1900-01-01 12:47:00,1900-01-01 14:57:25,130,126.8,unknown_vehicle_type,other_non_bev,,,,single_family,single_family,retail,retail,1491655548191498841,12949072309294127717,36.0,male,hispanic_or_latino_origin,employed,in_person,30022.0,private_auto,5.0,50076.0,two,core,naics441110,single_family,not_attending_school,k_12,renter,spanish,"4 (Tract 6605, Cook, IL)","6605 (Cook, IL)","Cook County, IL",Illinois,"2 (Tract 8202.02, Cook, IL)","8202.02 (Cook, IL)","Cook County, IL",Illinois,8.125,12.816500000000001,12,Chicago3_mdw,"9801 (Cook, IL)",1900-01-01 14:15:07.500000000,14,7.428571428571429,UIUC1,"3.01 (Champaign, IL)",12.158974358974358,70,85.55357142857143,10,124.97547435897437,130,3.0,76.08,1,0,0
15531398998338714403,"3 (Tract 6609, Cook, IL)","6609 (Cook, IL)","Cook County, IL",Illinois,"1 (Tract 53, Champaign, IL)","53 (Champaign, IL)","Champaign County, IL",Illinois,private_auto,work,recreation,1900-01-01 10:51:00,1900-01-01 13:04:51,133,128.2,unknown_vehicle_type,other_non_bev,,,,office,office,healthcare,healthcare,17852486153427464178,8471840075272498592,62.0,female,white_not_hispanic_or_latino,employed,in_person,71366.0,private_auto,1.0,71366.0,one,core,naics622110,mobile,not_attending_school,bachelors_degree,owner,english,"4 (Tract 8, Champaign, IL)","8 (Champaign, IL)","Champaign County, IL",Illinois,"1 (Tract 53, Champaign, IL)","53 (Champaign, IL)","Champaign County, IL",Illinois,9.75,14.608333333333334,10,Chicago3_mdw,"9801 (Cook, IL)",1900-01-01 12:20:45.000000000,12,4.0,UIUC1,"3.01 (Champaign, IL)",8.35788944723618,70,83.75,10,122.96622278056951,133,3.0,76.91999999999999,0,1,0
4832694152784159456,"3 (Tract 6505, Cook, IL)","6505 (Cook, IL)","Cook County, IL",Illinois,"4 (Tract 8, Champaign, IL)","8 (Champaign, IL)","Champaign County, IL",Illinois,auto_passenger,home,shop,1900-01-01 21:12:00,1900-01-01 23:15:52,123,122.0,unknown_vehicle_type,unknown_fuel_type,,,,mixed_use,retail,single_family,single_family,3380691078261316637,4970728596662264538,48.0,female,asian_not_hispanic_or_latino,employed,in_person,85639.0,private_auto,4.0,151092.0,two,core,naics621492,single_family,not_attending_school,bachelors_degree,owner,asian_pacific,"4 (Tract 8, Champaign, IL)","8 (Champaign, IL)","Champaign County, IL",Illinois,"1 (Tract 8459.02, DuPage, IL)","8459.02 (DuPage, IL)","DuPage County, IL",Illinois,5.666666666666667,10.974153846153843,21,Chicago3_mdw,"9801 (Cook, IL)",1900-01-01 22:37:40.000000002,22,7.142857142857143,UIUC1,"3.01 (Champaign, IL)",12.03897435897436,70,82.80952380952381,10,123.0131282051282,123,3.0,73.2,0,1,0
7071621864026822460,"1 (Tract 5003, Cook, IL)","5003 (Cook, IL)","Cook County, IL",Illinois,"1 (Tract 111, Champaign, IL)","111 (Champaign, IL)","Champaign County, IL",Illinois,private_auto,work,social,1900-01-01 09:03:06,1900-01-01 11:21:20,138,130.0,unknown_vehicle_type,other_non_bev,,,,multi_family,multi_family,civic_institutional,civic_institutional,10169621292227908037,1888350713098674676,36.0,female,white_not_hispanic_or_latino,employed,in_person,124649.0,private_auto,3.0,213685.0,two,core,naics922120,single_family,not_attending_school,some_college,owner,english,"5 (Tract 56.01, Champaign, IL)","56.01 (Champaign, IL)","Champaign County, IL",Illinois,"1 (Tract 111, Champaign, IL)","111 (Champaign, IL)","Champaign County, IL",Illinois,23.0,37.61333333333333,9,Chicago3_mdw,"9801 (Cook, IL)",1900-01-01 10:46:06.000000000,10,2.210526315789474,UIUC1,"3.01 (Champaign, IL)",6.7484210526315795,70,95.21052631578948,10,144.36175438596493,138,3.0,78.0,0,1,0
1816454707613620623,"1 (Tract 9801, Cook, IL)","9801 (Cook, IL)","Cook County, IL",Illinois,"5 (Tract 58, Champaign, IL)","58 (Champaign, IL)","Champaign County, IL",Illinois,auto_passenger,home,region_arrival,1900-01-01 13:11:00,1900-01-01 15:28:50,137,136.0,unknown_vehicle_type,unknown_fuel_type,,,,transportation_utilities,transportation_utilities,single_family,single_family,5441022027905332730,2132923021251124574,64.0,male,white_not_hispanic_or_latino,employed,in_person,157586.0,private_auto,1.0,157586.0,one,core,naics48_49,single_family,not_attending_school,bachelors_degree,owner,english,"5 (Tract 58, Champaign, IL)","58 (Champaign, IL)","Champaign County, IL",Illinois,"2 (Tract 58, Champaign, IL)","58 (Champaign, IL)","Champaign County, IL",Illinois,5.015151515151516,8.619193825042881,13,Chicago3_mdw,"9801 (Cook, IL)",1900-01-01 14:36:00.909090912,14,3.863636363636364,UIUC1,"3.01 (Champaign, IL)",7.806293537787513,70,78.87878787878788,10,116.4254873628304,137,3.0,81.6,0,0,1
1906585929523790779,"1 (Tract 6603.01, Cook, IL)","6603.01 (Cook, IL)","Cook County, IL",Illinois,"5 (Tract 58, Champaign, IL)","58 (Champaign, IL)","Champaign County, IL",Illinois,private_auto,home,eat,1900-01-01 21:15:39,1900-01-01 23:27:25,131,130.1,unknown_vehicle_type,other_non_bev,,,,retail,retail,single_family,single_family,6693446674640051869,7931777658104168512,56.0,male,white_not_hispanic_or_latino,employed,in_person,142732.0,private_auto,2.0,142732.0,one,core,naics61,single_family,not_attending_school,advanced_degree,owner,english,"5 (Tract 58, Champaign, IL)","58 (Champaign, IL)","Champaign County, IL",Illinois,"1 (Tract 112, Vermilion, IL)","112 (Vermilion, IL)","Vermilion County, IL",Illinois,6.5,12.038,21,Chicago3_mdw,"9801 (Cook, IL)",1900-01-01 22:42:09.000000000,22,3.272727272727273,UIUC1,"3.01 (Champaign, IL)",7.558111719605695,70,79.77272727272727,10,119.59611171960569,131,3.0,78.05999999999999,0,1,0
23973705672413436,"1 (Tract 9801, Cook, IL)","9801 (Cook, IL)","Cook County, IL",Illinois,"1 (Tract 12.05, Champaign, IL)","12.05 (Champaign, IL)","Champaign County, IL",Illinois,private_auto,home,region_arrival,1900-01-01 12:54:00,1900-01-01 15:13:16,139,140.2,unknown_vehicle_type,other_non_bev,,,,transportation_utilities,transportation_utilities,single_family,single_family,12288644995935112384,10665791906846222677,40.0,female,asian_not_hispanic_or_latino,employed,remote,13330.0,worked_from_home,4.0,152548.0,two,core,naics54,single_family,not_attending_school,advanced_degree,owner,asian_pacific,"1 (Tract 12.05, Champaign, IL)","12.05 (Champaign, IL)","Champaign County, IL",Illinois,"1 (Tract 12.05, Champaign, IL)","12.05 (Champaign, IL)","Champaign County, IL",Illinois,5.0608108108108105,8.638370729219785,12,Chicago3_mdw,"9801 (Cook, IL)",1900-01-01 14:19:03.648648648,14,12.857142857142858,UIUC1,"3.01 (Champaign, IL)",18.893816425120775,70,87.91795366795367,10,127.53218715434056,139,3.0,84.11999999999999,1,0,0
11271565116969626009,"1 (Tract 9801, Cook, IL)","9801 (Cook, IL)","Cook County, IL",Illinois,"1 (Tract 12.05, Champaign, IL)","12.05 (Champaign, IL)","Champaign County, IL",Illinois,private_auto,home,region_arrival,1900-01-01 15:45:00,1900-01-01 18:05:42,140,140.0,unknown_vehicle_type,other_non_bev,,,,transportation_utilities,transportation_utilities,single_family,single_family,13347773719008551933,17341180810188669502,47.0,male,asian_not_hispanic_or_latino,employed,remote,115211.0,worked_from_home,3.0,185253.0,two,core,naics61,single_family,not_attending_school,advanced_degree,owner,asian_pacific,"1 (Tract 12.05, Champaign, IL)","12.05 (Champaign, IL)","Champaign County, IL",Illinois,"1 (Tract 12.05, Champaign, IL)","12.05 (Champaign, IL)","Champaign County, IL",Illinois,5.063291139240507,8.639412467160257,15,Chicago3_mdw,"9801 (Cook, IL)",1900-01-01 17:10:03.797468352,17,12.653846153846152,UIUC1,"3.01 (Champaign, IL)",18.80843180973616,70,87.71713729308665,10,127.44784427689642,140,3.0,84.0,0,1,0
11738221256656107522,"1 (Tract 9801, Cook, IL)","9801 (Cook, IL)","Cook County, IL",Illinois,"1 (Tract 12.03, Champaign, IL)","12.03 (Champaign, IL)","Champaign County, IL",Illinois,private_auto,social,region_arrival,1900-01-01 12:55:00,1900-01-01 15:11:18,136,135.4,unknown_vehicle_type,other_non_bev,,,,transportation_utilities,transportation_utilities,single_family,single_family,7272801555049993258,8946256048048519318,52.0,female,white_not_hispanic_or_latino,employed,remote,37551.0,worked_from_home,3.0,95072.0,two,core,naics541940,single_family,not_attending_school,advanced_degree,owner,english,"2 (Tract 107.01, Champaign, IL)","107.01 (Champaign, IL)","Champaign County, IL",Illinois,"2 (Tract 107.01, Champaign, IL)","107.01 (Champaign, IL)","Champaign County, IL",Illinois,5.0608108108108105,8.638370729219785,12,Chicago3_mdw,"9801 (Cook, IL)",1900-01-01 14:20:03.648648648,14,7.8,UIUC1,"3.01 (Champaign, IL)",13.650744525547445,70,82.8608108108108,10,122.28911525476724,136,3.0,81.24,1,0,0
18149153998839275358,"3 (Tract 7110, Cook, IL)","7110 (Cook, IL)","Cook County, IL",Illinois,"2 (Tract 14, Champaign, IL)","14 (Champaign, IL)","Champaign County, IL",Illinois,private_auto,home,social,1900-01-01 22:09:41,1900-01-01 00:12:51,123,125.7,unknown_vehicle_type,other_non_bev,,,,single_family,single_family,education,education,15104141382184558448,13534250566728200665,18.0,male,asian_not_hispanic_or_latino,employed,remote,314.0,worked_from_home,1.0,0.0,unknown_num_vehicles,core,naics72,GQ_structure,undergraduate,high_school,GQ,GQ_language,"2 (Tract 14, Champaign, IL)","14 (Champaign, IL)","Champaign County, IL",Illinois,"2 (Tract 14, Champaign, IL)","14 (Champaign, IL)","Champaign County, IL",Illinois,16.0,24.54,22,Chicago3_mdw,"9801 (Cook, IL)",1900-01-01 23:45:41.000000000,23,4.357142857142857,UIUC1,"3.01 (Champaign, IL)",8.038527724665391,70,90.35714285714286,10,132.57852772466538,123,3.0,75.42,1,0,0
10023358260982004817,"3 (Tract 6715, Cook, IL)","6715 (Cook, IL)","Cook County, IL",Illinois,"2 (Tract 59.02, Champaign, IL)","59.02 (Champaign, IL)","Champaign County, IL",Illinois,auto_passenger,recreation,shop,1900-01-01 17:53:20,1900-01-01 20:00:38,127,126.7,unknown_vehicle_type,unknown_fuel_type,,,,retail,retail,non_retail_attraction,non_retail_attraction,8691257905009346777,14320842630163719417,18.0,female,white_not_hispanic_or_latino,employed,remote,2713.0,worked_from_home,1.0,0.0,unknown_num_vehicles,core,naics722511,GQ_structure,undergraduate,some_college,GQ,GQ_language,"2 (Tract 4.01, Champaign, IL)","4.01 (Champaign, IL)","Champaign County, IL",Illinois,"2 (Tract 4.01, Champaign, IL)","4.01 (Champaign, IL)","Champaign County, IL",Illinois,12.046875,19.253020833333334,17,Chicago3_mdw,"9801 (Cook, IL)",1900-01-01 19:25:22.812500000,19,1.9438202247191008,UIUC1,"3.01 (Champaign, IL)",5.9493731304141155,70,83.9906952247191,10,125.20239396374745,127,3.0,76.02,1,0,0
7561332748972339389,"2 (Tract 4108, Cook, IL)","4108 (Cook, IL)","Cook County, IL",Illinois,"3 (Tract 5, Champaign, IL)","5 (Champaign, IL)","Champaign County, IL",Illinois,auto_passenger,social,home,1900-01-01 07:14:00,1900-01-01 09:23:08,129,132.3,unknown_vehicle_type,unknown_fuel_type,,,,multi_family,multi_family,single_family,single_family,11744495918392203615,16101297502415677341,22.0,female,white_not_hispanic_or_latino,employed,remote,12519.0,worked_from_home,2.0,75115.0,zero,core,naics54,multiple_units,graduate,bachelors_degree,renter,english,"2 (Tract 4108, Cook, IL)","4108 (Cook, IL)","Cook County, IL",Illinois,"1 (Tract 4108, Cook, IL)","4108 (Cook, IL)","Cook County, IL",Illinois,18.0,26.431428571428572,7,Chicago3_mdw,"9801 (Cook, IL)",1900-01-01 08:52:00.000000000,8,2.4545454545454546,UIUC1,"3.01 (Champaign, IL)",6.874012539184954,70,90.45454545454545,10,133.30544111061351,129,3.0,79.38000000000001,1,0,0
17720304561454493052,"3 (Tract 7004.01, Cook, IL)","7004.01 (Cook, IL)","Cook County, IL",Illinois,"3 (Tract 7, Champaign, IL)","7 (Champaign, IL)","Champaign County, IL",Illinois,private_auto,shop,shop,1900-01-01 10:59:00,1900-01-01 13:02:44,123,122.4,unknown_vehicle_type,other_non_bev,,,,retail,retail,retail,retail,18266365009081445019,3031171106391417676,19.0,female,black_not_hispanic_or_latino,employed,remote,8072.0,worked_from_home,5.0,144712.0,three_plus,core,naics611110,single_family,undergraduate,some_college,owner,english,"2 (Tract 5304, Cook, IL)","5304 (Cook, IL)","Cook County, IL",Illinois,"1 (Tract 5304, Cook, IL)","5304 (Cook, IL)","Cook County, IL",Illinois,12.25,16.968809523809522,10,Chicago3_mdw,"9801 (Cook, IL)",1900-01-01 12:31:15.000000000,12,4.625,UIUC1,"3.01 (Champaign, IL)",9.161049222797928,70,86.875,10,126.12985874660745,123,3.0,73.44,1,0,0
7596893376849624347,"2 (Tract 5304, Cook, IL)","5304 (Cook, IL)","Cook County, IL",Illinois,"1 (Tract 9.01, Champaign, IL)","9.01 (Champaign, IL)","Champaign County, IL",Illinois,private_auto,shop,home,1900-01-01 08:25:00,1900-01-01 10:17:28,112,118.6,unknown_vehicle_type,other_non_bev,,,,single_family,single_family,retail,retail,6246346169676108660,9912000578995678177,45.0,female,black_not_hispanic_or_latino,employed,remote,60777.0,worked_from_home,6.0,193401.0,three_plus,core,naics62,single_family,not_attending_school,some_college,owner,english,"2 (Tract 5304, Cook, IL)","5304 (Cook, IL)","Cook County, IL",Illinois,"2 (Tract 5304, Cook, IL)","5304 (Cook, IL)","Cook County, IL",Illinois,28.0,37.06,8,Chicago3_mdw,"9801 (Cook, IL)",1900-01-01 10:13:00.000000000,10,6.5,UIUC1,"3.01 (Champaign, IL)",11.787685950413223,70,104.5,10,148.84768595041322,112,3.0,71.16,0,1,0
2084194235400048774,"2 (Tract 6112, Cook, IL)","6112 (Cook, IL)","Cook County, IL",Illinois,"2 (Tract 3.01, Champaign, IL)","3.01 (Champaign, IL)","Champaign County, IL",Illinois,auto_passenger,shop,home,1900-01-01 08:28:00,1900-01-01 10:37:17,129,131.3,unknown_vehicle_type,unknown_fuel_type,,,,multi_family,multi_family,retail,retail,11069099737063500948,16923992930314792737,44.0,female,white_not_hispanic_or_latino,employed,remote,91786.0,worked_from_home,1.0,91786.0,zero,core,naics56,multiple_units,not_attending_school,bachelors_degree,renter,english,"2 (Tract 6112, Cook, IL)","6112 (Cook, IL)","Cook County, IL",Illinois,"3 (Tract 4109, Cook, IL)","4109 (Cook, IL)","Cook County, IL",Illinois,13.375,18.22607142857143,8,Chicago3_mdw,"9801 (Cook, IL)",1900-01-01 10:01:22.500000000,10,0.927536231884058,UIUC1,"3.01 (Champaign, IL)",4.9667474977108395,70,84.30253623188406,10,123.19281892628227,129,3.0,78.78,0,1,0
696835059323432401,"3 (Tract 7003.02, Cook, IL)","7003.02 (Cook, IL)","Cook County, IL",Illinois,"1 (Tract 10, Champaign, IL)","10 (Champaign, IL)","Champaign County, IL",Illinois,private_auto,eat,shop,1900-01-01 10:06:32,1900-01-01 12:12:41,126,125.0,,,,,,retail,retail,retail,retail,6111823652003459901,4905778248484070563,52.0,male,hispanic_or_latino_origin,employed,remote,68374.0,worked_from_home,5.0,121554.0,two,core,naics48_49,single_family,not_attending_school,k_12,owner,spanish,"2 (Tract 7003.02, Cook, IL)","7003.02 (Cook, IL)","Cook County, IL",Illinois,"3 (Tract 7003.02, Cook, IL)","7003.02 (Cook, IL)","Cook County, IL",Illinois,12.666666666666666,16.5608,10,Chicago3_mdw,"9801 (Cook, IL)",1900-01-01 11:39:12.000000002,11,6.615384615384615,UIUC1,"3.01 (Champaign, IL)",11.177128205128204,70,89.28205128205128,10,127.7379282051282,126,3.0,75.0,0,1,0
1197414802137566765,"2 (Tract 7003.02, Cook, IL)","7003.02 (Cook, IL)","Cook County, IL",Illinois,"5 (Tract 12.01, Champaign, IL)","12.01 (Champaign, IL)","Champaign County, IL",Illinois,private_auto,eat,home,1900-01-01 10:03:00,1900-01-01 12:07:51,124,125.4,unknown_vehicle_type,other_non_bev,,,,single_family,single_family,retail,retail,13194233158680523414,15013459471317072745,28.0,female,hispanic_or_latino_origin,employed,remote,72172.0,worked_from_home,3.0,175277.0,two,core,naics61,single_family,not_attending_school,bachelors_degree,owner,spanish,"2 (Tract 7003.02, Cook, IL)","7003.02 (Cook, IL)","Cook County, IL",Illinois,"1 (Tract 8209.01, Cook, IL)","8209.01 (Cook, IL)","Cook County, IL",Illinois,12.666666666666666,16.5608,10,Chicago3_mdw,"9801 (Cook, IL)",1900-01-01 11:35:40.000000002,11,7.5,UIUC1,"3.01 (Champaign, IL)",12.40282392026578,70,90.16666666666667,10,128.96362392026577,124,3.0,75.24,0,1,0
10186298139916863777,"2 (Tract 713, Cook, IL)","713 (Cook, IL)","Cook County, IL",Illinois,"3 (Tract 13.02, Champaign, IL)","13.02 (Champaign, IL)","Champaign County, IL",Illinois,private_auto,recreation,social,1900-01-01 13:25:00,1900-01-01 15:56:27,151,145.3,unknown_vehicle_type,other_non_bev,,,,single_family,single_family,non_retail_attraction,non_retail_attraction,15688160309319103200,4849640802535539367,30.0,male,white_not_hispanic_or_latino,employed,remote,95089.0,worked_from_home,2.0,148511.0,one,core,naics54,several_units,not_attending_school,bachelors_degree,owner,english,"2 (Tract 713, Cook, IL)","713 (Cook, IL)","Cook County, IL",Illinois,"2 (Tract 713, Cook, IL)","713 (Cook, IL)","Cook County, IL",Illinois,22.0,32.02,13,Chicago3_mdw,"9801 (Cook, IL)",1900-01-01 15:07:00.000000000,15,7.222222222222222,UIUC1,"3.01 (Champaign, IL)",12.536652835408022,70,99.22222222222223,10,144.55665283540804,151,3.0,87.18,0,1,0
13711905374533576988,"1 (Tract 9801, Cook, IL)","9801 (Cook, IL)","Cook County, IL",Illinois,"3 (Tract 13.01, Champaign, IL)","13.01 (Champaign, IL)","Champaign County, IL",Illinois,private_auto,home,region_arrival,1900-01-01 13:17:00,1900-01-01 15:35:40,138,136.4,unknown_vehicle_type,other_non_bev,,,,transportation_utilities,transportation_utilities,single_family,single_family,11186355139379723172,6615315571511713092,58.0,female,white_not_hispanic_or_latino,employed,remote,56436.0,worked_from_home,2.0,197526.0,two,core,naics811192,single_family,not_attending_school,advanced_degree,owner,english,"3 (Tract 13.01, Champaign, IL)","13.01 (Champaign, IL)","Champaign County, IL",Illinois,"1 (Tract 13.01, Champaign, IL)","13.01 (Champaign, IL)","Champaign County, IL",Illinois,5.015151515151516,8.619193825042881,13,Chicago3_mdw,"9801 (Cook, IL)",1900-01-01 14:42:00.909090912,14,6.625,UIUC1,"3.01 (Champaign, IL)",10.442308153477217,70,81.64015151515152,10,119.0615019785201,138,3.0,81.84,0,1,0
7865274105035030536,"3 (Tract 6309, Cook, IL)","6309 (Cook, IL)","Cook County, IL",Illinois,"3 (Tract 5, Champaign, IL)","5 (Champaign, IL)","Champaign County, IL",Illinois,private_auto,home,social,1900-01-01 12:59:00,1900-01-01 15:17:56,138,136.4,unknown_vehicle_type,other_non_bev,,,,single_family,single_family,single_family,single_family,18253198257350711041,9990702406953126219,34.0,female,two_races_not_hispanic_or_latino,employed,remote,64105.0,worked_from_home,6.0,322902.0,two,core,naics56,single_family,not_attending_school,bachelors_degree,owner,english,"3 (Tract 5, Champaign, IL)","5 (Champaign, IL)","Champaign County, IL",Illinois,"2 (Tract 5, Champaign, IL)","5 (Champaign, IL)","Champaign County, IL",Illinois,5.0,10.11692307692308,12,Chicago3_mdw,"9801 (Cook, IL)",1900-01-01 14:24:00.000000000,14,2.6666666666666665,UIUC1,"3.01 (Champaign, IL)",6.963103448275862,70,77.66666666666667,10,117.08002652519895,138,3.0,81.84,0,1,0
10196684793053883504,"2 (Tract 6303, Cook, IL)","6303 (Cook, IL)","Cook County, IL",Illinois,"1 (Tract 3.02, Champaign, IL)","3.02 (Champaign, IL)","Champaign County, IL",Illinois,private_auto,shop,shop,1900-01-01 12:40:20,1900-01-01 14:55:56,135,136.5,unknown_vehicle_type,other_non_bev,,,,retail,retail,retail,retail,17965484095101406134,1222776871014180582,24.0,female,asian_not_hispanic_or_latino,employed,remote,6511.0,worked_from_home,1.0,6511.0,three_plus,core,naics5412,multiple_units,graduate,advanced_degree,renter,asian_pacific,"3 (Tract 5, Champaign, IL)","5 (Champaign, IL)","Champaign County, IL",Illinois,"3 (Tract 5, Champaign, IL)","5 (Champaign, IL)","Champaign County, IL",Illinois,5.8,10.89193220338983,12,Chicago3_mdw,"9801 (Cook, IL)",1900-01-01 14:06:08.000000000,14,1.0,UIUC1,"3.01 (Champaign, IL)",5.137955112219451,70,76.8,10,116.02988731560927,135,3.0,81.89999999999999,1,0,0
12056469107805546147,"1 (Tract 9801, Cook, IL)","9801 (Cook, IL)","Cook County, IL",Illinois,"3 (Tract 54.02, Champaign, IL)","54.02 (Champaign, IL)","Champaign County, IL",Illinois,private_auto,social,region_arrival,1900-01-01 14:36:00,1900-01-01 16:55:23,139,136.8,unknown_vehicle_type,other_non_bev,,,,transportation_utilities,transportation_utilities,single_family,single_family,11347025623376863537,18240154458397844251,36.0,male,black_not_hispanic_or_latino,employed,remote,16279.0,worked_from_home,4.0,52094.0,three_plus,core,naics72,single_family,not_attending_school,high_school,renter,english,"3 (Tract 54.02, Champaign, IL)","54.02 (Champaign, IL)","Champaign County, IL",Illinois,"3 (Tract 54.02, Champaign, IL)","54.02 (Champaign, IL)","Champaign County, IL",Illinois,5.041322314049586,8.63018556058007,14,Chicago3_mdw,"9801 (Cook, IL)",1900-01-01 16:01:02.479338840,16,9.75,UIUC1,"3.01 (Champaign, IL)",15.354999999999999,70,84.79132231404958,10,123.98518556058008,139,3.0,82.08,1,0,0
2961255306506431770,"1 (Tract 9801, Cook, IL)","9801 (Cook, IL)","Cook County, IL",Illinois,"1 (Tract 53, Champaign, IL)","53 (Champaign, IL)","Champaign County, IL",Illinois,private_auto,social,region_arrival,1900-01-01 12:28:00,1900-01-01 14:41:33,133,134.1,unknown_vehicle_type,other_non_bev,,,,transportation_utilities,transportation_utilities,single_family,single_family,10025032892699042861,5920644868652988453,30.0,female,white_not_hispanic_or_latino,employed,remote,66203.0,worked_from_home,2.0,104623.0,one,core,naics611110,multiple_units,not_attending_school,advanced_degree,renter,indo_european,"4 (Tract 58, Champaign, IL)","58 (Champaign, IL)","Champaign County, IL",Illinois,"5 (Tract 58, Champaign, IL)","58 (Champaign, IL)","Champaign County, IL",Illinois,5.0608108108108105,8.638370729219785,12,Chicago3_mdw,"9801 (Cook, IL)",1900-01-01 13:53:03.648648648,13,3.357142857142857,UIUC1,"3.01 (Champaign, IL)",8.087889447236181,70,78.41795366795367,10,116.72626017645597,133,3.0,80.46,0,1,0
15828987704996481743,"1 (Tract 9801, Cook, IL)","9801 (Cook, IL)","Cook County, IL",Illinois,"1 (Tract 59.02, Champaign, IL)","59.02 (Champaign, IL)","Champaign County, IL",Illinois,private_auto,eat,region_arrival,1900-01-01 08:43:00,1900-01-01 10:57:29,134,134.3,unknown_vehicle_type,other_non_bev,,,,transportation_utilities,transportation_utilities,retail,retail,1371871307538949348,1502360844675433607,32.0,male,hispanic_or_latino_origin,employed,remote,59357.0,worked_from_home,2.0,100906.0,two,core,not_working,single_family,not_attending_school,some_college,owner,spanish,"4 (Tract 8801.07, Will, IL)","8801.07 (Will, IL)","Will County, IL",Illinois,"2 (Tract 8801.07, Will, IL)","8801.07 (Will, IL)","Will County, IL",Illinois,5.442622950819672,8.798731828023508,8,Chicago3_mdw,"9801 (Cook, IL)",1900-01-01 10:08:26.557377048,10,1.8297872340425527,UIUC1,"3.01 (Champaign, IL)",5.901479274329966,70,77.27241018486222,10,114.70021110235348,134,3.0,80.58,0,1,0
9274677056158412208,"1 (Tract 9801, Cook, IL)","9801 (Cook, IL)","Cook County, IL",Illinois,"2 (Tract 13.01, Champaign, IL)","13.01 (Champaign, IL)","Champaign County, IL",Illinois,private_auto,social,region_arrival,1900-01-01 22:15:00,1900-01-01 00:29:31,134,138.2,unknown_vehicle_type,other_non_bev,,,,transportation_utilities,transportation_utilities,single_family,single_family,4767646421966387659,5478386360322659750,66.0,male,white_not_hispanic_or_latino,not_in_labor_force,unemployed_under_16_not_in_labor_force,47305.0,other_travel_mode,3.0,129601.0,three_plus,core,not_working,single_family,not_attending_school,some_college,owner,english,"1 (Tract 11, Champaign, IL)","11 (Champaign, IL)","Champaign County, IL",Illinois,Does not have work/school location,Does not have work/school location,Does not have work/school location,Does not have work/school location,3.333333333333333,7.912830188679245,22,Chicago3_mdw,"9801 (Cook, IL)",1900-01-01 23:38:19.999999998,23,7.0,UIUC1,"3.01 (Champaign, IL)",10.599808153477218,70,80.33333333333333,10,118.51263834215646,134,3.0,82.91999999999999,0,1,0
2329673503265704283,"1 (Tract 9801, Cook, IL)","9801 (Cook, IL)","Cook County, IL",Illinois,"2 (Tract 12.05, Champaign, IL)","12.05 (Champaign, IL)","Champaign County, IL",Illinois,private_auto,shop,region_arrival,1900-01-01 19:08:00,1900-01-01 21:23:50,135,128.7,unknown_vehicle_type,electric,,,,transportation_utilities,transportation_utilities,office,office,248416977508147123,15320174499681914892,71.0,male,asian_not_hispanic_or_latino,not_in_labor_force,unemployed_under_16_not_in_labor_force,47475.0,other_travel_mode,2.0,64262.0,two,core,not_working,single_family,not_attending_school,advanced_degree,owner,asian_pacific,"1 (Tract 11, Champaign, IL)","11 (Champaign, IL)","Champaign County, IL",Illinois,Does not have work/school location,Does not have work/school location,Does not have work/school location,Does not have work/school location,5.05,8.633830188679244,19,Chicago3_mdw,"9801 (Cook, IL)",1900-01-01 20:33:03.000000000,20,12.833333333333334,UIUC1,"3.01 (Champaign, IL)",18.883816425120774,70,87.88333333333333,10,127.51764661380001,135,3.0,77.21999999999998,0,1,0
15242114049088969127,"1 (Tract 9801, Cook, IL)","9801 (Cook, IL)","Cook County, IL",Illinois,"1 (Tract 8, Champaign, IL)","8 (Champaign, IL)","Champaign County, IL",Illinois,private_auto,shop,region_arrival,1900-01-01 19:46:00,1900-01-01 21:55:46,129,124.5,unknown_vehicle_type,other_non_bev,,,,transportation_utilities,transportation_utilities,retail,retail,12532025507862096806,2663758100333038473,44.0,female,white_not_hispanic_or_latino,not_in_labor_force,unemployed_under_16_not_in_labor_force,0.0,other_travel_mode,2.0,40571.0,one,core,not_working,multiple_units,not_attending_school,bachelors_degree,renter,english,"1 (Tract 110.01, Champaign, IL)","110.01 (Champaign, IL)","Champaign County, IL",Illinois,Does not have work/school location,Does not have work/school location,Does not have work/school location,Does not have work/school location,5.05,8.633830188679244,19,Chicago3_mdw,"9801 (Cook, IL)",1900-01-01 21:11:03.000000000,21,7.151515151515151,UIUC1,"3.01 (Champaign, IL)",12.042610722610721,70,82.20151515151515,10,120.67644091128996,129,3.0,74.7,1,0,0
14688855900546477700,"3 (Tract 6611, Cook, IL)","6611 (Cook, IL)","Cook County, IL",Illinois,"1 (Tract 12.01, Champaign, IL)","12.01 (Champaign, IL)","Champaign County, IL",Illinois,private_auto,home,work,1900-01-01 21:51:45,1900-01-01 23:57:40,125,127.9,unknown_vehicle_type,other_non_bev,,,,single_family,single_family,mixed_use,multi_family,6518108265486544289,8479740440575248284,19.0,female,hispanic_or_latino_origin,not_in_labor_force,unemployed_under_16_not_in_labor_force,2374.0,other_travel_mode,4.0,33833.0,one,core,naics72,multiple_units,undergraduate,some_college,renter,spanish,"1 (Tract 12.01, Champaign, IL)","12.01 (Champaign, IL)","Champaign County, IL",Illinois,Does not have work/school location,Does not have work/school location,Does not have work/school location,Does not have work/school location,8.5,14.886470588235293,21,Chicago3_mdw,"9801 (Cook, IL)",1900-01-01 23:20:15.000000000,23,8.0,UIUC1,"3.01 (Champaign, IL)",12.61282392026578,70,86.5,10,127.49929450850108,125,3.0,76.74,1,0,0
4826949455196430714,"1 (Tract 9801, Cook, IL)","9801 (Cook, IL)","Cook County, IL",Illinois,"3 (Tract 13.02, Champaign, IL)","13.02 (Champaign, IL)","Champaign County, IL",Illinois,private_auto,eat,region_arrival,1900-01-01 20:29:00,1900-01-01 22:45:11,136,141.2,unknown_vehicle_type,other_non_bev,,,,transportation_utilities,transportation_utilities,mixed_use,retail,2583410873822480481,11392951831111967427,59.0,female,black_not_hispanic_or_latino,unemployed,unemployed_under_16_not_in_labor_force,56270.0,other_travel_mode,4.0,56270.0,one,core,naics61,single_family,not_attending_school,some_college,renter,english,"1 (Tract 12.01, Champaign, IL)","12.01 (Champaign, IL)","Champaign County, IL",Illinois,Does not have work/school location,Does not have work/school location,Does not have work/school location,Does not have work/school location,5.92,8.999230188679245,20,Chicago3_mdw,"9801 (Cook, IL)",1900-01-01 21:54:55.200000000,21,7.285714285714286,UIUC1,"3.01 (Champaign, IL)",12.563319502074688,70,83.2057142857143,10,121.56254969075394,136,3.0,84.71999999999998,0,1,0
16563463192927047948,"3 (Tract 6611, Cook, IL)","6611 (Cook, IL)","Cook County, IL",Illinois,"1 (Tract 12.01, Champaign, IL)","12.01 (Champaign, IL)","Champaign County, IL",Illinois,auto_passenger,home,shop,1900-01-01 11:53:10,1900-01-01 14:02:23,129,133.2,unknown_vehicle_type,unknown_fuel_type,,,,multi_family,multi_family,mixed_use,multi_family,5989717382624879385,4656549563740538100,50.0,female,two_races_not_hispanic_or_latino,not_in_labor_force,unemployed_under_16_not_in_labor_force,11612.0,other_travel_mode,3.0,11612.0,zero,core,not_working,multiple_units,not_attending_school,high_school,renter,english,"1 (Tract 12.01, Champaign, IL)","12.01 (Champaign, IL)","Champaign County, IL",Illinois,Does not have work/school location,Does not have work/school location,Does not have work/school location,Does not have work/school location,15.5,17.826470588235292,11,Chicago3_mdw,"9801 (Cook, IL)",1900-01-01 13:28:40.000000000,13,7.238095238095238,UIUC1,"3.01 (Champaign, IL)",12.29282392026578,70,92.73809523809524,10,130.11929450850107,129,3.0,79.91999999999999,1,0,0
10274750607555293898,"1 (Tract 9801, Cook, IL)","9801 (Cook, IL)","Cook County, IL",Illinois,"3 (Tract 8, Champaign, IL)","8 (Champaign, IL)","Champaign County, IL",Illinois,private_auto,shop,region_arrival,1900-01-01 15:59:00,1900-01-01 18:15:24,136,125.1,unknown_vehicle_type,other_non_bev,,,,transportation_utilities,transportation_utilities,retail,retail,6752148730404724629,4859923257537790228,63.0,male,white_not_hispanic_or_latino,not_in_labor_force,unemployed_under_16_not_in_labor_force,70545.0,other_travel_mode,1.0,70545.0,one,core,not_working,single_family,not_attending_school,bachelors_degree,owner,english,"1 (Tract 12.03, Champaign, IL)","12.03 (Champaign, IL)","Champaign County, IL",Illinois,Does not have work/school location,Does not have work/school location,Does not have work/school location,Does not have work/school location,5.063291139240507,8.639412467160257,15,Chicago3_mdw,"9801 (Cook, IL)",1900-01-01 17:24:03.797468352,17,7.052083333333333,UIUC1,"3.01 (Champaign, IL)",12.00084935897436,70,82.11537447257383,10,120.64026182613462,136,3.0,75.05999999999999,0,1,0
11788655415418495114,"1 (Tract 9801, Cook, IL)","9801 (Cook, IL)","Cook County, IL",Illinois,"1 (Tract 13.01, Champaign, IL)","13.01 (Champaign, IL)","Champaign County, IL",Illinois,private_auto,shop,region_arrival,1900-01-01 19:02:00,1900-01-01 21:18:54,136,134.3,,,,,,transportation_utilities,transportation_utilities,retail,retail,4862061235372881926,10671521683721766984,61.0,male,white_not_hispanic_or_latino,not_in_labor_force,unemployed_under_16_not_in_labor_force,18115.0,other_travel_mode,4.0,104346.0,three_plus,core,not_working,single_family,not_attending_school,high_school,owner,english,"1 (Tract 12.03, Champaign, IL)","12.03 (Champaign, IL)","Champaign County, IL",Illinois,Does not have work/school location,Does not have work/school location,Does not have work/school location,Does not have work/school location,5.05,8.633830188679244,19,Chicago3_mdw,"9801 (Cook, IL)",1900-01-01 20:27:03.000000000,20,4.416666666666667,UIUC1,"3.01 (Champaign, IL)",9.514808153477217,70,79.46666666666667,10,118.14863834215646,136,3.0,80.58,1,0,0
14034322292997456102,"1 (Tract 9801, Cook, IL)","9801 (Cook, IL)","Cook County, IL",Illinois,"5 (Tract 12.01, Champaign, IL)","12.01 (Champaign, IL)","Champaign County, IL",Illinois,private_auto,eat,region_arrival,1900-01-01 18:26:00,1900-01-01 20:39:25,133,126.8,unknown_vehicle_type,other_non_bev,,,,transportation_utilities,transportation_utilities,retail,retail,15811563605647490227,1962465761773889889,82.0,female,white_not_hispanic_or_latino,not_in_labor_force,unemployed_under_16_not_in_labor_force,41424.0,other_travel_mode,3.0,179224.0,two,core,not_working,single_family,not_attending_school,bachelors_degree,owner,english,"1 (Tract 12.04, Champaign, IL)","12.04 (Champaign, IL)","Champaign County, IL",Illinois,Does not have work/school location,Does not have work/school location,Does not have work/school location,Does not have work/school location,4.653846153846154,8.46744557329463,18,Chicago3_mdw,"9801 (Cook, IL)",1900-01-01 19:50:39.230769228,19,7.136363636363637,UIUC1,"3.01 (Champaign, IL)",12.250096647538507,70,81.7902097902098,10,120.71754222083314,133,3.0,76.08,1,0,0
3588614945545841370,"1 (Tract 9801, Cook, IL)","9801 (Cook, IL)","Cook County, IL",Illinois,"3 (Tract 13.02, Champaign, IL)","13.02 (Champaign, IL)","Champaign County, IL",Illinois,private_auto,eat,region_arrival,1900-01-01 16:30:00,1900-01-01 18:50:35,140,141.2,unknown_vehicle_type,other_non_bev,,,,transportation_utilities,transportation_utilities,mixed_use,retail,4714799720887931189,13460899428507511864,71.0,male,white_not_hispanic_or_latino,not_in_labor_force,unemployed_under_16_not_in_labor_force,75361.0,other_travel_mode,4.0,125481.0,three_plus,core,not_working,single_family,not_attending_school,high_school,owner,english,"1 (Tract 12.04, Champaign, IL)","12.04 (Champaign, IL)","Champaign County, IL",Illinois,Does not have work/school location,Does not have work/school location,Does not have work/school location,Does not have work/school location,4.228070175438597,8.288619662363455,16,Chicago3_mdw,"9801 (Cook, IL)",1900-01-01 17:54:13.684210524,17,7.115384615384615,UIUC1,"3.01 (Champaign, IL)",12.491781040536228,70,81.34345479082322,10,120.78040070289968,140,3.0,84.71999999999998,0,1,0
4899967483581165390,"1 (Tract 9801, Cook, IL)","9801 (Cook, IL)","Cook County, IL",Illinois,"1 (Tract 12.04, Champaign, IL)","12.04 (Champaign, IL)","Champaign County, IL",Illinois,private_auto,home,region_arrival,1900-01-01 14:13:00,1900-01-01 16:29:16,136,139.0,unknown_vehicle_type,other_non_bev,,,,transportation_utilities,transportation_utilities,single_family,single_family,12621814921347124932,14228135809369577882,83.0,female,white_not_hispanic_or_latino,not_in_labor_force,unemployed_under_16_not_in_labor_force,6763.0,other_travel_mode,2.0,213885.0,one,core,not_working,single_family,not_attending_school,bachelors_degree,owner,english,"1 (Tract 12.04, Champaign, IL)","12.04 (Champaign, IL)","Champaign County, IL",Illinois,Does not have work/school location,Does not have work/school location,Does not have work/school location,Does not have work/school location,5.041322314049586,8.63018556058007,14,Chicago3_mdw,"9801 (Cook, IL)",1900-01-01 15:38:02.479338840,15,11.0,UIUC1,"3.01 (Champaign, IL)",17.097196261682246,70,86.04132231404958,10,125.72738182226232,136,3.0,83.39999999999999,1,0,0
6073854115413882209,"1 (Tract 9801, Cook, IL)","9801 (Cook, IL)","Cook County, IL",Illinois,"3 (Tract 12.03, Champaign, IL)","12.03 (Champaign, IL)","Champaign County, IL",Illinois,private_auto,maintenance,region_arrival,1900-01-01 19:19:00,1900-01-01 21:31:45,132,139.2,unknown_vehicle_type,other_non_bev,,,,transportation_utilities,transportation_utilities,office,office,1767607308403110049,4774724636627106229,16.0,male,white_not_hispanic_or_latino,not_in_labor_force,unemployed_under_16_not_in_labor_force,0.0,other_travel_mode,4.0,77282.0,three_plus,core,not_working,single_family,school,k_12,owner,english,"1 (Tract 12.04, Champaign, IL)","12.04 (Champaign, IL)","Champaign County, IL",Illinois,Does not have work/school location,Does not have work/school location,Does not have work/school location,Does not have work/school location,5.05,8.633830188679244,19,Chicago3_mdw,"9801 (Cook, IL)",1900-01-01 20:44:03.000000000,20,9.666666666666666,UIUC1,"3.01 (Champaign, IL)",14.434744525547444,70,84.71666666666667,10,123.06857471422668,132,3.0,83.52,1,0,0
11949613407511510566,"1 (Tract 9801, Cook, IL)","9801 (Cook, IL)","Cook County, IL",Illinois,"5 (Tract 12.01, Champaign, IL)","12.01 (Champaign, IL)","Champaign County, IL",Illinois,private_auto,shop,region_arrival,1900-01-01 18:30:00,1900-01-01 20:41:17,131,136.0,unknown_vehicle_type,other_non_bev,,,,transportation_utilities,transportation_utilities,retail,retail,14164585296435044622,4559758229749366588,25.0,female,white_not_hispanic_or_latino,not_in_labor_force,unemployed_under_16_not_in_labor_force,11040.0,other_travel_mode,3.0,111591.0,one,core,not_working,single_family,not_attending_school,high_school,renter,english,"1 (Tract 12.04, Champaign, IL)","12.04 (Champaign, IL)","Champaign County, IL",Illinois,Does not have work/school location,Does not have work/school location,Does not have work/school location,Does not have work/school location,4.653846153846154,8.46744557329463,18,Chicago3_mdw,"9801 (Cook, IL)",1900-01-01 19:54:39.230769228,19,7.136363636363637,UIUC1,"3.01 (Champaign, IL)",12.250096647538507,70,81.7902097902098,10,120.71754222083314,131,3.0,81.6,1,0,0
7238190152526841362,"1 (Tract 9801, Cook, IL)","9801 (Cook, IL)","Cook County, IL",Illinois,"3 (Tract 12.03, Champaign, IL)","12.03 (Champaign, IL)","Champaign County, IL",Illinois,private_auto,social,region_arrival,1900-01-01 15:13:00,1900-01-01 17:37:52,144,129.7,unknown_vehicle_type,other_non_bev,,,,transportation_utilities,transportation_utilities,single_family,single_family,14459214263299911144,3172240531313909613,70.0,female,asian_not_hispanic_or_latino,not_in_labor_force,unemployed_under_16_not_in_labor_force,0.0,other_travel_mode,6.0,312979.0,two,core,not_working,single_family,not_attending_school,no_school,owner,asian_pacific,"1 (Tract 12.05, Champaign, IL)","12.05 (Champaign, IL)","Champaign County, IL",Illinois,Does not have work/school location,Does not have work/school location,Does not have work/school location,Does not have work/school location,5.063291139240507,8.639412467160257,15,Chicago3_mdw,"9801 (Cook, IL)",1900-01-01 16:38:03.797468352,16,8.944444444444445,UIUC1,"3.01 (Champaign, IL)",14.131411192214111,70,84.00773558368495,10,122.77082365937437,144,3.0,77.82,1,0,0
15024019343066107623,"1 (Tract 9801, Cook, IL)","9801 (Cook, IL)","Cook County, IL",Illinois,"5 (Tract 10, Champaign, IL)","10 (Champaign, IL)","Champaign County, IL",Illinois,auto_passenger,shop,region_arrival,1900-01-01 18:47:00,1900-01-01 20:56:19,129,133.8,unknown_vehicle_type,unknown_fuel_type,,,,transportation_utilities,transportation_utilities,office,office,13045891618694078718,8415960570767192171,70.0,male,white_not_hispanic_or_latino,not_in_labor_force,unemployed_under_16_not_in_labor_force,58622.0,other_travel_mode,2.0,65962.0,two,core,not_working,single_family,not_attending_school,some_college,owner,english,"1 (Tract 12.06, Champaign, IL)","12.06 (Champaign, IL)","Champaign County, IL",Illinois,Does not have work/school location,Does not have work/school location,Does not have work/school location,Does not have work/school location,4.653846153846154,8.46744557329463,18,Chicago3_mdw,"9801 (Cook, IL)",1900-01-01 20:11:39.230769228,20,6.0,UIUC1,"3.01 (Champaign, IL)",10.918666666666667,70,80.65384615384616,10,119.38611223996129,129,3.0,80.28,0,1,0
7253617835194547063,"1 (Tract 9801, Cook, IL)","9801 (Cook, IL)","Cook County, IL",Illinois,"1 (Tract 12.04, Champaign, IL)","12.04 (Champaign, IL)","Champaign County, IL",Illinois,private_auto,shop,region_arrival,1900-01-01 18:35:00,1900-01-01 20:49:42,134,139.0,unknown_vehicle_type,other_non_bev,,,,transportation_utilities,transportation_utilities,retail,retail,12170557259521972445,4567190956878848476,17.0,female,white_not_hispanic_or_latino,not_in_labor_force,unemployed_under_16_not_in_labor_force,0.0,other_travel_mode,5.0,104468.0,two,core,not_working,single_family,not_attending_school,no_school,owner,english,"1 (Tract 12.06, Champaign, IL)","12.06 (Champaign, IL)","Champaign County, IL",Illinois,Does not have work/school location,Does not have work/school location,Does not have work/school location,Does not have work/school location,4.653846153846154,8.46744557329463,18,Chicago3_mdw,"9801 (Cook, IL)",1900-01-01 19:59:39.230769228,19,10.444444444444445,UIUC1,"3.01 (Champaign, IL)",16.86386292834891,70,85.0982905982906,10,125.33130850164353,134,3.0,83.39999999999999,1,0,0
4990717223381556518,"1 (Tract 9801, Cook, IL)","9801 (Cook, IL)","Cook County, IL",Illinois,"4 (Tract 5, Champaign, IL)","5 (Champaign, IL)","Champaign County, IL",Illinois,private_auto,shop,region_arrival,1900-01-01 13:52:00,1900-01-01 16:11:03,139,134.8,unknown_vehicle_type,other_non_bev,,,,transportation_utilities,transportation_utilities,retail,retail,18122339910770349620,12398818880748285687,75.0,female,white_not_hispanic_or_latino,not_in_labor_force,unemployed_under_16_not_in_labor_force,98530.0,other_travel_mode,1.0,98530.0,one,core,not_working,several_units,not_attending_school,bachelors_degree,renter,english,"1 (Tract 12.06, Champaign, IL)","12.06 (Champaign, IL)","Champaign County, IL",Illinois,Does not have work/school location,Does not have work/school location,Does not have work/school location,Does not have work/school location,5.015151515151516,8.619193825042881,13,Chicago3_mdw,"9801 (Cook, IL)",1900-01-01 15:17:00.909090912,15,3.03125,UIUC1,"3.01 (Champaign, IL)",7.116228448275863,70,78.04640151515152,10,115.73542227331875,139,3.0,80.88000000000001,0,1,0
3942776610958333554,"1 (Tract 9801, Cook, IL)","9801 (Cook, IL)","Cook County, IL",Illinois,"1 (Tract 14, Champaign, IL)","14 (Champaign, IL)","Champaign County, IL",Illinois,auto_passenger,home,region_arrival,1900-01-01 17:00:00,1900-01-01 19:22:27,142,142.2,unknown_vehicle_type,unknown_fuel_type,,,,transportation_utilities,transportation_utilities,single_family,single_family,7868630223904617766,5847615963483363983,15.0,male,asian_not_hispanic_or_latino,under_16,unemployed_under_16_not_in_labor_force,0.0,other_travel_mode,3.0,185253.0,two,core,not_working,single_family,school,k_12,owner,asian_pacific,"1 (Tract 14, Champaign, IL)","14 (Champaign, IL)","Champaign County, IL",Illinois,Does not have work/school location,Does not have work/school location,Does not have work/school location,Does not have work/school location,5.551724137931035,8.844554326610279,17,Chicago3_mdw,"9801 (Cook, IL)",1900-01-01 18:25:33.103448273,18,4.02054794520548,UIUC1,"3.01 (Champaign, IL)",7.897157861651693,70,79.57227208313651,10,116.74171218826197,142,3.0,85.32,1,0,0
6344453236079162661,"1 (Tract 9801, Cook, IL)","9801 (Cook, IL)","Cook County, IL",Illinois,"1 (Tract 4.01, Champaign, IL)","4.01 (Champaign, IL)","Champaign County, IL",Illinois,auto_passenger,recreation,region_arrival,1900-01-01 16:52:00,1900-01-01 19:07:57,135,134.2,unknown_vehicle_type,unknown_fuel_type,,,,transportation_utilities,transportation_utilities,non_retail_attraction,non_retail_attraction,12468775472223537006,11552942503520025594,20.0,male,asian_not_hispanic_or_latino,not_in_labor_force,unemployed_under_16_not_in_labor_force,0.0,other_travel_mode,1.0,0.0,zero,core,not_working,multiple_units,undergraduate,some_college,renter,asian_pacific,"1 (Tract 3.02, Champaign, IL)","3.02 (Champaign, IL)","Champaign County, IL",Illinois,"2 (Tract 14, Champaign, IL)","14 (Champaign, IL)","Champaign County, IL",Illinois,4.228070175438597,8.288619662363455,16,Chicago3_mdw,"9801 (Cook, IL)",1900-01-01 18:16:13.684210524,18,0.9411764705882352,UIUC1,"3.01 (Champaign, IL)",4.973602178301488,70,75.16924664602683,10,113.26222184066495,135,3.0,80.52,1,0,0
16228101688342261761,"1 (Tract 9801, Cook, IL)","9801 (Cook, IL)","Cook County, IL",Illinois,"3 (Tract 3.01, Champaign, IL)","3.01 (Champaign, IL)","Champaign County, IL",Illinois,auto_passenger,shop,region_arrival,1900-01-01 19:11:00,1900-01-01 21:21:51,130,133.9,unknown_vehicle_type,unknown_fuel_type,,,,transportation_utilities,transportation_utilities,retail,retail,6993264664282363242,16744893071002166359,22.0,male,white_not_hispanic_or_latino,not_in_labor_force,unemployed_under_16_not_in_labor_force,0.0,other_travel_mode,1.0,0.0,zero,core,not_working,multiple_units,undergraduate,some_college,renter,english,"1 (Tract 4.01, Champaign, IL)","4.01 (Champaign, IL)","Champaign County, IL",Illinois,"2 (Tract 14, Champaign, IL)","14 (Champaign, IL)","Champaign County, IL",Illinois,5.05,8.633830188679244,19,Chicago3_mdw,"9801 (Cook, IL)",1900-01-01 20:36:03.000000000,20,0.9550561797752808,UIUC1,"3.01 (Champaign, IL)",4.9783058758251535,70,76.00505617977528,10,113.6121360645044,130,3.0,80.34,1,0,0
12645461150109982492,"2 (Tract 7203, Cook, IL)","7203 (Cook, IL)","Cook County, IL",Illinois,"1 (Tract 13.01, Champaign, IL)","13.01 (Champaign, IL)","Champaign County, IL",Illinois,private_auto,shop,shop,1900-01-01 21:56:44,1900-01-01 23:58:56,122,124.6,unknown_vehicle_type,other_non_bev,,,,retail,retail,retail,retail,10578004958216803403,9361722776353272179,19.0,male,white_not_hispanic_or_latino,not_in_labor_force,unemployed_under_16_not_in_labor_force,0.0,other_travel_mode,1.0,0.0,unknown_num_vehicles,core,not_working,GQ_structure,undergraduate,some_college,GQ,GQ_language,"1 (Tract 4.01, Champaign, IL)","4.01 (Champaign, IL)","Champaign County, IL",Illinois,"2 (Tract 59.02, Champaign, IL)","59.02 (Champaign, IL)","Champaign County, IL",Illinois,16.0,24.400000000000002,21,Chicago3_mdw,"9801 (Cook, IL)",1900-01-01 23:32:44.000000000,23,7.0,UIUC1,"3.01 (Champaign, IL)",10.599808153477218,70,93.0,10,134.99980815347723,122,3.0,74.75999999999999,1,0,0
13278900724293792781,"1 (Tract 4208, Cook, IL)","4208 (Cook, IL)","Cook County, IL",Illinois,"3 (Tract 9.02, Champaign, IL)","9.02 (Champaign, IL)","Champaign County, IL",Illinois,private_auto,work,shop,1900-01-01 15:55:00,1900-01-01 18:08:29,133,129.8,unknown_vehicle_type,other_non_bev,,,,retail,retail,mixed_use,office,4427283495427116062,9869849077747588429,46.0,female,two_races_not_hispanic_or_latino,not_in_labor_force,unemployed_under_16_not_in_labor_force,0.0,other_travel_mode,6.0,110158.0,one,core,naics44_45,multiple_units,not_attending_school,no_school,renter,indo_european,"1 (Tract 4212, Cook, IL)","4212 (Cook, IL)","Cook County, IL",Illinois,Does not have work/school location,Does not have work/school location,Does not have work/school location,Does not have work/school location,15.0,24.12,15,Chicago3_mdw,"9801 (Cook, IL)",1900-01-01 17:30:00.000000000,17,9.73913043478261,UIUC1,"3.01 (Champaign, IL)",15.689616069158404,70,94.73913043478261,10,139.8096160691584,133,3.0,77.88000000000001,1,0,0
7885286881119252994,"5 (Tract 6606, Cook, IL)","6606 (Cook, IL)","Cook County, IL",Illinois,"2 (Tract 8, Champaign, IL)","8 (Champaign, IL)","Champaign County, IL",Illinois,private_auto,maintenance,shop,1900-01-01 21:13:59,1900-01-01 23:16:26,122,126.1,unknown_vehicle_type,other_non_bev,,,,retail,retail,retail,retail,8859463674993526762,2380027006084300270,16.0,female,white_not_hispanic_or_latino,not_in_labor_force,unemployed_under_16_not_in_labor_force,0.0,other_travel_mode,4.0,162904.0,two,core,not_working,single_family,school,k_12,owner,english,"1 (Tract 56.02, Champaign, IL)","56.02 (Champaign, IL)","Champaign County, IL",Illinois,Does not have work/school location,Does not have work/school location,Does not have work/school location,Does not have work/school location,7.0,12.760000000000002,21,Chicago3_mdw,"9801 (Cook, IL)",1900-01-01 22:40:59.000000000,22,7.142857142857143,UIUC1,"3.01 (Champaign, IL)",12.03897435897436,70,84.14285714285714,10,124.79897435897436,122,3.0,75.66,1,0,0
8755343408817134382,"1 (Tract 9801, Cook, IL)","9801 (Cook, IL)","Cook County, IL",Illinois,"1 (Tract 10, Champaign, IL)","10 (Champaign, IL)","Champaign County, IL",Illinois,private_auto,social,region_arrival,1900-01-01 20:11:00,1900-01-01 22:22:26,131,126.7,unknown_vehicle_type,other_non_bev,,,,transportation_utilities,transportation_utilities,single_family,single_family,4255291280736895815,6550280507806116124,20.0,male,white_not_hispanic_or_latino,not_in_labor_force,unemployed_under_16_not_in_labor_force,15292.0,other_travel_mode,1.0,15292.0,one,core,not_working,multiple_units,undergraduate,some_college,renter,english,"1 (Tract 58, Champaign, IL)","58 (Champaign, IL)","Champaign County, IL",Illinois,Does not have work/school location,Does not have work/school location,Does not have work/school location,Does not have work/school location,5.92,8.999230188679245,20,Chicago3_mdw,"9801 (Cook, IL)",1900-01-01 21:36:55.200000000,21,6.428571428571429,UIUC1,"3.01 (Champaign, IL)",11.098666666666666,70,82.34857142857143,10,120.09789685534591,131,3.0,76.02,1,0,0
6747811660773070994,"1 (Tract 5805.01, Cook, IL)","5805.01 (Cook, IL)","Cook County, IL",Illinois,"2 (Tract 59.02, Champaign, IL)","59.02 (Champaign, IL)","Champaign County, IL",Illinois,private_auto,shop,home,1900-01-01 16:30:00,1900-01-01 19:02:49,152,135.3,unknown_vehicle_type,other_non_bev,,,,multi_family,multi_family,retail,retail,18420027957693041972,8905506663178573664,49.0,male,black_not_hispanic_or_latino,unemployed,unemployed_under_16_not_in_labor_force,34775.0,other_travel_mode,3.0,48685.0,one,core,not_working,several_units,not_attending_school,bachelors_degree,owner,other,"1 (Tract 5805.01, Cook, IL)","5805.01 (Cook, IL)","Cook County, IL",Illinois,Does not have work/school location,Does not have work/school location,Does not have work/school location,Does not have work/school location,10.5,14.774000000000001,16,Chicago3_mdw,"9801 (Cook, IL)",1900-01-01 18:00:30.000000000,18,1.984496124031008,UIUC1,"3.01 (Champaign, IL)",5.966457008125117,70,82.48449612403101,10,120.74045700812512,152,3.0,81.18,1,0,0
16228094717575808378,"1 (Tract 5805.01, Cook, IL)","5805.01 (Cook, IL)","Cook County, IL",Illinois,"2 (Tract 59.02, Champaign, IL)","59.02 (Champaign, IL)","Champaign County, IL",Illinois,private_auto,shop,home,1900-01-01 09:14:00,1900-01-01 11:29:56,135,134.8,unknown_vehicle_type,other_non_bev,,,,multi_family,multi_family,retail,retail,13497483482614365929,7068931075043927426,49.0,female,hispanic_or_latino_origin,not_in_labor_force,unemployed_under_16_not_in_labor_force,0.0,other_travel_mode,3.0,49956.0,two,core,not_working,several_units,not_attending_school,k_12,renter,spanish,"1 (Tract 5805.01, Cook, IL)","5805.01 (Cook, IL)","Cook County, IL",Illinois,Does not have work/school location,Does not have work/school location,Does not have work/school location,Does not have work/school location,9.333333333333334,14.283999999999999,9,Chicago3_mdw,"9801 (Cook, IL)",1900-01-01 10:43:19.999999998,10,1.8297872340425527,UIUC1,"3.01 (Champaign, IL)",5.901479274329966,70,81.16312056737588,10,120.18547927432996,135,3.0,80.88000000000001,1,0,0
4050207096549664331,"1 (Tract 6115, Cook, IL)","6115 (Cook, IL)","Cook County, IL",Illinois,"1 (Tract 59.01, Champaign, IL)","59.01 (Champaign, IL)","Champaign County, IL",Illinois,auto_passenger,work,home,1900-01-01 08:55:00,1900-01-01 11:08:47,133,130.2,unknown_vehicle_type,unknown_fuel_type,,,,single_family,single_family,office,office,2761386537718641995,5155147042881128955,59.0,female,hispanic_or_latino_origin,not_in_labor_force,unemployed_under_16_not_in_labor_force,9737.0,other_travel_mode,2.0,9737.0,one,core,not_working,single_family,not_attending_school,k_12,renter,spanish,"1 (Tract 6115, Cook, IL)","6115 (Cook, IL)","Cook County, IL",Illinois,Does not have work/school location,Does not have work/school location,Does not have work/school location,Does not have work/school location,11.0,16.573333333333334,8,Chicago3_mdw,"9801 (Cook, IL)",1900-01-01 10:26:00.000000000,10,2.870967741935484,UIUC1,"3.01 (Champaign, IL)",6.849058788061502,70,83.87096774193549,10,123.42239212139484,133,3.0,78.11999999999999,1,0,0
12417258408221705450,"1 (Tract 6118, Cook, IL)","6118 (Cook, IL)","Cook County, IL",Illinois,"5 (Tract 10, Champaign, IL)","10 (Champaign, IL)","Champaign County, IL",Illinois,private_auto,recreation,home,1900-01-01 14:31:00,1900-01-01 16:47:43,136,133.5,unknown_vehicle_type,other_non_bev,,,,multi_family,multi_family,mixed_use,open_space,8942987539559492828,11035587767122226121,69.0,female,hispanic_or_latino_origin,not_in_labor_force,unemployed_under_16_not_in_labor_force,16692.0,other_travel_mode,2.0,63059.0,one,core,not_working,several_units,not_attending_school,k_12,renter,spanish,"1 (Tract 6118, Cook, IL)","6118 (Cook, IL)","Cook County, IL",Illinois,Does not have work/school location,Does not have work/school location,Does not have work/school location,Does not have work/school location,12.875,16.7955,14,Chicago3_mdw,"9801 (Cook, IL)",1900-01-01 16:03:52.500000000,16,5.96969696969697,UIUC1,"3.01 (Champaign, IL)",10.905939393939393,70,88.84469696969697,10,127.7014393939394,136,3.0,80.1,1,0,0
9879098006969806770,"1 (Tract 6118, Cook, IL)","6118 (Cook, IL)","Cook County, IL",Illinois,"1 (Tract 9.02, Champaign, IL)","9.02 (Champaign, IL)","Champaign County, IL",Illinois,auto_passenger,social,home,1900-01-01 06:59:00,1900-01-01 09:05:15,126,131.3,unknown_vehicle_type,unknown_fuel_type,,,,multi_family,multi_family,single_family,single_family,17768914088866326486,8201456581769164865,61.0,female,black_not_hispanic_or_latino,not_in_labor_force,unemployed_under_16_not_in_labor_force,356.0,other_travel_mode,3.0,28847.0,zero,core,not_working,several_units,not_attending_school,high_school,renter,english,"1 (Tract 6118, Cook, IL)","6118 (Cook, IL)","Cook County, IL",Illinois,Does not have work/school location,Does not have work/school location,Does not have work/school location,Does not have work/school location,11.0,16.008,6,Chicago3_mdw,"9801 (Cook, IL)",1900-01-01 08:30:00.000000000,8,9.5,UIUC1,"3.01 (Champaign, IL)",15.589181286549707,70,90.5,10,131.5971812865497,126,3.0,78.78,1,0,0
4668292345529893581,"2 (Tract 8351, Cook, IL)","8351 (Cook, IL)","Cook County, IL",Illinois,"1 (Tract 111, Champaign, IL)","111 (Champaign, IL)","Champaign County, IL",Illinois,private_auto,work,recreation,1900-01-01 11:11:00,1900-01-01 13:31:47,140,141.5,unknown_vehicle_type,other_non_bev,,,,open_space,open_space,office,office,9202795157101257069,5727672161860855367,18.0,male,hispanic_or_latino_origin,not_in_labor_force,unemployed_under_16_not_in_labor_force,0.0,other_travel_mode,12.0,59233.0,three_plus,core,not_working,several_units,undergraduate,some_college,renter,spanish,"1 (Tract 6305, Cook, IL)","6305 (Cook, IL)","Cook County, IL",Illinois,Does not have work/school location,Does not have work/school location,Does not have work/school location,Does not have work/school location,10.0,14.18,11,Chicago3_mdw,"9801 (Cook, IL)",1900-01-01 12:41:00.000000000,12,2.625,UIUC1,"3.01 (Champaign, IL)",6.9225,70,82.625,10,121.1025,140,3.0,84.89999999999999,1,0,0
5070482991307494462,"4 (Tract 6305, Cook, IL)","6305 (Cook, IL)","Cook County, IL",Illinois,"1 (Tract 55, Champaign, IL)","55 (Champaign, IL)","Champaign County, IL",Illinois,private_auto,work,other_activity_type,1900-01-01 15:09:43,1900-01-01 17:34:16,144,134.3,unknown_vehicle_type,other_non_bev,,,,education,education,retail,retail,1084931471784551321,8777812540661346133,63.0,male,white_not_hispanic_or_latino,not_in_labor_force,unemployed_under_16_not_in_labor_force,69551.0,other_travel_mode,2.0,69551.0,one,core,naics92,single_family,not_attending_school,high_school,owner,spanish,"1 (Tract 6305, Cook, IL)","6305 (Cook, IL)","Cook County, IL",Illinois,Does not have work/school location,Does not have work/school location,Does not have work/school location,Does not have work/school location,11.0,14.68,15,Chicago3_mdw,"9801 (Cook, IL)",1900-01-01 16:40:43.000000000,16,5.44,UIUC1,"3.01 (Champaign, IL)",10.51237396449704,70,86.44,10,125.19237396449705,144,3.0,80.58,0,1,0
1717569072033141941,"1 (Tract 6305, Cook, IL)","6305 (Cook, IL)","Cook County, IL",Illinois,"1 (Tract 111, Champaign, IL)","111 (Champaign, IL)","Champaign County, IL",Illinois,private_auto,work,home,1900-01-01 07:36:00,1900-01-01 09:48:16,132,134.3,unknown_vehicle_type,other_non_bev,,,,multi_family,multi_family,retail,retail,18233764578578056389,7173525814605047172,42.0,female,hispanic_or_latino_origin,not_in_labor_force,unemployed_under_16_not_in_labor_force,0.0,other_travel_mode,5.0,43412.0,one,core,not_working,several_units,not_attending_school,high_school,renter,spanish,"1 (Tract 6305, Cook, IL)","6305 (Cook, IL)","Cook County, IL",Illinois,Does not have work/school location,Does not have work/school location,Does not have work/school location,Does not have work/school location,9.666666666666666,14.12,7,Chicago3_mdw,"9801 (Cook, IL)",1900-01-01 09:05:40.000000002,9,2.5,UIUC1,"3.01 (Champaign, IL)",6.87,70,82.16666666666667,10,120.99000000000001,132,3.0,80.58,1,0,0
933839315769845053,"1 (Tract 6305, Cook, IL)","6305 (Cook, IL)","Cook County, IL",Illinois,"1 (Tract 55, Champaign, IL)","55 (Champaign, IL)","Champaign County, IL",Illinois,private_auto,work,home,1900-01-01 09:46:00,1900-01-01 11:58:35,132,134.3,unknown_vehicle_type,other_non_bev,,,,single_family,single_family,retail,retail,1084931471784551321,8777812540661346133,63.0,male,white_not_hispanic_or_latino,not_in_labor_force,unemployed_under_16_not_in_labor_force,69551.0,other_travel_mode,2.0,69551.0,one,core,naics92,single_family,not_attending_school,high_school,owner,spanish,"1 (Tract 6305, Cook, IL)","6305 (Cook, IL)","Cook County, IL",Illinois,Does not have work/school location,Does not have work/school location,Does not have work/school location,Does not have work/school location,11.5,14.89,9,Chicago3_mdw,"9801 (Cook, IL)",1900-01-01 11:17:30.000000000,11,4.857142857142857,UIUC1,"3.01 (Champaign, IL)",10.267573964497041,70,86.35714285714286,10,125.15757396449705,132,3.0,80.58,0,1,0
13739940773406531213,"2 (Tract 6303, Cook, IL)","6303 (Cook, IL)","Cook County, IL",Illinois,"1 (Tract 13.02, Champaign, IL)","13.02 (Champaign, IL)","Champaign County, IL",Illinois,private_auto,shop,shop,1900-01-01 21:53:32,1900-01-01 00:10:04,136,135.2,,,,,,mixed_use,retail,retail,retail,11178464253460798246,17249590940399663940,26.0,male,black_not_hispanic_or_latino,not_in_labor_force,unemployed_under_16_not_in_labor_force,0.0,other_travel_mode,1.0,0.0,unknown_num_vehicles,core,not_working,GQ_structure,not_attending_school,high_school,GQ,GQ_language,"1 (Tract 7.02, Coles, IL)","7.02 (Coles, IL)","Coles County, IL",Illinois,Does not have work/school location,Does not have work/school location,Does not have work/school location,Does not have work/school location,7.857142857142857,11.755932203389829,21,Chicago3_mdw,"9801 (Cook, IL)",1900-01-01 23:21:23.428571426,23,7.0,UIUC1,"3.01 (Champaign, IL)",12.44331950207469,70,84.85714285714286,10,124.19925170546452,136,3.0,81.11999999999999,1,0,0
17065294388512429646,"1 (Tract 9801, Cook, IL)","9801 (Cook, IL)","Cook County, IL",Illinois,"2 (Tract 7, Champaign, IL)","7 (Champaign, IL)","Champaign County, IL",Illinois,private_auto,recreation,region_arrival,1900-01-01 16:14:00,1900-01-01 18:28:51,134,133.3,unknown_vehicle_type,other_non_bev,,,,transportation_utilities,transportation_utilities,mixed_use,open_space,9296860806573555797,8086788568461895781,17.0,male,black_not_hispanic_or_latino,unemployed,unemployed_under_16_not_in_labor_force,11159.0,other_travel_mode,5.0,94971.0,two,core,naics72,multiple_units,not_attending_school,high_school,renter,english,"1 (Tract 8, Champaign, IL)","8 (Champaign, IL)","Champaign County, IL",Illinois,Does not have work/school location,Does not have work/school location,Does not have work/school location,Does not have work/school location,4.228070175438597,8.288619662363455,16,Chicago3_mdw,"9801 (Cook, IL)",1900-01-01 17:38:13.684210524,17,4.846153846153846,UIUC1,"3.01 (Champaign, IL)",9.253933838182544,70,79.07422402159244,10,117.542553500546,134,3.0,79.98,1,0,0
5196147011944765811,"1 (Tract 7402, Cook, IL)","7402 (Cook, IL)","Cook County, IL",Illinois,"2 (Tract 110.02, Champaign, IL)","110.02 (Champaign, IL)","Champaign County, IL",Illinois,private_auto,eat,other_activity_type,1900-01-01 16:32:00,1900-01-01 18:37:10,125,123.6,unknown_vehicle_type,other_non_bev,,,,education,education,retail,retail,1689151588966435703,1735928481697084564,40.0,male,hispanic_or_latino_origin,not_in_labor_force,unemployed_under_16_not_in_labor_force,81398.0,other_travel_mode,5.0,82483.0,two,core,naics61,single_family,not_attending_school,bachelors_degree,owner,spanish,"1 (Tract 8211.02, Cook, IL)","8211.02 (Cook, IL)","Cook County, IL",Illinois,Does not have work/school location,Does not have work/school location,Does not have work/school location,Does not have work/school location,22.0,25.880000000000003,16,Chicago3_mdw,"9801 (Cook, IL)",1900-01-01 18:14:00.000000000,18,2.0,UIUC1,"3.01 (Champaign, IL)",6.283119266055047,70,94.0,10,132.16311926605505,125,3.0,74.16,0,1,0
17882974341747960361,"1 (Tract 7404, Cook, IL)","7404 (Cook, IL)","Cook County, IL",Illinois,"1 (Tract 3.01, Champaign, IL)","3.01 (Champaign, IL)","Champaign County, IL",Illinois,private_auto,work,shop,1900-01-01 12:51:52,1900-01-01 14:52:30,120,122.5,unknown_vehicle_type,other_non_bev,,,,office,office,retail,retail,1278630760125535685,13464235496782693245,41.0,male,white_not_hispanic_or_latino,not_in_labor_force,unemployed_under_16_not_in_labor_force,0.0,other_travel_mode,4.0,115918.0,two,core,naics71,single_family,not_attending_school,bachelors_degree,owner,asian_pacific,"1 (Tract 8219, Cook, IL)","8219 (Cook, IL)","Cook County, IL",Illinois,Does not have work/school location,Does not have work/school location,Does not have work/school location,Does not have work/school location,21.0,27.36,12,Chicago3_mdw,"9801 (Cook, IL)",1900-01-01 14:32:52.000000000,14,0.9285714285714286,UIUC1,"3.01 (Champaign, IL)",4.967182280319536,70,91.92857142857143,10,132.32718228031953,120,3.0,73.5,1,0,0
2417810381626866556,"2 (Tract 7203, Cook, IL)","7203 (Cook, IL)","Cook County, IL",Illinois,"1 (Tract 3.01, Champaign, IL)","3.01 (Champaign, IL)","Champaign County, IL",Illinois,auto_passenger,work,shop,1900-01-01 09:45:38,1900-01-01 11:48:02,122,123.1,unknown_vehicle_type,unknown_fuel_type,,,,retail,retail,retail,retail,1308711532715694919,6508913295633936268,73.0,male,white_not_hispanic_or_latino,not_in_labor_force,unemployed_under_16_not_in_labor_force,47526.0,other_travel_mode,1.0,47526.0,zero,core,not_working,single_family,not_attending_school,k_12,renter,english,"1 (Tract 8219, Cook, IL)","8219 (Cook, IL)","Cook County, IL",Illinois,Does not have work/school location,Does not have work/school location,Does not have work/school location,Does not have work/school location,23.0,27.34,9,Chicago3_mdw,"9801 (Cook, IL)",1900-01-01 11:28:38.000000000,11,0.8873239436619719,UIUC1,"3.01 (Champaign, IL)",4.949858336657564,70,93.88732394366197,10,132.28985833665757,122,3.0,73.86,0,1,0
5335720280166501139,"1 (Tract 9801, Cook, IL)","9801 (Cook, IL)","Cook County, IL",Illinois,"1 (Tract 57.01, Champaign, IL)","57.01 (Champaign, IL)","Champaign County, IL",Illinois,private_auto,eat,region_arrival,1900-01-01 15:29:00,1900-01-01 17:54:03,145,129.6,unknown_vehicle_type,other_non_bev,,,,transportation_utilities,transportation_utilities,retail,retail,16569994035996540160,11084647725316807756,62.0,male,white_not_hispanic_or_latino,not_in_labor_force,unemployed_under_16_not_in_labor_force,28652.0,other_travel_mode,2.0,61211.0,one,core,not_working,single_family,not_attending_school,high_school,owner,english,"1 (Tract 9.02, Champaign, IL)","9.02 (Champaign, IL)","Champaign County, IL",Illinois,Does not have work/school location,Does not have work/school location,Does not have work/school location,Does not have work/school location,5.063291139240507,8.639412467160257,15,Chicago3_mdw,"9801 (Cook, IL)",1900-01-01 16:54:03.797468352,16,6.818181818181818,UIUC1,"3.01 (Champaign, IL)",11.693090909090909,70,81.88147295742232,10,120.33250337625117,145,3.0,77.75999999999999,1,0,0
3278793721015499549,"1 (Tract 7004.02, Cook, IL)","7004.02 (Cook, IL)","Cook County, IL",Illinois,"1 (Tract 9.02, Champaign, IL)","9.02 (Champaign, IL)","Champaign County, IL",Illinois,private_auto,home,social,1900-01-01 15:38:00,1900-01-01 17:44:05,126,123.0,unknown_vehicle_type,other_non_bev,,,,single_family,single_family,single_family,single_family,14509970048480218914,1525991477062325572,20.0,male,white_not_hispanic_or_latino,not_in_labor_force,unemployed_under_16_not_in_labor_force,0.0,other_travel_mode,9.0,17028.0,three_plus,core,not_working,single_family,undergraduate,high_school,renter,spanish,"1 (Tract 9.02, Champaign, IL)","9.02 (Champaign, IL)","Champaign County, IL",Illinois,"2 (Tract 110.01, Champaign, IL)","110.01 (Champaign, IL)","Champaign County, IL",Illinois,14.0,18.633333333333336,15,Chicago3_mdw,"9801 (Cook, IL)",1900-01-01 17:12:00.000000000,17,9.73913043478261,UIUC1,"3.01 (Champaign, IL)",15.689616069158404,70,93.73913043478261,10,134.32294940249176,126,3.0,73.8,1,0,0
7625871213270130303,"1 (Tract 9801, Cook, IL)","9801 (Cook, IL)","Cook County, IL",Illinois,"1 (Tract 9.02, Champaign, IL)","9.02 (Champaign, IL)","Champaign County, IL",Illinois,private_auto,recreation,region_arrival,1900-01-01 13:40:00,1900-01-01 15:52:14,132,133.8,unknown_vehicle_type,other_non_bev,,,,transportation_utilities,transportation_utilities,office,office,12834332516230537118,14459346546760128187,71.0,female,white_not_hispanic_or_latino,not_in_labor_force,unemployed_under_16_not_in_labor_force,29973.0,other_travel_mode,2.0,44145.0,two,core,not_working,single_family,not_attending_school,some_college,owner,english,"1 (Tract 9.02, Champaign, IL)","9.02 (Champaign, IL)","Champaign County, IL",Illinois,Does not have work/school location,Does not have work/school location,Does not have work/school location,Does not have work/school location,5.015151515151516,8.619193825042881,13,Chicago3_mdw,"9801 (Cook, IL)",1900-01-01 15:05:00.909090912,15,10.565217391304348,UIUC1,"3.01 (Champaign, IL)",16.036572590897535,70,85.58036890645586,10,124.65576641594042,132,3.0,80.28,1,0,0
964439396029179803,"1 (Tract 9801, Cook, IL)","9801 (Cook, IL)","Cook County, IL",Illinois,"1 (Tract 8, Champaign, IL)","8 (Champaign, IL)","Champaign County, IL",Illinois,private_auto,shop,region_arrival,1900-01-01 11:47:00,1900-01-01 13:57:47,130,132.5,unknown_vehicle_type,other_non_bev,,,,transportation_utilities,transportation_utilities,retail,retail,402442411457847708,17709674954651578750,74.0,female,white_not_hispanic_or_latino,not_in_labor_force,unemployed_under_16_not_in_labor_force,9175.0,other_travel_mode,5.0,56073.0,three_plus,core,not_working,single_family,not_attending_school,high_school,owner,english,"1 (Tract 9503, Iroquois, IL)","9503 (Iroquois, IL)","Iroquois County, IL",Illinois,Does not have work/school location,Does not have work/school location,Does not have work/school location,Does not have work/school location,4.945945945945946,8.590127485976542,11,Chicago3_mdw,"9801 (Cook, IL)",1900-01-01 13:11:56.756756754,13,7.219512195121951,UIUC1,"3.01 (Champaign, IL)",12.07116948092558,70,82.1654581410679,10,120.66129696690211,130,3.0,79.5,1,0,0
1627523151380397778,"1 (Tract 9801, Cook, IL)","9801 (Cook, IL)","Cook County, IL",Illinois,"5 (Tract 109.01, Champaign, IL)","109.01 (Champaign, IL)","Champaign County, IL",Illinois,private_auto,maintenance,region_arrival,1900-01-01 11:48:00,1900-01-01 14:06:51,138,141.5,unknown_vehicle_type,other_non_bev,,,,transportation_utilities,transportation_utilities,mixed_use,retail,7267379349421705577,6852183844932713533,61.0,female,white_not_hispanic_or_latino,not_in_labor_force,unemployed_under_16_not_in_labor_force,0.0,other_travel_mode,2.0,59641.0,two,core,not_working,single_family,not_attending_school,some_college,owner,english,"1 (Tract 9545, Piatt, IL)","9545 (Piatt, IL)","Piatt County, IL",Illinois,Does not have work/school location,Does not have work/school location,Does not have work/school location,Does not have work/school location,4.945945945945946,8.590127485976542,11,Chicago3_mdw,"9801 (Cook, IL)",1900-01-01 13:12:56.756756754,13,12.0,UIUC1,"3.01 (Champaign, IL)",16.52204081632653,70,86.94594594594595,10,125.11216830230308,138,3.0,84.89999999999999,1,0,0
14745713765918500267,"1 (Tract 9801, Cook, IL)","9801 (Cook, IL)","Cook County, IL",Illinois,"2 (Tract 10, Champaign, IL)","10 (Champaign, IL)","Champaign County, IL",Illinois,private_auto,home,region_arrival,1900-01-01 20:52:00,1900-01-01 23:02:22,130,134.5,unknown_vehicle_type,other_non_bev,,,,transportation_utilities,transportation_utilities,single_family,single_family,1785062452140277112,6090900144647356537,94.0,male,two_races_not_hispanic_or_latino,not_in_labor_force,unemployed_under_16_not_in_labor_force,201867.0,other_travel_mode,2.0,238550.0,one,core,not_working,single_family,not_attending_school,advanced_degree,owner,english,"2 (Tract 10, Champaign, IL)","10 (Champaign, IL)","Champaign County, IL",Illinois,Does not have work/school location,Does not have work/school location,Does not have work/school location,Does not have work/school location,5.92,8.999230188679245,20,Chicago3_mdw,"9801 (Cook, IL)",1900-01-01 22:17:55.200000000,22,6.0,UIUC1,"3.01 (Champaign, IL)",10.918666666666667,70,81.92,10,119.91789685534592,130,3.0,80.7,0,0,1
17175641757956786227,"1 (Tract 9801, Cook, IL)","9801 (Cook, IL)","Cook County, IL",Illinois,"2 (Tract 59.02, Champaign, IL)","59.02 (Champaign, IL)","Champaign County, IL",Illinois,auto_passenger,work,region_arrival,1900-01-01 18:06:00,1900-01-01 20:20:16,134,134.7,unknown_vehicle_type,unknown_fuel_type,,,,transportation_utilities,transportation_utilities,education,education,9310216464754335585,9961647319579348764,24.0,female,hispanic_or_latino_origin,unemployed,unemployed_under_16_not_in_labor_force,0.0,other_travel_mode,9.0,86938.0,two,core,not_working,single_family,not_attending_school,some_college,renter,spanish,"2 (Tract 101, Champaign, IL)","101 (Champaign, IL)","Champaign County, IL",Illinois,"2 (Tract 59.02, Champaign, IL)","59.02 (Champaign, IL)","Champaign County, IL",Illinois,4.653846153846154,8.46744557329463,18,Chicago3_mdw,"9801 (Cook, IL)",1900-01-01 19:30:39.230769228,19,1.9438202247191008,UIUC1,"3.01 (Champaign, IL)",5.9493731304141155,70,76.59766637856526,10,114.41681870370874,134,3.0,80.82,1,0,0
15885763457783239450,"1 (Tract 9801, Cook, IL)","9801 (Cook, IL)","Cook County, IL",Illinois,"1 (Tract 111, Champaign, IL)","111 (Champaign, IL)","Champaign County, IL",Illinois,private_auto,shop,region_arrival,1900-01-01 17:26:00,1900-01-01 19:40:37,134,136.3,unknown_vehicle_type,other_non_bev,,,,transportation_utilities,transportation_utilities,retail,retail,4956601926329714478,14342959940815976334,69.0,female,white_not_hispanic_or_latino,not_in_labor_force,unemployed_under_16_not_in_labor_force,14326.0,other_travel_mode,3.0,61428.0,two,core,not_working,single_family,not_attending_school,high_school,owner,english,"2 (Tract 106.01, Champaign, IL)","106.01 (Champaign, IL)","Champaign County, IL",Illinois,Does not have work/school location,Does not have work/school location,Does not have work/school location,Does not have work/school location,5.551724137931035,8.844554326610279,17,Chicago3_mdw,"9801 (Cook, IL)",1900-01-01 18:51:33.103448273,18,2.926829268292683,UIUC1,"3.01 (Champaign, IL)",7.049268292682927,70,78.47855340622371,10,115.8938226192932,134,3.0,81.78,1,0,0
14181532956678327392,"1 (Tract 9801, Cook, IL)","9801 (Cook, IL)","Cook County, IL",Illinois,"2 (Tract 11, Champaign, IL)","11 (Champaign, IL)","Champaign County, IL",Illinois,private_auto,home,region_arrival,1900-01-01 11:56:00,1900-01-01 14:10:29,134,135.1,unknown_vehicle_type,other_non_bev,,,,transportation_utilities,transportation_utilities,single_family,single_family,846931394134101008,10972704330418599917,20.0,female,white_not_hispanic_or_latino,not_in_labor_force,unemployed_under_16_not_in_labor_force,0.0,other_travel_mode,3.0,326463.0,two,core,not_working,single_family,not_attending_school,some_college,owner,english,"2 (Tract 11, Champaign, IL)","11 (Champaign, IL)","Champaign County, IL",Illinois,Does not have work/school location,Does not have work/school location,Does not have work/school location,Does not have work/school location,4.945945945945946,8.590127485976542,11,Chicago3_mdw,"9801 (Cook, IL)",1900-01-01 13:20:56.756756754,13,3.555555555555556,UIUC1,"3.01 (Champaign, IL)",8.884922118380063,70,78.50150150150151,10,117.4750496043566,134,3.0,81.05999999999999,1,0,0
10066885878032608350,"1 (Tract 9801, Cook, IL)","9801 (Cook, IL)","Cook County, IL",Illinois,"1 (Tract 8, Champaign, IL)","8 (Champaign, IL)","Champaign County, IL",Illinois,private_auto,eat,region_arrival,1900-01-01 19:12:00,1900-01-01 21:18:35,126,131.8,unknown_vehicle_type,other_non_bev,,,,transportation_utilities,transportation_utilities,retail,retail,12620280362682478054,624210769798366072,61.0,female,white_not_hispanic_or_latino,not_in_labor_force,unemployed_under_16_not_in_labor_force,10684.0,other_travel_mode,6.0,322902.0,two,core,not_working,single_family,not_attending_school,some_college,owner,english,"2 (Tract 11, Champaign, IL)","11 (Champaign, IL)","Champaign County, IL",Illinois,Does not have work/school location,Does not have work/school location,Does not have work/school location,Does not have work/school location,5.05,8.633830188679244,19,Chicago3_mdw,"9801 (Cook, IL)",1900-01-01 20:37:03.000000000,20,7.103448275862069,UIUC1,"3.01 (Champaign, IL)",12.022422634836428,70,82.15344827586206,10,120.65625282351567,126,3.0,79.08,1,0,0
11831101804008595387,"1 (Tract 9801, Cook, IL)","9801 (Cook, IL)","Cook County, IL",Illinois,"2 (Tract 11, Champaign, IL)","11 (Champaign, IL)","Champaign County, IL",Illinois,private_auto,home,region_arrival,1900-01-01 07:41:07,1900-01-01 09:54:59,133,137.0,unknown_vehicle_type,other_non_bev,,,,transportation_utilities,transportation_utilities,single_family,single_family,2153395620812974361,15417039285496764086,49.0,female,white_not_hispanic_or_latino,not_in_labor_force,unemployed_under_16_not_in_labor_force,12751.0,other_travel_mode,3.0,205198.0,two,core,not_working,single_family,not_attending_school,bachelors_degree,owner,indo_european,"2 (Tract 11, Champaign, IL)","11 (Champaign, IL)","Champaign County, IL",Illinois,Does not have work/school location,Does not have work/school location,Does not have work/school location,Does not have work/school location,4.450704225352113,8.382125963327132,7,Chicago3_mdw,"9801 (Cook, IL)",1900-01-01 09:05:34.042253524,9,5.5,UIUC1,"3.01 (Champaign, IL)",9.701588785046729,70,79.95070422535211,10,118.08371474837385,133,3.0,82.2,1,0,0
1498765102458203588,"1 (Tract 9801, Cook, IL)","9801 (Cook, IL)","Cook County, IL",Illinois,"3 (Tract 53, Champaign, IL)","53 (Champaign, IL)","Champaign County, IL",Illinois,private_auto,eat,region_arrival,1900-01-01 17:22:00,1900-01-01 19:39:06,137,126.6,unknown_vehicle_type,other_non_bev,,,,transportation_utilities,transportation_utilities,retail,retail,5213823191115417724,12563808788891893768,19.0,female,white_not_hispanic_or_latino,not_in_labor_force,unemployed_under_16_not_in_labor_force,0.0,other_travel_mode,2.0,0.0,one,core,not_working,multiple_units,not_attending_school,high_school,renter,english,"2 (Tract 110.02, Champaign, IL)","110.02 (Champaign, IL)","Champaign County, IL",Illinois,Does not have work/school location,Does not have work/school location,Does not have work/school location,Does not have work/school location,5.551724137931035,8.844554326610279,17,Chicago3_mdw,"9801 (Cook, IL)",1900-01-01 18:47:33.103448273,18,4.564102564102564,UIUC1,"3.01 (Champaign, IL)",8.594812524159257,70,80.1158267020336,10,117.43936685076953,137,3.0,75.96,1,0,0
8819810648131112816,"3 (Tract 7003.01, Cook, IL)","7003.01 (Cook, IL)","Cook County, IL",Illinois,"2 (Tract 12.01, Champaign, IL)","12.01 (Champaign, IL)","Champaign County, IL",Illinois,auto_passenger,home,shop,1900-01-01 17:24:04,1900-01-01 19:33:10,129,125.6,,unknown_fuel_type,,,,office,office,single_family,single_family,12097913908654880275,1938077414223765454,34.0,male,black_not_hispanic_or_latino,not_in_labor_force,unemployed_under_16_not_in_labor_force,0.0,other_travel_mode,1.0,0.0,two,core,not_working,single_family,not_attending_school,no_school,renter,english,"2 (Tract 12.01, Champaign, IL)","12.01 (Champaign, IL)","Champaign County, IL",Illinois,Does not have work/school location,Does not have work/school location,Does not have work/school location,Does not have work/school location,10.0,14.675774647887325,17,Chicago3_mdw,"9801 (Cook, IL)",1900-01-01 18:54:04.000000000,18,7.25,UIUC1,"3.01 (Champaign, IL)",12.297823920265781,70,87.25,10,126.97359856815311,129,3.0,75.36,1,0,0
18158172651629538856,"1 (Tract 9801, Cook, IL)","9801 (Cook, IL)","Cook County, IL",Illinois,"5 (Tract 12.01, Champaign, IL)","12.01 (Champaign, IL)","Champaign County, IL",Illinois,private_auto,shop,region_arrival,1900-01-01 18:36:00,1900-01-01 20:45:23,129,135.9,unknown_vehicle_type,other_non_bev,,,,transportation_utilities,transportation_utilities,retail,retail,2570925248519206196,5521391606732486444,62.0,female,white_not_hispanic_or_latino,not_in_labor_force,unemployed_under_16_not_in_labor_force,64491.0,other_travel_mode,2.0,126085.0,one,core,naics61,single_family,not_attending_school,bachelors_degree,owner,english,"2 (Tract 12.01, Champaign, IL)","12.01 (Champaign, IL)","Champaign County, IL",Illinois,Does not have work/school location,Does not have work/school location,Does not have work/school location,Does not have work/school location,4.653846153846154,8.46744557329463,18,Chicago3_mdw,"9801 (Cook, IL)",1900-01-01 20:00:39.230769228,20,7.235294117647059,UIUC1,"3.01 (Champaign, IL)",12.291647449677544,70,81.88914027149322,10,120.75909302297217,129,3.0,81.54,0,1,0
5021509549665475796,"4 (Tract 7402, Cook, IL)","7402 (Cook, IL)","Cook County, IL",Illinois,"1 (Tract 8, Champaign, IL)","8 (Champaign, IL)","Champaign County, IL",Illinois,private_auto,shop,shop,1900-01-01 18:08:15,1900-01-01 20:04:32,116,121.5,unknown_vehicle_type,other_non_bev,,,,mixed_use,retail,retail,retail,7583757563213715269,2186006206422188014,59.0,female,white_not_hispanic_or_latino,not_in_labor_force,unemployed_under_16_not_in_labor_force,0.0,other_travel_mode,3.0,46367.0,two,core,not_working,single_family,not_attending_school,high_school,owner,english,"2 (Tract 12.01, Champaign, IL)","12.01 (Champaign, IL)","Champaign County, IL",Illinois,Does not have work/school location,Does not have work/school location,Does not have work/school location,Does not have work/school location,16.5,23.57,18,Chicago3_mdw,"9801 (Cook, IL)",1900-01-01 19:44:45.000000000,19,6.662650602409639,UIUC1,"3.01 (Champaign, IL)",11.837287611986408,70,93.16265060240964,10,135.4072876119864,116,3.0,72.89999999999999,1,0,0
6501888819711303606,"3 (Tract 7003.01, Cook, IL)","7003.01 (Cook, IL)","Cook County, IL",Illinois,"2 (Tract 12.01, Champaign, IL)","12.01 (Champaign, IL)","Champaign County, IL",Illinois,auto_passenger,home,shop,1900-01-01 16:36:00,1900-01-01 18:47:50,131,124.6,unknown_vehicle_type,unknown_fuel_type,,,,retail,retail,single_family,single_family,11590271302878327463,4076395852189450961,82.0,female,white_not_hispanic_or_latino,not_in_labor_force,unemployed_under_16_not_in_labor_force,20181.0,other_travel_mode,2.0,44399.0,one,core,not_working,single_family,not_attending_school,high_school,owner,english,"2 (Tract 12.01, Champaign, IL)","12.01 (Champaign, IL)","Champaign County, IL",Illinois,Does not have work/school location,Does not have work/school location,Does not have work/school location,Does not have work/school location,9.2,14.339774647887324,16,Chicago3_mdw,"9801 (Cook, IL)",1900-01-01 18:05:12.000000000,18,7.25,UIUC1,"3.01 (Champaign, IL)",12.297823920265781,70,86.45,10,126.63759856815311,131,3.0,74.75999999999999,1,0,0
10404275401140875554,"1 (Tract 9801, Cook, IL)","9801 (Cook, IL)","Cook County, IL",Illinois,"4 (Tract 5, Champaign, IL)","5 (Champaign, IL)","Champaign County, IL",Illinois,private_auto,social,region_arrival,1900-01-01 11:55:00,1900-01-01 14:10:54,135,134.8,unknown_vehicle_type,other_non_bev,,,,transportation_utilities,transportation_utilities,single_family,single_family,17195073293319818029,1270478297707130779,21.0,male,black_not_hispanic_or_latino,not_in_labor_force,unemployed_under_16_not_in_labor_force,10195.0,other_travel_mode,4.0,59132.0,one,core,not_working,single_family,not_attending_school,high_school,renter,english,"2 (Tract 12.01, Champaign, IL)","12.01 (Champaign, IL)","Champaign County, IL",Illinois,Does not have work/school location,Does not have work/school location,Does not have work/school location,Does not have work/school location,4.945945945945946,8.590127485976542,11,Chicago3_mdw,"9801 (Cook, IL)",1900-01-01 13:19:56.756756754,13,2.346938775510204,UIUC1,"3.01 (Champaign, IL)",6.828817733990149,70,77.29288472145616,10,115.41894521996669,135,3.0,80.88000000000001,1,0,0
5647855429793715342,"1 (Tract 9801, Cook, IL)","9801 (Cook, IL)","Cook County, IL",Illinois,"3 (Tract 11, Champaign, IL)","11 (Champaign, IL)","Champaign County, IL",Illinois,private_auto,eat,region_arrival,1900-01-01 11:55:00,1900-01-01 14:07:07,132,136.2,unknown_vehicle_type,other_non_bev,,,,transportation_utilities,transportation_utilities,retail,retail,2517909404896881101,4293598365269077671,21.0,female,white_not_hispanic_or_latino,not_in_labor_force,unemployed_under_16_not_in_labor_force,0.0,other_travel_mode,5.0,179673.0,three_plus,core,not_working,single_family,undergraduate,some_college,owner,english,"2 (Tract 12.03, Champaign, IL)","12.03 (Champaign, IL)","Champaign County, IL",Illinois,"1 (Tract 9.02, Champaign, IL)","9.02 (Champaign, IL)","Champaign County, IL",Illinois,4.945945945945946,8.590127485976542,11,Chicago3_mdw,"9801 (Cook, IL)",1900-01-01 13:19:56.756756754,13,3.555555555555556,UIUC1,"3.01 (Champaign, IL)",8.884922118380063,70,78.50150150150151,10,117.4750496043566,132,3.0,81.71999999999998,1,0,0
16592479586314401868,"1 (Tract 9801, Cook, IL)","9801 (Cook, IL)","Cook County, IL",Illinois,"2 (Tract 12.03, Champaign, IL)","12.03 (Champaign, IL)","Champaign County, IL",Illinois,auto_passenger,home,region_arrival,1900-01-01 19:44:00,1900-01-01 21:56:53,132,137.2,unknown_vehicle_type,unknown_fuel_type,,,,transportation_utilities,transportation_utilities,single_family,single_family,9765083858108530614,286614577599203076,81.0,female,white_not_hispanic_or_latino,not_in_labor_force,unemployed_under_16_not_in_labor_force,77490.0,other_travel_mode,2.0,169199.0,two,core,not_working,single_family,not_attending_school,some_college,owner,english,"2 (Tract 12.03, Champaign, IL)","12.03 (Champaign, IL)","Champaign County, IL",Illinois,Does not have work/school location,Does not have work/school location,Does not have work/school location,Does not have work/school location,5.05,8.633830188679244,19,Chicago3_mdw,"9801 (Cook, IL)",1900-01-01 21:09:03.000000000,21,6.75,UIUC1,"3.01 (Champaign, IL)",13.209744525547444,70,81.8,10,121.84357471422669,132,3.0,82.32,0,1,0
7938583590348980795,"1 (Tract 9801, Cook, IL)","9801 (Cook, IL)","Cook County, IL",Illinois,"2 (Tract 10, Champaign, IL)","10 (Champaign, IL)","Champaign County, IL",Illinois,private_auto,social,region_arrival,1900-01-01 19:25:00,1900-01-01 21:34:58,129,134.3,unknown_vehicle_type,other_non_bev,,,,transportation_utilities,transportation_utilities,single_family,single_family,2666005693505607020,13642436080247308746,16.0,female,white_not_hispanic_or_latino,not_in_labor_force,unemployed_under_16_not_in_labor_force,0.0,other_travel_mode,3.0,167871.0,two,core,not_working,multiple_units,school,k_12,renter,english,"2 (Tract 12.05, Champaign, IL)","12.05 (Champaign, IL)","Champaign County, IL",Illinois,Does not have work/school location,Does not have work/school location,Does not have work/school location,Does not have work/school location,5.05,8.633830188679244,19,Chicago3_mdw,"9801 (Cook, IL)",1900-01-01 20:50:03.000000000,20,6.0,UIUC1,"3.01 (Champaign, IL)",10.918666666666667,70,81.05,10,119.55249685534591,129,3.0,80.58,1,0,0
7638221455500873324,"1 (Tract 9801, Cook, IL)","9801 (Cook, IL)","Cook County, IL",Illinois,"3 (Tract 13.02, Champaign, IL)","13.02 (Champaign, IL)","Champaign County, IL",Illinois,private_auto,maintenance,region_arrival,1900-01-01 14:03:00,1900-01-01 16:21:50,138,139.4,unknown_vehicle_type,other_non_bev,,,,transportation_utilities,transportation_utilities,office,office,13455716183352016894,5011133574333280472,73.0,female,white_not_hispanic_or_latino,not_in_labor_force,unemployed_under_16_not_in_labor_force,178517.0,other_travel_mode,1.0,178517.0,two,core,not_working,single_family,not_attending_school,some_college,owner,other,"2 (Tract 13.01, Champaign, IL)","13.01 (Champaign, IL)","Champaign County, IL",Illinois,Does not have work/school location,Does not have work/school location,Does not have work/school location,Does not have work/school location,5.041322314049586,8.63018556058007,14,Chicago3_mdw,"9801 (Cook, IL)",1900-01-01 15:28:02.479338840,15,7.222222222222222,UIUC1,"3.01 (Champaign, IL)",12.536652835408022,70,82.26354453627181,10,121.1668383959881,138,3.0,83.64,0,0,1
8126232840773229058,"1 (Tract 9801, Cook, IL)","9801 (Cook, IL)","Cook County, IL",Illinois,"1 (Tract 3.01, Champaign, IL)","3.01 (Champaign, IL)","Champaign County, IL",Illinois,private_auto,social,region_arrival,1900-01-01 11:31:00,1900-01-01 13:45:37,134,133.9,unknown_vehicle_type,other_non_bev,,,,transportation_utilities,transportation_utilities,multi_family,multi_family,8661941944167664293,8951377061356272802,71.0,male,white_not_hispanic_or_latino,not_in_labor_force,unemployed_under_16_not_in_labor_force,117754.0,other_travel_mode,2.0,154660.0,two,core,not_working,single_family,not_attending_school,advanced_degree,owner,english,"2 (Tract 13.02, Champaign, IL)","13.02 (Champaign, IL)","Champaign County, IL",Illinois,Does not have work/school location,Does not have work/school location,Does not have work/school location,Does not have work/school location,4.945945945945946,8.590127485976542,11,Chicago3_mdw,"9801 (Cook, IL)",1900-01-01 12:55:56.756756754,12,1.1690140845070425,UIUC1,"3.01 (Champaign, IL)",5.068168195812493,70,76.11496003045299,10,113.65829568178903,134,3.0,80.34,0,1,0
13702033358573788533,"2 (Tract 4108, Cook, IL)","4108 (Cook, IL)","Cook County, IL",Illinois,"3 (Tract 5, Champaign, IL)","5 (Champaign, IL)","Champaign County, IL",Illinois,auto_passenger,social,home,1900-01-01 07:29:00,1900-01-01 09:38:53,129,131.5,unknown_vehicle_type,unknown_fuel_type,,,,multi_family,multi_family,single_family,single_family,14415426325153857384,15859516463869243326,29.0,male,asian_not_hispanic_or_latino,not_in_labor_force,unemployed_under_16_not_in_labor_force,0.0,other_travel_mode,5.0,3058.0,zero,core,not_working,multiple_units,graduate,bachelors_degree,renter,asian_pacific,"2 (Tract 4108, Cook, IL)","4108 (Cook, IL)","Cook County, IL",Illinois,Does not have work/school location,Does not have work/school location,Does not have work/school location,Does not have work/school location,18.0,26.431428571428572,7,Chicago3_mdw,"9801 (Cook, IL)",1900-01-01 09:07:00.000000000,9,2.5357142857142856,UIUC1,"3.01 (Champaign, IL)",6.908103448275862,70,90.53571428571429,10,133.33953201970442,129,3.0,78.89999999999999,1,0,0
2095182031112075853,"2 (Tract 6116, Cook, IL)","6116 (Cook, IL)","Cook County, IL",Illinois,"1 (Tract 2, Champaign, IL)","2 (Champaign, IL)","Champaign County, IL",Illinois,private_auto,maintenance,shop,1900-01-01 11:38:01,1900-01-01 13:51:36,133,137.4,unknown_vehicle_type,other_non_bev,,,,retail,retail,mixed_use,office,5252027832378333408,8679440527602463662,51.0,female,asian_not_hispanic_or_latino,not_in_labor_force,unemployed_under_16_not_in_labor_force,9273.0,other_travel_mode,3.0,97603.0,two,core,not_working,multiple_units,not_attending_school,bachelors_degree,renter,asian_pacific,"2 (Tract 5, Vermilion, IL)","5 (Vermilion, IL)","Vermilion County, IL",Illinois,Does not have work/school location,Does not have work/school location,Does not have work/school location,Does not have work/school location,13.0,18.0,11,Chicago3_mdw,"9801 (Cook, IL)",1900-01-01 13:11:01.000000000,13,2.0,UIUC1,"3.01 (Champaign, IL)",6.225853658536586,70,85.0,10,124.22585365853658,133,3.0,82.44,1,0,0
58477832248561114,"2 (Tract 7004.01, Cook, IL)","7004.01 (Cook, IL)","Cook County, IL",Illinois,"1 (Tract 9.01, Champaign, IL)","9.01 (Champaign, IL)","Champaign County, IL",Illinois,private_auto,eat,social,1900-01-01 11:39:37,1900-01-01 13:44:37,125,122.9,unknown_vehicle_type,other_non_bev,,,,single_family,single_family,retail,retail,17644945638559152477,18322230637998062908,50.0,male,black_not_hispanic_or_latino,not_in_labor_force,unemployed_under_16_not_in_labor_force,0.0,other_travel_mode,4.0,237556.0,three_plus,core,not_working,single_family,not_attending_school,bachelors_degree,owner,english,"2 (Tract 5304, Cook, IL)","5304 (Cook, IL)","Cook County, IL",Illinois,Does not have work/school location,Does not have work/school location,Does not have work/school location,Does not have work/school location,12.0,16.863809523809525,11,Chicago3_mdw,"9801 (Cook, IL)",1900-01-01 13:11:37.000000000,13,6.142857142857143,UIUC1,"3.01 (Champaign, IL)",11.637685950413223,70,88.14285714285714,10,128.50149547422274,125,3.0,73.74,1,0,0
8968283778323103047,"2 (Tract 5304, Cook, IL)","5304 (Cook, IL)","Cook County, IL",Illinois,"3 (Tract 7, Champaign, IL)","7 (Champaign, IL)","Champaign County, IL",Illinois,private_auto,shop,home,1900-01-01 09:26:00,1900-01-01 11:20:32,114,119.0,unknown_vehicle_type,other_non_bev,,,,single_family,single_family,retail,retail,17136990518264016751,17779053001368036981,19.0,female,black_not_hispanic_or_latino,not_in_labor_force,unemployed_under_16_not_in_labor_force,0.0,other_travel_mode,4.0,107011.0,one,core,not_working,single_family,undergraduate,some_college,owner,english,"2 (Tract 5304, Cook, IL)","5304 (Cook, IL)","Cook County, IL",Illinois,Does not have work/school location,Does not have work/school location,Does not have work/school location,Does not have work/school location,28.0,37.06,9,Chicago3_mdw,"9801 (Cook, IL)",1900-01-01 11:14:00.000000000,11,4.791666666666667,UIUC1,"3.01 (Champaign, IL)",9.231049222797928,70,102.79166666666667,10,146.29104922279794,114,3.0,71.39999999999999,1,0,0
4399049455454348815,"2 (Tract 5304, Cook, IL)","5304 (Cook, IL)","Cook County, IL",Illinois,"3 (Tract 7, Champaign, IL)","7 (Champaign, IL)","Champaign County, IL",Illinois,auto_passenger,shop,home,1900-01-01 07:06:00,1900-01-01 08:58:19,112,118.8,unknown_vehicle_type,unknown_fuel_type,,,,single_family,single_family,retail,retail,6474508961419978522,2816946797834167524,39.0,female,black_not_hispanic_or_latino,not_in_labor_force,unemployed_under_16_not_in_labor_force,9930.0,other_travel_mode,4.0,19796.0,zero,core,not_working,single_family,not_attending_school,high_school,owner,english,"2 (Tract 5304, Cook, IL)","5304 (Cook, IL)","Cook County, IL",Illinois,Does not have work/school location,Does not have work/school location,Does not have work/school location,Does not have work/school location,28.0,37.06,7,Chicago3_mdw,"9801 (Cook, IL)",1900-01-01 08:54:00.000000000,8,4.666666666666667,UIUC1,"3.01 (Champaign, IL)",9.178549222797928,70,102.66666666666667,10,146.23854922279793,112,3.0,71.28,1,0,0
9448657273164372926,"3 (Tract 7004.01, Cook, IL)","7004.01 (Cook, IL)","Cook County, IL",Illinois,"3 (Tract 7, Champaign, IL)","7 (Champaign, IL)","Champaign County, IL",Illinois,auto_passenger,shop,social,1900-01-01 11:37:38,1900-01-01 13:42:03,124,122.8,unknown_vehicle_type,unknown_fuel_type,,,,multi_family,multi_family,retail,retail,6474508961419978522,2816946797834167524,39.0,female,black_not_hispanic_or_latino,not_in_labor_force,unemployed_under_16_not_in_labor_force,9930.0,other_travel_mode,4.0,19796.0,zero,core,not_working,single_family,not_attending_school,high_school,owner,english,"2 (Tract 5304, Cook, IL)","5304 (Cook, IL)","Cook County, IL",Illinois,Does not have work/school location,Does not have work/school location,Does not have work/school location,Does not have work/school location,12.0,16.863809523809525,11,Chicago3_mdw,"9801 (Cook, IL)",1900-01-01 13:09:38.000000000,13,4.333333333333333,UIUC1,"3.01 (Champaign, IL)",9.038549222797927,70,86.33333333333333,10,125.90235874660745,124,3.0,73.67999999999999,1,0,0
2637263835559457839,"2 (Tract 5304, Cook, IL)","5304 (Cook, IL)","Cook County, IL",Illinois,"1 (Tract 9.01, Champaign, IL)","9.01 (Champaign, IL)","Champaign County, IL",Illinois,private_auto,shop,home,1900-01-01 07:29:00,1900-01-01 09:21:39,112,118.6,unknown_vehicle_type,other_non_bev,,,,single_family,single_family,retail,retail,17144545567058948770,11561308169724659401,16.0,female,black_not_hispanic_or_latino,not_in_labor_force,unemployed_under_16_not_in_labor_force,0.0,other_travel_mode,2.0,94971.0,one,core,not_working,single_family,school,k_12,owner,english,"2 (Tract 5304, Cook, IL)","5304 (Cook, IL)","Cook County, IL",Illinois,Does not have work/school location,Does not have work/school location,Does not have work/school location,Does not have work/school location,28.0,37.06,7,Chicago3_mdw,"9801 (Cook, IL)",1900-01-01 09:17:00.000000000,9,6.571428571428571,UIUC1,"3.01 (Champaign, IL)",11.817685950413223,70,104.57142857142857,10,148.87768595041322,112,3.0,71.16,1,0,0
4583984029792896518,"2 (Tract 5304, Cook, IL)","5304 (Cook, IL)","Cook County, IL",Illinois,"3 (Tract 7, Champaign, IL)","7 (Champaign, IL)","Champaign County, IL",Illinois,private_auto,shop,home,1900-01-01 07:18:00,1900-01-01 09:09:59,111,118.8,unknown_vehicle_type,other_non_bev,,,,single_family,single_family,retail,retail,17071719440759651330,2967746506928456136,59.0,female,black_not_hispanic_or_latino,not_in_labor_force,unemployed_under_16_not_in_labor_force,0.0,other_travel_mode,5.0,181988.0,three_plus,core,not_working,single_family,not_attending_school,high_school,owner,english,"2 (Tract 5304, Cook, IL)","5304 (Cook, IL)","Cook County, IL",Illinois,Does not have work/school location,Does not have work/school location,Does not have work/school location,Does not have work/school location,28.0,37.06,7,Chicago3_mdw,"9801 (Cook, IL)",1900-01-01 09:06:00.000000000,9,4.2727272727272725,UIUC1,"3.01 (Champaign, IL)",9.013094677343382,70,102.27272727272727,10,146.0730946773434,111,3.0,71.28,1,0,0
9716046520378048161,"2 (Tract 5304, Cook, IL)","5304 (Cook, IL)","Cook County, IL",Illinois,"1 (Tract 9.01, Champaign, IL)","9.01 (Champaign, IL)","Champaign County, IL",Illinois,private_auto,eat,home,1900-01-01 07:02:00,1900-01-01 08:53:50,111,118.8,unknown_vehicle_type,other_non_bev,,,,single_family,single_family,retail,retail,17644945638559152477,18322230637998062908,50.0,male,black_not_hispanic_or_latino,not_in_labor_force,unemployed_under_16_not_in_labor_force,0.0,other_travel_mode,4.0,237556.0,three_plus,core,not_working,single_family,not_attending_school,bachelors_degree,owner,english,"2 (Tract 5304, Cook, IL)","5304 (Cook, IL)","Cook County, IL",Illinois,Does not have work/school location,Does not have work/school location,Does not have work/school location,Does not have work/school location,28.0,37.06,7,Chicago3_mdw,"9801 (Cook, IL)",1900-01-01 08:50:00.000000000,8,6.8,UIUC1,"3.01 (Champaign, IL)",11.913685950413223,70,104.8,10,148.97368595041323,111,3.0,71.28,1,0,0
3284365804310215824,"2 (Tract 5304, Cook, IL)","5304 (Cook, IL)","Cook County, IL",Illinois,"1 (Tract 9.01, Champaign, IL)","9.01 (Champaign, IL)","Champaign County, IL",Illinois,private_auto,shop,home,1900-01-01 09:26:00,1900-01-01 11:18:17,112,118.5,unknown_vehicle_type,other_non_bev,,,,single_family,single_family,retail,retail,7150599557154929885,15476331927690781509,19.0,female,black_not_hispanic_or_latino,not_in_labor_force,unemployed_under_16_not_in_labor_force,0.0,other_travel_mode,4.0,107011.0,one,core,not_working,single_family,undergraduate,some_college,owner,english,"2 (Tract 5304, Cook, IL)","5304 (Cook, IL)","Cook County, IL",Illinois,Does not have work/school location,Does not have work/school location,Does not have work/school location,Does not have work/school location,28.0,37.06,9,Chicago3_mdw,"9801 (Cook, IL)",1900-01-01 11:14:00.000000000,11,6.785714285714286,UIUC1,"3.01 (Champaign, IL)",11.907685950413223,70,104.78571428571429,10,148.96768595041323,112,3.0,71.1,1,0,0
17912711271200422753,"2 (Tract 5304, Cook, IL)","5304 (Cook, IL)","Cook County, IL",Illinois,"3 (Tract 7, Champaign, IL)","7 (Champaign, IL)","Champaign County, IL",Illinois,private_auto,shop,home,1900-01-01 08:25:00,1900-01-01 10:17:26,112,118.9,unknown_vehicle_type,electric,,,,single_family,single_family,retail,retail,18377480781137495216,11925716122339268876,74.0,female,white_not_hispanic_or_latino,not_in_labor_force,unemployed_under_16_not_in_labor_force,12583.0,other_travel_mode,1.0,12583.0,one,core,not_working,single_family,not_attending_school,k_12,owner,english,"2 (Tract 5304, Cook, IL)","5304 (Cook, IL)","Cook County, IL",Illinois,Does not have work/school location,Does not have work/school location,Does not have work/school location,Does not have work/school location,28.0,37.06,8,Chicago3_mdw,"9801 (Cook, IL)",1900-01-01 10:13:00.000000000,10,4.181818181818182,UIUC1,"3.01 (Champaign, IL)",8.974912859161563,70,102.18181818181819,10,146.03491285916158,112,3.0,71.34,1,0,0
11307219247395620139,"2 (Tract 5304, Cook, IL)","5304 (Cook, IL)","Cook County, IL",Illinois,"1 (Tract 9.01, Champaign, IL)","9.01 (Champaign, IL)","Champaign County, IL",Illinois,auto_passenger,shop,home,1900-01-01 08:20:00,1900-01-01 10:12:46,112,118.9,unknown_vehicle_type,unknown_fuel_type,,,,single_family,single_family,retail,retail,17129302467311705330,2565068418723112661,94.0,female,black_not_hispanic_or_latino,not_in_labor_force,unemployed_under_16_not_in_labor_force,56982.0,other_travel_mode,4.0,188636.0,one,core,not_working,single_family,not_attending_school,high_school,owner,english,"2 (Tract 5304, Cook, IL)","5304 (Cook, IL)","Cook County, IL",Illinois,Does not have work/school location,Does not have work/school location,Does not have work/school location,Does not have work/school location,28.0,37.06,8,Chicago3_mdw,"9801 (Cook, IL)",1900-01-01 10:08:00.000000000,10,6.5,UIUC1,"3.01 (Champaign, IL)",11.787685950413223,70,104.5,10,148.84768595041322,112,3.0,71.34,0,1,0
18420364072494313188,"1 (Tract 6609, Cook, IL)","6609 (Cook, IL)","Cook County, IL",Illinois,"2 (Tract 57.01, Champaign, IL)","57.01 (Champaign, IL)","Champaign County, IL",Illinois,private_auto,home,social,1900-01-01 15:08:48,1900-01-01 17:28:34,139,130.1,unknown_vehicle_type,other_non_bev,,,,multi_family,multi_family,single_family,single_family,16248142777889391336,1296823094021596449,74.0,male,white_not_hispanic_or_latino,not_in_labor_force,unemployed_under_16_not_in_labor_force,358516.0,other_travel_mode,2.0,428913.0,two,core,not_working,single_family,not_attending_school,advanced_degree,owner,english,"2 (Tract 57.01, Champaign, IL)","57.01 (Champaign, IL)","Champaign County, IL",Illinois,Does not have work/school location,Does not have work/school location,Does not have work/school location,Does not have work/school location,10.25,14.818333333333333,15,Chicago3_mdw,"9801 (Cook, IL)",1900-01-01 16:39:03.000000000,16,6.818181818181818,UIUC1,"3.01 (Champaign, IL)",11.693090909090909,70,87.06818181818181,10,126.51142424242424,139,3.0,78.05999999999999,0,0,1
4627287575149320539,"1 (Tract 9801, Cook, IL)","9801 (Cook, IL)","Cook County, IL",Illinois,"1 (Tract 56.02, Champaign, IL)","56.02 (Champaign, IL)","Champaign County, IL",Illinois,private_auto,other_activity_type,region_arrival,1900-01-01 17:26:00,1900-01-01 19:48:54,142,130.0,unknown_vehicle_type,other_non_bev,,,,transportation_utilities,transportation_utilities,mixed_use,healthcare,10523063487683763415,3687571597240721025,75.0,female,white_not_hispanic_or_latino,not_in_labor_force,unemployed_under_16_not_in_labor_force,16424.0,other_travel_mode,2.0,40941.0,two,core,not_working,single_family,not_attending_school,high_school,owner,english,"2 (Tract 57.01, Champaign, IL)","57.01 (Champaign, IL)","Champaign County, IL",Illinois,Does not have work/school location,Does not have work/school location,Does not have work/school location,Does not have work/school location,5.551724137931035,8.844554326610279,17,Chicago3_mdw,"9801 (Cook, IL)",1900-01-01 18:51:33.103448273,18,8.0,UIUC1,"3.01 (Champaign, IL)",13.838086956521739,70,83.55172413793103,10,122.68264128313201,142,3.0,78.0,1,0,0
16780587487998402987,"1 (Tract 9801, Cook, IL)","9801 (Cook, IL)","Cook County, IL",Illinois,"4 (Tract 58, Champaign, IL)","58 (Champaign, IL)","Champaign County, IL",Illinois,auto_passenger,social,region_arrival,1900-01-01 15:07:00,1900-01-01 17:26:46,139,135.4,unknown_vehicle_type,unknown_fuel_type,,,,transportation_utilities,transportation_utilities,single_family,single_family,945129215490713817,213641561777657369,61.0,female,white_not_hispanic_or_latino,not_in_labor_force,unemployed_under_16_not_in_labor_force,10684.0,other_travel_mode,6.0,322902.0,two,core,not_working,single_family,not_attending_school,some_college,owner,english,"2 (Tract 58, Champaign, IL)","58 (Champaign, IL)","Champaign County, IL",Illinois,Does not have work/school location,Does not have work/school location,Does not have work/school location,Does not have work/school location,5.063291139240507,8.639412467160257,15,Chicago3_mdw,"9801 (Cook, IL)",1900-01-01 16:32:03.797468352,16,3.480769230769231,UIUC1,"3.01 (Champaign, IL)",7.645489341983318,70,78.54406037000973,10,116.28490180914358,139,3.0,81.24,1,0,0
737823736553041046,"2 (Tract 5806, Cook, IL)","5806 (Cook, IL)","Cook County, IL",Illinois,"4 (Tract 10, Champaign, IL)","10 (Champaign, IL)","Champaign County, IL",Illinois,private_auto,work,home,1900-01-01 08:40:00,1900-01-01 10:52:23,132,134.3,unknown_vehicle_type,other_non_bev,,,,multi_family,multi_family,mixed_use,office,14000116379253042740,17870200243917034901,65.0,male,hispanic_or_latino_origin,not_in_labor_force,unemployed_under_16_not_in_labor_force,22465.0,other_travel_mode,1.0,22465.0,one,core,not_working,several_units,not_attending_school,some_college,owner,spanish,"2 (Tract 5806, Cook, IL)","5806 (Cook, IL)","Cook County, IL",Illinois,Does not have work/school location,Does not have work/school location,Does not have work/school location,Does not have work/school location,9.25,14.55227272727273,8,Chicago3_mdw,"9801 (Cook, IL)",1900-01-01 10:09:15.000000000,10,5.5,UIUC1,"3.01 (Champaign, IL)",10.708666666666666,70,84.75,10,125.2609393939394,132,3.0,80.58,1,0,0
6851264193800203288,"2 (Tract 5806, Cook, IL)","5806 (Cook, IL)","Cook County, IL",Illinois,"4 (Tract 9.01, Champaign, IL)","9.01 (Champaign, IL)","Champaign County, IL",Illinois,auto_passenger,work,home,1900-01-01 17:39:00,1900-01-01 19:57:16,138,130.5,unknown_vehicle_type,unknown_fuel_type,,,,multi_family,multi_family,mixed_use,retail,16628405343775882252,13486276913880281605,90.0,female,hispanic_or_latino_origin,not_in_labor_force,unemployed_under_16_not_in_labor_force,21409.0,other_travel_mode,1.0,21409.0,zero,core,not_working,several_units,not_attending_school,k_12,owner,spanish,"2 (Tract 5806, Cook, IL)","5806 (Cook, IL)","Cook County, IL",Illinois,Does not have work/school location,Does not have work/school location,Does not have work/school location,Does not have work/school location,10.0,14.867272727272729,17,Chicago3_mdw,"9801 (Cook, IL)",1900-01-01 19:09:00.000000000,19,6.529411764705882,UIUC1,"3.01 (Champaign, IL)",11.800038891589693,70,86.52941176470588,10,126.66731161886243,138,3.0,78.3,1,0,0
11203343462919060463,"1 (Tract 6114, Cook, IL)","6114 (Cook, IL)","Cook County, IL",Illinois,"1 (Tract 9.02, Champaign, IL)","9.02 (Champaign, IL)","Champaign County, IL",Illinois,auto_passenger,shop,social,1900-01-01 16:53:00,1900-01-01 19:05:27,132,127.7,unknown_vehicle_type,unknown_fuel_type,,,,multi_family,multi_family,office,office,5466223691754188755,1655443971669700124,70.0,male,asian_not_hispanic_or_latino,not_in_labor_force,unemployed_under_16_not_in_labor_force,10144.0,other_travel_mode,2.0,20289.0,one,core,not_working,single_family,not_attending_school,high_school,owner,asian_pacific,"2 (Tract 6113, Cook, IL)","6113 (Cook, IL)","Cook County, IL",Illinois,Does not have work/school location,Does not have work/school location,Does not have work/school location,Does not have work/school location,8.609375,15.569270833333333,16,Chicago3_mdw,"9801 (Cook, IL)",1900-01-01 18:21:36.562500000,18,9.807692307692308,UIUC1,"3.01 (Champaign, IL)",15.718412055780478,70,88.4170673076923,10,131.28768288911382,132,3.0,76.62,1,0,0
3445901001284607791,"2 (Tract 6113, Cook, IL)","6113 (Cook, IL)","Cook County, IL",Illinois,"5 (Tract 10, Champaign, IL)","10 (Champaign, IL)","Champaign County, IL",Illinois,private_auto,eat,home,1900-01-01 14:51:00,1900-01-01 17:11:11,140,132.9,unknown_vehicle_type,other_non_bev,,,,single_family,single_family,retail,retail,11284239005125716311,13537290846606048944,73.0,male,asian_not_hispanic_or_latino,not_in_labor_force,unemployed_under_16_not_in_labor_force,0.0,other_travel_mode,5.0,53183.0,one,core,not_working,single_family,not_attending_school,high_school,owner,asian_pacific,"2 (Tract 6113, Cook, IL)","6113 (Cook, IL)","Cook County, IL",Illinois,Does not have work/school location,Does not have work/school location,Does not have work/school location,Does not have work/school location,12.0,16.97,14,Chicago3_mdw,"9801 (Cook, IL)",1900-01-01 16:23:00.000000000,16,5.96969696969697,UIUC1,"3.01 (Champaign, IL)",10.905939393939393,70,87.96969696969697,10,127.87593939393939,140,3.0,79.74,1,0,0
3022958078625467184,"2 (Tract 6115, Cook, IL)","6115 (Cook, IL)","Cook County, IL",Illinois,"3 (Tract 7, Champaign, IL)","7 (Champaign, IL)","Champaign County, IL",Illinois,private_auto,shop,home,1900-01-01 18:14:00,1900-01-01 20:32:57,138,137.1,unknown_vehicle_type,other_non_bev,,,,multi_family,multi_family,retail,retail,6365850488093310162,10111211049185626682,25.0,male,hispanic_or_latino_origin,not_in_labor_force,unemployed_under_16_not_in_labor_force,0.0,other_travel_mode,6.0,97824.0,three_plus,core,not_working,several_units,not_attending_school,high_school,owner,spanish,"2 (Tract 6115, Cook, IL)","6115 (Cook, IL)","Cook County, IL",Illinois,Does not have work/school location,Does not have work/school location,Does not have work/school location,Does not have work/school location,10.0,16.153333333333332,18,Chicago3_mdw,"9801 (Cook, IL)",1900-01-01 19:44:00.000000000,19,4.235294117647059,UIUC1,"3.01 (Champaign, IL)",8.997372752209692,70,84.23529411764706,10,125.15070608554302,138,3.0,82.25999999999999,1,0,0
9978693175686835408,"2 (Tract 6115, Cook, IL)","6115 (Cook, IL)","Cook County, IL",Illinois,"1 (Tract 8, Champaign, IL)","8 (Champaign, IL)","Champaign County, IL",Illinois,private_auto,maintenance,home,1900-01-01 22:05:00,1900-01-01 00:09:24,124,129.7,unknown_vehicle_type,other_non_bev,,,,single_family,single_family,office,office,6294568196788518937,6789378556878868134,53.0,female,hispanic_or_latino_origin,not_in_labor_force,unemployed_under_16_not_in_labor_force,0.0,other_travel_mode,12.0,184285.0,two,core,naics72,single_family,not_attending_school,some_college,renter,spanish,"2 (Tract 6115, Cook, IL)","6115 (Cook, IL)","Cook County, IL",Illinois,Does not have work/school location,Does not have work/school location,Does not have work/school location,Does not have work/school location,10.0,16.153333333333332,22,Chicago3_mdw,"9801 (Cook, IL)",1900-01-01 23:35:00.000000000,23,9.0,UIUC1,"3.01 (Champaign, IL)",12.818974358974359,70,89.0,10,128.9723076923077,124,3.0,77.82,1,0,0
14403077355581469155,"2 (Tract 6305, Cook, IL)","6305 (Cook, IL)","Cook County, IL",Illinois,"1 (Tract 111, Champaign, IL)","111 (Champaign, IL)","Champaign County, IL",Illinois,private_auto,work,home,1900-01-01 07:03:00,1900-01-01 09:15:11,132,134.0,unknown_vehicle_type,other_non_bev,,,,multi_family,multi_family,office,office,14534791455870817890,11129487733999473873,26.0,male,black_not_hispanic_or_latino,unemployed,unemployed_under_16_not_in_labor_force,45893.0,other_travel_mode,7.0,144925.0,two,core,naics48_49,several_units,not_attending_school,high_school,owner,english,"2 (Tract 6305, Cook, IL)","6305 (Cook, IL)","Cook County, IL",Illinois,Does not have work/school location,Does not have work/school location,Does not have work/school location,Does not have work/school location,9.666666666666666,14.12,7,Chicago3_mdw,"9801 (Cook, IL)",1900-01-01 08:32:40.000000002,8,3.583333333333333,UIUC1,"3.01 (Champaign, IL)",7.325,70,83.25,10,121.44500000000001,132,3.0,80.39999999999999,0,1,0
209296373752033401,"4 (Tract 8428, Cook, IL)","8428 (Cook, IL)","Cook County, IL",Illinois,"1 (Tract 55, Champaign, IL)","55 (Champaign, IL)","Champaign County, IL",Illinois,private_auto,work,shop,1900-01-01 09:39:00,1900-01-01 11:56:00,137,135.9,unknown_vehicle_type,other_non_bev,,,,retail,retail,retail,retail,6024736567933053863,16621098521706888905,50.0,female,hispanic_or_latino_origin,not_in_labor_force,unemployed_under_16_not_in_labor_force,0.0,other_travel_mode,5.0,32052.0,one,core,not_working,several_units,not_attending_school,k_12,owner,spanish,"2 (Tract 6305, Cook, IL)","6305 (Cook, IL)","Cook County, IL",Illinois,Does not have work/school location,Does not have work/school location,Does not have work/school location,Does not have work/school location,9.0,13.809999999999999,9,Chicago3_mdw,"9801 (Cook, IL)",1900-01-01 11:08:00.000000000,11,4.857142857142857,UIUC1,"3.01 (Champaign, IL)",10.267573964497041,70,83.85714285714286,10,124.07757396449705,137,3.0,81.54,1,0,0
7096561557159000365,"2 (Tract 6305, Cook, IL)","6305 (Cook, IL)","Cook County, IL",Illinois,"1 (Tract 111, Champaign, IL)","111 (Champaign, IL)","Champaign County, IL",Illinois,private_auto,work,home,1900-01-01 08:08:00,1900-01-01 10:20:23,132,134.1,unknown_vehicle_type,other_non_bev,,,,multi_family,multi_family,retail,retail,11290587728570657291,10897228404722830706,29.0,female,hispanic_or_latino_origin,not_in_labor_force,unemployed_under_16_not_in_labor_force,203.0,other_travel_mode,4.0,43023.0,one,core,not_working,several_units,not_attending_school,no_school,owner,spanish,"2 (Tract 6305, Cook, IL)","6305 (Cook, IL)","Cook County, IL",Illinois,Does not have work/school location,Does not have work/school location,Does not have work/school location,Does not have work/school location,11.75,14.995,8,Chicago3_mdw,"9801 (Cook, IL)",1900-01-01 09:39:45.000000000,9,2.5,UIUC1,"3.01 (Champaign, IL)",6.87,70,84.25,10,121.86500000000001,132,3.0,80.46,1,0,0
5602052123232420795,"2 (Tract 6305, Cook, IL)","6305 (Cook, IL)","Cook County, IL",Illinois,"1 (Tract 111, Champaign, IL)","111 (Champaign, IL)","Champaign County, IL",Illinois,private_auto,work,home,1900-01-01 11:51:00,1900-01-01 14:03:16,132,134.1,unknown_vehicle_type,other_non_bev,,,,multi_family,multi_family,retail,retail,14751036254038609669,10027442043262773318,67.0,male,black_not_hispanic_or_latino,not_in_labor_force,unemployed_under_16_not_in_labor_force,2374.0,other_travel_mode,2.0,2374.0,one,core,naics31_33,several_units,not_attending_school,no_school,owner,english,"2 (Tract 6305, Cook, IL)","6305 (Cook, IL)","Cook County, IL",Illinois,Does not have work/school location,Does not have work/school location,Does not have work/school location,Does not have work/school location,14.5,16.15,11,Chicago3_mdw,"9801 (Cook, IL)",1900-01-01 13:25:30.000000000,13,2.647058823529412,UIUC1,"3.01 (Champaign, IL)",6.931764705882354,70,87.1470588235294,10,123.08176470588236,132,3.0,80.46,1,0,0
11137605057276030513,"2 (Tract 6503.02, Cook, IL)","6503.02 (Cook, IL)","Cook County, IL",Illinois,"1 (Tract 13.01, Champaign, IL)","13.01 (Champaign, IL)","Champaign County, IL",Illinois,private_auto,maintenance,home,1900-01-01 01:40:59,1900-01-01 03:54:42,133,131.3,,,,,,single_family,single_family,retail,retail,1548466511466820057,5675265718484860136,42.0,female,hispanic_or_latino_origin,not_in_labor_force,unemployed_under_16_not_in_labor_force,0.0,other_travel_mode,4.0,112146.0,two,core,not_working,single_family,not_attending_school,high_school,owner,spanish,"2 (Tract 6503.02, Cook, IL)","6503.02 (Cook, IL)","Cook County, IL",Illinois,Does not have work/school location,Does not have work/school location,Does not have work/school location,Does not have work/school location,6.0,10.780677966101695,1,Chicago3_mdw,"9801 (Cook, IL)",1900-01-01 03:06:59.000000000,3,4.333333333333333,UIUC1,"3.01 (Champaign, IL)",9.479808153477217,70,80.33333333333333,10,120.26048611957891,133,3.0,78.78,1,0,0
11383423788267174286,"1 (Tract 5702, Cook, IL)","5702 (Cook, IL)","Cook County, IL",Illinois,"1 (Tract 8, Champaign, IL)","8 (Champaign, IL)","Champaign County, IL",Illinois,private_auto,eat,shop,1900-01-01 16:57:00,1900-01-01 19:22:48,145,135.3,,,,,,office,office,retail,retail,2836447093628635585,4865347904093602507,73.0,female,black_not_hispanic_or_latino,not_in_labor_force,unemployed_under_16_not_in_labor_force,14142.0,other_travel_mode,1.0,14142.0,three_plus,core,not_working,several_units,not_attending_school,some_college,owner,spanish,"2 (Tract 6603.02, Cook, IL)","6603.02 (Cook, IL)","Cook County, IL",Illinois,Does not have work/school location,Does not have work/school location,Does not have work/school location,Does not have work/school location,10.0,13.261739130434783,16,Chicago3_mdw,"9801 (Cook, IL)",1900-01-01 18:27:00.000000000,18,7.046296296296297,UIUC1,"3.01 (Champaign, IL)",11.998418803418804,70,87.04629629629629,10,125.26015793385359,145,3.0,81.18,1,0,0
5798893424828081495,"2 (Tract 6604, Cook, IL)","6604 (Cook, IL)","Cook County, IL",Illinois,"1 (Tract 8, Champaign, IL)","8 (Champaign, IL)","Champaign County, IL",Illinois,private_auto,shop,home,1900-01-01 11:36:00,1900-01-01 13:47:29,131,126.2,unknown_vehicle_type,other_non_bev,,,,single_family,single_family,office,office,6753779785450438284,11930946160490947621,60.0,female,hispanic_or_latino_origin,not_in_labor_force,unemployed_under_16_not_in_labor_force,12171.0,other_travel_mode,3.0,71869.0,three_plus,core,not_working,single_family,not_attending_school,high_school,owner,spanish,"2 (Tract 6604, Cook, IL)","6604 (Cook, IL)","Cook County, IL",Illinois,Does not have work/school location,Does not have work/school location,Does not have work/school location,Does not have work/school location,7.0,11.653333333333332,11,Chicago3_mdw,"9801 (Cook, IL)",1900-01-01 13:03:00.000000000,13,7.219512195121951,UIUC1,"3.01 (Champaign, IL)",12.07116948092558,70,84.21951219512195,10,123.72450281425891,131,3.0,75.72,1,0,0
13377488097949521455,"5 (Tract 7102, Cook, IL)","7102 (Cook, IL)","Cook County, IL",Illinois,"1 (Tract 110.02, Champaign, IL)","110.02 (Champaign, IL)","Champaign County, IL",Illinois,private_auto,maintenance,recreation,1900-01-01 15:55:00,1900-01-01 18:06:13,131,131.0,unknown_vehicle_type,other_non_bev,,,,non_retail_attraction,non_retail_attraction,office,office,5725728551380724665,4542251186172576832,33.0,female,white_not_hispanic_or_latino,not_in_labor_force,unemployed_under_16_not_in_labor_force,0.0,other_travel_mode,3.0,59691.0,two,core,not_working,single_family,not_attending_school,some_college,renter,english,"2 (Tract 7, Champaign, IL)","7 (Champaign, IL)","Champaign County, IL",Illinois,Does not have work/school location,Does not have work/school location,Does not have work/school location,Does not have work/school location,14.0,22.188888888888886,15,Chicago3_mdw,"9801 (Cook, IL)",1900-01-01 17:29:00.000000000,17,1.9555555555555555,UIUC1,"3.01 (Champaign, IL)",6.26445259938838,70,85.95555555555555,10,128.45334148827726,131,3.0,78.6,1,0,0
4345251433660652470,"3 (Tract 6505, Cook, IL)","6505 (Cook, IL)","Cook County, IL",Illinois,"1 (Tract 11, Champaign, IL)","11 (Champaign, IL)","Champaign County, IL",Illinois,private_auto,shop,maintenance,1900-01-01 06:46:00,1900-01-01 08:58:38,132,126.4,unknown_vehicle_type,other_non_bev,,,,mixed_use,healthcare,retail,retail,4065867270145587262,10957879717154107974,69.0,female,white_not_hispanic_or_latino,not_in_labor_force,unemployed_under_16_not_in_labor_force,16279.0,other_travel_mode,2.0,81398.0,two,core,not_working,single_family,not_attending_school,high_school,owner,english,"2 (Tract 7003.02, Cook, IL)","7003.02 (Cook, IL)","Cook County, IL",Illinois,Does not have work/school location,Does not have work/school location,Does not have work/school location,Does not have work/school location,19.0,16.574153846153845,6,Chicago3_mdw,"9801 (Cook, IL)",1900-01-01 08:25:00.000000000,8,5.0,UIUC1,"3.01 (Champaign, IL)",9.49158878504673,70,94.0,10,126.06574263120058,132,3.0,75.84,1,0,0
7604332170891387272,"2 (Tract 7003.02, Cook, IL)","7003.02 (Cook, IL)","Cook County, IL",Illinois,"1 (Tract 56.02, Champaign, IL)","56.02 (Champaign, IL)","Champaign County, IL",Illinois,private_auto,shop,home,1900-01-01 16:33:00,1900-01-01 18:52:21,139,131.7,unknown_vehicle_type,other_non_bev,,,,single_family,single_family,retail,retail,18408182217349943338,2790631594342765986,74.0,male,white_not_hispanic_or_latino,not_in_labor_force,unemployed_under_16_not_in_labor_force,38484.0,other_travel_mode,3.0,70014.0,three_plus,core,not_working,single_family,not_attending_school,high_school,owner,english,"2 (Tract 7003.02, Cook, IL)","7003.02 (Cook, IL)","Cook County, IL",Illinois,Does not have work/school location,Does not have work/school location,Does not have work/school location,Does not have work/school location,11.5,16.070800000000002,16,Chicago3_mdw,"9801 (Cook, IL)",1900-01-01 18:04:30.000000000,18,8.0,UIUC1,"3.01 (Champaign, IL)",13.838086956521739,70,89.5,10,129.90888695652174,139,3.0,79.02,1,0,0
13360015312696266303,"2 (Tract 7003.02, Cook, IL)","7003.02 (Cook, IL)","Cook County, IL",Illinois,"5 (Tract 12.01, Champaign, IL)","12.01 (Champaign, IL)","Champaign County, IL",Illinois,private_auto,shop,home,1900-01-01 16:30:00,1900-01-01 18:35:51,125,125.2,unknown_vehicle_type,other_non_bev,,,,single_family,single_family,retail,retail,7405146711388480456,12499911208985168978,64.0,male,white_not_hispanic_or_latino,unemployed,unemployed_under_16_not_in_labor_force,0.0,other_travel_mode,3.0,96212.0,three_plus,core,not_working,single_family,not_attending_school,high_school,owner,english,"2 (Tract 7003.02, Cook, IL)","7003.02 (Cook, IL)","Cook County, IL",Illinois,Does not have work/school location,Does not have work/school location,Does not have work/school location,Does not have work/school location,11.5,16.070800000000002,16,Chicago3_mdw,"9801 (Cook, IL)",1900-01-01 18:01:30.000000000,18,7.25,UIUC1,"3.01 (Champaign, IL)",12.297823920265781,70,88.75,10,128.36862392026578,125,3.0,75.12,1,0,0
15877186328411582291,"2 (Tract 7003.02, Cook, IL)","7003.02 (Cook, IL)","Cook County, IL",Illinois,"1 (Tract 12.01, Champaign, IL)","12.01 (Champaign, IL)","Champaign County, IL",Illinois,private_auto,maintenance,home,1900-01-01 06:45:00,1900-01-01 08:51:50,126,123.9,unknown_vehicle_type,other_non_bev,,,,single_family,single_family,mixed_use,retail,5075076016339956290,14695816366122253397,94.0,female,white_not_hispanic_or_latino,not_in_labor_force,unemployed_under_16_not_in_labor_force,30718.0,other_travel_mode,1.0,30718.0,one,core,not_working,single_family,not_attending_school,some_college,owner,english,"2 (Tract 7003.02, Cook, IL)","7003.02 (Cook, IL)","Cook County, IL",Illinois,Does not have work/school location,Does not have work/school location,Does not have work/school location,Does not have work/school location,10.333333333333334,15.5808,6,Chicago3_mdw,"9801 (Cook, IL)",1900-01-01 08:15:19.999999998,8,6.25,UIUC1,"3.01 (Champaign, IL)",11.87782392026578,70,86.58333333333333,10,127.45862392026578,126,3.0,74.34,1,0,0
11621390913980117346,"2 (Tract 7003.02, Cook, IL)","7003.02 (Cook, IL)","Cook County, IL",Illinois,"1 (Tract 11, Champaign, IL)","11 (Champaign, IL)","Champaign County, IL",Illinois,private_auto,shop,home,1900-01-01 15:45:00,1900-01-01 17:53:01,128,123.8,unknown_vehicle_type,other_non_bev,,,,single_family,single_family,retail,retail,15521706847195035198,10112455774821437683,28.0,female,hispanic_or_latino_origin,not_in_labor_force,unemployed_under_16_not_in_labor_force,0.0,other_travel_mode,3.0,138657.0,three_plus,core,not_working,single_family,not_attending_school,k_12,owner,spanish,"2 (Tract 7003.02, Cook, IL)","7003.02 (Cook, IL)","Cook County, IL",Illinois,Does not have work/school location,Does not have work/school location,Does not have work/school location,Does not have work/school location,11.333333333333334,16.0008,15,Chicago3_mdw,"9801 (Cook, IL)",1900-01-01 17:16:19.999999998,17,5.8125,UIUC1,"3.01 (Champaign, IL)",9.832838785046729,70,87.14583333333333,10,125.83363878504673,128,3.0,74.28,1,0,0
6765473893335492530,"2 (Tract 7003.02, Cook, IL)","7003.02 (Cook, IL)","Cook County, IL",Illinois,"1 (Tract 11, Champaign, IL)","11 (Champaign, IL)","Champaign County, IL",Illinois,private_auto,shop,home,1900-01-01 16:09:00,1900-01-01 18:16:14,127,125.7,unknown_vehicle_type,other_non_bev,,,,single_family,single_family,retail,retail,4065867270145587262,10957879717154107974,69.0,female,white_not_hispanic_or_latino,not_in_labor_force,unemployed_under_16_not_in_labor_force,16279.0,other_travel_mode,2.0,81398.0,two,core,not_working,single_family,not_attending_school,high_school,owner,english,"2 (Tract 7003.02, Cook, IL)","7003.02 (Cook, IL)","Cook County, IL",Illinois,Does not have work/school location,Does not have work/school location,Does not have work/school location,Does not have work/school location,11.5,16.070800000000002,16,Chicago3_mdw,"9801 (Cook, IL)",1900-01-01 17:40:30.000000000,17,5.8125,UIUC1,"3.01 (Champaign, IL)",9.832838785046729,70,87.3125,10,125.90363878504674,127,3.0,75.42,1,0,0
10844182929210192524,"2 (Tract 7003.02, Cook, IL)","7003.02 (Cook, IL)","Cook County, IL",Illinois,"1 (Tract 11, Champaign, IL)","11 (Champaign, IL)","Champaign County, IL",Illinois,private_auto,shop,home,1900-01-01 06:36:00,1900-01-01 08:41:23,125,125.4,unknown_vehicle_type,other_non_bev,,,,single_family,single_family,retail,retail,15593198127623327499,965251157963005194,74.0,male,white_not_hispanic_or_latino,not_in_labor_force,unemployed_under_16_not_in_labor_force,15845.0,other_travel_mode,2.0,217712.0,two,core,not_working,single_family,not_attending_school,some_college,owner,english,"2 (Tract 7003.02, Cook, IL)","7003.02 (Cook, IL)","Cook County, IL",Illinois,Does not have work/school location,Does not have work/school location,Does not have work/school location,Does not have work/school location,10.333333333333334,15.5808,6,Chicago3_mdw,"9801 (Cook, IL)",1900-01-01 08:06:19.999999998,8,5.0,UIUC1,"3.01 (Champaign, IL)",9.49158878504673,70,85.33333333333333,10,125.07238878504673,125,3.0,75.24,1,0,0
15312343791996866667,"3 (Tract 7003.01, Cook, IL)","7003.01 (Cook, IL)","Cook County, IL",Illinois,"1 (Tract 11, Champaign, IL)","11 (Champaign, IL)","Champaign County, IL",Illinois,private_auto,shop,shop,1900-01-01 11:26:00,1900-01-01 13:35:44,129,125.0,unknown_vehicle_type,other_non_bev,,,,retail,retail,retail,retail,6356905357216168554,16298789339212303959,17.0,male,hispanic_or_latino_origin,not_in_labor_force,unemployed_under_16_not_in_labor_force,0.0,other_travel_mode,4.0,77164.0,three_plus,core,not_working,single_family,not_attending_school,k_12,owner,spanish,"2 (Tract 7003.02, Cook, IL)","7003.02 (Cook, IL)","Cook County, IL",Illinois,Does not have work/school location,Does not have work/school location,Does not have work/school location,Does not have work/school location,11.0,15.095774647887325,11,Chicago3_mdw,"9801 (Cook, IL)",1900-01-01 12:57:00.000000000,12,5.0,UIUC1,"3.01 (Champaign, IL)",9.49158878504673,70,86.0,10,124.58736343293405,129,3.0,75.0,1,0,0
1032109760905451593,"1 (Tract 9801, Cook, IL)","9801 (Cook, IL)","Cook County, IL",Illinois,"2 (Tract 8, Champaign, IL)","8 (Champaign, IL)","Champaign County, IL",Illinois,private_auto,home,region_arrival,1900-01-01 18:38:43,1900-01-01 20:46:59,128,132.7,unknown_vehicle_type,other_non_bev,,,,transportation_utilities,transportation_utilities,single_family,single_family,1464713289396665056,5684812477038727400,71.0,male,white_not_hispanic_or_latino,not_in_labor_force,unemployed_under_16_not_in_labor_force,59813.0,other_travel_mode,8.0,200075.0,three_plus,core,not_working,single_family,not_attending_school,some_college,owner,english,"2 (Tract 8, Champaign, IL)","8 (Champaign, IL)","Champaign County, IL",Illinois,Does not have work/school location,Does not have work/school location,Does not have work/school location,Does not have work/school location,4.653846153846154,8.46744557329463,18,Chicago3_mdw,"9801 (Cook, IL)",1900-01-01 20:03:22.230769228,20,7.103448275862069,UIUC1,"3.01 (Champaign, IL)",12.022422634836428,70,81.75729442970822,10,120.48986820813106,128,3.0,79.61999999999999,0,1,0
14340505004242057771,"2 (Tract 8347, Cook, IL)","8347 (Cook, IL)","Cook County, IL",Illinois,"4 (Tract 53, Champaign, IL)","53 (Champaign, IL)","Champaign County, IL",Illinois,private_auto,work,home,1900-01-01 08:41:00,1900-01-01 10:45:49,124,129.3,unknown_vehicle_type,other_non_bev,,,,mixed_use,multi_family,mixed_use,industrial,11728271033495486189,7891887246853002256,23.0,male,black_not_hispanic_or_latino,unemployed,unemployed_under_16_not_in_labor_force,0.0,other_travel_mode,2.0,0.0,two,core,naics48_49,several_units,not_attending_school,high_school,renter,english,"2 (Tract 8347, Cook, IL)","8347 (Cook, IL)","Cook County, IL",Illinois,Does not have work/school location,Does not have work/school location,Does not have work/school location,Does not have work/school location,11.25,18.225,8,Chicago3_mdw,"9801 (Cook, IL)",1900-01-01 10:12:15.000000000,10,4.047619047619048,UIUC1,"3.01 (Champaign, IL)",8.37788944723618,70,85.29761904761905,10,126.60288944723618,124,3.0,77.58,1,0,0
10545267811339117580,"2 (Tract 8347, Cook, IL)","8347 (Cook, IL)","Cook County, IL",Illinois,"2 (Tract 2, Champaign, IL)","2 (Champaign, IL)","Champaign County, IL",Illinois,private_auto,shop,home,1900-01-01 09:09:00,1900-01-01 11:21:10,132,136.1,unknown_vehicle_type,other_non_bev,,,,multi_family,multi_family,retail,retail,8375156988089199478,18267861127922560656,65.0,female,black_not_hispanic_or_latino,not_in_labor_force,unemployed_under_16_not_in_labor_force,2039.0,other_travel_mode,3.0,82377.0,one,core,not_working,several_units,not_attending_school,high_school,renter,english,"2 (Tract 8347, Cook, IL)","8347 (Cook, IL)","Cook County, IL",Illinois,Does not have work/school location,Does not have work/school location,Does not have work/school location,Does not have work/school location,11.0,18.12,9,Chicago3_mdw,"9801 (Cook, IL)",1900-01-01 10:40:00.000000000,10,2.0,UIUC1,"3.01 (Champaign, IL)",6.225853658536586,70,83.0,10,124.34585365853658,132,3.0,81.66,1,0,0
1360011347636335750,"1 (Tract 9801, Cook, IL)","9801 (Cook, IL)","Cook County, IL",Illinois,"2 (Tract 110.02, Champaign, IL)","110.02 (Champaign, IL)","Champaign County, IL",Illinois,auto_passenger,shop,region_arrival,1900-01-01 18:34:00,1900-01-01 20:44:12,130,133.3,unknown_vehicle_type,unknown_fuel_type,,,,transportation_utilities,transportation_utilities,retail,retail,12572770717835992720,14083395129956542787,21.0,male,asian_not_hispanic_or_latino,not_in_labor_force,unemployed_under_16_not_in_labor_force,0.0,other_travel_mode,2.0,4057.0,zero,core,not_working,multiple_units,undergraduate,high_school,renter,asian_pacific,"2 (Tract 9.01, Champaign, IL)","9.01 (Champaign, IL)","Champaign County, IL",Illinois,"2 (Tract 59.02, Champaign, IL)","59.02 (Champaign, IL)","Champaign County, IL",Illinois,4.653846153846154,8.46744557329463,18,Chicago3_mdw,"9801 (Cook, IL)",1900-01-01 19:58:39.230769228,19,1.9523809523809523,UIUC1,"3.01 (Champaign, IL)",6.263119266055046,70,76.60622710622711,10,114.73056483934967,130,3.0,79.98,1,0,0
3554335388751541405,"1 (Tract 9801, Cook, IL)","9801 (Cook, IL)","Cook County, IL",Illinois,"1 (Tract 8, Champaign, IL)","8 (Champaign, IL)","Champaign County, IL",Illinois,private_auto,eat,region_arrival,1900-01-01 22:00:00,1900-01-01 00:11:42,131,130.2,unknown_vehicle_type,other_non_bev,,,,transportation_utilities,transportation_utilities,retail,retail,11914329849684178881,3582044634659342707,57.0,female,hispanic_or_latino_origin,not_in_labor_force,unemployed_under_16_not_in_labor_force,0.0,other_travel_mode,3.0,47485.0,three_plus,core,not_working,single_family,not_attending_school,k_12,owner,spanish,"2 (Tract 9.01, Champaign, IL)","9.01 (Champaign, IL)","Champaign County, IL",Illinois,Does not have work/school location,Does not have work/school location,Does not have work/school location,Does not have work/school location,3.333333333333333,7.912830188679245,22,Chicago3_mdw,"9801 (Cook, IL)",1900-01-01 23:23:19.999999998,23,9.0,UIUC1,"3.01 (Champaign, IL)",12.818974358974359,70,82.33333333333333,10,120.73180454765361,131,3.0,78.11999999999999,1,0,0
8884550265542567366,"1 (Tract 9801, Cook, IL)","9801 (Cook, IL)","Cook County, IL",Illinois,"1 (Tract 10, Champaign, IL)","10 (Champaign, IL)","Champaign County, IL",Illinois,auto_passenger,recreation,region_arrival,1900-01-01 13:13:00,1900-01-01 15:25:57,132,134.0,unknown_vehicle_type,unknown_fuel_type,,,,transportation_utilities,transportation_utilities,non_retail_attraction,non_retail_attraction,9392858222108138601,10654243875597961186,57.0,male,black_not_hispanic_or_latino,not_in_labor_force,unemployed_under_16_not_in_labor_force,86661.0,other_travel_mode,2.0,113728.0,two,core,not_working,single_family,not_attending_school,some_college,owner,english,"2 (Tract 9.02, Champaign, IL)","9.02 (Champaign, IL)","Champaign County, IL",Illinois,Does not have work/school location,Does not have work/school location,Does not have work/school location,Does not have work/school location,5.015151515151516,8.619193825042881,13,Chicago3_mdw,"9801 (Cook, IL)",1900-01-01 14:38:00.909090912,14,5.916666666666667,UIUC1,"3.01 (Champaign, IL)",10.883666666666667,70,80.93181818181819,10,119.50286049170955,132,3.0,80.39999999999999,0,1,0
6324267528271371550,"1 (Tract 9801, Cook, IL)","9801 (Cook, IL)","Cook County, IL",Illinois,"5 (Tract 12.01, Champaign, IL)","12.01 (Champaign, IL)","Champaign County, IL",Illinois,auto_passenger,eat,region_arrival,1900-01-01 17:01:00,1900-01-01 19:13:37,132,135.9,unknown_vehicle_type,unknown_fuel_type,,,,transportation_utilities,transportation_utilities,retail,retail,9504279858947920397,11617306596660429832,57.0,male,black_not_hispanic_or_latino,not_in_labor_force,unemployed_under_16_not_in_labor_force,86661.0,other_travel_mode,2.0,113728.0,two,core,not_working,single_family,not_attending_school,some_college,owner,english,"2 (Tract 9.02, Champaign, IL)","9.02 (Champaign, IL)","Champaign County, IL",Illinois,Does not have work/school location,Does not have work/school location,Does not have work/school location,Does not have work/school location,5.551724137931035,8.844554326610279,17,Chicago3_mdw,"9801 (Cook, IL)",1900-01-01 18:26:33.103448273,18,7.25,UIUC1,"3.01 (Champaign, IL)",12.297823920265781,70,82.80172413793103,10,121.14237824687606,132,3.0,81.54,0,1,0
15809297922266265944,"1 (Tract 9801, Cook, IL)","9801 (Cook, IL)","Cook County, IL",Illinois,"2 (Tract 110.02, Champaign, IL)","110.02 (Champaign, IL)","Champaign County, IL",Illinois,private_auto,eat,region_arrival,1900-01-01 17:45:00,1900-01-01 19:56:19,131,133.4,unknown_vehicle_type,other_non_bev,,,,transportation_utilities,transportation_utilities,retail,retail,14567988152711495047,1220143259435185664,56.0,female,black_not_hispanic_or_latino,not_in_labor_force,unemployed_under_16_not_in_labor_force,44744.0,other_travel_mode,2.0,91343.0,three_plus,core,naics61,single_family,not_attending_school,high_school,owner,english,"2 (Tract 9.02, Champaign, IL)","9.02 (Champaign, IL)","Champaign County, IL",Illinois,Does not have work/school location,Does not have work/school location,Does not have work/school location,Does not have work/school location,5.551724137931035,8.844554326610279,17,Chicago3_mdw,"9801 (Cook, IL)",1900-01-01 19:10:33.103448273,19,1.9523809523809523,UIUC1,"3.01 (Champaign, IL)",6.263119266055046,70,77.50410509031198,10,115.10767359266532,131,3.0,80.04,1,0,0
18272479586291139542,"1 (Tract 9801, Cook, IL)","9801 (Cook, IL)","Cook County, IL",Illinois,"1 (Tract 8, Champaign, IL)","8 (Champaign, IL)","Champaign County, IL",Illinois,private_auto,shop,region_arrival,1900-01-01 17:43:00,1900-01-01 19:55:47,132,124.8,unknown_vehicle_type,other_non_bev,,,,transportation_utilities,transportation_utilities,retail,retail,1671385176457551664,17228965704694111142,61.0,female,white_not_hispanic_or_latino,not_in_labor_force,unemployed_under_16_not_in_labor_force,97677.0,other_travel_mode,2.0,280009.0,three_plus,core,not_working,single_family,not_attending_school,some_college,owner,english,"2 (Tract 9545, Piatt, IL)","9545 (Piatt, IL)","Piatt County, IL",Illinois,Does not have work/school location,Does not have work/school location,Does not have work/school location,Does not have work/school location,5.551724137931035,8.844554326610279,17,Chicago3_mdw,"9801 (Cook, IL)",1900-01-01 19:08:33.103448273,19,6.662650602409639,UIUC1,"3.01 (Champaign, IL)",11.837287611986408,70,82.21437474034067,10,120.68184193859669,132,3.0,74.88,0,1,0
11761276992035564846,"1 (Tract 9801, Cook, IL)","9801 (Cook, IL)","Cook County, IL",Illinois,"1 (Tract 5, Champaign, IL)","5 (Champaign, IL)","Champaign County, IL",Illinois,private_auto,recreation,region_arrival,1900-01-01 18:17:00,1900-01-01 20:32:30,135,126.8,unknown_vehicle_type,other_non_bev,,,,transportation_utilities,transportation_utilities,non_retail_attraction,non_retail_attraction,2109694350344746905,9224030314613738398,74.0,male,white_not_hispanic_or_latino,not_in_labor_force,unemployed_under_16_not_in_labor_force,50965.0,other_travel_mode,1.0,50965.0,two,core,not_working,mobile,not_attending_school,high_school,owner,english,"3 (Tract 10, Champaign, IL)","10 (Champaign, IL)","Champaign County, IL",Illinois,Does not have work/school location,Does not have work/school location,Does not have work/school location,Does not have work/school location,4.653846153846154,8.46744557329463,18,Chicago3_mdw,"9801 (Cook, IL)",1900-01-01 19:41:39.230769228,19,2.6153846153846154,UIUC1,"3.01 (Champaign, IL)",6.941564986737401,70,77.26923076923077,10,115.40901056003203,135,3.0,76.08,0,1,0
2256930233843979361,"1 (Tract 9801, Cook, IL)","9801 (Cook, IL)","Cook County, IL",Illinois,"2 (Tract 14, Champaign, IL)","14 (Champaign, IL)","Champaign County, IL",Illinois,private_auto,eat,region_arrival,1900-01-01 18:11:00,1900-01-01 20:28:14,137,127.3,unknown_vehicle_type,other_non_bev,,,,transportation_utilities,transportation_utilities,retail,retail,9861790197093146535,10713984709142257350,27.0,male,white_not_hispanic_or_latino,unemployed,unemployed_under_16_not_in_labor_force,0.0,other_travel_mode,1.0,0.0,one,core,naics23,single_family,undergraduate,some_college,owner,english,"3 (Tract 107.02, Champaign, IL)","107.02 (Champaign, IL)","Champaign County, IL",Illinois,"2 (Tract 59.02, Champaign, IL)","59.02 (Champaign, IL)","Champaign County, IL",Illinois,4.653846153846154,8.46744557329463,18,Chicago3_mdw,"9801 (Cook, IL)",1900-01-01 19:35:39.230769228,19,3.583333333333333,UIUC1,"3.01 (Champaign, IL)",7.713527724665393,70,78.23717948717949,10,116.18097329796002,137,3.0,76.38,1,0,0
8169852445215403248,"1 (Tract 9801, Cook, IL)","9801 (Cook, IL)","Cook County, IL",Illinois,"3 (Tract 7, Champaign, IL)","7 (Champaign, IL)","Champaign County, IL",Illinois,private_auto,shop,region_arrival,1900-01-01 10:40:00,1900-01-01 12:50:46,130,132.6,unknown_vehicle_type,other_non_bev,,,,transportation_utilities,transportation_utilities,retail,retail,1847589793797497878,16309004377184982369,63.0,female,white_not_hispanic_or_latino,not_in_labor_force,unemployed_under_16_not_in_labor_force,0.0,other_travel_mode,2.0,544816.0,two,core,not_working,single_family,not_attending_school,bachelors_degree,owner,english,"3 (Tract 11, Champaign, IL)","11 (Champaign, IL)","Champaign County, IL",Illinois,Does not have work/school location,Does not have work/school location,Does not have work/school location,Does not have work/school location,5.180851063829787,8.688787635487756,10,Chicago3_mdw,"9801 (Cook, IL)",1900-01-01 12:05:10.851063828,12,4.625,UIUC1,"3.01 (Champaign, IL)",9.161049222797928,70,79.80585106382979,10,117.84983685828568,130,3.0,79.55999999999999,1,0,0
16466864559426810402,"1 (Tract 6611, Cook, IL)","6611 (Cook, IL)","Cook County, IL",Illinois,"3 (Tract 12.01, Champaign, IL)","12.01 (Champaign, IL)","Champaign County, IL",Illinois,private_auto,home,work,1900-01-01 13:21:26,1900-01-01 15:32:43,131,133.1,unknown_vehicle_type,other_non_bev,,,,single_family,single_family,single_family,single_family,7696433118431292802,18110138596223522334,69.0,female,black_not_hispanic_or_latino,not_in_labor_force,unemployed_under_16_not_in_labor_force,15628.0,other_travel_mode,3.0,29411.0,two,core,not_working,single_family,not_attending_school,some_college,renter,english,"3 (Tract 12.01, Champaign, IL)","12.01 (Champaign, IL)","Champaign County, IL",Illinois,Does not have work/school location,Does not have work/school location,Does not have work/school location,Does not have work/school location,14.333333333333334,17.336470588235294,13,Chicago3_mdw,"9801 (Cook, IL)",1900-01-01 14:55:45.999999998,14,7.631578947368421,UIUC1,"3.01 (Champaign, IL)",12.458087078160517,70,91.96491228070175,10,129.7945576663958,131,3.0,79.86,1,0,0
4289087269333954402,"1 (Tract 9801, Cook, IL)","9801 (Cook, IL)","Cook County, IL",Illinois,"1 (Tract 13.02, Champaign, IL)","13.02 (Champaign, IL)","Champaign County, IL",Illinois,private_auto,recreation,region_arrival,1900-01-01 18:54:00,1900-01-01 21:14:09,140,129.4,unknown_vehicle_type,other_non_bev,,,,transportation_utilities,transportation_utilities,open_space,open_space,7499199164444496548,117322994914554896,72.0,female,white_not_hispanic_or_latino,not_in_labor_force,unemployed_under_16_not_in_labor_force,15085.0,other_travel_mode,3.0,187541.0,three_plus,core,not_working,single_family,not_attending_school,bachelors_degree,owner,english,"3 (Tract 12.03, Champaign, IL)","12.03 (Champaign, IL)","Champaign County, IL",Illinois,Does not have work/school location,Does not have work/school location,Does not have work/school location,Does not have work/school location,4.653846153846154,8.46744557329463,18,Chicago3_mdw,"9801 (Cook, IL)",1900-01-01 20:18:39.230769228,20,8.5,UIUC1,"3.01 (Champaign, IL)",13.073319502074689,70,83.15384615384616,10,121.54076507536931,140,3.0,77.64,1,0,0
17994513739536374488,"1 (Tract 9801, Cook, IL)","9801 (Cook, IL)","Cook County, IL",Illinois,"3 (Tract 13.01, Champaign, IL)","13.01 (Champaign, IL)","Champaign County, IL",Illinois,private_auto,home,region_arrival,1900-01-01 18:37:00,1900-01-01 20:50:08,133,136.1,unknown_vehicle_type,other_non_bev,,,,transportation_utilities,transportation_utilities,single_family,single_family,8225462516883183126,14312267657297406806,74.0,female,white_not_hispanic_or_latino,not_in_labor_force,unemployed_under_16_not_in_labor_force,0.0,other_travel_mode,2.0,180801.0,three_plus,core,not_working,single_family,not_attending_school,advanced_degree,owner,spanish,"3 (Tract 13.01, Champaign, IL)","13.01 (Champaign, IL)","Champaign County, IL",Illinois,Does not have work/school location,Does not have work/school location,Does not have work/school location,Does not have work/school location,4.653846153846154,8.46744557329463,18,Chicago3_mdw,"9801 (Cook, IL)",1900-01-01 20:01:39.230769228,20,4.416666666666667,UIUC1,"3.01 (Champaign, IL)",9.514808153477217,70,79.07051282051283,10,117.98225372677184,133,3.0,81.66,1,0,0
11441459655042048245,"1 (Tract 9801, Cook, IL)","9801 (Cook, IL)","Cook County, IL",Illinois,"1 (Tract 3.02, Champaign, IL)","3.02 (Champaign, IL)","Champaign County, IL",Illinois,private_auto,shop,region_arrival,1900-01-01 19:31:00,1900-01-01 21:43:33,132,126.1,unknown_vehicle_type,other_non_bev,,,,transportation_utilities,transportation_utilities,retail,retail,420704557911161529,7265584438334161051,21.0,female,hispanic_or_latino_origin,unemployed,unemployed_under_16_not_in_labor_force,0.0,other_travel_mode,3.0,10195.0,two,core,not_working,multiple_units,not_attending_school,high_school,renter,spanish,"3 (Tract 3.01, Champaign, IL)","3.01 (Champaign, IL)","Champaign County, IL",Illinois,"2 (Tract 14, Champaign, IL)","14 (Champaign, IL)","Champaign County, IL",Illinois,5.05,8.633830188679244,19,Chicago3_mdw,"9801 (Cook, IL)",1900-01-01 20:56:03.000000000,20,1.05,UIUC1,"3.01 (Champaign, IL)",5.158955112219451,70,76.1,10,113.79278530089869,132,3.0,75.66,1,0,0
14834568086663328039,"1 (Tract 9801, Cook, IL)","9801 (Cook, IL)","Cook County, IL",Illinois,"2 (Tract 59.02, Champaign, IL)","59.02 (Champaign, IL)","Champaign County, IL",Illinois,auto_passenger,eat,region_arrival,1900-01-01 18:43:00,1900-01-01 20:55:12,132,134.3,unknown_vehicle_type,unknown_fuel_type,,,,transportation_utilities,transportation_utilities,retail,retail,4270913881508154214,5395827195281404558,21.0,female,white_not_hispanic_or_latino,not_in_labor_force,unemployed_under_16_not_in_labor_force,0.0,other_travel_mode,1.0,0.0,zero,core,not_working,multiple_units,undergraduate,some_college,renter,indo_european,"3 (Tract 3.01, Champaign, IL)","3.01 (Champaign, IL)","Champaign County, IL",Illinois,"1 (Tract 60, Champaign, IL)","60 (Champaign, IL)","Champaign County, IL",Illinois,4.653846153846154,8.46744557329463,18,Chicago3_mdw,"9801 (Cook, IL)",1900-01-01 20:07:39.230769228,20,1.625,UIUC1,"3.01 (Champaign, IL)",5.815468636032094,70,76.27884615384616,10,114.28291420932672,132,3.0,80.58,1,0,0
5989463343051158352,"1 (Tract 9801, Cook, IL)","9801 (Cook, IL)","Cook County, IL",Illinois,"2 (Tract 14, Champaign, IL)","14 (Champaign, IL)","Champaign County, IL",Illinois,private_auto,school,region_arrival,1900-01-01 12:16:00,1900-01-01 14:31:24,135,134.2,unknown_vehicle_type,other_non_bev,,,,transportation_utilities,transportation_utilities,education,education,7922778042656428611,3685351336437853050,21.0,female,white_not_hispanic_or_latino,not_in_labor_force,unemployed_under_16_not_in_labor_force,0.0,other_travel_mode,8.0,74017.0,one,core,not_working,multiple_units,undergraduate,some_college,renter,indo_european,"3 (Tract 3.01, Champaign, IL)","3.01 (Champaign, IL)","Champaign County, IL",Illinois,"2 (Tract 14, Champaign, IL)","14 (Champaign, IL)","Champaign County, IL",Illinois,5.0608108108108105,8.638370729219785,12,Chicago3_mdw,"9801 (Cook, IL)",1900-01-01 13:41:03.648648648,13,3.213483146067416,UIUC1,"3.01 (Champaign, IL)",7.558190646013707,70,78.27429395687822,10,116.1965613752335,135,3.0,80.52,1,0,0
14566388679287020893,"1 (Tract 9801, Cook, IL)","9801 (Cook, IL)","Cook County, IL",Illinois,"1 (Tract 13.01, Champaign, IL)","13.01 (Champaign, IL)","Champaign County, IL",Illinois,auto_passenger,shop,region_arrival,1900-01-01 18:14:00,1900-01-01 20:27:32,133,134.7,unknown_vehicle_type,unknown_fuel_type,,,,transportation_utilities,transportation_utilities,retail,retail,15863454633888800166,11815641798603474692,24.0,female,asian_not_hispanic_or_latino,not_in_labor_force,unemployed_under_16_not_in_labor_force,0.0,other_travel_mode,2.0,0.0,zero,core,not_working,multiple_units,graduate,advanced_degree,renter,asian_pacific,"3 (Tract 3.02, Champaign, IL)","3.02 (Champaign, IL)","Champaign County, IL",Illinois,"1 (Tract 3.01, Champaign, IL)","3.01 (Champaign, IL)","Champaign County, IL",Illinois,4.653846153846154,8.46744557329463,18,Chicago3_mdw,"9801 (Cook, IL)",1900-01-01 19:38:39.230769228,19,5.181818181818182,UIUC1,"3.01 (Champaign, IL)",9.836171789840854,70,79.83566433566435,10,118.30361736313549,133,3.0,80.82,1,0,0
9343000350561216804,"2 (Tract 6304, Cook, IL)","6304 (Cook, IL)","Cook County, IL",Illinois,"2 (Tract 110.02, Champaign, IL)","110.02 (Champaign, IL)","Champaign County, IL",Illinois,auto_passenger,shop,work,1900-01-01 19:34:00,1900-01-01 21:41:31,127,131.6,unknown_vehicle_type,unknown_fuel_type,,,,multi_family,multi_family,mixed_use,retail,17888002660343232093,3554761981071162448,65.0,female,black_not_hispanic_or_latino,not_in_labor_force,unemployed_under_16_not_in_labor_force,9971.0,other_travel_mode,1.0,9971.0,zero,core,not_working,multiple_units,not_attending_school,some_college,renter,english,"3 (Tract 5, Champaign, IL)","5 (Champaign, IL)","Champaign County, IL",Illinois,Does not have work/school location,Does not have work/school location,Does not have work/school location,Does not have work/school location,7.75,12.181666666666667,19,Chicago3_mdw,"9801 (Cook, IL)",1900-01-01 21:01:45.000000000,21,1.9375,UIUC1,"3.01 (Champaign, IL)",6.256869266055046,70,79.6875,10,118.43853593272172,127,3.0,78.96,1,0,0
6201301910277617362,"1 (Tract 9801, Cook, IL)","9801 (Cook, IL)","Cook County, IL",Illinois,"1 (Tract 9.02, Champaign, IL)","9.02 (Champaign, IL)","Champaign County, IL",Illinois,private_auto,work,region_arrival,1900-01-01 12:25:00,1900-01-01 14:37:09,132,133.7,unknown_vehicle_type,other_non_bev,,,,transportation_utilities,transportation_utilities,retail,retail,11193280385012070731,10382250950644927469,72.0,male,white_not_hispanic_or_latino,not_in_labor_force,unemployed_under_16_not_in_labor_force,101367.0,other_travel_mode,2.0,117430.0,three_plus,core,not_working,single_family,not_attending_school,bachelors_degree,owner,english,"3 (Tract 51.02, McLean, IL)","51.02 (McLean, IL)","McLean County, IL",Illinois,Does not have work/school location,Does not have work/school location,Does not have work/school location,Does not have work/school location,5.0608108108108105,8.638370729219785,12,Chicago3_mdw,"9801 (Cook, IL)",1900-01-01 13:50:03.648648648,13,11.306122448979592,UIUC1,"3.01 (Champaign, IL)",16.347752715121135,70,86.3669332597904,10,124.98612344434092,132,3.0,80.21999999999998,0,1,0
5598859134879565085,"1 (Tract 3007, Cook, IL)","3007 (Cook, IL)","Cook County, IL",Illinois,"3 (Tract 54.01, Champaign, IL)","54.01 (Champaign, IL)","Champaign County, IL",Illinois,auto_passenger,home,maintenance,1900-01-01 14:41:53,1900-01-01 17:12:20,150,149.2,unknown_vehicle_type,unknown_fuel_type,,,,mixed_use,civic_institutional,multi_family,multi_family,2804712042923402257,12546470804106256901,65.0,female,white_not_hispanic_or_latino,not_in_labor_force,unemployed_under_16_not_in_labor_force,58112.0,other_travel_mode,1.0,58112.0,zero,core,not_working,multiple_units,not_attending_school,some_college,renter,english,"3 (Tract 54.01, Champaign, IL)","54.01 (Champaign, IL)","Champaign County, IL",Illinois,Does not have work/school location,Does not have work/school location,Does not have work/school location,Does not have work/school location,20.0,21.740000000000002,14,Chicago3_mdw,"9801 (Cook, IL)",1900-01-01 16:21:53.000000000,16,5.791666666666667,UIUC1,"3.01 (Champaign, IL)",10.519836683417086,70,95.79166666666667,10,132.2598366834171,150,3.0,89.52,0,1,0
10347799206814010758,"1 (Tract 9801, Cook, IL)","9801 (Cook, IL)","Cook County, IL",Illinois,"3 (Tract 54.02, Champaign, IL)","54.02 (Champaign, IL)","Champaign County, IL",Illinois,private_auto,home,other_activity_type,1900-01-01 11:22:35,1900-01-01 13:40:27,137,129.0,unknown_vehicle_type,other_non_bev,,,,transportation_utilities,transportation_utilities,single_family,single_family,3622267731855692858,17258777471091351170,38.0,female,hispanic_or_latino_origin,not_in_labor_force,unemployed_under_16_not_in_labor_force,0.0,other_travel_mode,4.0,48308.0,two,core,not_working,mobile,not_attending_school,high_school,owner,spanish,"3 (Tract 54.02, Champaign, IL)","54.02 (Champaign, IL)","Champaign County, IL",Illinois,Does not have work/school location,Does not have work/school location,Does not have work/school location,Does not have work/school location,4.945945945945946,8.590127485976542,11,Chicago3_mdw,"9801 (Cook, IL)",1900-01-01 12:47:31.756756754,12,10.0,UIUC1,"3.01 (Champaign, IL)",15.459999999999999,70,84.94594594594595,10,124.05012748597653,137,3.0,77.39999999999999,1,0,0
17759557607939842782,"1 (Tract 9801, Cook, IL)","9801 (Cook, IL)","Cook County, IL",Illinois,"1 (Tract 54.02, Champaign, IL)","54.02 (Champaign, IL)","Champaign County, IL",Illinois,private_auto,other_activity_type,region_arrival,1900-01-01 14:11:00,1900-01-01 16:29:50,138,136.2,unknown_vehicle_type,other_non_bev,,,,transportation_utilities,transportation_utilities,mixed_use,industrial,6856743450696850939,14008541221615437712,35.0,male,white_not_hispanic_or_latino,not_in_labor_force,unemployed_under_16_not_in_labor_force,0.0,other_travel_mode,3.0,1410.0,one,core,not_working,single_family,not_attending_school,some_college,owner,english,"3 (Tract 55, Champaign, IL)","55 (Champaign, IL)","Champaign County, IL",Illinois,Does not have work/school location,Does not have work/school location,Does not have work/school location,Does not have work/school location,5.041322314049586,8.63018556058007,14,Chicago3_mdw,"9801 (Cook, IL)",1900-01-01 15:36:02.479338840,15,8.75,UIUC1,"3.01 (Champaign, IL)",14.934999999999999,70,83.79132231404958,10,123.56518556058008,138,3.0,81.71999999999998,1,0,0
5781899083090321228,"3 (Tract 5806, Cook, IL)","5806 (Cook, IL)","Cook County, IL",Illinois,"2 (Tract 59.02, Champaign, IL)","59.02 (Champaign, IL)","Champaign County, IL",Illinois,private_auto,shop,home,1900-01-01 07:26:00,1900-01-01 09:39:19,133,134.3,unknown_vehicle_type,other_non_bev,,,,multi_family,multi_family,retail,retail,15845310690702110972,8410482458019259402,71.0,male,hispanic_or_latino_origin,not_in_labor_force,unemployed_under_16_not_in_labor_force,0.0,other_travel_mode,5.0,106297.0,two,core,not_working,several_units,not_attending_school,no_school,renter,spanish,"3 (Tract 5806, Cook, IL)","5806 (Cook, IL)","Cook County, IL",Illinois,Does not have work/school location,Does not have work/school location,Does not have work/school location,Does not have work/school location,9.5,14.657272727272728,7,Chicago3_mdw,"9801 (Cook, IL)",1900-01-01 08:55:30.000000000,8,2.12280701754386,UIUC1,"3.01 (Champaign, IL)",6.024547583400515,70,81.62280701754386,10,120.68182031067325,133,3.0,80.58,1,0,0
10370449231795590040,"3 (Tract 5806, Cook, IL)","5806 (Cook, IL)","Cook County, IL",Illinois,"2 (Tract 59.02, Champaign, IL)","59.02 (Champaign, IL)","Champaign County, IL",Illinois,private_auto,eat,home,1900-01-01 11:18:00,1900-01-01 13:33:27,135,134.3,unknown_vehicle_type,other_non_bev,,,,multi_family,multi_family,retail,retail,17131267369667214423,10034233931425249705,81.0,male,hispanic_or_latino_origin,not_in_labor_force,unemployed_under_16_not_in_labor_force,15292.0,other_travel_mode,2.0,22429.0,two,core,not_working,several_units,not_attending_school,k_12,owner,spanish,"3 (Tract 5806, Cook, IL)","5806 (Cook, IL)","Cook County, IL",Illinois,Does not have work/school location,Does not have work/school location,Does not have work/school location,Does not have work/school location,13.0,16.12727272727273,11,Chicago3_mdw,"9801 (Cook, IL)",1900-01-01 12:51:00.000000000,12,2.0782608695652174,UIUC1,"3.01 (Champaign, IL)",6.005838201249484,70,85.07826086956521,10,122.13311092852221,135,3.0,80.58,1,0,0
12739736791901650276,"3 (Tract 5806, Cook, IL)","5806 (Cook, IL)","Cook County, IL",Illinois,"2 (Tract 59.02, Champaign, IL)","59.02 (Champaign, IL)","Champaign County, IL",Illinois,auto_passenger,shop,home,1900-01-01 17:56:00,1900-01-01 20:13:38,137,131.1,unknown_vehicle_type,unknown_fuel_type,,,,multi_family,multi_family,retail,retail,15845310690702110972,8410482458019259402,71.0,male,hispanic_or_latino_origin,not_in_labor_force,unemployed_under_16_not_in_labor_force,0.0,other_travel_mode,5.0,106297.0,two,core,not_working,several_units,not_attending_school,no_school,renter,spanish,"3 (Tract 5806, Cook, IL)","5806 (Cook, IL)","Cook County, IL",Illinois,Does not have work/school location,Does not have work/school location,Does not have work/school location,Does not have work/school location,10.0,14.867272727272729,17,Chicago3_mdw,"9801 (Cook, IL)",1900-01-01 19:26:00.000000000,19,1.9438202247191008,UIUC1,"3.01 (Champaign, IL)",5.9493731304141155,70,81.9438202247191,10,120.81664585768685,137,3.0,78.66,1,0,0
3145130895656562498,"3 (Tract 5806, Cook, IL)","5806 (Cook, IL)","Cook County, IL",Illinois,"2 (Tract 59.02, Champaign, IL)","59.02 (Champaign, IL)","Champaign County, IL",Illinois,private_auto,eat,home,1900-01-01 09:21:00,1900-01-01 11:34:52,133,133.9,unknown_vehicle_type,other_non_bev,,,,multi_family,multi_family,retail,retail,16007361948166001126,17813832878423703881,53.0,male,hispanic_or_latino_origin,not_in_labor_force,unemployed_under_16_not_in_labor_force,0.0,other_travel_mode,5.0,106297.0,two,core,not_working,several_units,not_attending_school,no_school,renter,spanish,"3 (Tract 5806, Cook, IL)","5806 (Cook, IL)","Cook County, IL",Illinois,Does not have work/school location,Does not have work/school location,Does not have work/school location,Does not have work/school location,9.0,14.447272727272729,9,Chicago3_mdw,"9801 (Cook, IL)",1900-01-01 10:50:00.000000000,10,1.8297872340425527,UIUC1,"3.01 (Champaign, IL)",5.901479274329966,70,80.82978723404256,10,120.3487520016027,133,3.0,80.34,1,0,0
16961299360107242043,"3 (Tract 6305, Cook, IL)","6305 (Cook, IL)","Cook County, IL",Illinois,"1 (Tract 111, Champaign, IL)","111 (Champaign, IL)","Champaign County, IL",Illinois,private_auto,work,home,1900-01-01 08:36:00,1900-01-01 10:49:34,133,134.5,unknown_vehicle_type,other_non_bev,,,,multi_family,multi_family,retail,retail,10752788498537420144,2450273679236171965,19.0,female,hispanic_or_latino_origin,not_in_labor_force,unemployed_under_16_not_in_labor_force,0.0,other_travel_mode,5.0,32052.0,one,core,not_working,several_units,not_attending_school,some_college,owner,spanish,"3 (Tract 6305, Cook, IL)","6305 (Cook, IL)","Cook County, IL",Illinois,Does not have work/school location,Does not have work/school location,Does not have work/school location,Does not have work/school location,11.75,14.995,8,Chicago3_mdw,"9801 (Cook, IL)",1900-01-01 10:07:45.000000000,10,2.210526315789474,UIUC1,"3.01 (Champaign, IL)",6.7484210526315795,70,83.96052631578948,10,121.74342105263159,133,3.0,80.7,1,0,0
3823793169750563644,"3 (Tract 6603.02, Cook, IL)","6603.02 (Cook, IL)","Cook County, IL",Illinois,"1 (Tract 4.01, Champaign, IL)","4.01 (Champaign, IL)","Champaign County, IL",Illinois,private_auto,work,home,1900-01-01 18:13:00,1900-01-01 20:38:04,145,136.8,unknown_vehicle_type,other_non_bev,,,,multi_family,multi_family,non_retail_attraction,non_retail_attraction,13569214050824115798,11692912605803145759,63.0,female,hispanic_or_latino_origin,not_in_labor_force,unemployed_under_16_not_in_labor_force,0.0,other_travel_mode,3.0,44714.0,two,core,not_working,single_family,not_attending_school,k_12,owner,spanish,"3 (Tract 6603.02, Cook, IL)","6603.02 (Cook, IL)","Cook County, IL",Illinois,Does not have work/school location,Does not have work/school location,Does not have work/school location,Does not have work/school location,6.5,11.544285714285714,18,Chicago3_mdw,"9801 (Cook, IL)",1900-01-01 19:39:30.000000000,19,1.0943396226415094,UIUC1,"3.01 (Champaign, IL)",5.037930702163863,70,77.59433962264151,10,116.58221641644957,145,3.0,82.08,1,0,0
11843632733262632038,"3 (Tract 6603.02, Cook, IL)","6603.02 (Cook, IL)","Cook County, IL",Illinois,"2 (Tract 14, Champaign, IL)","14 (Champaign, IL)","Champaign County, IL",Illinois,auto_passenger,work,home,1900-01-01 17:50:00,1900-01-01 20:06:47,136,129.7,unknown_vehicle_type,unknown_fuel_type,,,,multi_family,multi_family,retail,retail,11550443816482573273,5098887014211891530,51.0,male,black_not_hispanic_or_latino,not_in_labor_force,unemployed_under_16_not_in_labor_force,1020.0,other_travel_mode,3.0,41707.0,one,core,not_working,several_units,not_attending_school,high_school,renter,english,"3 (Tract 6603.02, Cook, IL)","6603.02 (Cook, IL)","Cook County, IL",Illinois,Does not have work/school location,Does not have work/school location,Does not have work/school location,Does not have work/school location,6.5,11.544285714285714,17,Chicago3_mdw,"9801 (Cook, IL)",1900-01-01 19:16:30.000000000,19,3.583333333333333,UIUC1,"3.01 (Champaign, IL)",7.713527724665393,70,80.08333333333333,10,119.2578134389511,136,3.0,77.82,1,0,0
3736247874710658006,"3 (Tract 6603.02, Cook, IL)","6603.02 (Cook, IL)","Cook County, IL",Illinois,"2 (Tract 59.02, Champaign, IL)","59.02 (Champaign, IL)","Champaign County, IL",Illinois,private_auto,work,home,1900-01-01 16:45:00,1900-01-01 19:16:38,151,137.2,unknown_vehicle_type,other_non_bev,,,,mixed_use,multi_family,education,education,11491005941076716360,10109972079466997040,70.0,male,black_not_hispanic_or_latino,not_in_labor_force,unemployed_under_16_not_in_labor_force,22793.0,other_travel_mode,5.0,144700.0,one,core,not_working,single_family,not_attending_school,k_12,owner,english,"3 (Tract 6603.02, Cook, IL)","6603.02 (Cook, IL)","Cook County, IL",Illinois,Does not have work/school location,Does not have work/school location,Does not have work/school location,Does not have work/school location,6.5,11.544285714285714,16,Chicago3_mdw,"9801 (Cook, IL)",1900-01-01 18:11:30.000000000,18,1.984496124031008,UIUC1,"3.01 (Champaign, IL)",5.966457008125117,70,78.48449612403101,10,117.51074272241082,151,3.0,82.32,1,0,0
8576369500862399142,"3 (Tract 6603.02, Cook, IL)","6603.02 (Cook, IL)","Cook County, IL",Illinois,"2 (Tract 14, Champaign, IL)","14 (Champaign, IL)","Champaign County, IL",Illinois,private_auto,work,home,1900-01-01 18:50:46,1900-01-01 21:09:38,138,137.1,unknown_vehicle_type,other_non_bev,,,,mixed_use,multi_family,industrial,industrial,7818357232076439424,734782523557759709,75.0,male,hispanic_or_latino_origin,not_in_labor_force,unemployed_under_16_not_in_labor_force,14326.0,other_travel_mode,3.0,44714.0,two,core,not_working,single_family,not_attending_school,k_12,owner,spanish,"3 (Tract 6603.02, Cook, IL)","6603.02 (Cook, IL)","Cook County, IL",Illinois,Does not have work/school location,Does not have work/school location,Does not have work/school location,Does not have work/school location,6.5,11.544285714285714,18,Chicago3_mdw,"9801 (Cook, IL)",1900-01-01 20:17:16.000000000,20,3.78125,UIUC1,"3.01 (Champaign, IL)",7.796652724665392,70,80.28125,10,119.3409384389511,138,3.0,82.25999999999999,1,0,0
7200024646076740141,"3 (Tract 6603.02, Cook, IL)","6603.02 (Cook, IL)","Cook County, IL",Illinois,"2 (Tract 59.02, Champaign, IL)","59.02 (Champaign, IL)","Champaign County, IL",Illinois,private_auto,work,home,1900-01-01 17:41:00,1900-01-01 20:08:32,147,137.2,unknown_vehicle_type,other_non_bev,,,,multi_family,multi_family,education,education,8674678948368763940,1617533922640614444,26.0,female,hispanic_or_latino_origin,not_in_labor_force,unemployed_under_16_not_in_labor_force,0.0,other_travel_mode,5.0,53421.0,two,core,not_working,single_family,not_attending_school,high_school,renter,spanish,"3 (Tract 6603.02, Cook, IL)","6603.02 (Cook, IL)","Cook County, IL",Illinois,Does not have work/school location,Does not have work/school location,Does not have work/school location,Does not have work/school location,6.5,11.544285714285714,17,Chicago3_mdw,"9801 (Cook, IL)",1900-01-01 19:07:30.000000000,19,1.9438202247191008,UIUC1,"3.01 (Champaign, IL)",5.9493731304141155,70,78.4438202247191,10,117.49365884469982,147,3.0,82.32,1,0,0
7827948996229523143,"3 (Tract 6603.02, Cook, IL)","6603.02 (Cook, IL)","Cook County, IL",Illinois,"2 (Tract 14, Champaign, IL)","14 (Champaign, IL)","Champaign County, IL",Illinois,private_auto,work,home,1900-01-01 06:57:00,1900-01-01 09:13:28,136,137.1,unknown_vehicle_type,other_non_bev,,,,mixed_use,multi_family,industrial,industrial,7818357232076439424,734782523557759709,75.0,male,hispanic_or_latino_origin,not_in_labor_force,unemployed_under_16_not_in_labor_force,14326.0,other_travel_mode,3.0,44714.0,two,core,not_working,single_family,not_attending_school,k_12,owner,spanish,"3 (Tract 6603.02, Cook, IL)","6603.02 (Cook, IL)","Cook County, IL",Illinois,Does not have work/school location,Does not have work/school location,Does not have work/school location,Does not have work/school location,10.333333333333334,13.154285714285715,6,Chicago3_mdw,"9801 (Cook, IL)",1900-01-01 08:27:19.999999998,8,3.0727272727272728,UIUC1,"3.01 (Champaign, IL)",7.499073179210847,70,83.4060606060606,10,120.65335889349657,136,3.0,82.25999999999999,1,0,0
17117487589578469344,"1 (Tract 6203, Cook, IL)","6203 (Cook, IL)","Cook County, IL",Illinois,"2 (Tract 14, Champaign, IL)","14 (Champaign, IL)","Champaign County, IL",Illinois,private_auto,work,social,1900-01-01 16:16:00,1900-01-01 19:04:30,168,144.9,unknown_vehicle_type,other_non_bev,,,,mixed_use,multi_family,office,office,3616441573980963411,16044882496125633286,52.0,male,black_not_hispanic_or_latino,not_in_labor_force,unemployed_under_16_not_in_labor_force,0.0,other_travel_mode,5.0,38042.0,one,core,not_working,single_family,not_attending_school,k_12,renter,english,"3 (Tract 6603.02, Cook, IL)","6603.02 (Cook, IL)","Cook County, IL",Illinois,Does not have work/school location,Does not have work/school location,Does not have work/school location,Does not have work/school location,3.375,7.419394736842105,16,Chicago3_mdw,"9801 (Cook, IL)",1900-01-01 17:39:22.500000000,17,4.082706766917293,UIUC1,"3.01 (Champaign, IL)",7.923264566770656,70,77.4577067669173,10,115.34265930361276,168,3.0,86.94,1,0,0
10090417081706544270,"3 (Tract 6603.02, Cook, IL)","6603.02 (Cook, IL)","Cook County, IL",Illinois,"2 (Tract 59.02, Champaign, IL)","59.02 (Champaign, IL)","Champaign County, IL",Illinois,private_auto,work,social,1900-01-01 06:20:00,1900-01-01 08:32:29,132,129.6,unknown_vehicle_type,other_non_bev,,,,mixed_use,multi_family,education,education,15802424311114156680,5346608706090983932,63.0,female,hispanic_or_latino_origin,not_in_labor_force,unemployed_under_16_not_in_labor_force,0.0,other_travel_mode,3.0,44714.0,two,core,not_working,single_family,not_attending_school,k_12,owner,spanish,"3 (Tract 6603.02, Cook, IL)","6603.02 (Cook, IL)","Cook County, IL",Illinois,Does not have work/school location,Does not have work/school location,Does not have work/school location,Does not have work/school location,10.333333333333334,13.154285714285715,6,Chicago3_mdw,"9801 (Cook, IL)",1900-01-01 07:50:19.999999998,7,2.5135135135135136,UIUC1,"3.01 (Champaign, IL)",6.18864431170777,70,82.84684684684684,10,119.3429300259935,132,3.0,77.75999999999999,1,0,0
7753344572987106139,"1 (Tract 9801, Cook, IL)","9801 (Cook, IL)","Cook County, IL",Illinois,"2 (Tract 110.02, Champaign, IL)","110.02 (Champaign, IL)","Champaign County, IL",Illinois,private_auto,shop,region_arrival,1900-01-01 10:03:00,1900-01-01 12:15:29,132,133.4,unknown_vehicle_type,other_non_bev,,,,transportation_utilities,transportation_utilities,retail,retail,11009829252078739654,136960829140984901,42.0,male,black_not_hispanic_or_latino,not_in_labor_force,unemployed_under_16_not_in_labor_force,1325.0,other_travel_mode,5.0,27832.0,one,core,not_working,single_family,not_attending_school,some_college,owner,english,"3 (Tract 7, Champaign, IL)","7 (Champaign, IL)","Champaign County, IL",Illinois,Does not have work/school location,Does not have work/school location,Does not have work/school location,Does not have work/school location,5.180851063829787,8.688787635487756,10,Chicago3_mdw,"9801 (Cook, IL)",1900-01-01 11:28:10.851063828,11,2.242424242424242,UIUC1,"3.01 (Champaign, IL)",6.384937447873228,70,77.42327530625403,10,115.07372508336098,132,3.0,80.04,1,0,0
5849456227038774253,"1 (Tract 9801, Cook, IL)","9801 (Cook, IL)","Cook County, IL",Illinois,"1 (Tract 9.02, Champaign, IL)","9.02 (Champaign, IL)","Champaign County, IL",Illinois,private_auto,recreation,region_arrival,1900-01-01 21:23:00,1900-01-01 23:32:42,129,133.8,unknown_vehicle_type,other_non_bev,,,,transportation_utilities,transportation_utilities,mixed_use,open_space,18086417867354860214,14458725396058260587,34.0,male,black_not_hispanic_or_latino,not_in_labor_force,unemployed_under_16_not_in_labor_force,0.0,other_travel_mode,1.0,0.0,two,core,not_working,single_family,not_attending_school,no_school,renter,english,"3 (Tract 7, Champaign, IL)","7 (Champaign, IL)","Champaign County, IL",Illinois,Does not have work/school location,Does not have work/school location,Does not have work/school location,Does not have work/school location,4.333333333333333,8.332830188679244,21,Chicago3_mdw,"9801 (Cook, IL)",1900-01-01 22:47:19.999999998,22,11.0,UIUC1,"3.01 (Champaign, IL)",16.21918128654971,70,85.33333333333333,10,124.55201147522895,129,3.0,80.28,1,0,0
9475732162200441729,"1 (Tract 9801, Cook, IL)","9801 (Cook, IL)","Cook County, IL",Illinois,"1 (Tract 10, Champaign, IL)","10 (Champaign, IL)","Champaign County, IL",Illinois,private_auto,eat,region_arrival,1900-01-01 17:42:00,1900-01-01 19:56:06,134,126.6,unknown_vehicle_type,other_non_bev,,,,transportation_utilities,transportation_utilities,retail,retail,2533362006215842986,10287707612056769949,86.0,female,white_not_hispanic_or_latino,not_in_labor_force,unemployed_under_16_not_in_labor_force,114063.0,other_travel_mode,1.0,114063.0,one,core,not_working,multiple_units,not_attending_school,some_college,renter,english,"3 (Tract 8, Champaign, IL)","8 (Champaign, IL)","Champaign County, IL",Illinois,Does not have work/school location,Does not have work/school location,Does not have work/school location,Does not have work/school location,5.551724137931035,8.844554326610279,17,Chicago3_mdw,"9801 (Cook, IL)",1900-01-01 19:07:33.103448273,19,5.8,UIUC1,"3.01 (Champaign, IL)",10.834666666666667,70,81.35172413793103,10,119.67922099327694,134,3.0,75.96,0,1,0
5954421641175946312,"1 (Tract 9801, Cook, IL)","9801 (Cook, IL)","Cook County, IL",Illinois,"3 (Tract 110.01, Champaign, IL)","110.01 (Champaign, IL)","Champaign County, IL",Illinois,private_auto,social,region_arrival,1900-01-01 16:54:00,1900-01-01 19:12:00,138,126.2,unknown_vehicle_type,other_non_bev,,,,transportation_utilities,transportation_utilities,single_family,single_family,8960706035523807955,9820044086837273173,77.0,female,black_not_hispanic_or_latino,not_in_labor_force,unemployed_under_16_not_in_labor_force,66424.0,other_travel_mode,1.0,66424.0,one,core,not_working,several_units,not_attending_school,some_college,renter,english,"3 (Tract 9.01, Champaign, IL)","9.01 (Champaign, IL)","Champaign County, IL",Illinois,Does not have work/school location,Does not have work/school location,Does not have work/school location,Does not have work/school location,4.228070175438597,8.288619662363455,16,Chicago3_mdw,"9801 (Cook, IL)",1900-01-01 18:18:13.684210524,18,3.625,UIUC1,"3.01 (Champaign, IL)",8.07282258064516,70,77.8530701754386,10,116.36144224300863,138,3.0,75.72,0,1,0
621873031340744843,"2 (Tract 6303, Cook, IL)","6303 (Cook, IL)","Cook County, IL",Illinois,"4 (Tract 12.01, Champaign, IL)","12.01 (Champaign, IL)","Champaign County, IL",Illinois,private_auto,home,shop,1900-01-01 13:52:02,1900-01-01 16:13:57,141,129.2,unknown_vehicle_type,other_non_bev,,,,mixed_use,retail,single_family,single_family,13431750862716497411,9173516491588301940,30.0,female,white_not_hispanic_or_latino,not_in_labor_force,unemployed_under_16_not_in_labor_force,0.0,other_travel_mode,5.0,89035.0,three_plus,core,not_working,single_family,not_attending_school,high_school,renter,english,"4 (Tract 12.01, Champaign, IL)","12.01 (Champaign, IL)","Champaign County, IL",Illinois,Does not have work/school location,Does not have work/school location,Does not have work/school location,Does not have work/school location,11.0,13.07593220338983,13,Chicago3_mdw,"9801 (Cook, IL)",1900-01-01 15:23:02.000000000,15,7.727272727272727,UIUC1,"3.01 (Champaign, IL)",12.498278465720325,70,88.72727272727272,10,125.57421066911016,141,3.0,77.52,1,0,0
16537167854142394495,"1 (Tract 9801, Cook, IL)","9801 (Cook, IL)","Cook County, IL",Illinois,"3 (Tract 8, Champaign, IL)","8 (Champaign, IL)","Champaign County, IL",Illinois,private_auto,eat,region_arrival,1900-01-01 17:20:00,1900-01-01 19:33:03,133,124.9,unknown_vehicle_type,other_non_bev,,,,transportation_utilities,transportation_utilities,retail,retail,12026598642351612295,10708107743875140928,32.0,female,asian_not_hispanic_or_latino,not_in_labor_force,unemployed_under_16_not_in_labor_force,0.0,other_travel_mode,4.0,80725.0,two,core,not_working,single_family,not_attending_school,some_college,owner,asian_pacific,"4 (Tract 13.01, Champaign, IL)","13.01 (Champaign, IL)","Champaign County, IL",Illinois,Does not have work/school location,Does not have work/school location,Does not have work/school location,Does not have work/school location,5.551724137931035,8.844554326610279,17,Chicago3_mdw,"9801 (Cook, IL)",1900-01-01 18:45:33.103448273,18,7.046296296296297,UIUC1,"3.01 (Champaign, IL)",11.998418803418804,70,82.59802043422732,10,120.84297313002908,133,3.0,74.94,1,0,0
8496113784842152455,"4 (Tract 8428, Cook, IL)","8428 (Cook, IL)","Cook County, IL",Illinois,"4 (Tract 53, Champaign, IL)","53 (Champaign, IL)","Champaign County, IL",Illinois,private_auto,home,other_activity_type,1900-01-01 12:25:19,1900-01-01 15:05:47,160,127.2,unknown_vehicle_type,other_non_bev,,,,industrial,industrial,mixed_use,multi_family,498488825665154611,7797169574073451275,19.0,female,hispanic_or_latino_origin,not_in_labor_force,unemployed_under_16_not_in_labor_force,0.0,other_travel_mode,4.0,33833.0,one,core,not_working,multiple_units,undergraduate,some_college,renter,spanish,"4 (Tract 53, Champaign, IL)","53 (Champaign, IL)","Champaign County, IL",Illinois,"2 (Tract 59.02, Champaign, IL)","59.02 (Champaign, IL)","Champaign County, IL",Illinois,13.0,15.489999999999998,12,Chicago3_mdw,"9801 (Cook, IL)",1900-01-01 13:58:19.000000000,13,3.357142857142857,UIUC1,"3.01 (Champaign, IL)",8.087889447236181,70,86.35714285714286,10,123.57788944723617,160,3.0,76.32,1,0,0
5045973385621824788,"1 (Tract 9801, Cook, IL)","9801 (Cook, IL)","Cook County, IL",Illinois,"3 (Tract 111, Champaign, IL)","111 (Champaign, IL)","Champaign County, IL",Illinois,private_auto,maintenance,region_arrival,1900-01-01 21:26:00,1900-01-01 23:37:46,131,134.2,unknown_vehicle_type,other_non_bev,,,,transportation_utilities,transportation_utilities,mixed_use,healthcare,821999229843787814,15368274321066502432,20.0,male,white_not_hispanic_or_latino,not_in_labor_force,unemployed_under_16_not_in_labor_force,0.0,other_travel_mode,9.0,17028.0,three_plus,core,not_working,single_family,undergraduate,high_school,renter,spanish,"4 (Tract 53, Champaign, IL)","53 (Champaign, IL)","Champaign County, IL",Illinois,"1 (Tract 60, Champaign, IL)","60 (Champaign, IL)","Champaign County, IL",Illinois,4.333333333333333,8.332830188679244,21,Chicago3_mdw,"9801 (Cook, IL)",1900-01-01 22:50:19.999999998,22,2.5,UIUC1,"3.01 (Champaign, IL)",6.87,70,76.83333333333333,10,115.20283018867924,131,3.0,80.52,1,0,0
14976126974106005739,"4 (Tract 8428, Cook, IL)","8428 (Cook, IL)","Cook County, IL",Illinois,"4 (Tract 53, Champaign, IL)","53 (Champaign, IL)","Champaign County, IL",Illinois,private_auto,home,other_activity_type,1900-01-01 15:55:25,1900-01-01 18:42:15,166,144.9,unknown_vehicle_type,other_non_bev,,,,industrial,industrial,mixed_use,multi_family,5929992913475102782,15593557489005669600,20.0,female,white_not_hispanic_or_latino,not_in_labor_force,unemployed_under_16_not_in_labor_force,0.0,other_travel_mode,3.0,0.0,two,core,not_working,multiple_units,undergraduate,some_college,renter,english,"4 (Tract 53, Champaign, IL)","53 (Champaign, IL)","Champaign County, IL",Illinois,"1 (Tract 59.02, Champaign, IL)","59.02 (Champaign, IL)","Champaign County, IL",Illinois,10.5,14.44,15,Chicago3_mdw,"9801 (Cook, IL)",1900-01-01 17:25:55.000000000,17,3.865384615384616,UIUC1,"3.01 (Champaign, IL)",8.301350985697718,70,84.36538461538461,10,122.74135098569772,166,3.0,86.94,1,0,0
15703476830904325815,"4 (Tract 8428, Cook, IL)","8428 (Cook, IL)","Cook County, IL",Illinois,"4 (Tract 53, Champaign, IL)","53 (Champaign, IL)","Champaign County, IL",Illinois,auto_passenger,home,maintenance,1900-01-01 09:11:32,1900-01-01 11:31:20,139,129.9,unknown_vehicle_type,unknown_fuel_type,,,,mixed_use,retail,mixed_use,multi_family,3253575123740860310,13565181928528456698,22.0,male,asian_not_hispanic_or_latino,not_in_labor_force,unemployed_under_16_not_in_labor_force,0.0,other_travel_mode,4.0,0.0,zero,core,not_working,multiple_units,graduate,bachelors_degree,renter,asian_pacific,"4 (Tract 53, Champaign, IL)","53 (Champaign, IL)","Champaign County, IL",Illinois,"1 (Tract 59.02, Champaign, IL)","59.02 (Champaign, IL)","Champaign County, IL",Illinois,9.0,13.809999999999999,9,Chicago3_mdw,"9801 (Cook, IL)",1900-01-01 10:40:32.000000000,10,4.047619047619048,UIUC1,"3.01 (Champaign, IL)",8.37788944723618,70,83.04761904761905,10,122.18788944723619,139,3.0,77.94,1,0,0
17257204122912117578,"4 (Tract 7105, Cook, IL)","7105 (Cook, IL)","Cook County, IL",Illinois,"4 (Tract 57.01, Champaign, IL)","57.01 (Champaign, IL)","Champaign County, IL",Illinois,private_auto,home,shop,1900-01-01 20:49:50,1900-01-01 22:59:12,129,130.1,unknown_vehicle_type,other_non_bev,,,,retail,retail,single_family,single_family,827770300533135310,400060862759505489,88.0,male,white_not_hispanic_or_latino,not_in_labor_force,unemployed_under_16_not_in_labor_force,11070.0,other_travel_mode,2.0,39288.0,two,core,not_working,single_family,not_attending_school,k_12,owner,english,"4 (Tract 57.01, Champaign, IL)","57.01 (Champaign, IL)","Champaign County, IL",Illinois,Does not have work/school location,Does not have work/school location,Does not have work/school location,Does not have work/school location,13.5,20.556666666666665,20,Chicago3_mdw,"9801 (Cook, IL)",1900-01-01 22:23:20.000000000,22,6.0,UIUC1,"3.01 (Champaign, IL)",11.349454545454545,70,89.5,10,131.9061212121212,129,3.0,78.05999999999999,1,0,0
4786386841371060413,"1 (Tract 9801, Cook, IL)","9801 (Cook, IL)","Cook County, IL",Illinois,"1 (Tract 56.02, Champaign, IL)","56.02 (Champaign, IL)","Champaign County, IL",Illinois,private_auto,shop,region_arrival,1900-01-01 10:28:00,1900-01-01 12:49:46,141,139.3,unknown_vehicle_type,other_non_bev,,,,transportation_utilities,transportation_utilities,office,office,3081216834882233521,5334651742183538521,74.0,male,white_not_hispanic_or_latino,not_in_labor_force,unemployed_under_16_not_in_labor_force,3709.0,other_travel_mode,2.0,10896.0,one,core,not_working,single_family,not_attending_school,k_12,owner,english,"4 (Tract 57.01, Champaign, IL)","57.01 (Champaign, IL)","Champaign County, IL",Illinois,Does not have work/school location,Does not have work/school location,Does not have work/school location,Does not have work/school location,5.180851063829787,8.688787635487756,10,Chicago3_mdw,"9801 (Cook, IL)",1900-01-01 11:53:10.851063828,11,9.333333333333334,UIUC1,"3.01 (Champaign, IL)",14.398086956521738,70,84.51418439716312,10,123.0868745920095,141,3.0,83.58,1,0,0
11340323178934446876,"1 (Tract 9801, Cook, IL)","9801 (Cook, IL)","Cook County, IL",Illinois,"4 (Tract 57.01, Champaign, IL)","57.01 (Champaign, IL)","Champaign County, IL",Illinois,private_auto,home,other_activity_type,1900-01-01 21:48:42,1900-01-01 00:07:08,138,129.1,unknown_vehicle_type,other_non_bev,,,,transportation_utilities,transportation_utilities,single_family,single_family,4823160742201692724,17697997807947229055,76.0,male,white_not_hispanic_or_latino,not_in_labor_force,unemployed_under_16_not_in_labor_force,189630.0,other_travel_mode,2.0,189630.0,three_plus,core,not_working,single_family,not_attending_school,advanced_degree,owner,english,"4 (Tract 57.01, Champaign, IL)","57.01 (Champaign, IL)","Champaign County, IL",Illinois,Does not have work/school location,Does not have work/school location,Does not have work/school location,Does not have work/school location,4.333333333333333,8.332830188679244,21,Chicago3_mdw,"9801 (Cook, IL)",1900-01-01 23:13:01.999999998,23,7.0,UIUC1,"3.01 (Champaign, IL)",11.769454545454547,70,81.33333333333333,10,120.10228473413379,138,3.0,77.46,0,0,1
2991649908746765959,"4 (Tract 5806, Cook, IL)","5806 (Cook, IL)","Cook County, IL",Illinois,"1 (Tract 59.01, Champaign, IL)","59.01 (Champaign, IL)","Champaign County, IL",Illinois,auto_passenger,eat,home,1900-01-01 18:06:00,1900-01-01 20:24:03,138,134.0,unknown_vehicle_type,unknown_fuel_type,,,,multi_family,multi_family,retail,retail,2574919563484742567,17691704048988553477,64.0,female,hispanic_or_latino_origin,not_in_labor_force,unemployed_under_16_not_in_labor_force,0.0,other_travel_mode,2.0,75347.0,zero,core,not_working,several_units,not_attending_school,k_12,renter,spanish,"4 (Tract 5806, Cook, IL)","5806 (Cook, IL)","Cook County, IL",Illinois,Does not have work/school location,Does not have work/school location,Does not have work/school location,Does not have work/school location,12.0,15.707272727272729,18,Chicago3_mdw,"9801 (Cook, IL)",1900-01-01 19:38:00.000000000,19,2.673076923076923,UIUC1,"3.01 (Champaign, IL)",6.765944644140906,70,84.67307692307692,10,122.47321737141363,138,3.0,80.39999999999999,1,0,0
9395874266083399407,"2 (Tract 5806, Cook, IL)","5806 (Cook, IL)","Cook County, IL",Illinois,"2 (Tract 59.02, Champaign, IL)","59.02 (Champaign, IL)","Champaign County, IL",Illinois,private_auto,recreation,eat,1900-01-01 12:27:00,1900-01-01 14:42:41,135,134.5,unknown_vehicle_type,other_non_bev,,,,mixed_use,retail,office,office,15039144125796213752,1386714522187662437,62.0,female,white_not_hispanic_or_latino,not_in_labor_force,unemployed_under_16_not_in_labor_force,1223.0,other_travel_mode,2.0,12234.0,one,core,not_working,single_family,not_attending_school,no_school,owner,english,"4 (Tract 5806, Cook, IL)","5806 (Cook, IL)","Cook County, IL",Illinois,Does not have work/school location,Does not have work/school location,Does not have work/school location,Does not have work/school location,12.6,15.95927272727273,12,Chicago3_mdw,"9801 (Cook, IL)",1900-01-01 13:59:36.000000000,13,2.1359223300970878,UIUC1,"3.01 (Champaign, IL)",6.03005601467287,70,84.73592233009708,10,121.9893287419456,135,3.0,80.7,1,0,0
15457199988817741410,"4 (Tract 5806, Cook, IL)","5806 (Cook, IL)","Cook County, IL",Illinois,"1 (Tract 59.01, Champaign, IL)","59.01 (Champaign, IL)","Champaign County, IL",Illinois,private_auto,eat,home,1900-01-01 07:04:00,1900-01-01 09:16:18,132,133.7,unknown_vehicle_type,other_non_bev,,,,single_family,single_family,retail,retail,10828133642543363936,13701708300645661876,62.0,female,white_not_hispanic_or_latino,not_in_labor_force,unemployed_under_16_not_in_labor_force,1223.0,other_travel_mode,2.0,12234.0,one,core,not_working,single_family,not_attending_school,no_school,owner,english,"4 (Tract 5806, Cook, IL)","5806 (Cook, IL)","Cook County, IL",Illinois,Does not have work/school location,Does not have work/school location,Does not have work/school location,Does not have work/school location,9.5,14.657272727272728,7,Chicago3_mdw,"9801 (Cook, IL)",1900-01-01 08:33:30.000000000,8,2.75,UIUC1,"3.01 (Champaign, IL)",6.7982523364485985,70,82.25,10,121.45552506372132,132,3.0,80.21999999999998,1,0,0
5385528029812018766,"1 (Tract 5808, Cook, IL)","5808 (Cook, IL)","Cook County, IL",Illinois,"1 (Tract 59.01, Champaign, IL)","59.01 (Champaign, IL)","Champaign County, IL",Illinois,private_auto,eat,shop,1900-01-01 18:16:06,1900-01-01 20:31:32,135,133.4,unknown_vehicle_type,other_non_bev,,,,retail,retail,retail,retail,10180581796917105324,9894252898818493657,60.0,male,asian_not_hispanic_or_latino,not_in_labor_force,unemployed_under_16_not_in_labor_force,13889.0,other_travel_mode,6.0,137352.0,three_plus,core,not_working,single_family,not_attending_school,high_school,owner,asian_pacific,"4 (Tract 5806, Cook, IL)","5806 (Cook, IL)","Cook County, IL",Illinois,Does not have work/school location,Does not have work/school location,Does not have work/school location,Does not have work/school location,9.0234375,16.00984375,18,Chicago3_mdw,"9801 (Cook, IL)",1900-01-01 19:45:07.406250000,19,2.673076923076923,UIUC1,"3.01 (Champaign, IL)",6.765944644140906,70,81.69651442307692,10,122.7757883941409,135,3.0,80.04,1,0,0
3461679013406972892,"3 (Tract 8351, Cook, IL)","8351 (Cook, IL)","Cook County, IL",Illinois,"1 (Tract 111, Champaign, IL)","111 (Champaign, IL)","Champaign County, IL",Illinois,private_auto,work,shop,1900-01-01 09:52:00,1900-01-01 12:06:45,134,130.2,unknown_vehicle_type,other_non_bev,,,,retail,retail,retail,retail,11412580246873701746,14139472523479245252,55.0,male,hispanic_or_latino_origin,not_in_labor_force,unemployed_under_16_not_in_labor_force,10636.0,other_travel_mode,5.0,69242.0,two,core,not_working,several_units,not_attending_school,high_school,renter,spanish,"4 (Tract 6305, Cook, IL)","6305 (Cook, IL)","Cook County, IL",Illinois,Does not have work/school location,Does not have work/school location,Does not have work/school location,Does not have work/school location,9.9375,14.153749999999999,9,Chicago3_mdw,"9801 (Cook, IL)",1900-01-01 11:21:56.250000000,11,2.7857142857142856,UIUC1,"3.01 (Champaign, IL)",6.99,70,82.72321428571429,10,121.14375,134,3.0,78.11999999999999,1,0,0
8899617023546773770,"4 (Tract 6308, Cook, IL)","6308 (Cook, IL)","Cook County, IL",Illinois,"1 (Tract 8, Champaign, IL)","8 (Champaign, IL)","Champaign County, IL",Illinois,auto_passenger,shop,home,1900-01-01 00:32:22,1900-01-01 02:38:05,125,127.4,unknown_vehicle_type,unknown_fuel_type,,,,single_family,single_family,office,office,18066676135263695286,12128540863290914443,39.0,female,hispanic_or_latino_origin,not_in_labor_force,unemployed_under_16_not_in_labor_force,14977.0,other_travel_mode,2.0,32233.0,zero,core,not_working,single_family,not_attending_school,high_school,owner,spanish,"4 (Tract 6308, Cook, IL)","6308 (Cook, IL)","Cook County, IL",Illinois,Does not have work/school location,Does not have work/school location,Does not have work/school location,Does not have work/school location,5.0,10.538181818181819,0,Chicago3_mdw,"9801 (Cook, IL)",1900-01-01 01:57:22.000000000,1,7.0,UIUC1,"3.01 (Champaign, IL)",11.978974358974359,70,82.0,10,122.51715617715617,125,3.0,76.44,1,0,0
8573463494045000997,"4 (Tract 6308, Cook, IL)","6308 (Cook, IL)","Cook County, IL",Illinois,"1 (Tract 8, Champaign, IL)","8 (Champaign, IL)","Champaign County, IL",Illinois,private_auto,shop,home,1900-01-01 18:55:00,1900-01-01 21:05:40,130,129.7,unknown_vehicle_type,other_non_bev,,,,single_family,single_family,office,office,18239107467292222685,13935603696081058599,42.0,female,two_races_not_hispanic_or_latino,not_in_labor_force,unemployed_under_16_not_in_labor_force,29084.0,other_travel_mode,2.0,39056.0,one,core,naics44_45,mobile,not_attending_school,some_college,owner,english,"4 (Tract 6308, Cook, IL)","6308 (Cook, IL)","Cook County, IL",Illinois,Does not have work/school location,Does not have work/school location,Does not have work/school location,Does not have work/school location,8.0,11.798181818181817,18,Chicago3_mdw,"9801 (Cook, IL)",1900-01-01 20:23:00.000000000,20,7.103448275862069,UIUC1,"3.01 (Champaign, IL)",12.022422634836428,70,85.10344827586206,10,123.82060445301825,130,3.0,77.82,1,0,0
16593050724109463358,"4 (Tract 6308, Cook, IL)","6308 (Cook, IL)","Cook County, IL",Illinois,"1 (Tract 8, Champaign, IL)","8 (Champaign, IL)","Champaign County, IL",Illinois,private_auto,shop,home,1900-01-01 18:37:00,1900-01-01 20:48:34,131,129.7,unknown_vehicle_type,other_non_bev,,,,single_family,single_family,office,office,16995113036799213718,6825160968472144812,49.0,female,hispanic_or_latino_origin,not_in_labor_force,unemployed_under_16_not_in_labor_force,0.0,other_travel_mode,7.0,96592.0,two,core,not_working,single_family,not_attending_school,k_12,owner,spanish,"4 (Tract 6308, Cook, IL)","6308 (Cook, IL)","Cook County, IL",Illinois,Does not have work/school location,Does not have work/school location,Does not have work/school location,Does not have work/school location,8.0,11.798181818181817,18,Chicago3_mdw,"9801 (Cook, IL)",1900-01-01 20:05:00.000000000,20,7.103448275862069,UIUC1,"3.01 (Champaign, IL)",12.022422634836428,70,85.10344827586206,10,123.82060445301825,131,3.0,77.82,1,0,0
2405449994927114314,"4 (Tract 6308, Cook, IL)","6308 (Cook, IL)","Cook County, IL",Illinois,"3 (Tract 7, Champaign, IL)","7 (Champaign, IL)","Champaign County, IL",Illinois,private_auto,recreation,home,1900-01-01 14:04:00,1900-01-01 16:20:24,136,130.2,unknown_vehicle_type,other_non_bev,,,,single_family,single_family,mixed_use,open_space,17690699693462295479,2485200813624374580,42.0,female,hispanic_or_latino_origin,not_in_labor_force,unemployed_under_16_not_in_labor_force,0.0,other_travel_mode,5.0,47485.0,three_plus,core,not_working,single_family,not_attending_school,high_school,owner,spanish,"4 (Tract 6308, Cook, IL)","6308 (Cook, IL)","Cook County, IL",Illinois,Does not have work/school location,Does not have work/school location,Does not have work/school location,Does not have work/school location,7.5,11.588181818181816,14,Chicago3_mdw,"9801 (Cook, IL)",1900-01-01 15:31:30.000000000,15,4.85,UIUC1,"3.01 (Champaign, IL)",9.255549222797928,70,82.35,10,120.84373104097975,136,3.0,78.11999999999999,1,0,0
13051704481537100625,"4 (Tract 6308, Cook, IL)","6308 (Cook, IL)","Cook County, IL",Illinois,"1 (Tract 8, Champaign, IL)","8 (Champaign, IL)","Champaign County, IL",Illinois,auto_passenger,shop,home,1900-01-01 18:54:00,1900-01-01 21:01:24,127,127.4,unknown_vehicle_type,unknown_fuel_type,,,,single_family,single_family,office,office,18066676135263695286,12128540863290914443,39.0,female,hispanic_or_latino_origin,not_in_labor_force,unemployed_under_16_not_in_labor_force,14977.0,other_travel_mode,2.0,32233.0,zero,core,not_working,single_family,not_attending_school,high_school,owner,spanish,"4 (Tract 6308, Cook, IL)","6308 (Cook, IL)","Cook County, IL",Illinois,Does not have work/school location,Does not have work/school location,Does not have work/school location,Does not have work/school location,8.0,11.798181818181817,18,Chicago3_mdw,"9801 (Cook, IL)",1900-01-01 20:22:00.000000000,20,7.103448275862069,UIUC1,"3.01 (Champaign, IL)",12.022422634836428,70,85.10344827586206,10,123.82060445301825,127,3.0,76.44,1,0,0
762853695296180045,"4 (Tract 6308, Cook, IL)","6308 (Cook, IL)","Cook County, IL",Illinois,"1 (Tract 8, Champaign, IL)","8 (Champaign, IL)","Champaign County, IL",Illinois,private_auto,eat,home,1900-01-01 18:30:00,1900-01-01 20:40:23,130,130.0,unknown_vehicle_type,other_non_bev,,,,single_family,single_family,retail,retail,17426966527890498436,7539584949170011570,69.0,female,hispanic_or_latino_origin,not_in_labor_force,unemployed_under_16_not_in_labor_force,0.0,other_travel_mode,2.0,42269.0,one,core,not_working,single_family,not_attending_school,high_school,owner,spanish,"4 (Tract 6308, Cook, IL)","6308 (Cook, IL)","Cook County, IL",Illinois,Does not have work/school location,Does not have work/school location,Does not have work/school location,Does not have work/school location,8.0,11.798181818181817,18,Chicago3_mdw,"9801 (Cook, IL)",1900-01-01 19:58:00.000000000,19,6.662650602409639,UIUC1,"3.01 (Champaign, IL)",11.837287611986408,70,84.66265060240964,10,123.63546943016823,130,3.0,78.0,1,0,0
15079637451583041180,"4 (Tract 6308, Cook, IL)","6308 (Cook, IL)","Cook County, IL",Illinois,"1 (Tract 8, Champaign, IL)","8 (Champaign, IL)","Champaign County, IL",Illinois,private_auto,eat,home,1900-01-01 17:18:00,1900-01-01 19:32:03,134,130.0,unknown_vehicle_type,other_non_bev,,,,single_family,single_family,retail,retail,16732005307983815092,17797117266807422878,67.0,female,hispanic_or_latino_origin,not_in_labor_force,unemployed_under_16_not_in_labor_force,37869.0,other_travel_mode,2.0,40006.0,one,core,not_working,single_family,not_attending_school,some_college,owner,spanish,"4 (Tract 6308, Cook, IL)","6308 (Cook, IL)","Cook County, IL",Illinois,Does not have work/school location,Does not have work/school location,Does not have work/school location,Does not have work/school location,7.9375,11.771931818181816,17,Chicago3_mdw,"9801 (Cook, IL)",1900-01-01 18:45:56.250000000,18,7.046296296296297,UIUC1,"3.01 (Champaign, IL)",11.998418803418804,70,84.98379629629629,10,123.77035062160061,134,3.0,78.0,1,0,0
14674386263780740502,"4 (Tract 6308, Cook, IL)","6308 (Cook, IL)","Cook County, IL",Illinois,"1 (Tract 8, Champaign, IL)","8 (Champaign, IL)","Champaign County, IL",Illinois,private_auto,eat,home,1900-01-01 16:50:00,1900-01-01 19:08:04,138,130.0,unknown_vehicle_type,other_non_bev,,,,single_family,single_family,retail,retail,17944222218218186251,14962807792029747156,72.0,male,hispanic_or_latino_origin,not_in_labor_force,unemployed_under_16_not_in_labor_force,14681.0,other_travel_mode,5.0,101034.0,three_plus,core,not_working,single_family,not_attending_school,high_school,owner,spanish,"4 (Tract 6308, Cook, IL)","6308 (Cook, IL)","Cook County, IL",Illinois,Does not have work/school location,Does not have work/school location,Does not have work/school location,Does not have work/school location,7.875,11.745681818181819,16,Chicago3_mdw,"9801 (Cook, IL)",1900-01-01 18:17:52.500000000,18,7.046296296296297,UIUC1,"3.01 (Champaign, IL)",11.998418803418804,70,84.92129629629629,10,123.74410062160062,138,3.0,78.0,1,0,0
7078533781444930635,"4 (Tract 6308, Cook, IL)","6308 (Cook, IL)","Cook County, IL",Illinois,"1 (Tract 8, Champaign, IL)","8 (Champaign, IL)","Champaign County, IL",Illinois,private_auto,shop,home,1900-01-01 07:39:00,1900-01-01 09:47:08,128,129.7,unknown_vehicle_type,other_non_bev,,,,single_family,single_family,office,office,16880033050904667730,14325638281699129219,66.0,female,hispanic_or_latino_origin,not_in_labor_force,unemployed_under_16_not_in_labor_force,10084.0,other_travel_mode,2.0,11823.0,one,core,not_working,single_family,not_attending_school,high_school,renter,spanish,"4 (Tract 6308, Cook, IL)","6308 (Cook, IL)","Cook County, IL",Illinois,Does not have work/school location,Does not have work/school location,Does not have work/school location,Does not have work/school location,6.214285714285714,11.048181818181817,7,Chicago3_mdw,"9801 (Cook, IL)",1900-01-01 09:05:12.857142858,9,6.826086956521739,UIUC1,"3.01 (Champaign, IL)",11.90593088071349,70,83.04037267080744,10,122.9541126988953,128,3.0,77.82,1,0,0
18197511751448116565,"1 (Tract 9801, Cook, IL)","9801 (Cook, IL)","Cook County, IL",Illinois,"1 (Tract 111, Champaign, IL)","111 (Champaign, IL)","Champaign County, IL",Illinois,auto_passenger,eat,region_arrival,1900-01-01 13:09:00,1900-01-01 15:25:23,136,134.9,unknown_vehicle_type,unknown_fuel_type,,,,transportation_utilities,transportation_utilities,retail,retail,127426448385799826,4142366865535567044,59.0,male,black_not_hispanic_or_latino,not_in_labor_force,unemployed_under_16_not_in_labor_force,16907.0,other_travel_mode,1.0,16907.0,zero,core,not_working,single_family,not_attending_school,some_college,renter,english,"4 (Tract 9.01, Champaign, IL)","9.01 (Champaign, IL)","Champaign County, IL",Illinois,Does not have work/school location,Does not have work/school location,Does not have work/school location,Does not have work/school location,5.015151515151516,8.619193825042881,13,Chicago3_mdw,"9801 (Cook, IL)",1900-01-01 14:34:00.909090912,14,2.891891891891892,UIUC1,"3.01 (Champaign, IL)",7.034594594594595,70,77.9070434070434,10,115.65378841963748,136,3.0,80.94,1,0,0
17799706662642439183,"1 (Tract 9801, Cook, IL)","9801 (Cook, IL)","Cook County, IL",Illinois,"5 (Tract 10, Champaign, IL)","10 (Champaign, IL)","Champaign County, IL",Illinois,private_auto,eat,region_arrival,1900-01-01 19:03:00,1900-01-01 21:12:02,129,133.7,unknown_vehicle_type,other_non_bev,,,,transportation_utilities,transportation_utilities,retail,retail,11035634728048695466,14910203068076070619,60.0,male,black_not_hispanic_or_latino,not_in_labor_force,unemployed_under_16_not_in_labor_force,12234.0,other_travel_mode,2.0,24468.0,one,core,not_working,multiple_units,not_attending_school,some_college,renter,english,"5 (Tract 10, Champaign, IL)","10 (Champaign, IL)","Champaign County, IL",Illinois,Does not have work/school location,Does not have work/school location,Does not have work/school location,Does not have work/school location,5.05,8.633830188679244,19,Chicago3_mdw,"9801 (Cook, IL)",1900-01-01 20:28:03.000000000,20,6.0,UIUC1,"3.01 (Champaign, IL)",10.918666666666667,70,81.05,10,119.55249685534591,129,3.0,80.21999999999998,1,0,0
8489417071218608722,"1 (Tract 9801, Cook, IL)","9801 (Cook, IL)","Cook County, IL",Illinois,"5 (Tract 109.01, Champaign, IL)","109.01 (Champaign, IL)","Champaign County, IL",Illinois,private_auto,home,region_arrival,1900-01-01 18:09:00,1900-01-01 20:48:23,159,132.5,unknown_vehicle_type,other_non_bev,,,,transportation_utilities,transportation_utilities,single_family,single_family,8376572136742095909,10533568342811816771,59.0,female,white_not_hispanic_or_latino,not_in_labor_force,unemployed_under_16_not_in_labor_force,0.0,other_travel_mode,5.0,135263.0,three_plus,core,not_working,single_family,not_attending_school,some_college,owner,english,"5 (Tract 109.01, Champaign, IL)","109.01 (Champaign, IL)","Champaign County, IL",Illinois,Does not have work/school location,Does not have work/school location,Does not have work/school location,Does not have work/school location,4.653846153846154,8.46744557329463,18,Chicago3_mdw,"9801 (Cook, IL)",1900-01-01 19:33:39.230769228,19,9.0,UIUC1,"3.01 (Champaign, IL)",15.262040816326529,70,83.65384615384616,10,123.72948638962116,159,3.0,79.5,1,0,0
2436797692505133395,"1 (Tract 9801, Cook, IL)","9801 (Cook, IL)","Cook County, IL",Illinois,"3 (Tract 13.02, Champaign, IL)","13.02 (Champaign, IL)","Champaign County, IL",Illinois,private_auto,maintenance,region_arrival,1900-01-01 19:21:00,1900-01-01 21:37:20,136,141.4,unknown_vehicle_type,other_non_bev,,,,transportation_utilities,transportation_utilities,office,office,17568504012023093238,6494143125470885015,52.0,female,white_not_hispanic_or_latino,not_in_labor_force,unemployed_under_16_not_in_labor_force,0.0,other_travel_mode,4.0,102293.0,three_plus,core,naics56,single_family,not_attending_school,some_college,renter,english,"5 (Tract 109.01, Champaign, IL)","109.01 (Champaign, IL)","Champaign County, IL",Illinois,Does not have work/school location,Does not have work/school location,Does not have work/school location,Does not have work/school location,5.05,8.633830188679244,19,Chicago3_mdw,"9801 (Cook, IL)",1900-01-01 20:46:03.000000000,20,8.5,UIUC1,"3.01 (Champaign, IL)",13.073319502074689,70,83.55,10,121.70714969075394,136,3.0,84.84,1,0,0
8790012082465777519,"1 (Tract 9801, Cook, IL)","9801 (Cook, IL)","Cook County, IL",Illinois,"3 (Tract 13.02, Champaign, IL)","13.02 (Champaign, IL)","Champaign County, IL",Illinois,private_auto,eat,region_arrival,1900-01-01 18:45:00,1900-01-01 21:01:30,136,141.2,unknown_vehicle_type,other_non_bev,,,,transportation_utilities,transportation_utilities,retail,retail,13568150586411268235,11224787343768718139,73.0,male,white_not_hispanic_or_latino,not_in_labor_force,unemployed_under_16_not_in_labor_force,84643.0,other_travel_mode,2.0,157058.0,two,core,not_working,single_family,not_attending_school,advanced_degree,owner,english,"5 (Tract 13.01, Champaign, IL)","13.01 (Champaign, IL)","Champaign County, IL",Illinois,Does not have work/school location,Does not have work/school location,Does not have work/school location,Does not have work/school location,4.653846153846154,8.46744557329463,18,Chicago3_mdw,"9801 (Cook, IL)",1900-01-01 20:09:39.230769228,20,8.5,UIUC1,"3.01 (Champaign, IL)",13.073319502074689,70,83.15384615384616,10,121.54076507536931,136,3.0,84.71999999999998,0,1,0
11432763319955717068,"5 (Tract 7005.01, Cook, IL)","7005.01 (Cook, IL)","Cook County, IL",Illinois,"2 (Tract 56.02, Champaign, IL)","56.02 (Champaign, IL)","Champaign County, IL",Illinois,private_auto,other_activity_type,home,1900-01-01 10:44:00,1900-01-01 13:11:53,147,143.5,unknown_vehicle_type,other_non_bev,,,,single_family,single_family,mixed_use,education,10815447812663854873,5047008385684546379,65.0,female,hispanic_or_latino_origin,not_in_labor_force,unemployed_under_16_not_in_labor_force,76080.0,other_travel_mode,4.0,184610.0,one,core,naics31_33,single_family,not_attending_school,high_school,owner,english,"5 (Tract 7005.01, Cook, IL)","7005.01 (Cook, IL)","Cook County, IL",Illinois,Does not have work/school location,Does not have work/school location,Does not have work/school location,Does not have work/school location,13.0,19.496470588235294,10,Chicago3_mdw,"9801 (Cook, IL)",1900-01-01 12:17:00.000000000,12,8.333333333333334,UIUC1,"3.01 (Champaign, IL)",13.97808695652174,70,91.33333333333333,10,133.47455754475703,147,3.0,86.1,0,1,0
17640649336359380914,"5 (Tract 7005.01, Cook, IL)","7005.01 (Cook, IL)","Cook County, IL",Illinois,"1 (Tract 57.02, Champaign, IL)","57.02 (Champaign, IL)","Champaign County, IL",Illinois,private_auto,social,home,1900-01-01 08:11:00,1900-01-01 10:28:26,137,130.8,unknown_vehicle_type,other_non_bev,,,,single_family,single_family,single_family,single_family,9861030402350123979,7099761807222122468,50.0,male,black_not_hispanic_or_latino,not_in_labor_force,unemployed_under_16_not_in_labor_force,2898.0,other_travel_mode,3.0,28622.0,one,core,not_working,single_family,not_attending_school,k_12,owner,english,"5 (Tract 7005.01, Cook, IL)","7005.01 (Cook, IL)","Cook County, IL",Illinois,Does not have work/school location,Does not have work/school location,Does not have work/school location,Does not have work/school location,17.0,21.176470588235293,8,Chicago3_mdw,"9801 (Cook, IL)",1900-01-01 09:48:00.000000000,9,10.5,UIUC1,"3.01 (Champaign, IL)",15.629999999999999,70,97.5,10,136.8064705882353,137,3.0,78.48,1,0,0
7885791638404920153,"5 (Tract 7005.01, Cook, IL)","7005.01 (Cook, IL)","Cook County, IL",Illinois,"1 (Tract 57.02, Champaign, IL)","57.02 (Champaign, IL)","Champaign County, IL",Illinois,private_auto,social,home,1900-01-01 13:42:00,1900-01-01 16:22:03,160,143.4,unknown_vehicle_type,other_non_bev,,,,single_family,single_family,single_family,single_family,10260498639294362823,7099761807222122468,47.0,male,black_not_hispanic_or_latino,not_in_labor_force,unemployed_under_16_not_in_labor_force,0.0,other_travel_mode,3.0,28622.0,one,core,not_working,single_family,not_attending_school,k_12,owner,english,"5 (Tract 7005.01, Cook, IL)","7005.01 (Cook, IL)","Cook County, IL",Illinois,Does not have work/school location,Does not have work/school location,Does not have work/school location,Does not have work/school location,14.0,19.916470588235295,13,Chicago3_mdw,"9801 (Cook, IL)",1900-01-01 15:16:00.000000000,15,10.5,UIUC1,"3.01 (Champaign, IL)",15.629999999999999,70,94.5,10,135.5464705882353,160,3.0,86.04,1,0,0
13445511411048613037,"5 (Tract 7102, Cook, IL)","7102 (Cook, IL)","Cook County, IL",Illinois,"5 (Tract 12.01, Champaign, IL)","12.01 (Champaign, IL)","Champaign County, IL",Illinois,auto_passenger,shop,home,1900-01-01 09:29:00,1900-01-01 11:31:22,122,127.9,unknown_vehicle_type,unknown_fuel_type,,,,multi_family,multi_family,retail,retail,2380180755606439612,16591362868851308221,74.0,male,black_not_hispanic_or_latino,not_in_labor_force,unemployed_under_16_not_in_labor_force,17688.0,other_travel_mode,1.0,17688.0,zero,core,not_working,multiple_units,not_attending_school,high_school,renter,english,"5 (Tract 7102, Cook, IL)","7102 (Cook, IL)","Cook County, IL",Illinois,Does not have work/school location,Does not have work/school location,Does not have work/school location,Does not have work/school location,18.0,23.868888888888886,9,Chicago3_mdw,"9801 (Cook, IL)",1900-01-01 11:07:00.000000000,11,7.5,UIUC1,"3.01 (Champaign, IL)",12.40282392026578,70,95.5,10,136.27171280915468,122,3.0,76.74,1,0,0
4727953413757482397,"5 (Tract 7102, Cook, IL)","7102 (Cook, IL)","Cook County, IL",Illinois,"1 (Tract 10, Champaign, IL)","10 (Champaign, IL)","Champaign County, IL",Illinois,private_auto,shop,home,1900-01-01 09:19:00,1900-01-01 11:21:22,122,127.2,unknown_vehicle_type,other_non_bev,,,,multi_family,multi_family,retail,retail,17797360532734217707,7063857008727284796,27.0,male,black_not_hispanic_or_latino,unemployed,unemployed_under_16_not_in_labor_force,10195.0,other_travel_mode,2.0,32624.0,one,core,naics23,multiple_units,not_attending_school,k_12,renter,english,"5 (Tract 7102, Cook, IL)","7102 (Cook, IL)","Cook County, IL",Illinois,Does not have work/school location,Does not have work/school location,Does not have work/school location,Does not have work/school location,18.0,23.868888888888886,9,Chicago3_mdw,"9801 (Cook, IL)",1900-01-01 10:57:00.000000000,10,5.5,UIUC1,"3.01 (Champaign, IL)",10.708666666666666,70,93.5,10,134.57755555555556,122,3.0,76.32,1,0,0
15838785583116575193,"5 (Tract 7102, Cook, IL)","7102 (Cook, IL)","Cook County, IL",Illinois,"5 (Tract 12.01, Champaign, IL)","12.01 (Champaign, IL)","Champaign County, IL",Illinois,auto_passenger,shop,home,1900-01-01 18:18:00,1900-01-01 20:19:21,121,127.1,unknown_vehicle_type,unknown_fuel_type,,,,multi_family,multi_family,retail,retail,12918211078680443842,15828194836046004586,94.0,male,black_not_hispanic_or_latino,not_in_labor_force,unemployed_under_16_not_in_labor_force,0.0,other_travel_mode,1.0,0.0,zero,core,not_working,multiple_units,not_attending_school,high_school,renter,english,"5 (Tract 7102, Cook, IL)","7102 (Cook, IL)","Cook County, IL",Illinois,Does not have work/school location,Does not have work/school location,Does not have work/school location,Does not have work/school location,13.0,21.76888888888889,18,Chicago3_mdw,"9801 (Cook, IL)",1900-01-01 19:51:00.000000000,19,7.136363636363637,UIUC1,"3.01 (Champaign, IL)",12.250096647538507,70,90.13636363636364,10,134.01898553642738,121,3.0,76.25999999999999,1,0,0
