trip_id,origin_block_group,origin_tract,origin_county,origin_st_2020,destination_block_group,destination_tract,destination_county,destination_st_2020,mode,trip_purpose,previous_trip_purpose,start_time,end_time,duration_min,distance_mi,vehicle_type,vehicle_fuel_type,transit_submode,transit_agency,transit_route,origin_land_use,origin_building_use,destination_land_use,destination_building_use,user_id,trip_taker_household_id,user_age,trip_taker_sex,trip_taker_race_ethnicity,user_employment,trip_taker_wfh,user_income,trip_taker_commute_mode,trip_taker_household_size,trip_taker_household_income,trip_taker_available_vehicles,trip_taker_resident_type,trip_taker_industry,trip_taker_building_type,trip_taker_school_grade_attending,trip_taker_education,trip_taker_tenure,trip_taker_language,trip_taker_home_bgrp_2020,user_home_tract,trip_taker_home_cty_2020,trip_taker_home_st_2020,trip_taker_work_bgrp_2020,user_work_tract,trip_taker_work_cty_2020,trip_taker_work_st_2020,FM_duration_min,FM_fare_USD,depart_hour,origin_vertiport_id,origin_vertiport_tract,arrival_time_at_dest_vertiport,last_hour,LM_duration_min,dest_vertiport_id,dest_vertiport_tract,LM_fare_USD,MM_duration_min,RAM_IVTT_min,RAM_OVTT_min,RAM_Fare_USD,Driving_IVTT_min,Driving_OVTT_min,Driving_Fare_USD,Income_low,Income_mid,Income_high
7274189333490745639,"1 (Tract 203.02, Cook, IL)","203.02 (Cook, IL)","Cook County, IL",Illinois,"1 (Tract 10, Champaign, IL)","10 (Champaign, IL)","Champaign County, IL",Illinois,private_auto,home,eat,1900-01-01 00:26:03,1900-01-01 02:50:02,143,145.6,unknown_vehicle_type,other_non_bev,,,,mixed_use,retail,single_family,single_family,16451489642220854633,16356463274368018081,21.0,female,two_races_not_hispanic_or_latino,employed,employed_not_working,1328.0,private_auto,9.0,17028.0,three_plus,core,naics72,single_family,undergraduate,some_college,renter,spanish,"1 (Tract 10, Champaign, IL)","10 (Champaign, IL)","Champaign County, IL",Illinois,"3 (Tract 12.01, Champaign, IL)","12.01 (Champaign, IL)","Champaign County, IL",Illinois,20.0,29.690769230769234,0,Chicago2_ord,"9800 (Cook, IL)",1900-01-01 02:06:03.000000000,2,5.75,UIUC1,"3.01 (Champaign, IL)",10.813666666666666,70,95.75,10,140.5044358974359,143,3.0,87.36,1,0,0
3229853609722865501,"1 (Tract 9800, Cook, IL)","9800 (Cook, IL)","Cook County, IL",Illinois,"2 (Tract 13.02, Champaign, IL)","13.02 (Champaign, IL)","Champaign County, IL",Illinois,private_auto,social,eat,1900-01-01 22:01:35,1900-01-01 01:07:05,185,149.9,unknown_vehicle_type,other_non_bev,,,,retail,retail,single_family,single_family,246142639501170699,651777851661770080,41.0,male,white_not_hispanic_or_latino,employed,employed_not_working,214098.0,private_auto,4.0,346636.0,two,core,naics92,single_family,not_attending_school,advanced_degree,owner,english,"1 (Tract 13.01, Champaign, IL)","13.01 (Champaign, IL)","Champaign County, IL",Illinois,"2 (Tract 13.01, Champaign, IL)","13.01 (Champaign, IL)","Champaign County, IL",Illinois,18.94117647058824,15.310396960565964,22,Chicago2_ord,"9800 (Cook, IL)",1900-01-01 23:40:31.470588236,23,7.0,UIUC1,"3.01 (Champaign, IL)",12.44331950207469,70,95.94117647058823,10,127.75371646264065,185,3.0,89.94,0,0,1
4564873826026948730,"1 (Tract 9800, Cook, IL)","9800 (Cook, IL)","Cook County, IL",Illinois,"2 (Tract 13.02, Champaign, IL)","13.02 (Champaign, IL)","Champaign County, IL",Illinois,private_auto,social,social,1900-01-01 19:08:42,1900-01-01 21:38:53,150,152.8,unknown_vehicle_type,other_non_bev,,,,retail,retail,single_family,single_family,76045956833810022,8289588129117669136,29.0,male,asian_not_hispanic_or_latino,employed,employed_not_working,28979.0,private_auto,2.0,57959.0,one,core,naics611691,multiple_units,graduate,advanced_degree,renter,asian_pacific,"1 (Tract 13.01, Champaign, IL)","13.01 (Champaign, IL)","Champaign County, IL",Illinois,"1 (Tract 13.01, Champaign, IL)","13.01 (Champaign, IL)","Champaign County, IL",Illinois,22.59433962264151,16.844725484428338,19,Chicago2_ord,"9800 (Cook, IL)",1900-01-01 20:51:17.660377356,20,8.5,UIUC1,"3.01 (Champaign, IL)",13.073319502074689,70,101.09433962264151,10,129.91804498650302,150,3.0,91.68,1,0,0
9908028877551247944,"1 (Tract 1601, Cook, IL)","1601 (Cook, IL)","Cook County, IL",Illinois,"1 (Tract 8, Champaign, IL)","8 (Champaign, IL)","Champaign County, IL",Illinois,private_auto,shop,home,1900-01-01 09:47:00,1900-01-01 12:35:19,168,136.8,unknown_vehicle_type,other_non_bev,,,,single_family,single_family,retail,retail,2532875727261967372,5922539116034519683,61.0,female,white_not_hispanic_or_latino,employed,employed_not_working,59357.0,private_auto,3.0,130585.0,three_plus,core,naics54,single_family,not_attending_school,k_12,owner,english,"1 (Tract 1601, Cook, IL)","1601 (Cook, IL)","Cook County, IL",Illinois,"1 (Tract 9800, Cook, IL)","9800 (Cook, IL)","Cook County, IL",Illinois,17.5,26.494210526315793,9,Chicago2_ord,"9800 (Cook, IL)",1900-01-01 11:24:30.000000000,11,7.380281690140845,UIUC1,"3.01 (Champaign, IL)",12.138692668833514,70,94.88028169014085,10,138.6329031951493,168,3.0,82.08,0,1,0
2007668821629238206,"3 (Tract 1504.02, Cook, IL)","1504.02 (Cook, IL)","Cook County, IL",Illinois,"1 (Tract 3.02, Champaign, IL)","3.02 (Champaign, IL)","Champaign County, IL",Illinois,private_auto,home,eat,1900-01-01 18:43:55,1900-01-01 21:15:18,151,147.2,unknown_vehicle_type,other_non_bev,,,,retail,retail,multi_family,multi_family,8125840051531011587,4559749739329980871,28.0,male,asian_not_hispanic_or_latino,employed,employed_not_working,34729.0,worked_from_home,2.0,53288.0,one,core,naics61,multiple_units,graduate,advanced_degree,renter,asian_pacific,"1 (Tract 3.02, Champaign, IL)","3.02 (Champaign, IL)","Champaign County, IL",Illinois,"1 (Tract 3.02, Champaign, IL)","3.02 (Champaign, IL)","Champaign County, IL",Illinois,16.833333333333332,25.74194805194805,18,Chicago2_ord,"9800 (Cook, IL)",1900-01-01 20:20:44.999999998,20,1.05,UIUC1,"3.01 (Champaign, IL)",5.158955112219451,70,87.88333333333333,10,130.9009031641675,151,3.0,88.32,1,0,0
4665508634085492251,"1 (Tract 9800, Cook, IL)","9800 (Cook, IL)","Cook County, IL",Illinois,"1 (Tract 8, Champaign, IL)","8 (Champaign, IL)","Champaign County, IL",Illinois,auto_passenger,eat,region_arrival,1900-01-01 18:02:00,1900-01-01 20:30:51,148,147.5,unknown_vehicle_type,unknown_fuel_type,,,,transportation_utilities,transportation_utilities,retail,retail,93891001088733300,8350371159757778061,42.0,female,asian_not_hispanic_or_latino,employed,employed_not_working,21738.0,private_auto,4.0,88162.0,two,core,naics812210,single_family,not_attending_school,advanced_degree,owner,english,"1 (Tract 42, Winnebago, IL)","42 (Winnebago, IL)","Winnebago County, IL",Illinois,"2 (Tract 42, Winnebago, IL)","42 (Winnebago, IL)","Winnebago County, IL",Illinois,21.051987767584095,16.196937705304222,18,Chicago2_ord,"9800 (Cook, IL)",1900-01-01 19:43:03.119266056,19,6.662650602409639,UIUC1,"3.01 (Champaign, IL)",11.837287611986408,70,97.71463836999374,10,128.03422531729063,148,3.0,88.5,1,0,0
12093493765388375705,"1 (Tract 9800, Cook, IL)","9800 (Cook, IL)","Cook County, IL",Illinois,"1 (Tract 53, Champaign, IL)","53 (Champaign, IL)","Champaign County, IL",Illinois,auto_passenger,home,other_activity_type,1900-01-01 20:35:21,1900-01-01 22:59:57,144,149.8,unknown_vehicle_type,unknown_fuel_type,,,,transportation_utilities,transportation_utilities,mixed_use,multi_family,8567959590311159511,5079443234367941098,29.0,female,black_not_hispanic_or_latino,employed,employed_not_working,16312.0,public_transit,1.0,16312.0,zero,core,naics62,multiple_units,not_attending_school,some_college,renter,english,"1 (Tract 53, Champaign, IL)","53 (Champaign, IL)","Champaign County, IL",Illinois,"1 (Tract 111, Champaign, IL)","111 (Champaign, IL)","Champaign County, IL",Illinois,21.420289855072465,16.35162458204934,20,Chicago2_ord,"9800 (Cook, IL)",1900-01-01 22:16:46.217391306,22,4.5,UIUC1,"3.01 (Champaign, IL)",8.56788944723618,70,95.92028985507247,10,124.91951402928552,144,3.0,89.88000000000001,1,0,0
16864114139310079368,"1 (Tract 9800, Cook, IL)","9800 (Cook, IL)","Cook County, IL",Illinois,"2 (Tract 111, Champaign, IL)","111 (Champaign, IL)","Champaign County, IL",Illinois,auto_passenger,home,eat,1900-01-01 18:50:31,1900-01-01 21:16:01,145,149.4,unknown_vehicle_type,unknown_fuel_type,,,,retail,retail,single_family,single_family,14605546914641255698,16721895278275686316,23.0,male,asian_not_hispanic_or_latino,employed,employed_not_working,5097.0,walking,1.0,5097.0,zero,core,naics61,multiple_units,graduate,bachelors_degree,renter,asian_pacific,"2 (Tract 111, Champaign, IL)","111 (Champaign, IL)","Champaign County, IL",Illinois,"1 (Tract 111, Champaign, IL)","111 (Champaign, IL)","Champaign County, IL",Illinois,21.051987767584095,16.196937705304222,18,Chicago2_ord,"9800 (Cook, IL)",1900-01-01 20:31:34.119266056,20,3.0,UIUC1,"3.01 (Champaign, IL)",7.08,70,94.0519877675841,10,123.27693770530422,145,3.0,89.64,1,0,0
505527521875964007,"1 (Tract 9800, Cook, IL)","9800 (Cook, IL)","Cook County, IL",Illinois,"2 (Tract 2, Champaign, IL)","2 (Champaign, IL)","Champaign County, IL",Illinois,private_auto,home,other_activity_type,1900-01-01 17:18:39,1900-01-01 20:37:03,198,152.6,unknown_vehicle_type,other_non_bev,,,,transportation_utilities,transportation_utilities,single_family,single_family,12008924920634522942,11239210416605933905,35.0,female,white_not_hispanic_or_latino,employed,employed_not_working,60385.0,private_auto,4.0,120771.0,two,core,naics624410,single_family,not_attending_school,advanced_degree,owner,english,"2 (Tract 2, Champaign, IL)","2 (Champaign, IL)","Champaign County, IL",Illinois,"1 (Tract 59.01, Champaign, IL)","59.01 (Champaign, IL)","Champaign County, IL",Illinois,18.866666666666667,15.279102842918903,17,Chicago2_ord,"9800 (Cook, IL)",1900-01-01 18:57:31.000000002,18,1.9333333333333331,UIUC1,"3.01 (Champaign, IL)",6.197853658536586,70,90.80000000000001,10,121.47695650145549,198,3.0,91.55999999999999,0,1,0
6487935113273980978,"1 (Tract 9800, Cook, IL)","9800 (Cook, IL)","Cook County, IL",Illinois,"2 (Tract 3.02, Champaign, IL)","3.02 (Champaign, IL)","Champaign County, IL",Illinois,private_auto,home,social,1900-01-01 18:06:20,1900-01-01 20:55:31,169,147.3,unknown_vehicle_type,other_non_bev,,,,retail,retail,multi_family,multi_family,3033994050407804960,8281447727406708862,23.0,male,hispanic_or_latino_origin,employed,employed_not_working,17807.0,private_auto,1.0,17807.0,one,core,naics61,multiple_units,graduate,bachelors_degree,renter,english,"2 (Tract 3.02, Champaign, IL)","3.02 (Champaign, IL)","Champaign County, IL",Illinois,"1 (Tract 53, Champaign, IL)","53 (Champaign, IL)","Champaign County, IL",Illinois,21.051987767584095,16.196937705304222,18,Chicago2_ord,"9800 (Cook, IL)",1900-01-01 19:47:23.119266056,19,1.105263157894737,UIUC1,"3.01 (Champaign, IL)",5.182165638535241,70,92.15725092547883,10,121.37910334383946,169,3.0,88.38000000000001,1,0,0
14696816280916671438,"1 (Tract 9800, Cook, IL)","9800 (Cook, IL)","Cook County, IL",Illinois,"2 (Tract 53, Champaign, IL)","53 (Champaign, IL)","Champaign County, IL",Illinois,private_auto,home,social,1900-01-01 19:31:17,1900-01-01 21:54:46,143,149.2,unknown_vehicle_type,other_non_bev,,,,retail,retail,single_family,single_family,1342002026353225745,17932068765107387196,23.0,male,black_not_hispanic_or_latino,employed,employed_not_working,6511.0,private_auto,3.0,29411.0,two,core,naics721110,single_family,not_attending_school,some_college,renter,english,"2 (Tract 53, Champaign, IL)","53 (Champaign, IL)","Champaign County, IL",Illinois,"1 (Tract 53, Champaign, IL)","53 (Champaign, IL)","Champaign County, IL",Illinois,22.59433962264151,16.844725484428338,19,Chicago2_ord,"9800 (Cook, IL)",1900-01-01 21:13:52.660377356,21,4.529411764705882,UIUC1,"3.01 (Champaign, IL)",8.580242388412652,70,97.1237513873474,10,125.424967872841,143,3.0,89.52,1,0,0
11908562900323063036,"1 (Tract 9800, Cook, IL)","9800 (Cook, IL)","Cook County, IL",Illinois,"2 (Tract 53, Champaign, IL)","53 (Champaign, IL)","Champaign County, IL",Illinois,auto_passenger,home,other_activity_type,1900-01-01 14:01:13,1900-01-01 16:32:19,151,148.7,unknown_vehicle_type,unknown_fuel_type,,,,transportation_utilities,transportation_utilities,single_family,single_family,10416420448503987369,1575792055501241804,25.0,female,black_not_hispanic_or_latino,employed,employed_not_working,22791.0,private_auto,3.0,22791.0,zero,core,naics722515,single_family,not_attending_school,k_12,renter,english,"2 (Tract 53, Champaign, IL)","53 (Champaign, IL)","Champaign County, IL",Illinois,"1 (Tract 53, Champaign, IL)","53 (Champaign, IL)","Champaign County, IL",Illinois,21.21005917159763,16.263327694989908,14,Chicago2_ord,"9800 (Cook, IL)",1900-01-01 15:42:25.603550296,15,3.692307692307693,UIUC1,"3.01 (Champaign, IL)",8.228658678005411,70,94.90236686390533,10,124.49198637299533,151,3.0,89.21999999999998,1,0,0
4726858723165997079,"1 (Tract 9800, Cook, IL)","9800 (Cook, IL)","Cook County, IL",Illinois,"2 (Tract 53, Champaign, IL)","53 (Champaign, IL)","Champaign County, IL",Illinois,auto_passenger,home,other_activity_type,1900-01-01 19:07:37,1900-01-01 21:30:48,143,148.7,unknown_vehicle_type,unknown_fuel_type,,,,transportation_utilities,transportation_utilities,single_family,single_family,10416420448503987369,1575792055501241804,25.0,female,black_not_hispanic_or_latino,employed,employed_not_working,22791.0,private_auto,3.0,22791.0,zero,core,naics722515,single_family,not_attending_school,k_12,renter,english,"2 (Tract 53, Champaign, IL)","53 (Champaign, IL)","Champaign County, IL",Illinois,"1 (Tract 53, Champaign, IL)","53 (Champaign, IL)","Champaign County, IL",Illinois,22.59433962264151,16.844725484428338,19,Chicago2_ord,"9800 (Cook, IL)",1900-01-01 20:50:12.660377356,20,3.583333333333333,UIUC1,"3.01 (Champaign, IL)",8.18288944723618,70,96.17767295597484,10,125.02761493166452,143,3.0,89.21999999999998,1,0,0
11489683473842667175,"1 (Tract 1506, Cook, IL)","1506 (Cook, IL)","Cook County, IL",Illinois,"3 (Tract 3.01, Champaign, IL)","3.01 (Champaign, IL)","Champaign County, IL",Illinois,auto_passenger,home,shop,1900-01-01 15:55:48,1900-01-01 18:49:32,173,142.8,unknown_vehicle_type,unknown_fuel_type,,,,mixed_use,retail,multi_family,multi_family,7686320327049052482,2951035901547166534,21.0,male,white_not_hispanic_or_latino,employed,employed_not_working,6955.0,worked_from_home,2.0,25722.0,one,core,naics61,multiple_units,undergraduate,some_college,renter,spanish,"3 (Tract 3.01, Champaign, IL)","3.01 (Champaign, IL)","Champaign County, IL",Illinois,"1 (Tract 3.01, Champaign, IL)","3.01 (Champaign, IL)","Champaign County, IL",Illinois,17.0,26.235555555555553,15,Chicago2_ord,"9800 (Cook, IL)",1900-01-01 17:32:48.000000000,17,0.8970588235294118,UIUC1,"3.01 (Champaign, IL)",4.953946986201888,70,87.8970588235294,10,131.18950254175743,173,3.0,85.68,1,0,0
708604710904137709,"1 (Tract 1504.02, Cook, IL)","1504.02 (Cook, IL)","Cook County, IL",Illinois,"3 (Tract 3.01, Champaign, IL)","3.01 (Champaign, IL)","Champaign County, IL",Illinois,auto_passenger,home,shop,1900-01-01 21:25:40,1900-01-01 23:51:01,145,145.5,unknown_vehicle_type,unknown_fuel_type,,,,retail,retail,multi_family,multi_family,8246278716087118148,224673576637371471,28.0,female,two_races_not_hispanic_or_latino,employed,employed_not_working,23183.0,worked_from_home,2.0,46367.0,zero,core,naics61,multiple_units,graduate,advanced_degree,renter,indo_european,"3 (Tract 3.01, Champaign, IL)","3.01 (Champaign, IL)","Champaign County, IL",Illinois,"1 (Tract 3.01, Champaign, IL)","3.01 (Champaign, IL)","Champaign County, IL",Illinois,14.5,24.76194805194805,21,Chicago2_ord,"9800 (Cook, IL)",1900-01-01 23:00:10.000000000,23,1.0714285714285714,UIUC1,"3.01 (Champaign, IL)",5.027182280319535,70,85.57142857142857,10,129.78913033226758,145,3.0,87.3,1,0,0
17978582798451922356,"6 (Tract 1503, Cook, IL)","1503 (Cook, IL)","Cook County, IL",Illinois,"3 (Tract 3.01, Champaign, IL)","3.01 (Champaign, IL)","Champaign County, IL",Illinois,private_auto,home,shop,1900-01-01 16:12:44,1900-01-01 19:12:01,179,148.6,unknown_vehicle_type,other_non_bev,,,,retail,retail,multi_family,multi_family,9043814054305699281,11007376788278011451,20.0,female,asian_not_hispanic_or_latino,employed,employed_not_working,6511.0,worked_from_home,3.0,24962.0,zero,core,naics61,multiple_units,undergraduate,high_school,renter,asian_pacific,"3 (Tract 3.01, Champaign, IL)","3.01 (Champaign, IL)","Champaign County, IL",Illinois,"3 (Tract 3.01, Champaign, IL)","3.01 (Champaign, IL)","Champaign County, IL",Illinois,15.0,25.20333333333333,16,Chicago2_ord,"9800 (Cook, IL)",1900-01-01 17:47:44.000000000,17,0.8970588235294118,UIUC1,"3.01 (Champaign, IL)",4.953946986201888,70,85.8970588235294,10,130.15728031953523,179,3.0,89.16,1,0,0
16660889147614160910,"6 (Tract 1503, Cook, IL)","1503 (Cook, IL)","Cook County, IL",Illinois,"3 (Tract 3.01, Champaign, IL)","3.01 (Champaign, IL)","Champaign County, IL",Illinois,private_auto,home,shop,1900-01-01 16:09:46,1900-01-01 18:43:39,153,147.3,unknown_vehicle_type,other_non_bev,,,,retail,retail,multi_family,multi_family,8316777614291492716,9160252152576612902,22.0,female,white_not_hispanic_or_latino,employed,employed_not_working,29678.0,worked_from_home,1.0,29678.0,one,core,naics61,multiple_units,graduate,bachelors_degree,renter,english,"3 (Tract 3.01, Champaign, IL)","3.01 (Champaign, IL)","Champaign County, IL",Illinois,"2 (Tract 3.01, Champaign, IL)","3.01 (Champaign, IL)","Champaign County, IL",Illinois,15.0,25.20333333333333,16,Chicago2_ord,"9800 (Cook, IL)",1900-01-01 17:44:46.000000000,17,0.8970588235294118,UIUC1,"3.01 (Champaign, IL)",4.953946986201888,70,85.8970588235294,10,130.15728031953523,153,3.0,88.38000000000001,1,0,0
10029885574534788722,"1 (Tract 1901, Cook, IL)","1901 (Cook, IL)","Cook County, IL",Illinois,"3 (Tract 3.02, Champaign, IL)","3.02 (Champaign, IL)","Champaign County, IL",Illinois,private_auto,home,social,1900-01-01 00:10:23,1900-01-01 02:31:57,141,143.8,unknown_vehicle_type,other_non_bev,,,,multi_family,multi_family,multi_family,multi_family,7643260297643012941,6922353398190677211,22.0,female,hispanic_or_latino_origin,employed,employed_not_working,41241.0,private_auto,1.0,41241.0,one,core,naics451211,multiple_units,not_attending_school,some_college,renter,english,"3 (Tract 3.02, Champaign, IL)","3.02 (Champaign, IL)","Champaign County, IL",Illinois,"2 (Tract 110.02, Champaign, IL)","110.02 (Champaign, IL)","Champaign County, IL",Illinois,22.0,31.965846153846154,0,Chicago2_ord,"9800 (Cook, IL)",1900-01-01 01:52:23.000000000,1,0.0,UIUC1,"3.01 (Champaign, IL)",4.717955112219451,70,92.0,10,136.6838012660656,141,3.0,86.28,1,0,0
3607730439842951804,"1 (Tract 9800, Cook, IL)","9800 (Cook, IL)","Cook County, IL",Illinois,"3 (Tract 53, Champaign, IL)","53 (Champaign, IL)","Champaign County, IL",Illinois,private_auto,home,other_activity_type,1900-01-01 21:22:42,1900-01-01 00:18:59,176,144.2,unknown_vehicle_type,other_non_bev,,,,transportation_utilities,transportation_utilities,mixed_use,multi_family,1018917183233781473,213134296899073266,22.0,female,white_not_hispanic_or_latino,employed,employed_not_working,18115.0,walking,4.0,47378.0,one,core,naics61,multiple_units,undergraduate,some_college,renter,asian_pacific,"3 (Tract 53, Champaign, IL)","53 (Champaign, IL)","Champaign County, IL",Illinois,"1 (Tract 53, Champaign, IL)","53 (Champaign, IL)","Champaign County, IL",Illinois,19.76315789473684,15.655629158708376,21,Chicago2_ord,"9800 (Cook, IL)",1900-01-01 23:02:27.789473682,23,3.857142857142857,UIUC1,"3.01 (Champaign, IL)",8.29788944723618,70,93.6203007518797,10,123.95351860594457,176,3.0,86.52,1,0,0
4116807566815118327,"1 (Tract 9800, Cook, IL)","9800 (Cook, IL)","Cook County, IL",Illinois,"1 (Tract 53, Champaign, IL)","53 (Champaign, IL)","Champaign County, IL",Illinois,auto_passenger,social,region_arrival,1900-01-01 19:34:00,1900-01-01 21:59:55,145,150.4,unknown_vehicle_type,unknown_fuel_type,,,,transportation_utilities,transportation_utilities,single_family,single_family,4107565329936287744,4486915501991449655,72.0,female,white_not_hispanic_or_latino,employed,employed_not_working,38843.0,private_auto,2.0,85027.0,three_plus,core,naics622110,single_family,not_attending_school,some_college,owner,english,"4 (Tract 9618, Ford, IL)","9618 (Ford, IL)","Ford County, IL",Illinois,"1 (Tract 53, Champaign, IL)","53 (Champaign, IL)","Champaign County, IL",Illinois,22.59433962264151,16.844725484428338,19,Chicago2_ord,"9800 (Cook, IL)",1900-01-01 21:16:35.660377356,21,4.529411764705882,UIUC1,"3.01 (Champaign, IL)",8.580242388412652,70,97.1237513873474,10,125.424967872841,145,3.0,90.24,1,0,0
13558024764665135584,"3 (Tract 203.02, Cook, IL)","203.02 (Cook, IL)","Cook County, IL",Illinois,"1 (Tract 11, Champaign, IL)","11 (Champaign, IL)","Champaign County, IL",Illinois,private_auto,home,maintenance,1900-01-01 00:32:40,1900-01-01 02:58:00,145,148.9,unknown_vehicle_type,other_non_bev,,,,office,office,mixed_use,multi_family,3776388348170668633,706706786284837145,32.0,female,white_not_hispanic_or_latino,employed,in_person,37722.0,private_auto,2.0,51995.0,one,core,naics522310,multiple_units,not_attending_school,some_college,renter,english,"1 (Tract 11, Champaign, IL)","11 (Champaign, IL)","Champaign County, IL",Illinois,"5 (Tract 12.01, Champaign, IL)","12.01 (Champaign, IL)","Champaign County, IL",Illinois,20.0,29.690769230769234,0,Chicago2_ord,"9800 (Cook, IL)",1900-01-01 02:12:40.000000000,2,4.333333333333333,UIUC1,"3.01 (Champaign, IL)",9.211588785046729,70,94.33333333333333,10,138.90235801581596,145,3.0,89.34,1,0,0
13268450213882120031,"3 (Tract 203.02, Cook, IL)","203.02 (Cook, IL)","Cook County, IL",Illinois,"1 (Tract 11, Champaign, IL)","11 (Champaign, IL)","Champaign County, IL",Illinois,private_auto,home,recreation,1900-01-01 00:46:14,1900-01-01 03:12:58,146,146.3,unknown_vehicle_type,other_non_bev,,,,mixed_use,open_space,single_family,single_family,18208910210695892170,3219239726520583572,52.0,male,black_not_hispanic_or_latino,employed,in_person,50603.0,private_auto,3.0,106761.0,three_plus,core,naics2389,single_family,not_attending_school,some_college,owner,english,"1 (Tract 11, Champaign, IL)","11 (Champaign, IL)","Champaign County, IL",Illinois,"1 (Tract 11, Champaign, IL)","11 (Champaign, IL)","Champaign County, IL",Illinois,20.0,29.690769230769234,0,Chicago2_ord,"9800 (Cook, IL)",1900-01-01 02:26:14.000000000,2,4.333333333333333,UIUC1,"3.01 (Champaign, IL)",9.211588785046729,70,94.33333333333333,10,138.90235801581596,146,3.0,87.78,0,1,0
13691657743668468882,"3 (Tract 203.02, Cook, IL)","203.02 (Cook, IL)","Cook County, IL",Illinois,"1 (Tract 11, Champaign, IL)","11 (Champaign, IL)","Champaign County, IL",Illinois,auto_passenger,home,shop,1900-01-01 01:41:02,1900-01-01 04:08:20,147,149.3,unknown_vehicle_type,unknown_fuel_type,,,,mixed_use,retail,single_family,single_family,15132765160908674830,15561710551591397270,40.0,male,white_not_hispanic_or_latino,employed,in_person,60385.0,auto_passenger,4.0,108694.0,two,core,naics54,single_family,not_attending_school,bachelors_degree,owner,english,"1 (Tract 11, Champaign, IL)","11 (Champaign, IL)","Champaign County, IL",Illinois,"3 (Tract 11, Champaign, IL)","11 (Champaign, IL)","Champaign County, IL",Illinois,20.0,29.690769230769234,1,Chicago2_ord,"9800 (Cook, IL)",1900-01-01 03:21:02.000000000,3,4.333333333333333,UIUC1,"3.01 (Champaign, IL)",9.211588785046729,70,94.33333333333333,10,138.90235801581596,147,3.0,89.58,0,1,0
2370922083318697730,"1 (Tract 9800, Cook, IL)","9800 (Cook, IL)","Cook County, IL",Illinois,"1 (Tract 111, Champaign, IL)","111 (Champaign, IL)","Champaign County, IL",Illinois,auto_passenger,home,social,1900-01-01 12:29:35,1900-01-01 14:59:17,149,150.5,unknown_vehicle_type,unknown_fuel_type,,,,retail,retail,multi_family,multi_family,8352023840903392866,7492438486352799968,32.0,male,hispanic_or_latino_origin,employed,in_person,28491.0,walking,1.0,28491.0,zero,core,naics61,multiple_units,graduate,advanced_degree,renter,indo_european,"1 (Tract 111, Champaign, IL)","111 (Champaign, IL)","Champaign County, IL",Illinois,"1 (Tract 111, Champaign, IL)","111 (Champaign, IL)","Champaign County, IL",Illinois,21.58333333333333,16.4201028429189,12,Chicago2_ord,"9800 (Cook, IL)",1900-01-01 14:11:09.999999998,14,2.891891891891892,UIUC1,"3.01 (Champaign, IL)",7.034594594594595,70,94.47522522522522,10,123.4546974375135,149,3.0,90.3,1,0,0
2716208215584899764,"1 (Tract 1506, Cook, IL)","1506 (Cook, IL)","Cook County, IL",Illinois,"1 (Tract 2, Champaign, IL)","2 (Champaign, IL)","Champaign County, IL",Illinois,private_auto,eat,home,1900-01-01 18:50:00,1900-01-01 21:20:52,150,151.2,unknown_vehicle_type,other_non_bev,,,,multi_family,multi_family,retail,retail,9289422504007789882,15924017839270458951,39.0,female,hispanic_or_latino_origin,employed,in_person,75971.0,private_auto,2.0,75971.0,one,core,naics621610,several_units,not_attending_school,some_college,owner,spanish,"1 (Tract 1506, Cook, IL)","1506 (Cook, IL)","Cook County, IL",Illinois,"1 (Tract 8324, Cook, IL)","8324 (Cook, IL)","Cook County, IL",Illinois,16.2,25.899555555555555,18,Chicago2_ord,"9800 (Cook, IL)",1900-01-01 20:26:12.000000000,20,2.0,UIUC1,"3.01 (Champaign, IL)",6.225853658536586,70,88.2,10,132.12540921409214,150,3.0,90.71999999999998,0,1,0
10348711135484043585,"1 (Tract 1601, Cook, IL)","1601 (Cook, IL)","Cook County, IL",Illinois,"1 (Tract 8, Champaign, IL)","8 (Champaign, IL)","Champaign County, IL",Illinois,private_auto,eat,home,1900-01-01 11:33:00,1900-01-01 14:20:58,167,136.8,unknown_vehicle_type,other_non_bev,,,,multi_family,multi_family,retail,retail,13246586475326944683,15406135670691318145,23.0,female,hispanic_or_latino_origin,employed,in_person,15194.0,private_auto,3.0,98763.0,two,core,naics56,multiple_units,not_attending_school,some_college,renter,spanish,"1 (Tract 1601, Cook, IL)","1601 (Cook, IL)","Cook County, IL",Illinois,"1 (Tract 9800, Cook, IL)","9800 (Cook, IL)","Cook County, IL",Illinois,18.90909090909091,27.086028708133973,11,Chicago2_ord,"9800 (Cook, IL)",1900-01-01 13:11:54.545454546,13,7.219512195121951,UIUC1,"3.01 (Champaign, IL)",12.07116948092558,70,96.12860310421286,10,139.15719818905956,167,3.0,82.08,1,0,0
2045274989664370226,"1 (Tract 9800, Cook, IL)","9800 (Cook, IL)","Cook County, IL",Illinois,"1 (Tract 58, Champaign, IL)","58 (Champaign, IL)","Champaign County, IL",Illinois,auto_passenger,home,other_activity_type,1900-01-01 01:54:17,1900-01-01 04:20:02,145,150.2,unknown_vehicle_type,unknown_fuel_type,,,,transportation_utilities,transportation_utilities,multi_family,multi_family,6188839165923844312,5307306529210874026,22.0,female,white_not_hispanic_or_latino,employed,in_person,2170.0,auto_passenger,2.0,13023.0,two,core,naics44_45,multiple_units,not_attending_school,some_college,renter,spanish,"1 (Tract 58, Champaign, IL)","58 (Champaign, IL)","Champaign County, IL",Illinois,"1 (Tract 4.01, Champaign, IL)","4.01 (Champaign, IL)","Champaign County, IL",Illinois,23.0,17.015102842918903,1,Chicago2_ord,"9800 (Cook, IL)",1900-01-01 03:37:17.000000000,3,4.8,UIUC1,"3.01 (Champaign, IL)",8.19956626506024,70,97.8,10,125.21466910797915,145,3.0,90.11999999999999,1,0,0
4595717584371638732,"2 (Tract 1303, Cook, IL)","1303 (Cook, IL)","Cook County, IL",Illinois,"2 (Tract 58, Champaign, IL)","58 (Champaign, IL)","Champaign County, IL",Illinois,auto_passenger,social,work,1900-01-01 13:18:00,1900-01-01 16:06:46,168,143.8,unknown_vehicle_type,unknown_fuel_type,,,,mixed_use,retail,single_family,single_family,7395962352485383522,2708226423294130186,58.0,female,asian_not_hispanic_or_latino,employed,in_person,69327.0,private_auto,2.0,165671.0,three_plus,core,not_working,single_family,not_attending_school,some_college,owner,asian_pacific,"1 (Tract 8053.01, Cook, IL)","8053.01 (Cook, IL)","Cook County, IL",Illinois,"2 (Tract 1303, Cook, IL)","1303 (Cook, IL)","Cook County, IL",Illinois,23.25,32.987352941176475,13,Chicago2_ord,"9800 (Cook, IL)",1900-01-01 15:01:15.000000000,15,3.3684210526315788,UIUC1,"3.01 (Champaign, IL)",7.598303107165504,70,96.61842105263158,10,140.58565604834197,168,3.0,86.28,0,1,0
17134967074696872054,"2 (Tract 631, Cook, IL)","631 (Cook, IL)","Cook County, IL",Illinois,"2 (Tract 58, Champaign, IL)","58 (Champaign, IL)","Champaign County, IL",Illinois,private_auto,social,shop,1900-01-01 07:36:00,1900-01-01 10:03:08,147,149.1,unknown_vehicle_type,other_non_bev,,,,mixed_use,retail,single_family,single_family,11907057601563625403,17628797303635432723,63.0,male,white_not_hispanic_or_latino,employed,in_person,152666.0,other_travel_mode,1.0,0.0,unknown_num_vehicles,core,naics62,GQ_structure,not_attending_school,no_school,GQ,GQ_language,"1 (Tract 8082, Cook, IL)","8082 (Cook, IL)","Cook County, IL",Illinois,"3 (Tract 207.02, Cook, IL)","207.02 (Cook, IL)","Cook County, IL",Illinois,27.0,36.400000000000006,7,Chicago2_ord,"9800 (Cook, IL)",1900-01-01 09:23:00.000000000,9,4.142857142857143,UIUC1,"3.01 (Champaign, IL)",7.9235662650602405,70,101.14285714285714,10,144.32356626506024,147,3.0,89.46,0,0,1
12600614595693848102,"3 (Tract 203.02, Cook, IL)","203.02 (Cook, IL)","Cook County, IL",Illinois,"2 (Tract 11, Champaign, IL)","11 (Champaign, IL)","Champaign County, IL",Illinois,auto_passenger,home,social,1900-01-01 01:27:21,1900-01-01 03:53:19,145,147.2,unknown_vehicle_type,unknown_fuel_type,,,,multi_family,multi_family,single_family,single_family,7866211418434800600,3822543124083076837,60.0,female,white_not_hispanic_or_latino,employed,in_person,98532.0,auto_passenger,3.0,101856.0,two,core,naics54,single_family,not_attending_school,advanced_degree,owner,english,"2 (Tract 11, Champaign, IL)","11 (Champaign, IL)","Champaign County, IL",Illinois,"1 (Tract 11, Champaign, IL)","11 (Champaign, IL)","Champaign County, IL",Illinois,20.0,29.690769230769234,1,Chicago2_ord,"9800 (Cook, IL)",1900-01-01 03:07:21.000000000,3,4.333333333333333,UIUC1,"3.01 (Champaign, IL)",9.211588785046729,70,94.33333333333333,10,138.90235801581596,145,3.0,88.32,0,1,0
11807738015783938932,"1 (Tract 409, Cook, IL)","409 (Cook, IL)","Cook County, IL",Illinois,"2 (Tract 9.02, Champaign, IL)","9.02 (Champaign, IL)","Champaign County, IL",Illinois,auto_passenger,social,work,1900-01-01 23:37:05,1900-01-01 01:56:27,139,142.6,unknown_vehicle_type,unknown_fuel_type,,,,retail,retail,single_family,single_family,8792012667072782942,7612140043108546608,30.0,male,hispanic_or_latino_origin,employed,in_person,9442.0,auto_passenger,4.0,96266.0,one,core,naics722515,single_family,not_attending_school,high_school,renter,spanish,"2 (Tract 1502, Cook, IL)","1502 (Cook, IL)","Cook County, IL",Illinois,"1 (Tract 409, Cook, IL)","409 (Cook, IL)","Cook County, IL",Illinois,19.0,32.46122448979592,23,Chicago2_ord,"9800 (Cook, IL)",1900-01-02 01:16:05.000000000,1,7.0,UIUC1,"3.01 (Champaign, IL)",14.53918128654971,70,96.0,10,147.00040577634562,139,3.0,85.55999999999999,1,0,0
2344842235297611036,"2 (Tract 1904.01, Cook, IL)","1904.01 (Cook, IL)","Cook County, IL",Illinois,"2 (Tract 8, Champaign, IL)","8 (Champaign, IL)","Champaign County, IL",Illinois,private_auto,social,home,1900-01-01 07:07:00,1900-01-01 09:49:59,162,136.2,unknown_vehicle_type,other_non_bev,,,,single_family,single_family,single_family,single_family,1066792793970363849,16384557376324370065,32.0,female,hispanic_or_latino_origin,employed,in_person,30388.0,private_auto,4.0,181029.0,three_plus,core,naics522110,single_family,not_attending_school,high_school,owner,spanish,"2 (Tract 1904.01, Cook, IL)","1904.01 (Cook, IL)","Cook County, IL",Illinois,"2 (Tract 1001, Cook, IL)","1001 (Cook, IL)","Cook County, IL",Illinois,21.0,28.973793103448273,7,Chicago2_ord,"9800 (Cook, IL)",1900-01-01 08:48:00.000000000,8,6.5,UIUC1,"3.01 (Champaign, IL)",11.768974358974358,70,97.5,10,140.74276746242262,162,3.0,81.71999999999998,1,0,0
3100999031411855280,"1 (Tract 9800, Cook, IL)","9800 (Cook, IL)","Cook County, IL",Illinois,"2 (Tract 58, Champaign, IL)","58 (Champaign, IL)","Champaign County, IL",Illinois,private_auto,home,eat,1900-01-01 11:24:00,1900-01-01 14:15:10,171,145.6,unknown_vehicle_type,other_non_bev,,,,retail,retail,multi_family,multi_family,10841750020772162192,12824417753251666075,21.0,female,hispanic_or_latino_origin,employed,in_person,20168.0,biking,3.0,23791.0,one,core,naics722410,several_units,undergraduate,some_college,renter,spanish,"2 (Tract 58, Champaign, IL)","58 (Champaign, IL)","Champaign County, IL",Illinois,"1 (Tract 111, Champaign, IL)","111 (Champaign, IL)","Champaign County, IL",Illinois,21.22671568627451,16.270323431154196,11,Chicago2_ord,"9800 (Cook, IL)",1900-01-01 13:05:13.602941178,13,3.5,UIUC1,"3.01 (Champaign, IL)",7.653566265060241,70,94.7267156862745,10,123.92388969621443,171,3.0,87.36,1,0,0
4165313402016892676,"3 (Tract 1301, Cook, IL)","1301 (Cook, IL)","Cook County, IL",Illinois,"1 (Tract 58, Champaign, IL)","58 (Champaign, IL)","Champaign County, IL",Illinois,auto_passenger,shop,work,1900-01-01 13:19:00,1900-01-01 16:01:59,162,145.3,unknown_vehicle_type,unknown_fuel_type,,,,education,education,mixed_use,retail,10372022427253629291,13719199706242822415,65.0,female,two_races_not_hispanic_or_latino,employed,in_person,14273.0,auto_passenger,2.0,17943.0,two,core,naics62,single_family,not_attending_school,bachelors_degree,owner,asian_pacific,"2 (Tract 8053.01, Cook, IL)","8053.01 (Cook, IL)","Cook County, IL",Illinois,"3 (Tract 1301, Cook, IL)","1301 (Cook, IL)","Cook County, IL",Illinois,20.5,31.1852,13,Chicago2_ord,"9800 (Cook, IL)",1900-01-01 14:59:30.000000000,14,3.863636363636364,UIUC1,"3.01 (Champaign, IL)",7.806293537787513,70,94.36363636363636,10,138.99149353778753,162,3.0,87.18,1,0,0
11684731720590980419,"3 (Tract 1301, Cook, IL)","1301 (Cook, IL)","Cook County, IL",Illinois,"1 (Tract 58, Champaign, IL)","58 (Champaign, IL)","Champaign County, IL",Illinois,auto_passenger,maintenance,work,1900-01-01 13:07:00,1900-01-01 15:46:47,159,145.3,unknown_vehicle_type,unknown_fuel_type,,,,education,education,mixed_use,civic_institutional,6883928889808548578,14722007760307100561,37.0,female,white_not_hispanic_or_latino,employed,in_person,102008.0,auto_passenger,3.0,365143.0,two,core,naics61,single_family,not_attending_school,advanced_degree,owner,english,"2 (Tract 8053.01, Cook, IL)","8053.01 (Cook, IL)","Cook County, IL",Illinois,"3 (Tract 1301, Cook, IL)","1301 (Cook, IL)","Cook County, IL",Illinois,20.5,31.1852,13,Chicago2_ord,"9800 (Cook, IL)",1900-01-01 14:47:30.000000000,14,3.863636363636364,UIUC1,"3.01 (Champaign, IL)",7.806293537787513,70,94.36363636363636,10,138.99149353778753,159,3.0,87.18,0,1,0
14613472864404869646,"3 (Tract 1301, Cook, IL)","1301 (Cook, IL)","Cook County, IL",Illinois,"1 (Tract 111, Champaign, IL)","111 (Champaign, IL)","Champaign County, IL",Illinois,auto_passenger,eat,work,1900-01-01 09:27:00,1900-01-01 12:04:00,157,145.6,unknown_vehicle_type,unknown_fuel_type,,,,education,education,retail,retail,18302558327450942867,13256758306009080486,46.0,female,asian_not_hispanic_or_latino,employed,in_person,108530.0,auto_passenger,9.0,156827.0,two,core,naics62,single_family,not_attending_school,advanced_degree,owner,asian_pacific,"2 (Tract 8053.01, Cook, IL)","8053.01 (Cook, IL)","Cook County, IL",Illinois,"3 (Tract 1301, Cook, IL)","1301 (Cook, IL)","Cook County, IL",Illinois,25.0,33.0752,9,Chicago2_ord,"9800 (Cook, IL)",1900-01-01 11:12:00.000000000,11,2.7857142857142856,UIUC1,"3.01 (Champaign, IL)",6.99,70,97.78571428571429,10,140.0652,157,3.0,87.36,0,1,0
7098752328889810038,"3 (Tract 1301, Cook, IL)","1301 (Cook, IL)","Cook County, IL",Illinois,"3 (Tract 58, Champaign, IL)","58 (Champaign, IL)","Champaign County, IL",Illinois,auto_passenger,maintenance,work,1900-01-01 13:29:00,1900-01-01 16:11:26,162,145.5,unknown_vehicle_type,unknown_fuel_type,,,,education,education,mixed_use,office,4769831615807112854,16502529993359336624,27.0,male,asian_not_hispanic_or_latino,employed,in_person,30585.0,auto_passenger,3.0,263035.0,three_plus,core,naics62,single_family,not_attending_school,bachelors_degree,owner,asian_pacific,"2 (Tract 8053.01, Cook, IL)","8053.01 (Cook, IL)","Cook County, IL",Illinois,"3 (Tract 1301, Cook, IL)","1301 (Cook, IL)","Cook County, IL",Illinois,20.5,31.1852,13,Chicago2_ord,"9800 (Cook, IL)",1900-01-01 15:09:30.000000000,15,3.3684210526315788,UIUC1,"3.01 (Champaign, IL)",7.598303107165504,70,93.86842105263158,10,138.7835031071655,162,3.0,87.3,1,0,0
2763638498865328177,"5 (Tract 8318, Cook, IL)","8318 (Cook, IL)","Cook County, IL",Illinois,"1 (Tract 111, Champaign, IL)","111 (Champaign, IL)","Champaign County, IL",Illinois,private_auto,eat,work,1900-01-01 09:24:00,1900-01-01 11:59:39,155,145.2,unknown_vehicle_type,other_non_bev,,,,education,education,retail,retail,9186661517270091463,17174834459095233294,46.0,female,asian_not_hispanic_or_latino,employed,in_person,78501.0,private_auto,3.0,175118.0,two,core,naics624410,single_family,not_attending_school,bachelors_degree,owner,asian_pacific,"2 (Tract 8053.02, Cook, IL)","8053.02 (Cook, IL)","Cook County, IL",Illinois,"5 (Tract 8318, Cook, IL)","8318 (Cook, IL)","Cook County, IL",Illinois,21.0,31.38847457627119,9,Chicago2_ord,"9800 (Cook, IL)",1900-01-01 11:05:00.000000000,11,2.7857142857142856,UIUC1,"3.01 (Champaign, IL)",6.99,70,93.78571428571429,10,138.3784745762712,155,3.0,87.11999999999999,0,1,0
699415056136168886,"1 (Tract 1301, Cook, IL)","1301 (Cook, IL)","Cook County, IL",Illinois,"2 (Tract 58, Champaign, IL)","58 (Champaign, IL)","Champaign County, IL",Illinois,auto_passenger,maintenance,work,1900-01-01 11:48:00,1900-01-01 14:35:14,167,144.9,unknown_vehicle_type,unknown_fuel_type,,,,education,education,mixed_use,office,17345916254659914037,2321607710023081310,41.0,female,black_not_hispanic_or_latino,employed,in_person,5643.0,other_travel_mode,5.0,190145.0,two,core,naics62,single_family,not_attending_school,bachelors_degree,owner,other,"2 (Tract 8053.02, Cook, IL)","8053.02 (Cook, IL)","Cook County, IL",Illinois,"1 (Tract 1301, Cook, IL)","1301 (Cook, IL)","Cook County, IL",Illinois,19.5,30.7652,11,Chicago2_ord,"9800 (Cook, IL)",1900-01-01 13:27:30.000000000,13,3.5,UIUC1,"3.01 (Champaign, IL)",7.653566265060241,70,93.0,10,138.41876626506024,167,3.0,86.94,1,0,0
10683838695448866074,"1 (Tract 208.02, Cook, IL)","208.02 (Cook, IL)","Cook County, IL",Illinois,"1 (Tract 111, Champaign, IL)","111 (Champaign, IL)","Champaign County, IL",Illinois,private_auto,eat,work,1900-01-01 09:02:00,1900-01-01 11:39:06,157,155.0,unknown_vehicle_type,other_non_bev,,,,civic_institutional,civic_institutional,retail,retail,9915888354250077469,15511816116250269589,36.0,male,asian_not_hispanic_or_latino,employed,in_person,134465.0,private_auto,4.0,143738.0,two,core,naics62,single_family,graduate,bachelors_degree,owner,asian_pacific,"2 (Tract 8053.02, Cook, IL)","8053.02 (Cook, IL)","Cook County, IL",Illinois,"1 (Tract 208.02, Cook, IL)","208.02 (Cook, IL)","Cook County, IL",Illinois,23.5,33.59702702702703,9,Chicago2_ord,"9800 (Cook, IL)",1900-01-01 10:45:30.000000000,10,2.210526315789474,UIUC1,"3.01 (Champaign, IL)",6.7484210526315795,70,95.71052631578948,10,140.3454480796586,157,3.0,93.0,0,1,0
11944002223931959372,"1 (Tract 1612, Cook, IL)","1612 (Cook, IL)","Cook County, IL",Illinois,"1 (Tract 9.02, Champaign, IL)","9.02 (Champaign, IL)","Champaign County, IL",Illinois,auto_passenger,work,social,1900-01-01 13:34:00,1900-01-01 16:11:40,157,140.2,unknown_vehicle_type,unknown_fuel_type,,,,single_family,single_family,agriculture,agriculture,17484227974992968447,5267970810938698477,37.0,female,white_not_hispanic_or_latino,employed,in_person,54265.0,private_auto,5.0,130236.0,two,core,naics11,single_family,not_attending_school,some_college,owner,english,"2 (Tract 9508, Iroquois, IL)","9508 (Iroquois, IL)","Iroquois County, IL",Illinois,"1 (Tract 9.02, Champaign, IL)","9.02 (Champaign, IL)","Champaign County, IL",Illinois,18.0,28.040000000000003,13,Chicago2_ord,"9800 (Cook, IL)",1900-01-01 15:12:00.000000000,15,10.565217391304348,UIUC1,"3.01 (Champaign, IL)",16.036572590897535,70,98.56521739130434,10,144.0765725908975,157,3.0,84.11999999999999,0,1,0
6834461798918472824,"1 (Tract 9800, Cook, IL)","9800 (Cook, IL)","Cook County, IL",Illinois,"3 (Tract 111, Champaign, IL)","111 (Champaign, IL)","Champaign County, IL",Illinois,private_auto,home,social,1900-01-01 20:52:29,1900-01-01 23:38:00,165,148.0,unknown_vehicle_type,other_non_bev,,,,retail,retail,single_family,single_family,3189012470179292757,10607287093962420784,35.0,female,white_not_hispanic_or_latino,employed,in_person,68854.0,private_auto,6.0,322902.0,two,core,naics622110,single_family,not_attending_school,bachelors_degree,owner,english,"3 (Tract 111, Champaign, IL)","111 (Champaign, IL)","Champaign County, IL",Illinois,"1 (Tract 53, Champaign, IL)","53 (Champaign, IL)","Champaign County, IL",Illinois,21.420289855072465,16.35162458204934,20,Chicago2_ord,"9800 (Cook, IL)",1900-01-01 22:33:54.217391306,22,2.5,UIUC1,"3.01 (Champaign, IL)",6.87,70,93.92028985507247,10,123.22162458204934,165,3.0,88.8,0,1,0
583550013603676786,"7 (Tract 1503, Cook, IL)","1503 (Cook, IL)","Cook County, IL",Illinois,"3 (Tract 8, Champaign, IL)","8 (Champaign, IL)","Champaign County, IL",Illinois,auto_passenger,shop,work,1900-01-01 12:29:00,1900-01-01 14:52:46,143,142.5,unknown_vehicle_type,unknown_fuel_type,,,,retail,retail,retail,retail,10851348481693388242,5353682293940303044,33.0,male,hispanic_or_latino_origin,employed,in_person,28648.0,public_transit,4.0,28648.0,one,core,naics56,single_family,not_attending_school,k_12,renter,spanish,"3 (Tract 1906.02, Cook, IL)","1906.02 (Cook, IL)","Cook County, IL",Illinois,"7 (Tract 1503, Cook, IL)","1503 (Cook, IL)","Cook County, IL",Illinois,17.25,26.14833333333333,12,Chicago2_ord,"9800 (Cook, IL)",1900-01-01 14:06:15.000000000,14,7.428571428571429,UIUC1,"3.01 (Champaign, IL)",12.158974358974358,70,94.67857142857143,10,138.3073076923077,143,3.0,85.5,1,0,0
11063322392889239364,"1 (Tract 1601, Cook, IL)","1601 (Cook, IL)","Cook County, IL",Illinois,"1 (Tract 8, Champaign, IL)","8 (Champaign, IL)","Champaign County, IL",Illinois,auto_passenger,shop,shop,1900-01-01 22:11:00,1900-01-01 00:26:27,135,142.1,unknown_vehicle_type,unknown_fuel_type,,,,mixed_use,retail,retail,retail,4257611243428951049,3005367974948758486,60.0,male,white_not_hispanic_or_latino,employed,in_person,480791.0,auto_passenger,3.0,514743.0,two,core,naics42,single_family,not_attending_school,bachelors_degree,owner,indo_european,"3 (Tract 8059.02, Cook, IL)","8059.02 (Cook, IL)","Cook County, IL",Illinois,"2 (Tract 1601, Cook, IL)","1601 (Cook, IL)","Cook County, IL",Illinois,14.0,25.02421052631579,22,Chicago2_ord,"9800 (Cook, IL)",1900-01-01 23:45:00.000000000,23,9.0,UIUC1,"3.01 (Champaign, IL)",12.818974358974359,70,93.0,10,137.84318488529016,135,3.0,85.25999999999999,0,0,1
12549464182584164554,"3 (Tract 203.02, Cook, IL)","203.02 (Cook, IL)","Cook County, IL",Illinois,"4 (Tract 10, Champaign, IL)","10 (Champaign, IL)","Champaign County, IL",Illinois,private_auto,home,recreation,1900-01-01 01:07:39,1900-01-01 03:33:19,145,145.6,unknown_vehicle_type,electric,,,,mixed_use,non_retail_attraction,single_family,single_family,17009260971640269015,5755398373581252612,54.0,female,black_not_hispanic_or_latino,employed,in_person,29678.0,private_auto,2.0,58169.0,two,core,naics722513,single_family,not_attending_school,bachelors_degree,owner,english,"4 (Tract 10, Champaign, IL)","10 (Champaign, IL)","Champaign County, IL",Illinois,"5 (Tract 12.01, Champaign, IL)","12.01 (Champaign, IL)","Champaign County, IL",Illinois,20.0,29.690769230769234,1,Chicago2_ord,"9800 (Cook, IL)",1900-01-01 02:47:39.000000000,2,5.75,UIUC1,"3.01 (Champaign, IL)",10.813666666666666,70,95.75,10,140.5044358974359,145,3.0,87.36,1,0,0
6092025068275026484,"1 (Tract 1504.01, Cook, IL)","1504.01 (Cook, IL)","Cook County, IL",Illinois,"3 (Tract 9.02, Champaign, IL)","9.02 (Champaign, IL)","Champaign County, IL",Illinois,auto_passenger,social,maintenance,1900-01-01 14:38:00,1900-01-01 17:17:14,159,149.3,unknown_vehicle_type,unknown_fuel_type,,,,mixed_use,healthcare,single_family,single_family,5859604295339921710,15610559406257510986,44.0,female,hispanic_or_latino_origin,employed,in_person,3255.0,auto_passenger,4.0,90080.0,three_plus,core,naics61,single_family,not_attending_school,high_school,owner,spanish,"4 (Tract 1502, Cook, IL)","1502 (Cook, IL)","Cook County, IL",Illinois,"5 (Tract 321, Cook, IL)","321 (Cook, IL)","Cook County, IL",Illinois,16.142857142857142,24.62304,14,Chicago2_ord,"9800 (Cook, IL)",1900-01-01 16:14:08.571428574,16,9.833333333333334,UIUC1,"3.01 (Champaign, IL)",15.729181286549707,70,95.97619047619047,10,140.3522212865497,159,3.0,89.58,1,0,0
433438820432177670,"4 (Tract 1710, Cook, IL)","1710 (Cook, IL)","Cook County, IL",Illinois,"1 (Tract 56.02, Champaign, IL)","56.02 (Champaign, IL)","Champaign County, IL",Illinois,private_auto,other_activity_type,home,1900-01-01 06:06:00,1900-01-01 08:40:15,154,149.7,unknown_vehicle_type,other_non_bev,,,,mixed_use,multi_family,mixed_use,healthcare,2229276032468705476,16000441287636909303,31.0,male,black_not_hispanic_or_latino,employed,in_person,32559.0,private_auto,3.0,161710.0,two,core,naics54,several_units,not_attending_school,bachelors_degree,renter,english,"4 (Tract 1710, Cook, IL)","1710 (Cook, IL)","Cook County, IL",Illinois,"1 (Tract 2819, Cook, IL)","2819 (Cook, IL)","Cook County, IL",Illinois,17.5,25.21923076923077,6,Chicago2_ord,"9800 (Cook, IL)",1900-01-01 07:43:30.000000000,7,8.0,UIUC1,"3.01 (Champaign, IL)",13.838086956521739,70,95.5,10,139.0573177257525,154,3.0,89.82,1,0,0
5404001285592831019,"2 (Tract 8400, DuPage, IL)","8400 (DuPage, IL)","DuPage County, IL",Illinois,"2 (Tract 110.02, Champaign, IL)","110.02 (Champaign, IL)","Champaign County, IL",Illinois,auto_passenger,shop,work,1900-01-01 11:53:00,1900-01-01 14:21:22,148,145.0,unknown_vehicle_type,unknown_fuel_type,,,,transportation_utilities,transportation_utilities,retail,retail,15446655373478010715,17416211101999713790,29.0,female,black_not_hispanic_or_latino,employed,in_person,48308.0,auto_passenger,6.0,94201.0,one,core,naics48_49,single_family,school,k_12,renter,english,"4 (Tract 4913, Cook, IL)","4913 (Cook, IL)","Cook County, IL",Illinois,"2 (Tract 8400, DuPage, IL)","8400 (DuPage, IL)","DuPage County, IL",Illinois,19.0,24.45,11,Chicago2_ord,"9800 (Cook, IL)",1900-01-01 13:32:00.000000000,13,1.84,UIUC1,"3.01 (Champaign, IL)",6.215919266055047,70,90.84,10,130.66591926605506,148,3.0,87.0,0,1,0
13972913083098592708,"1 (Tract 9800, Cook, IL)","9800 (Cook, IL)","Cook County, IL",Illinois,"1 (Tract 13.02, Champaign, IL)","13.02 (Champaign, IL)","Champaign County, IL",Illinois,private_auto,work,other_activity_type,1900-01-01 09:29:47,1900-01-01 11:59:46,149,156.1,unknown_vehicle_type,other_non_bev,,,,education,education,mixed_use,retail,3354658835657138539,6998618900851809817,27.0,male,asian_not_hispanic_or_latino,employed,in_person,23742.0,private_auto,1.0,23742.0,one,core,naics623110,multiple_units,not_attending_school,advanced_degree,renter,asian_pacific,"4 (Tract 5, Champaign, IL)","5 (Champaign, IL)","Champaign County, IL",Illinois,"1 (Tract 13.02, Champaign, IL)","13.02 (Champaign, IL)","Champaign County, IL",Illinois,22.4282982791587,16.774988120165556,9,Chicago2_ord,"9800 (Cook, IL)",1900-01-01 11:12:12.697896752,11,7.4,UIUC1,"3.01 (Champaign, IL)",12.61131950207469,70,99.8282982791587,10,129.38630762224025,149,3.0,93.66,1,0,0
2958336904130569980,"1 (Tract 9800, Cook, IL)","9800 (Cook, IL)","Cook County, IL",Illinois,"1 (Tract 4.01, Champaign, IL)","4.01 (Champaign, IL)","Champaign County, IL",Illinois,auto_passenger,work,other_activity_type,1900-01-01 11:58:00,1900-01-01 14:25:29,147,149.7,unknown_vehicle_type,unknown_fuel_type,,,,transportation_utilities,transportation_utilities,education,education,13515368110537159903,12795241766475090861,33.0,female,white_not_hispanic_or_latino,employed,in_person,109216.0,auto_passenger,3.0,210123.0,one,core,naics61,single_family,not_attending_school,advanced_degree,owner,spanish,"4 (Tract 58, Champaign, IL)","58 (Champaign, IL)","Champaign County, IL",Illinois,"1 (Tract 4.01, Champaign, IL)","4.01 (Champaign, IL)","Champaign County, IL",Illinois,21.22671568627451,16.270323431154196,11,Chicago2_ord,"9800 (Cook, IL)",1900-01-01 13:39:13.602941178,13,1.2195121951219512,UIUC1,"3.01 (Champaign, IL)",5.090503182605649,70,92.44622788139645,10,121.36082661375984,147,3.0,89.82,0,1,0
5049576867719157509,"1 (Tract 9800, Cook, IL)","9800 (Cook, IL)","Cook County, IL",Illinois,"1 (Tract 111, Champaign, IL)","111 (Champaign, IL)","Champaign County, IL",Illinois,private_auto,recreation,other_activity_type,1900-01-01 09:16:13,1900-01-01 12:03:31,167,148.6,unknown_vehicle_type,other_non_bev,,,,education,education,office,office,7763467100568103800,12693842544993734719,55.0,male,white_not_hispanic_or_latino,employed,in_person,180445.0,walking,2.0,297972.0,two,core,naics61,single_family,not_attending_school,advanced_degree,owner,spanish,"4 (Tract 58, Champaign, IL)","58 (Champaign, IL)","Champaign County, IL",Illinois,"1 (Tract 59.02, Champaign, IL)","59.02 (Champaign, IL)","Champaign County, IL",Illinois,22.4282982791587,16.774988120165556,9,Chicago2_ord,"9800 (Cook, IL)",1900-01-01 10:58:38.697896752,10,2.210526315789474,UIUC1,"3.01 (Champaign, IL)",6.7484210526315795,70,94.63882459494818,10,123.52340917279714,167,3.0,89.16,0,0,1
9350449079960808676,"1 (Tract 9800, Cook, IL)","9800 (Cook, IL)","Cook County, IL",Illinois,"5 (Tract 10, Champaign, IL)","10 (Champaign, IL)","Champaign County, IL",Illinois,auto_passenger,shop,region_arrival,1900-01-01 14:02:00,1900-01-01 16:43:48,161,149.5,unknown_vehicle_type,unknown_fuel_type,,,,transportation_utilities,transportation_utilities,retail,retail,9596677231177182431,11049715852016226880,34.0,male,white_not_hispanic_or_latino,employed,in_person,96616.0,private_auto,5.0,207726.0,three_plus,core,naics54,single_family,not_attending_school,bachelors_degree,owner,english,"4 (Tract 9618, Ford, IL)","9618 (Ford, IL)","Ford County, IL",Illinois,"1 (Tract 9618, Ford, IL)","9618 (Ford, IL)","Ford County, IL",Illinois,21.21005917159763,16.263327694989908,14,Chicago2_ord,"9800 (Cook, IL)",1900-01-01 15:43:12.603550296,15,6.526315789473684,UIUC1,"3.01 (Champaign, IL)",11.139719298245613,70,97.73637496107132,10,127.40304699323552,161,3.0,89.7,0,1,0
12789908886357075964,"1 (Tract 1510.01, Cook, IL)","1510.01 (Cook, IL)","Cook County, IL",Illinois,"2 (Tract 14, Champaign, IL)","14 (Champaign, IL)","Champaign County, IL",Illinois,auto_passenger,maintenance,home,1900-01-01 17:10:00,1900-01-01 19:45:08,155,148.2,unknown_vehicle_type,unknown_fuel_type,,,,single_family,single_family,office,office,18207972446469118023,15429486320375986268,40.0,male,hispanic_or_latino_origin,employed,remote,104326.0,worked_from_home,2.0,220245.0,two,core,naics44_45,single_family,not_attending_school,bachelors_degree,owner,english,"1 (Tract 1510.01, Cook, IL)","1510.01 (Cook, IL)","Cook County, IL",Illinois,"2 (Tract 1510.01, Cook, IL)","1510.01 (Cook, IL)","Cook County, IL",Illinois,17.0,28.19555555555555,17,Chicago2_ord,"9800 (Cook, IL)",1900-01-01 18:47:00.000000000,18,4.02054794520548,UIUC1,"3.01 (Champaign, IL)",7.897157861651693,70,91.02054794520548,10,136.09271341720725,155,3.0,88.91999999999999,0,1,0
8852527320359289769,"1 (Tract 1612, Cook, IL)","1612 (Cook, IL)","Cook County, IL",Illinois,"1 (Tract 8, Champaign, IL)","8 (Champaign, IL)","Champaign County, IL",Illinois,auto_passenger,school,home,1900-01-01 11:54:00,1900-01-01 14:31:05,157,139.7,unknown_vehicle_type,unknown_fuel_type,,,,multi_family,multi_family,retail,retail,9276547907850264491,4071694776508675898,33.0,female,white_not_hispanic_or_latino,employed,remote,141090.0,worked_from_home,2.0,234426.0,one,core,naics5416,multiple_units,not_attending_school,bachelors_degree,owner,english,"1 (Tract 1612, Cook, IL)","1612 (Cook, IL)","Cook County, IL",Illinois,"2 (Tract 1612, Cook, IL)","1612 (Cook, IL)","Cook County, IL",Illinois,17.5,27.830000000000002,11,Chicago2_ord,"9800 (Cook, IL)",1900-01-01 13:31:30.000000000,13,7.219512195121951,UIUC1,"3.01 (Champaign, IL)",12.07116948092558,70,94.71951219512195,10,139.90116948092557,157,3.0,83.82,0,1,0
15145037556847966639,"1 (Tract 301.04, Cook, IL)","301.04 (Cook, IL)","Cook County, IL",Illinois,"1 (Tract 5, Champaign, IL)","5 (Champaign, IL)","Champaign County, IL",Illinois,private_auto,shop,home,1900-01-01 13:53:00,1900-01-01 16:48:01,175,149.0,unknown_vehicle_type,other_non_bev,,,,multi_family,multi_family,retail,retail,7360205425369344907,9398711652576010828,23.0,male,asian_not_hispanic_or_latino,employed,remote,96212.0,worked_from_home,2.0,100849.0,zero,core,naics54,multiple_units,not_attending_school,bachelors_degree,renter,english,"1 (Tract 301.04, Cook, IL)","301.04 (Cook, IL)","Cook County, IL",Illinois,"1 (Tract 301.04, Cook, IL)","301.04 (Cook, IL)","Cook County, IL",Illinois,33.2,36.89938461538462,13,Chicago2_ord,"9800 (Cook, IL)",1900-01-01 15:46:12.000000000,15,3.03125,UIUC1,"3.01 (Champaign, IL)",7.116228448275863,70,106.23125,10,144.0156130636605,175,3.0,89.39999999999999,0,1,0
5624031758265275307,"1 (Tract 301.04, Cook, IL)","301.04 (Cook, IL)","Cook County, IL",Illinois,"1 (Tract 3.01, Champaign, IL)","3.01 (Champaign, IL)","Champaign County, IL",Illinois,auto_passenger,shop,home,1900-01-01 09:06:00,1900-01-01 11:36:07,150,143.9,unknown_vehicle_type,unknown_fuel_type,,,,education,education,retail,retail,1892603568710463604,8554516236263078632,18.0,male,white_not_hispanic_or_latino,employed,remote,5342.0,worked_from_home,1.0,0.0,unknown_num_vehicles,core,naics52,GQ_structure,undergraduate,some_college,GQ,GQ_language,"1 (Tract 301.04, Cook, IL)","301.04 (Cook, IL)","Cook County, IL",Illinois,"1 (Tract 301.04, Cook, IL)","301.04 (Cook, IL)","Cook County, IL",Illinois,28.857142857142858,35.07538461538462,9,Chicago2_ord,"9800 (Cook, IL)",1900-01-01 10:54:51.428571426,10,0.927536231884058,UIUC1,"3.01 (Champaign, IL)",4.9667474977108395,70,99.78467908902692,10,140.04213211309545,150,3.0,86.34,1,0,0
3213750915386747074,"1 (Tract 9800, Cook, IL)","9800 (Cook, IL)","Cook County, IL",Illinois,"1 (Tract 4.01, Champaign, IL)","4.01 (Champaign, IL)","Champaign County, IL",Illinois,private_auto,home,social,1900-01-01 16:31:20,1900-01-01 19:18:06,166,149.8,unknown_vehicle_type,other_non_bev,,,,retail,retail,education,education,15163245670129927518,796389125097331793,19.0,female,white_not_hispanic_or_latino,employed,remote,651.0,worked_from_home,1.0,0.0,unknown_num_vehicles,core,naics611310,GQ_structure,undergraduate,some_college,GQ,GQ_language,"1 (Tract 4.01, Champaign, IL)","4.01 (Champaign, IL)","Champaign County, IL",Illinois,"2 (Tract 4.01, Champaign, IL)","4.01 (Champaign, IL)","Champaign County, IL",Illinois,19.617511520737327,15.59445768162858,16,Chicago2_ord,"9800 (Cook, IL)",1900-01-01 18:10:57.050691242,18,0.9411764705882352,UIUC1,"3.01 (Champaign, IL)",4.973602178301488,70,90.55868799132556,10,120.56805985993007,166,3.0,89.88000000000001,1,0,0
16320234712711812956,"4 (Tract 1202, Cook, IL)","1202 (Cook, IL)","Cook County, IL",Illinois,"2 (Tract 13.01, Champaign, IL)","13.01 (Champaign, IL)","Champaign County, IL",Illinois,private_auto,home,social,1900-01-01 13:17:00,1900-01-01 16:25:07,188,152.1,,,,,,single_family,single_family,single_family,single_family,7435072527521939493,8601611468170321656,38.0,female,white_not_hispanic_or_latino,employed,remote,99631.0,worked_from_home,2.0,501195.0,two,core,naics52,single_family,not_attending_school,some_college,owner,english,"2 (Tract 13.01, Champaign, IL)","13.01 (Champaign, IL)","Champaign County, IL",Illinois,"2 (Tract 13.01, Champaign, IL)","13.01 (Champaign, IL)","Champaign County, IL",Illinois,16.5,26.258571428571425,13,Chicago2_ord,"9800 (Cook, IL)",1900-01-01 14:53:30.000000000,14,6.625,UIUC1,"3.01 (Champaign, IL)",10.442308153477217,70,93.125,10,136.70087958204866,188,3.0,91.25999999999999,0,1,0
1952599971426013452,"2 (Tract 1711, Cook, IL)","1711 (Cook, IL)","Cook County, IL",Illinois,"2 (Tract 59.02, Champaign, IL)","59.02 (Champaign, IL)","Champaign County, IL",Illinois,private_auto,recreation,shop,1900-01-01 08:42:00,1900-01-01 11:29:43,167,140.2,unknown_vehicle_type,other_non_bev,,,,single_family,single_family,office,office,4924955788013251770,17343038647769598660,50.0,female,white_not_hispanic_or_latino,employed,remote,78351.0,worked_from_home,4.0,105655.0,two,core,naics53,single_family,not_attending_school,bachelors_degree,owner,spanish,"2 (Tract 1711, Cook, IL)","1711 (Cook, IL)","Cook County, IL",Illinois,"2 (Tract 1711, Cook, IL)","1711 (Cook, IL)","Cook County, IL",Illinois,17.0,25.954285714285714,8,Chicago2_ord,"9800 (Cook, IL)",1900-01-01 10:19:00.000000000,10,1.8297872340425527,UIUC1,"3.01 (Champaign, IL)",5.901479274329966,70,88.82978723404256,10,131.85576498861568,167,3.0,84.11999999999999,0,1,0
772728690865740725,"1 (Tract 9800, Cook, IL)","9800 (Cook, IL)","Cook County, IL",Illinois,"2 (Tract 59.02, Champaign, IL)","59.02 (Champaign, IL)","Champaign County, IL",Illinois,private_auto,home,eat,1900-01-01 20:29:12,1900-01-01 22:53:23,144,149.6,unknown_vehicle_type,other_non_bev,,,,retail,retail,education,education,8957811723913834245,9096164979643266089,18.0,female,asian_not_hispanic_or_latino,employed,remote,3798.0,worked_from_home,1.0,0.0,unknown_num_vehicles,core,naics72,GQ_structure,undergraduate,some_college,GQ,GQ_language,"2 (Tract 59.02, Champaign, IL)","59.02 (Champaign, IL)","Champaign County, IL",Illinois,"2 (Tract 59.02, Champaign, IL)","59.02 (Champaign, IL)","Champaign County, IL",Illinois,21.420289855072465,16.35162458204934,20,Chicago2_ord,"9800 (Cook, IL)",1900-01-01 22:10:37.217391306,22,2.0,UIUC1,"3.01 (Champaign, IL)",5.9729686360320935,70,93.42028985507247,10,122.32459321808143,144,3.0,89.75999999999999,1,0,0
9570417403436376321,"1 (Tract 631, Cook, IL)","631 (Cook, IL)","Cook County, IL",Illinois,"3 (Tract 111, Champaign, IL)","111 (Champaign, IL)","Champaign County, IL",Illinois,auto_passenger,home,maintenance,1900-01-01 18:54:19,1900-01-01 21:22:21,148,140.1,unknown_vehicle_type,unknown_fuel_type,,,,mixed_use,civic_institutional,mixed_use,multi_family,8122532926885079761,2333403795472779836,24.0,male,asian_not_hispanic_or_latino,employed,remote,28728.0,worked_from_home,2.0,88085.0,zero,core,naics61,multiple_units,graduate,bachelors_degree,renter,indo_european,"3 (Tract 111, Champaign, IL)","111 (Champaign, IL)","Champaign County, IL",Illinois,"1 (Tract 111, Champaign, IL)","111 (Champaign, IL)","Champaign County, IL",Illinois,30.0,37.660000000000004,18,Chicago2_ord,"9800 (Cook, IL)",1900-01-01 20:44:19.000000000,20,3.0,UIUC1,"3.01 (Champaign, IL)",7.08,70,103.0,10,144.74,148,3.0,84.05999999999999,1,0,0
2868015591854993033,"3 (Tract 1508, Cook, IL)","1508 (Cook, IL)","Cook County, IL",Illinois,"2 (Tract 14, Champaign, IL)","14 (Champaign, IL)","Champaign County, IL",Illinois,private_auto,social,home,1900-01-01 17:37:00,1900-01-01 20:10:58,153,148.3,unknown_vehicle_type,other_non_bev,,,,single_family,single_family,retail,retail,7126757216457798147,5314222204155929959,37.0,male,asian_not_hispanic_or_latino,employed,remote,83099.0,worked_from_home,4.0,165012.0,two,core,naics51,single_family,not_attending_school,bachelors_degree,owner,english,"3 (Tract 1508, Cook, IL)","1508 (Cook, IL)","Cook County, IL",Illinois,"5 (Tract 1508, Cook, IL)","1508 (Cook, IL)","Cook County, IL",Illinois,16.666666666666668,27.406666666666666,17,Chicago2_ord,"9800 (Cook, IL)",1900-01-01 19:13:40.000000002,19,3.583333333333333,UIUC1,"3.01 (Champaign, IL)",7.713527724665393,70,90.25,10,135.12019439133206,153,3.0,88.98,0,1,0
8640384779377185721,"3 (Tract 1607, Cook, IL)","1607 (Cook, IL)","Cook County, IL",Illinois,"1 (Tract 8, Champaign, IL)","8 (Champaign, IL)","Champaign County, IL",Illinois,private_auto,eat,home,1900-01-01 10:23:00,1900-01-01 12:45:22,142,139.4,unknown_vehicle_type,other_non_bev,,,,multi_family,multi_family,retail,retail,12392389329259276906,14110264325771701248,42.0,female,hispanic_or_latino_origin,employed,remote,13023.0,worked_from_home,6.0,148470.0,one,core,naics81,several_units,not_attending_school,bachelors_degree,owner,spanish,"3 (Tract 1607, Cook, IL)","1607 (Cook, IL)","Cook County, IL",Illinois,"4 (Tract 1607, Cook, IL)","1607 (Cook, IL)","Cook County, IL",Illinois,19.5,32.151538461538465,10,Chicago2_ord,"9800 (Cook, IL)",1900-01-01 12:02:30.000000000,12,7.131147540983607,UIUC1,"3.01 (Champaign, IL)",12.034056326187475,70,96.6311475409836,10,144.18559478772593,142,3.0,83.64,1,0,0
8503179560412133342,"1 (Tract 1504.02, Cook, IL)","1504.02 (Cook, IL)","Cook County, IL",Illinois,"3 (Tract 3.01, Champaign, IL)","3.01 (Champaign, IL)","Champaign County, IL",Illinois,private_auto,home,shop,1900-01-01 12:31:00,1900-01-01 15:05:52,154,146.9,unknown_vehicle_type,other_non_bev,,,,retail,retail,multi_family,multi_family,7787843779206376183,16943591434643476166,20.0,male,white_not_hispanic_or_latino,employed,remote,2170.0,worked_from_home,4.0,58172.0,two,core,naics48_49,multiple_units,undergraduate,high_school,renter,indo_european,"3 (Tract 3.01, Champaign, IL)","3.01 (Champaign, IL)","Champaign County, IL",Illinois,"1 (Tract 3.01, Champaign, IL)","3.01 (Champaign, IL)","Champaign County, IL",Illinois,15.2,25.05594805194805,12,Chicago2_ord,"9800 (Cook, IL)",1900-01-01 14:06:12.000000000,14,0.9285714285714286,UIUC1,"3.01 (Champaign, IL)",4.967182280319536,70,86.12857142857143,10,130.02313033226758,154,3.0,88.14,1,0,0
1918745500954546462,"6 (Tract 1503, Cook, IL)","1503 (Cook, IL)","Cook County, IL",Illinois,"3 (Tract 3.01, Champaign, IL)","3.01 (Champaign, IL)","Champaign County, IL",Illinois,private_auto,home,shop,1900-01-01 17:36:55,1900-01-01 20:10:31,153,147.4,unknown_vehicle_type,other_non_bev,,,,retail,retail,multi_family,multi_family,8447020227898934903,15382053784451323857,20.0,female,white_not_hispanic_or_latino,employed,remote,579.0,worked_from_home,2.0,6375.0,one,core,naics61,multiple_units,undergraduate,some_college,renter,english,"3 (Tract 3.01, Champaign, IL)","3.01 (Champaign, IL)","Champaign County, IL",Illinois,"1 (Tract 3.01, Champaign, IL)","3.01 (Champaign, IL)","Champaign County, IL",Illinois,18.22222222222222,26.55666666666666,17,Chicago2_ord,"9800 (Cook, IL)",1900-01-01 19:15:08.333333332,19,0.903448275862069,UIUC1,"3.01 (Champaign, IL)",4.956630556181604,70,89.1256704980843,10,131.51329722284825,153,3.0,88.44,1,0,0
1417747456585683973,"5 (Tract 1503, Cook, IL)","1503 (Cook, IL)","Cook County, IL",Illinois,"3 (Tract 3.01, Champaign, IL)","3.01 (Champaign, IL)","Champaign County, IL",Illinois,private_auto,home,maintenance,1900-01-01 09:58:20,1900-01-01 12:33:06,154,147.3,unknown_vehicle_type,other_non_bev,,,,mixed_use,office,single_family,single_family,2270988164726847628,5542120266353103551,31.0,female,two_races_not_hispanic_or_latino,employed,remote,144345.0,worked_from_home,1.0,144345.0,one,core,naics62,single_family,not_attending_school,advanced_degree,owner,english,"3 (Tract 3.01, Champaign, IL)","3.01 (Champaign, IL)","Champaign County, IL",Illinois,"2 (Tract 3.01, Champaign, IL)","3.01 (Champaign, IL)","Champaign County, IL",Illinois,16.0,25.62333333333333,9,Chicago2_ord,"9800 (Cook, IL)",1900-01-01 11:34:20.000000000,11,0.8873239436619719,UIUC1,"3.01 (Champaign, IL)",4.949858336657564,70,86.88732394366197,10,130.5731916699909,154,3.0,88.38000000000001,0,1,0
6671250253308261674,"6 (Tract 1503, Cook, IL)","1503 (Cook, IL)","Cook County, IL",Illinois,"3 (Tract 3.01, Champaign, IL)","3.01 (Champaign, IL)","Champaign County, IL",Illinois,private_auto,home,shop,1900-01-01 12:19:00,1900-01-01 14:58:25,159,148.5,unknown_vehicle_type,other_non_bev,,,,retail,retail,multi_family,multi_family,8447020227898934903,15382053784451323857,20.0,female,white_not_hispanic_or_latino,employed,remote,579.0,worked_from_home,2.0,6375.0,one,core,naics61,multiple_units,undergraduate,some_college,renter,english,"3 (Tract 3.01, Champaign, IL)","3.01 (Champaign, IL)","Champaign County, IL",Illinois,"1 (Tract 3.01, Champaign, IL)","3.01 (Champaign, IL)","Champaign County, IL",Illinois,17.25,26.14833333333333,12,Chicago2_ord,"9800 (Cook, IL)",1900-01-01 13:56:15.000000000,13,0.9701492537313432,UIUC1,"3.01 (Champaign, IL)",4.9846449668867,70,88.22014925373135,10,131.13297830022003,159,3.0,89.1,1,0,0
1963863044925429683,"5 (Tract 1503, Cook, IL)","1503 (Cook, IL)","Cook County, IL",Illinois,"2 (Tract 14, Champaign, IL)","14 (Champaign, IL)","Champaign County, IL",Illinois,auto_passenger,school,maintenance,1900-01-01 10:50:00,1900-01-01 13:22:47,152,148.9,unknown_vehicle_type,unknown_fuel_type,,,,mixed_use,office,education,education,7948626531107939845,8256320831032796839,20.0,female,asian_not_hispanic_or_latino,employed,remote,6511.0,worked_from_home,3.0,24962.0,zero,core,naics61,multiple_units,undergraduate,high_school,renter,asian_pacific,"3 (Tract 3.01, Champaign, IL)","3.01 (Champaign, IL)","Champaign County, IL",Illinois,"1 (Tract 3.01, Champaign, IL)","3.01 (Champaign, IL)","Champaign County, IL",Illinois,17.375,26.20083333333333,10,Chicago2_ord,"9800 (Cook, IL)",1900-01-01 12:27:22.500000000,12,3.0073529411764706,UIUC1,"3.01 (Champaign, IL)",7.47161595995951,70,90.38235294117646,10,133.67244929329283,152,3.0,89.34,1,0,0
2120733342842177974,"2 (Tract 1003, Cook, IL)","1003 (Cook, IL)","Cook County, IL",Illinois,"1 (Tract 3.01, Champaign, IL)","3.01 (Champaign, IL)","Champaign County, IL",Illinois,private_auto,shop,other_activity_type,1900-01-01 14:08:00,1900-01-01 16:59:35,171,149.4,unknown_vehicle_type,other_non_bev,,,,education,education,retail,retail,1314300277154152288,3016584743381866575,59.0,male,white_not_hispanic_or_latino,employed,remote,115918.0,worked_from_home,4.0,231836.0,two,core,naics611110,single_family,not_attending_school,advanced_degree,owner,english,"4 (Tract 1003, Cook, IL)","1003 (Cook, IL)","Cook County, IL",Illinois,"4 (Tract 1003, Cook, IL)","1003 (Cook, IL)","Cook County, IL",Illinois,10.0,18.276,14,Chicago2_ord,"9800 (Cook, IL)",1900-01-01 15:38:00.000000000,15,0.958904109589041,UIUC1,"3.01 (Champaign, IL)",4.979922006346933,70,80.95890410958904,10,123.25592200634694,171,3.0,89.64,0,1,0
7326711074803797794,"1 (Tract 1002, Cook, IL)","1002 (Cook, IL)","Cook County, IL",Illinois,"1 (Tract 59.01, Champaign, IL)","59.01 (Champaign, IL)","Champaign County, IL",Illinois,private_auto,eat,home,1900-01-01 06:45:00,1900-01-01 09:22:17,157,151.5,unknown_vehicle_type,other_non_bev,,,,single_family,single_family,retail,retail,11788150447888549802,1690374998700275396,18.0,male,hispanic_or_latino_origin,not_in_labor_force,unemployed_under_16_not_in_labor_force,10704.0,other_travel_mode,3.0,71876.0,one,core,not_working,single_family,school,k_12,owner,english,"1 (Tract 1002, Cook, IL)","1002 (Cook, IL)","Cook County, IL",Illinois,"1 (Tract 1003, Cook, IL)","1003 (Cook, IL)","Cook County, IL",Illinois,14.0,21.25755102040816,6,Chicago2_ord,"9800 (Cook, IL)",1900-01-01 08:19:00.000000000,8,2.75,UIUC1,"3.01 (Champaign, IL)",6.7982523364485985,70,86.75,10,128.05580335685676,157,3.0,90.89999999999999,1,0,0
5978181862003255185,"1 (Tract 1002, Cook, IL)","1002 (Cook, IL)","Cook County, IL",Illinois,"1 (Tract 59.01, Champaign, IL)","59.01 (Champaign, IL)","Champaign County, IL",Illinois,private_auto,eat,home,1900-01-01 10:18:36,1900-01-01 12:55:38,157,151.5,unknown_vehicle_type,other_non_bev,,,,single_family,single_family,retail,retail,11788150447888549802,1690374998700275396,18.0,male,hispanic_or_latino_origin,not_in_labor_force,unemployed_under_16_not_in_labor_force,10704.0,other_travel_mode,3.0,71876.0,one,core,not_working,single_family,school,k_12,owner,english,"1 (Tract 1002, Cook, IL)","1002 (Cook, IL)","Cook County, IL",Illinois,"1 (Tract 1003, Cook, IL)","1003 (Cook, IL)","Cook County, IL",Illinois,11.333333333333334,20.137551020408164,10,Chicago2_ord,"9800 (Cook, IL)",1900-01-01 11:49:55.999999998,11,2.6785714285714284,UIUC1,"3.01 (Champaign, IL)",6.768252336448598,70,84.01190476190476,10,126.90580335685677,157,3.0,90.89999999999999,1,0,0
3001318745865164290,"1 (Tract 1004, Cook, IL)","1004 (Cook, IL)","Cook County, IL",Illinois,"3 (Tract 8, Champaign, IL)","8 (Champaign, IL)","Champaign County, IL",Illinois,private_auto,shop,home,1900-01-01 15:02:00,1900-01-01 17:59:08,177,146.0,unknown_vehicle_type,other_non_bev,,,,single_family,single_family,retail,retail,14212825270685270933,6093032958959891978,69.0,female,asian_not_hispanic_or_latino,not_in_labor_force,unemployed_under_16_not_in_labor_force,62405.0,other_travel_mode,3.0,88018.0,two,core,not_working,single_family,not_attending_school,bachelors_degree,owner,asian_pacific,"1 (Tract 1004, Cook, IL)","1004 (Cook, IL)","Cook County, IL",Illinois,Does not have work/school location,Does not have work/school location,Does not have work/school location,Does not have work/school location,13.0,18.58162162162162,15,Chicago2_ord,"9800 (Cook, IL)",1900-01-01 16:35:00.000000000,16,7.6068376068376065,UIUC1,"3.01 (Champaign, IL)",12.233846153846155,70,90.6068376068376,10,130.81546777546777,177,3.0,87.6,0,1,0
6031075273802299187,"3 (Tract 1301, Cook, IL)","1301 (Cook, IL)","Cook County, IL",Illinois,"1 (Tract 13.01, Champaign, IL)","13.01 (Champaign, IL)","Champaign County, IL",Illinois,auto_passenger,home,work,1900-01-01 22:41:34,1900-01-01 01:13:36,152,145.8,unknown_vehicle_type,unknown_fuel_type,,,,office,office,single_family,single_family,9908251586983398008,6788891335985977108,65.0,female,white_not_hispanic_or_latino,not_in_labor_force,unemployed_under_16_not_in_labor_force,20633.0,other_travel_mode,3.0,41614.0,two,core,not_working,single_family,not_attending_school,high_school,renter,english,"1 (Tract 13.01, Champaign, IL)","13.01 (Champaign, IL)","Champaign County, IL",Illinois,Does not have work/school location,Does not have work/school location,Does not have work/school location,Does not have work/school location,17.0,29.7152,22,Chicago2_ord,"9800 (Cook, IL)",1900-01-02 00:18:34.000000000,0,4.333333333333333,UIUC1,"3.01 (Champaign, IL)",9.479808153477217,70,91.33333333333333,10,139.19500815347723,152,3.0,87.48,1,0,0
15789297383782160273,"1 (Tract 9800, Cook, IL)","9800 (Cook, IL)","Cook County, IL",Illinois,"1 (Tract 13.01, Champaign, IL)","13.01 (Champaign, IL)","Champaign County, IL",Illinois,auto_passenger,home,social,1900-01-01 12:03:54,1900-01-01 14:32:45,148,151.4,unknown_vehicle_type,unknown_fuel_type,,,,retail,retail,mixed_use,multi_family,5261655866527742569,11090158159342823783,29.0,male,hispanic_or_latino_origin,not_in_labor_force,unemployed_under_16_not_in_labor_force,25270.0,other_travel_mode,1.0,25270.0,zero,core,naics62,multiple_units,graduate,advanced_degree,renter,english,"1 (Tract 13.01, Champaign, IL)","13.01 (Champaign, IL)","Champaign County, IL",Illinois,"2 (Tract 14, Champaign, IL)","14 (Champaign, IL)","Champaign County, IL",Illinois,21.58333333333333,16.4201028429189,12,Chicago2_ord,"9800 (Cook, IL)",1900-01-01 13:45:28.999999998,13,5.611111111111111,UIUC1,"3.01 (Champaign, IL)",10.016474820143884,70,97.19444444444444,10,126.43657766306279,148,3.0,90.84,1,0,0
14547879599672984301,"1 (Tract 1612, Cook, IL)","1612 (Cook, IL)","Cook County, IL",Illinois,"1 (Tract 8, Champaign, IL)","8 (Champaign, IL)","Champaign County, IL",Illinois,private_auto,work,home,1900-01-01 13:42:00,1900-01-01 16:34:50,172,135.8,unknown_vehicle_type,other_non_bev,,,,multi_family,multi_family,retail,retail,11662279399222979283,673584353645873726,20.0,female,hispanic_or_latino_origin,not_in_labor_force,unemployed_under_16_not_in_labor_force,0.0,other_travel_mode,3.0,32052.0,one,core,not_working,several_units,not_attending_school,k_12,renter,english,"1 (Tract 1612, Cook, IL)","1612 (Cook, IL)","Cook County, IL",Illinois,Does not have work/school location,Does not have work/school location,Does not have work/school location,Does not have work/school location,18.0,28.040000000000003,13,Chicago2_ord,"9800 (Cook, IL)",1900-01-01 15:20:00.000000000,15,7.485714285714286,UIUC1,"3.01 (Champaign, IL)",12.18297435897436,70,95.48571428571428,10,140.22297435897434,172,3.0,81.48,1,0,0
2897458368602995208,"1 (Tract 9800, Cook, IL)","9800 (Cook, IL)","Cook County, IL",Illinois,"1 (Tract 3.01, Champaign, IL)","3.01 (Champaign, IL)","Champaign County, IL",Illinois,auto_passenger,home,eat,1900-01-01 17:16:55,1900-01-01 19:57:17,160,149.2,unknown_vehicle_type,unknown_fuel_type,,,,retail,retail,multi_family,multi_family,1052605635505605853,132722855095761019,19.0,female,hispanic_or_latino_origin,not_in_labor_force,unemployed_under_16_not_in_labor_force,0.0,other_travel_mode,2.0,6077.0,zero,core,not_working,multiple_units,undergraduate,some_college,renter,asian_pacific,"1 (Tract 3.01, Champaign, IL)","3.01 (Champaign, IL)","Champaign County, IL",Illinois,"1 (Tract 59.02, Champaign, IL)","59.02 (Champaign, IL)","Champaign County, IL",Illinois,18.866666666666667,15.279102842918903,17,Chicago2_ord,"9800 (Cook, IL)",1900-01-01 18:55:47.000000002,18,0.8979591836734694,UIUC1,"3.01 (Champaign, IL)",4.9543251374623924,70,89.76462585034014,10,120.2334279803813,160,3.0,89.52,1,0,0
8559422330527096884,"1 (Tract 9800, Cook, IL)","9800 (Cook, IL)","Cook County, IL",Illinois,"1 (Tract 3.01, Champaign, IL)","3.01 (Champaign, IL)","Champaign County, IL",Illinois,private_auto,home,social,1900-01-01 16:58:02,1900-01-01 19:41:29,163,149.4,unknown_vehicle_type,other_non_bev,,,,retail,retail,multi_family,multi_family,8725772531868429286,5462879995484568014,21.0,female,white_not_hispanic_or_latino,not_in_labor_force,unemployed_under_16_not_in_labor_force,0.0,other_travel_mode,3.0,0.0,two,core,not_working,multiple_units,undergraduate,some_college,renter,english,"1 (Tract 3.01, Champaign, IL)","3.01 (Champaign, IL)","Champaign County, IL",Illinois,"2 (Tract 59.02, Champaign, IL)","59.02 (Champaign, IL)","Champaign County, IL",Illinois,19.617511520737327,15.59445768162858,16,Chicago2_ord,"9800 (Cook, IL)",1900-01-01 18:37:39.050691242,18,0.8979591836734694,UIUC1,"3.01 (Champaign, IL)",4.9543251374623924,70,90.51547070441079,10,120.54878281909097,163,3.0,89.64,1,0,0
9288755809222011250,"1 (Tract 301.04, Cook, IL)","301.04 (Cook, IL)","Cook County, IL",Illinois,"1 (Tract 8, Champaign, IL)","8 (Champaign, IL)","Champaign County, IL",Illinois,private_auto,shop,home,1900-01-01 18:54:00,1900-01-01 21:20:34,146,143.8,unknown_vehicle_type,other_non_bev,,,,education,education,retail,retail,2916548034343720870,14332308799603520745,19.0,female,white_not_hispanic_or_latino,not_in_labor_force,unemployed_under_16_not_in_labor_force,0.0,other_travel_mode,1.0,0.0,unknown_num_vehicles,core,not_working,GQ_structure,undergraduate,some_college,GQ,GQ_language,"1 (Tract 301.04, Cook, IL)","301.04 (Cook, IL)","Cook County, IL",Illinois,Does not have work/school location,Does not have work/school location,Does not have work/school location,Does not have work/school location,41.333333333333336,40.315384615384616,18,Chicago2_ord,"9800 (Cook, IL)",1900-01-01 20:55:19.999999998,20,7.103448275862069,UIUC1,"3.01 (Champaign, IL)",12.022422634836428,70,118.4367816091954,10,152.33780725022106,146,3.0,86.28,1,0,0
16973894499265267069,"1 (Tract 301.04, Cook, IL)","301.04 (Cook, IL)","Cook County, IL",Illinois,"1 (Tract 3.01, Champaign, IL)","3.01 (Champaign, IL)","Champaign County, IL",Illinois,private_auto,eat,home,1900-01-01 14:15:00,1900-01-01 17:00:06,165,149.3,unknown_vehicle_type,other_non_bev,,,,multi_family,multi_family,retail,retail,887963051765265858,11249013415956694919,74.0,female,white_not_hispanic_or_latino,not_in_labor_force,unemployed_under_16_not_in_labor_force,119805.0,other_travel_mode,1.0,119805.0,one,core,not_working,multiple_units,not_attending_school,bachelors_degree,owner,indo_european,"1 (Tract 301.04, Cook, IL)","301.04 (Cook, IL)","Cook County, IL",Illinois,Does not have work/school location,Does not have work/school location,Does not have work/school location,Does not have work/school location,32.4,36.56338461538462,14,Chicago2_ord,"9800 (Cook, IL)",1900-01-01 16:07:24.000000000,16,0.9019607843137256,UIUC1,"3.01 (Champaign, IL)",4.9560058097313,70,103.30196078431374,10,141.51939042511592,165,3.0,89.58,0,1,0
521221078888768481,"1 (Tract 301.04, Cook, IL)","301.04 (Cook, IL)","Cook County, IL",Illinois,"1 (Tract 3.01, Champaign, IL)","3.01 (Champaign, IL)","Champaign County, IL",Illinois,auto_passenger,eat,home,1900-01-01 14:25:00,1900-01-01 17:11:52,166,143.7,unknown_vehicle_type,unknown_fuel_type,,,,multi_family,multi_family,retail,retail,1195808275076327731,1867823827179747134,50.0,female,hispanic_or_latino_origin,unemployed,unemployed_under_16_not_in_labor_force,3477.0,other_travel_mode,2.0,3477.0,zero,core,not_working,multiple_units,not_attending_school,k_12,renter,spanish,"1 (Tract 301.04, Cook, IL)","301.04 (Cook, IL)","Cook County, IL",Illinois,Does not have work/school location,Does not have work/school location,Does not have work/school location,Does not have work/school location,32.4,36.56338461538462,14,Chicago2_ord,"9800 (Cook, IL)",1900-01-01 16:17:24.000000000,16,0.9019607843137256,UIUC1,"3.01 (Champaign, IL)",4.9560058097313,70,103.30196078431374,10,141.51939042511592,166,3.0,86.21999999999998,1,0,0
5969781209030364520,"1 (Tract 301.04, Cook, IL)","301.04 (Cook, IL)","Cook County, IL",Illinois,"2 (Tract 59.02, Champaign, IL)","59.02 (Champaign, IL)","Champaign County, IL",Illinois,private_auto,shop,home,1900-01-01 20:24:00,1900-01-01 22:55:18,151,153.4,unknown_vehicle_type,electric,,,,multi_family,multi_family,retail,retail,1721173335430189436,7996186967640887636,81.0,male,white_not_hispanic_or_latino,not_in_labor_force,unemployed_under_16_not_in_labor_force,42889.0,other_travel_mode,2.0,386935.0,two,core,not_working,multiple_units,not_attending_school,k_12,owner,indo_european,"1 (Tract 301.04, Cook, IL)","301.04 (Cook, IL)","Cook County, IL",Illinois,Does not have work/school location,Does not have work/school location,Does not have work/school location,Does not have work/school location,24.25,33.14038461538462,20,Chicago2_ord,"9800 (Cook, IL)",1900-01-01 22:08:15.000000000,22,2.0,UIUC1,"3.01 (Champaign, IL)",5.9729686360320935,70,96.25,10,139.11335325141673,151,3.0,92.04,1,0,0
14694389054568571646,"1 (Tract 301.04, Cook, IL)","301.04 (Cook, IL)","Cook County, IL",Illinois,"2 (Tract 59.02, Champaign, IL)","59.02 (Champaign, IL)","Champaign County, IL",Illinois,private_auto,eat,home,1900-01-01 18:52:00,1900-01-01 21:30:49,158,144.5,unknown_vehicle_type,other_non_bev,,,,education,education,retail,retail,6983011380931216566,17969603691626380043,19.0,female,white_not_hispanic_or_latino,unemployed,unemployed_under_16_not_in_labor_force,11128.0,other_travel_mode,1.0,0.0,unknown_num_vehicles,core,naics72,GQ_structure,undergraduate,some_college,GQ,GQ_language,"1 (Tract 301.04, Cook, IL)","301.04 (Cook, IL)","Cook County, IL",Illinois,Does not have work/school location,Does not have work/school location,Does not have work/school location,Does not have work/school location,41.333333333333336,40.315384615384616,18,Chicago2_ord,"9800 (Cook, IL)",1900-01-01 20:53:19.999999998,20,1.625,UIUC1,"3.01 (Champaign, IL)",5.815468636032094,70,112.95833333333334,10,146.13085325141674,158,3.0,86.7,1,0,0
8159721628000728316,"1 (Tract 301.04, Cook, IL)","301.04 (Cook, IL)","Cook County, IL",Illinois,"2 (Tract 4.02, Champaign, IL)","4.02 (Champaign, IL)","Champaign County, IL",Illinois,auto_passenger,social,home,1900-01-01 21:48:00,1900-01-01 00:15:11,147,144.0,unknown_vehicle_type,unknown_fuel_type,,,,multi_family,multi_family,single_family,single_family,1556084347952726859,5001878813113693847,21.0,female,white_not_hispanic_or_latino,not_in_labor_force,unemployed_under_16_not_in_labor_force,0.0,other_travel_mode,3.0,0.0,one,core,not_working,multiple_units,undergraduate,some_college,renter,english,"1 (Tract 301.04, Cook, IL)","301.04 (Cook, IL)","Cook County, IL",Illinois,Does not have work/school location,Does not have work/school location,Does not have work/school location,Does not have work/school location,24.5,33.245384615384616,21,Chicago2_ord,"9800 (Cook, IL)",1900-01-01 23:32:30.000000000,23,1.4583333333333333,UIUC1,"3.01 (Champaign, IL)",5.548371687587169,70,95.95833333333333,10,138.7937563029718,147,3.0,86.39999999999999,1,0,0
5905597672521429811,"1 (Tract 301.04, Cook, IL)","301.04 (Cook, IL)","Cook County, IL",Illinois,"2 (Tract 59.02, Champaign, IL)","59.02 (Champaign, IL)","Champaign County, IL",Illinois,private_auto,eat,home,1900-01-01 21:47:00,1900-01-01 00:19:57,152,153.3,unknown_vehicle_type,other_non_bev,,,,multi_family,multi_family,retail,retail,1408430004570603540,11453774523481595538,83.0,female,asian_not_hispanic_or_latino,not_in_labor_force,unemployed_under_16_not_in_labor_force,6117.0,other_travel_mode,2.0,97873.0,one,core,not_working,multiple_units,not_attending_school,bachelors_degree,owner,asian_pacific,"1 (Tract 301.04, Cook, IL)","301.04 (Cook, IL)","Cook County, IL",Illinois,Does not have work/school location,Does not have work/school location,Does not have work/school location,Does not have work/school location,24.5,33.245384615384616,21,Chicago2_ord,"9800 (Cook, IL)",1900-01-01 23:31:30.000000000,23,1.4285714285714286,UIUC1,"3.01 (Champaign, IL)",5.732968636032093,70,95.92857142857143,10,138.9783532514167,152,3.0,91.98,1,0,0
2033696639837811756,"1 (Tract 301.04, Cook, IL)","301.04 (Cook, IL)","Cook County, IL",Illinois,"1 (Tract 8, Champaign, IL)","8 (Champaign, IL)","Champaign County, IL",Illinois,auto_passenger,shop,home,1900-01-01 22:22:00,1900-01-01 00:45:30,143,143.9,unknown_vehicle_type,unknown_fuel_type,,,,multi_family,multi_family,retail,retail,3838036169445596088,9724484365396608190,50.0,female,hispanic_or_latino_origin,unemployed,unemployed_under_16_not_in_labor_force,3477.0,other_travel_mode,2.0,3477.0,zero,core,not_working,multiple_units,not_attending_school,k_12,renter,spanish,"1 (Tract 301.04, Cook, IL)","301.04 (Cook, IL)","Cook County, IL",Illinois,Does not have work/school location,Does not have work/school location,Does not have work/school location,Does not have work/school location,23.25,32.72038461538462,22,Chicago2_ord,"9800 (Cook, IL)",1900-01-02 00:05:15.000000000,0,7.0,UIUC1,"3.01 (Champaign, IL)",11.978974358974359,70,100.25,10,144.69935897435897,143,3.0,86.34,1,0,0
7808492067929444184,"1 (Tract 301.04, Cook, IL)","301.04 (Cook, IL)","Cook County, IL",Illinois,"1 (Tract 3.01, Champaign, IL)","3.01 (Champaign, IL)","Champaign County, IL",Illinois,private_auto,social,home,1900-01-01 19:34:18,1900-01-01 22:03:19,149,149.3,unknown_vehicle_type,other_non_bev,,,,education,education,retail,retail,202829363249329437,3317380520888412353,64.0,female,white_not_hispanic_or_latino,not_in_labor_force,unemployed_under_16_not_in_labor_force,30022.0,other_travel_mode,1.0,0.0,unknown_num_vehicles,core,not_working,GQ_structure,not_attending_school,some_college,GQ,GQ_language,"1 (Tract 301.04, Cook, IL)","301.04 (Cook, IL)","Cook County, IL",Illinois,Does not have work/school location,Does not have work/school location,Does not have work/school location,Does not have work/school location,24.0,33.035384615384615,19,Chicago2_ord,"9800 (Cook, IL)",1900-01-01 21:18:18.000000000,21,1.1777777777777778,UIUC1,"3.01 (Champaign, IL)",5.0718489469862025,70,95.17777777777778,10,138.1072335623708,149,3.0,89.58,1,0,0
1346252413889755497,"1 (Tract 301.04, Cook, IL)","301.04 (Cook, IL)","Cook County, IL",Illinois,"1 (Tract 8, Champaign, IL)","8 (Champaign, IL)","Champaign County, IL",Illinois,auto_passenger,shop,home,1900-01-01 19:24:21,1900-01-01 21:48:33,144,143.2,unknown_vehicle_type,unknown_fuel_type,,,,multi_family,multi_family,retail,retail,4273414327219949409,17987631575844391248,21.0,male,asian_not_hispanic_or_latino,not_in_labor_force,unemployed_under_16_not_in_labor_force,0.0,other_travel_mode,4.0,15292.0,zero,core,not_working,multiple_units,graduate,bachelors_degree,owner,indo_european,"1 (Tract 301.04, Cook, IL)","301.04 (Cook, IL)","Cook County, IL",Illinois,Does not have work/school location,Does not have work/school location,Does not have work/school location,Does not have work/school location,24.0,33.035384615384615,19,Chicago2_ord,"9800 (Cook, IL)",1900-01-01 21:08:21.000000000,21,7.151515151515151,UIUC1,"3.01 (Champaign, IL)",12.042610722610721,70,101.15151515151516,10,145.07799533799533,144,3.0,85.91999999999999,1,0,0
10432810518132041229,"1 (Tract 301.04, Cook, IL)","301.04 (Cook, IL)","Cook County, IL",Illinois,"1 (Tract 8, Champaign, IL)","8 (Champaign, IL)","Champaign County, IL",Illinois,private_auto,eat,home,1900-01-01 14:17:00,1900-01-01 17:00:40,163,143.1,unknown_vehicle_type,other_non_bev,,,,education,education,retail,retail,485734818686738566,9181626129044608331,19.0,male,white_not_hispanic_or_latino,not_in_labor_force,unemployed_under_16_not_in_labor_force,0.0,other_travel_mode,1.0,0.0,unknown_num_vehicles,core,not_working,GQ_structure,undergraduate,some_college,GQ,GQ_language,"1 (Tract 301.04, Cook, IL)","301.04 (Cook, IL)","Cook County, IL",Illinois,Does not have work/school location,Does not have work/school location,Does not have work/school location,Does not have work/school location,32.4,36.56338461538462,14,Chicago2_ord,"9800 (Cook, IL)",1900-01-01 16:09:24.000000000,16,7.6068376068376065,UIUC1,"3.01 (Champaign, IL)",12.233846153846155,70,110.0068376068376,10,148.79723076923077,163,3.0,85.86,1,0,0
8047810576032417161,"1 (Tract 301.04, Cook, IL)","301.04 (Cook, IL)","Cook County, IL",Illinois,"2 (Tract 59.02, Champaign, IL)","59.02 (Champaign, IL)","Champaign County, IL",Illinois,private_auto,eat,home,1900-01-01 12:47:00,1900-01-01 15:32:05,165,153.1,unknown_vehicle_type,other_non_bev,,,,multi_family,multi_family,retail,retail,1408430004570603540,11453774523481595538,83.0,female,asian_not_hispanic_or_latino,not_in_labor_force,unemployed_under_16_not_in_labor_force,6117.0,other_travel_mode,2.0,97873.0,one,core,not_working,multiple_units,not_attending_school,bachelors_degree,owner,asian_pacific,"1 (Tract 301.04, Cook, IL)","301.04 (Cook, IL)","Cook County, IL",Illinois,Does not have work/school location,Does not have work/school location,Does not have work/school location,Does not have work/school location,32.666666666666664,36.675384615384615,12,Chicago2_ord,"9800 (Cook, IL)",1900-01-01 14:39:40.000000002,14,2.1451612903225805,UIUC1,"3.01 (Champaign, IL)",6.033936377967577,70,104.81182795698923,10,142.70932099335218,165,3.0,91.86,1,0,0
16585951536945284852,"1 (Tract 301.04, Cook, IL)","301.04 (Cook, IL)","Cook County, IL",Illinois,"1 (Tract 3.01, Champaign, IL)","3.01 (Champaign, IL)","Champaign County, IL",Illinois,private_auto,eat,home,1900-01-01 21:56:00,1900-01-01 00:22:39,146,143.9,unknown_vehicle_type,other_non_bev,,,,education,education,retail,retail,485734818686738566,9181626129044608331,19.0,male,white_not_hispanic_or_latino,not_in_labor_force,unemployed_under_16_not_in_labor_force,0.0,other_travel_mode,1.0,0.0,unknown_num_vehicles,core,not_working,GQ_structure,undergraduate,some_college,GQ,GQ_language,"1 (Tract 301.04, Cook, IL)","301.04 (Cook, IL)","Cook County, IL",Illinois,Does not have work/school location,Does not have work/school location,Does not have work/school location,Does not have work/school location,24.5,33.245384615384616,21,Chicago2_ord,"9800 (Cook, IL)",1900-01-01 23:40:30.000000000,23,1.0714285714285714,UIUC1,"3.01 (Champaign, IL)",5.027182280319535,70,95.57142857142857,10,138.27256689570413,146,3.0,86.34,1,0,0
7900230593382643177,"1 (Tract 301.04, Cook, IL)","301.04 (Cook, IL)","Cook County, IL",Illinois,"1 (Tract 59.01, Champaign, IL)","59.01 (Champaign, IL)","Champaign County, IL",Illinois,auto_passenger,eat,home,1900-01-01 14:22:00,1900-01-01 17:09:32,167,144.4,unknown_vehicle_type,unknown_fuel_type,,,,multi_family,multi_family,retail,retail,3838036169445596088,9724484365396608190,50.0,female,hispanic_or_latino_origin,unemployed,unemployed_under_16_not_in_labor_force,3477.0,other_travel_mode,2.0,3477.0,zero,core,not_working,multiple_units,not_attending_school,k_12,renter,spanish,"1 (Tract 301.04, Cook, IL)","301.04 (Cook, IL)","Cook County, IL",Illinois,Does not have work/school location,Does not have work/school location,Does not have work/school location,Does not have work/school location,32.4,36.56338461538462,14,Chicago2_ord,"9800 (Cook, IL)",1900-01-01 16:14:24.000000000,16,2.571428571428572,UIUC1,"3.01 (Champaign, IL)",6.723252336448598,70,104.97142857142858,10,143.28663695183323,167,3.0,86.64,1,0,0
11917716864459022323,"1 (Tract 301.04, Cook, IL)","301.04 (Cook, IL)","Cook County, IL",Illinois,"2 (Tract 59.02, Champaign, IL)","59.02 (Champaign, IL)","Champaign County, IL",Illinois,private_auto,eat,home,1900-01-01 17:11:00,1900-01-01 19:49:54,158,153.0,unknown_vehicle_type,other_non_bev,,,,education,education,retail,retail,17072376994021554911,5038586320308291952,66.0,female,white_not_hispanic_or_latino,not_in_labor_force,unemployed_under_16_not_in_labor_force,11010.0,other_travel_mode,1.0,0.0,unknown_num_vehicles,core,not_working,GQ_structure,not_attending_school,advanced_degree,GQ,GQ_language,"1 (Tract 301.04, Cook, IL)","301.04 (Cook, IL)","Cook County, IL",Illinois,Does not have work/school location,Does not have work/school location,Does not have work/school location,Does not have work/school location,27.666666666666668,34.57538461538462,17,Chicago2_ord,"9800 (Cook, IL)",1900-01-01 18:58:40.000000002,18,1.984496124031008,UIUC1,"3.01 (Champaign, IL)",5.966457008125117,70,99.65116279069768,10,140.54184162350973,158,3.0,91.8,1,0,0
2371233718848643319,"1 (Tract 301.04, Cook, IL)","301.04 (Cook, IL)","Cook County, IL",Illinois,"2 (Tract 14, Champaign, IL)","14 (Champaign, IL)","Champaign County, IL",Illinois,private_auto,recreation,home,1900-01-01 12:54:00,1900-01-01 15:39:59,165,149.5,unknown_vehicle_type,other_non_bev,,,,multi_family,multi_family,non_retail_attraction,non_retail_attraction,7265560390376076290,10850735839046387111,21.0,female,white_not_hispanic_or_latino,not_in_labor_force,unemployed_under_16_not_in_labor_force,0.0,other_travel_mode,3.0,0.0,one,core,not_working,multiple_units,undergraduate,some_college,renter,english,"1 (Tract 301.04, Cook, IL)","301.04 (Cook, IL)","Cook County, IL",Illinois,Does not have work/school location,Does not have work/school location,Does not have work/school location,Does not have work/school location,32.666666666666664,36.675384615384615,12,Chicago2_ord,"9800 (Cook, IL)",1900-01-01 14:46:40.000000002,14,2.9444444444444446,UIUC1,"3.01 (Champaign, IL)",7.445194391332059,70,105.6111111111111,10,144.12057900671667,165,3.0,89.7,1,0,0
4437924128661611043,"1 (Tract 301.04, Cook, IL)","301.04 (Cook, IL)","Cook County, IL",Illinois,"1 (Tract 3.01, Champaign, IL)","3.01 (Champaign, IL)","Champaign County, IL",Illinois,private_auto,social,home,1900-01-01 12:55:00,1900-01-01 15:38:59,163,149.3,unknown_vehicle_type,other_non_bev,,,,multi_family,multi_family,retail,retail,1556084347952726859,5001878813113693847,21.0,female,white_not_hispanic_or_latino,not_in_labor_force,unemployed_under_16_not_in_labor_force,0.0,other_travel_mode,3.0,0.0,one,core,not_working,multiple_units,undergraduate,some_college,renter,english,"1 (Tract 301.04, Cook, IL)","301.04 (Cook, IL)","Cook County, IL",Illinois,Does not have work/school location,Does not have work/school location,Does not have work/school location,Does not have work/school location,32.666666666666664,36.675384615384615,12,Chicago2_ord,"9800 (Cook, IL)",1900-01-01 14:47:40.000000002,14,0.9285714285714286,UIUC1,"3.01 (Champaign, IL)",4.967182280319536,70,103.59523809523809,10,141.64256689570416,163,3.0,89.58,1,0,0
15619300457948876569,"1 (Tract 301.04, Cook, IL)","301.04 (Cook, IL)","Cook County, IL",Illinois,"1 (Tract 3.01, Champaign, IL)","3.01 (Champaign, IL)","Champaign County, IL",Illinois,private_auto,shop,home,1900-01-01 21:34:00,1900-01-01 00:01:29,147,149.4,unknown_vehicle_type,other_non_bev,,,,multi_family,multi_family,retail,retail,815729106753912053,14634369183928095416,33.0,female,asian_not_hispanic_or_latino,not_in_labor_force,unemployed_under_16_not_in_labor_force,65648.0,other_travel_mode,2.0,151122.0,two,core,not_working,single_family,undergraduate,some_college,owner,asian_pacific,"1 (Tract 301.04, Cook, IL)","301.04 (Cook, IL)","Cook County, IL",Illinois,Does not have work/school location,Does not have work/school location,Does not have work/school location,Does not have work/school location,24.5,33.245384615384616,21,Chicago2_ord,"9800 (Cook, IL)",1900-01-01 23:18:30.000000000,23,1.0714285714285714,UIUC1,"3.01 (Champaign, IL)",5.027182280319535,70,95.57142857142857,10,138.27256689570413,147,3.0,89.64,0,1,0
4975035070394602097,"1 (Tract 9800, Cook, IL)","9800 (Cook, IL)","Cook County, IL",Illinois,"1 (Tract 4.01, Champaign, IL)","4.01 (Champaign, IL)","Champaign County, IL",Illinois,private_auto,home,social,1900-01-01 18:30:42,1900-01-01 21:28:00,177,154.6,unknown_vehicle_type,other_non_bev,,,,retail,retail,education,education,12890799663923232070,12840934707937501137,19.0,female,hispanic_or_latino_origin,not_in_labor_force,unemployed_under_16_not_in_labor_force,0.0,other_travel_mode,1.0,0.0,unknown_num_vehicles,core,not_working,GQ_structure,undergraduate,some_college,GQ,GQ_language,"1 (Tract 4.01, Champaign, IL)","4.01 (Champaign, IL)","Champaign County, IL",Illinois,"2 (Tract 111, Champaign, IL)","111 (Champaign, IL)","Champaign County, IL",Illinois,21.051987767584095,16.196937705304222,18,Chicago2_ord,"9800 (Cook, IL)",1900-01-01 20:11:45.119266056,20,1.0256410256410255,UIUC1,"3.01 (Champaign, IL)",5.00907729142366,70,92.07762879322512,10,121.20601499672789,177,3.0,92.75999999999999,1,0,0
12471392386350123848,"1 (Tract 1003, Cook, IL)","1003 (Cook, IL)","Cook County, IL",Illinois,"2 (Tract 59.02, Champaign, IL)","59.02 (Champaign, IL)","Champaign County, IL",Illinois,private_auto,shop,work,1900-01-01 19:00:00,1900-01-01 21:32:09,152,142.4,,,,,,education,education,retail,retail,17489561701085670813,18370175923685088269,18.0,female,white_not_hispanic_or_latino,not_in_labor_force,unemployed_under_16_not_in_labor_force,0.0,other_travel_mode,5.0,167871.0,two,core,not_working,single_family,school,k_12,owner,english,"2 (Tract 1002, Cook, IL)","1002 (Cook, IL)","Cook County, IL",Illinois,"1 (Tract 1003, Cook, IL)","1003 (Cook, IL)","Cook County, IL",Illinois,24.666666666666668,24.435999999999996,19,Chicago2_ord,"9800 (Cook, IL)",1900-01-01 20:44:40.000000002,20,1.625,UIUC1,"3.01 (Champaign, IL)",5.815468636032094,70,96.29166666666667,10,130.2514686360321,152,3.0,85.44,1,0,0
17743591304110363503,"1 (Tract 9800, Cook, IL)","9800 (Cook, IL)","Cook County, IL",Illinois,"1 (Tract 56.02, Champaign, IL)","56.02 (Champaign, IL)","Champaign County, IL",Illinois,private_auto,recreation,eat,1900-01-01 11:01:26,1900-01-01 13:34:06,152,153.7,unknown_vehicle_type,other_non_bev,,,,retail,retail,open_space,open_space,18050241856210901504,3346993937556020751,50.0,male,white_not_hispanic_or_latino,not_in_labor_force,unemployed_under_16_not_in_labor_force,11594.0,other_travel_mode,4.0,71858.0,three_plus,core,not_working,single_family,not_attending_school,bachelors_degree,owner,english,"2 (Tract 108, Champaign, IL)","108 (Champaign, IL)","Champaign County, IL",Illinois,Does not have work/school location,Does not have work/school location,Does not have work/school location,Does not have work/school location,21.22671568627451,16.270323431154196,11,Chicago2_ord,"9800 (Cook, IL)",1900-01-01 12:42:39.602941178,12,8.333333333333334,UIUC1,"3.01 (Champaign, IL)",13.97808695652174,70,99.56004901960783,10,130.24841038767593,152,3.0,92.21999999999998,1,0,0
3752136723137797160,"1 (Tract 9800, Cook, IL)","9800 (Cook, IL)","Cook County, IL",Illinois,"2 (Tract 11, Champaign, IL)","11 (Champaign, IL)","Champaign County, IL",Illinois,private_auto,home,other_activity_type,1900-01-01 18:12:02,1900-01-01 21:07:06,175,149.0,unknown_vehicle_type,other_non_bev,,,,transportation_utilities,transportation_utilities,single_family,single_family,11781346758661979771,57282421859419827,70.0,male,white_not_hispanic_or_latino,not_in_labor_force,unemployed_under_16_not_in_labor_force,18778.0,other_travel_mode,2.0,36862.0,two,core,not_working,single_family,not_attending_school,some_college,owner,english,"2 (Tract 11, Champaign, IL)","11 (Champaign, IL)","Champaign County, IL",Illinois,Does not have work/school location,Does not have work/school location,Does not have work/school location,Does not have work/school location,21.051987767584095,16.196937705304222,18,Chicago2_ord,"9800 (Cook, IL)",1900-01-01 19:53:05.119266056,19,4.714285714285714,UIUC1,"3.01 (Champaign, IL)",9.371588785046729,70,95.7662734818698,10,125.56852649035095,175,3.0,89.39999999999999,1,0,0
5761551538589325001,"1 (Tract 9800, Cook, IL)","9800 (Cook, IL)","Cook County, IL",Illinois,"2 (Tract 11, Champaign, IL)","11 (Champaign, IL)","Champaign County, IL",Illinois,private_auto,home,social,1900-01-01 14:57:54,1900-01-01 17:58:49,180,152.4,unknown_vehicle_type,other_non_bev,,,,retail,retail,single_family,single_family,11623238602288477634,6017473154606771272,49.0,male,white_not_hispanic_or_latino,not_in_labor_force,unemployed_under_16_not_in_labor_force,9767.0,other_travel_mode,5.0,115042.0,three_plus,core,not_working,single_family,not_attending_school,k_12,owner,english,"2 (Tract 11, Champaign, IL)","11 (Champaign, IL)","Champaign County, IL",Illinois,Does not have work/school location,Does not have work/school location,Does not have work/school location,Does not have work/school location,21.21005917159763,16.263327694989908,14,Chicago2_ord,"9800 (Cook, IL)",1900-01-01 16:39:06.603550296,16,4.518518518518518,UIUC1,"3.01 (Champaign, IL)",9.289366562824506,70,95.72857769011615,10,125.55269425781442,180,3.0,91.44,1,0,0
4790219698857859173,"7 (Tract 1503, Cook, IL)","1503 (Cook, IL)","Cook County, IL",Illinois,"2 (Tract 14, Champaign, IL)","14 (Champaign, IL)","Champaign County, IL",Illinois,private_auto,home,shop,1900-01-01 00:08:55,1900-01-01 02:29:13,140,145.1,unknown_vehicle_type,other_non_bev,,,,retail,retail,education,education,7234048971158297848,9809739024182794738,18.0,female,white_not_hispanic_or_latino,not_in_labor_force,unemployed_under_16_not_in_labor_force,0.0,other_travel_mode,1.0,0.0,unknown_num_vehicles,core,not_working,GQ_structure,undergraduate,some_college,GQ,GQ_language,"2 (Tract 14, Champaign, IL)","14 (Champaign, IL)","Champaign County, IL",Illinois,Does not have work/school location,Does not have work/school location,Does not have work/school location,Does not have work/school location,13.0,24.36333333333333,0,Chicago2_ord,"9800 (Cook, IL)",1900-01-01 01:41:55.000000000,1,3.6666666666666665,UIUC1,"3.01 (Champaign, IL)",7.748527724665393,70,86.66666666666667,10,132.1118610579987,140,3.0,87.05999999999999,1,0,0
2377364856570651699,"1 (Tract 1105.02, Cook, IL)","1105.02 (Cook, IL)","Cook County, IL",Illinois,"3 (Tract 13.02, Champaign, IL)","13.02 (Champaign, IL)","Champaign County, IL",Illinois,auto_passenger,work,eat,1900-01-01 12:28:00,1900-01-01 14:59:04,151,149.8,unknown_vehicle_type,unknown_fuel_type,,,,mixed_use,retail,office,office,1091539134640599208,9722684996361579562,47.0,female,white_not_hispanic_or_latino,not_in_labor_force,unemployed_under_16_not_in_labor_force,10961.0,other_travel_mode,2.0,92468.0,zero,core,not_working,single_family,not_attending_school,high_school,owner,english,"2 (Tract 1502, Cook, IL)","1502 (Cook, IL)","Cook County, IL",Illinois,Does not have work/school location,Does not have work/school location,Does not have work/school location,Does not have work/school location,16.625,24.624318181818182,12,Chicago2_ord,"9800 (Cook, IL)",1900-01-01 14:04:37.500000000,14,7.266666666666667,UIUC1,"3.01 (Champaign, IL)",12.555319502074688,70,93.89166666666667,10,137.17963768389288,151,3.0,89.88000000000001,1,0,0
12408474185261455228,"2 (Tract 1502, Cook, IL)","1502 (Cook, IL)","Cook County, IL",Illinois,"3 (Tract 13.02, Champaign, IL)","13.02 (Champaign, IL)","Champaign County, IL",Illinois,private_auto,work,home,1900-01-01 15:51:34,1900-01-01 18:30:21,158,153.8,unknown_vehicle_type,other_non_bev,,,,single_family,single_family,office,office,590315063515099220,7612140043108546608,18.0,female,hispanic_or_latino_origin,unemployed,unemployed_under_16_not_in_labor_force,0.0,other_travel_mode,4.0,96266.0,one,core,not_working,single_family,school,k_12,renter,spanish,"2 (Tract 1502, Cook, IL)","1502 (Cook, IL)","Cook County, IL",Illinois,Does not have work/school location,Does not have work/school location,Does not have work/school location,Does not have work/school location,16.5,26.796666666666663,15,Chicago2_ord,"9800 (Cook, IL)",1900-01-01 17:28:04.000000000,17,7.115384615384615,UIUC1,"3.01 (Champaign, IL)",12.491781040536228,70,93.61538461538461,10,139.2884477072029,158,3.0,92.28,1,0,0
5338126314863660119,"2 (Tract 1502, Cook, IL)","1502 (Cook, IL)","Cook County, IL",Illinois,"3 (Tract 13.02, Champaign, IL)","13.02 (Champaign, IL)","Champaign County, IL",Illinois,private_auto,work,home,1900-01-01 09:29:00,1900-01-01 12:19:33,170,143.3,unknown_vehicle_type,other_non_bev,,,,single_family,single_family,office,office,590315063515099220,7612140043108546608,18.0,female,hispanic_or_latino_origin,unemployed,unemployed_under_16_not_in_labor_force,0.0,other_travel_mode,4.0,96266.0,one,core,not_working,single_family,school,k_12,renter,spanish,"2 (Tract 1502, Cook, IL)","1502 (Cook, IL)","Cook County, IL",Illinois,Does not have work/school location,Does not have work/school location,Does not have work/school location,Does not have work/school location,15.75,26.481666666666666,9,Chicago2_ord,"9800 (Cook, IL)",1900-01-01 11:04:45.000000000,11,7.4,UIUC1,"3.01 (Champaign, IL)",12.61131950207469,70,93.15,10,139.09298616874136,170,3.0,85.98,1,0,0
2427696427875573583,"3 (Tract 1906.01, Cook, IL)","1906.01 (Cook, IL)","Cook County, IL",Illinois,"2 (Tract 14, Champaign, IL)","14 (Champaign, IL)","Champaign County, IL",Illinois,private_auto,recreation,social,1900-01-01 11:27:00,1900-01-01 13:57:39,150,144.5,unknown_vehicle_type,other_non_bev,,,,multi_family,multi_family,non_retail_attraction,non_retail_attraction,4351329852465340364,1623685241539452520,16.0,female,hispanic_or_latino_origin,not_in_labor_force,unemployed_under_16_not_in_labor_force,0.0,other_travel_mode,5.0,86127.0,three_plus,core,not_working,single_family,school,k_12,owner,spanish,"2 (Tract 1711, Cook, IL)","1711 (Cook, IL)","Cook County, IL",Illinois,Does not have work/school location,Does not have work/school location,Does not have work/school location,Does not have work/school location,18.0,27.61698113207547,11,Chicago2_ord,"9800 (Cook, IL)",1900-01-01 13:05:00.000000000,13,3.213483146067416,UIUC1,"3.01 (Champaign, IL)",7.558190646013707,70,91.21348314606742,10,135.17517177808918,150,3.0,86.7,1,0,0
663210534171621801,"1 (Tract 9800, Cook, IL)","9800 (Cook, IL)","Cook County, IL",Illinois,"2 (Tract 3.01, Champaign, IL)","3.01 (Champaign, IL)","Champaign County, IL",Illinois,auto_passenger,home,eat,1900-01-01 20:52:17,1900-01-01 23:15:03,142,148.9,unknown_vehicle_type,unknown_fuel_type,,,,retail,retail,multi_family,multi_family,11448038420203391030,8716914467461735427,22.0,male,asian_not_hispanic_or_latino,not_in_labor_force,unemployed_under_16_not_in_labor_force,14492.0,other_travel_mode,1.0,14492.0,zero,core,naics52,multiple_units,undergraduate,high_school,renter,english,"2 (Tract 3.01, Champaign, IL)","3.01 (Champaign, IL)","Champaign County, IL",Illinois,"1 (Tract 59.01, Champaign, IL)","59.01 (Champaign, IL)","Champaign County, IL",Illinois,21.420289855072465,16.35162458204934,20,Chicago2_ord,"9800 (Cook, IL)",1900-01-01 22:33:42.217391306,22,1.0,UIUC1,"3.01 (Champaign, IL)",4.997182280319535,70,92.42028985507247,10,121.34880686236887,142,3.0,89.34,1,0,0
6598949394714639292,"1 (Tract 9800, Cook, IL)","9800 (Cook, IL)","Cook County, IL",Illinois,"2 (Tract 3.02, Champaign, IL)","3.02 (Champaign, IL)","Champaign County, IL",Illinois,auto_passenger,home,other_activity_type,1900-01-01 09:49:03,1900-01-01 12:14:01,144,148.4,unknown_vehicle_type,unknown_fuel_type,,,,transportation_utilities,transportation_utilities,multi_family,multi_family,9355893484790127095,2715137711630354243,48.0,male,white_not_hispanic_or_latino,not_in_labor_force,unemployed_under_16_not_in_labor_force,0.0,other_travel_mode,1.0,0.0,one,core,not_working,multiple_units,graduate,advanced_degree,renter,english,"2 (Tract 3.02, Champaign, IL)","3.02 (Champaign, IL)","Champaign County, IL",Illinois,Does not have work/school location,Does not have work/school location,Does not have work/school location,Does not have work/school location,22.4282982791587,16.774988120165556,9,Chicago2_ord,"9800 (Cook, IL)",1900-01-01 11:31:28.697896752,11,1.0434782608695652,UIUC1,"3.01 (Champaign, IL)",5.156215981784669,70,93.47177654002826,10,121.93120410195023,144,3.0,89.04,1,0,0
18342744494890871007,"1 (Tract 1612, Cook, IL)","1612 (Cook, IL)","Cook County, IL",Illinois,"4 (Tract 56.01, Champaign, IL)","56.01 (Champaign, IL)","Champaign County, IL",Illinois,auto_passenger,social,social,1900-01-01 13:14:00,1900-01-01 16:05:55,171,145.3,unknown_vehicle_type,unknown_fuel_type,,,,multi_family,multi_family,single_family,single_family,3362047638566696648,3514079952537601523,34.0,male,black_not_hispanic_or_latino,not_in_labor_force,unemployed_under_16_not_in_labor_force,0.0,other_travel_mode,1.0,0.0,two,core,not_working,single_family,not_attending_school,no_school,renter,english,"2 (Tract 7, Champaign, IL)","7 (Champaign, IL)","Champaign County, IL",Illinois,Does not have work/school location,Does not have work/school location,Does not have work/school location,Does not have work/school location,18.0,28.040000000000003,13,Chicago2_ord,"9800 (Cook, IL)",1900-01-01 14:52:00.000000000,14,6.055555555555555,UIUC1,"3.01 (Champaign, IL)",10.910286123032904,70,94.05555555555556,10,138.9502861230329,171,3.0,87.18,1,0,0
6915667238999584503,"1 (Tract 9800, Cook, IL)","9800 (Cook, IL)","Cook County, IL",Illinois,"3 (Tract 8, Champaign, IL)","8 (Champaign, IL)","Champaign County, IL",Illinois,auto_passenger,eat,region_arrival,1900-01-01 14:51:00,1900-01-01 17:26:55,155,148.0,unknown_vehicle_type,unknown_fuel_type,,,,transportation_utilities,transportation_utilities,retail,retail,3202252003040108782,10782672240661440086,28.0,male,white_not_hispanic_or_latino,not_in_labor_force,unemployed_under_16_not_in_labor_force,59357.0,other_travel_mode,2.0,148392.0,zero,core,naics21,multiple_units,not_attending_school,advanced_degree,owner,indo_european,"2 (Tract 810, Cook, IL)","810 (Cook, IL)","Cook County, IL",Illinois,Does not have work/school location,Does not have work/school location,Does not have work/school location,Does not have work/school location,21.21005917159763,16.263327694989908,14,Chicago2_ord,"9800 (Cook, IL)",1900-01-01 16:32:12.603550296,16,7.6068376068376065,UIUC1,"3.01 (Champaign, IL)",12.233846153846155,70,98.81689677843524,10,128.49717384883607,155,3.0,88.8,0,1,0
1398722626196008672,"1 (Tract 9800, Cook, IL)","9800 (Cook, IL)","Cook County, IL",Illinois,"1 (Tract 58, Champaign, IL)","58 (Champaign, IL)","Champaign County, IL",Illinois,private_auto,social,other_activity_type,1900-01-01 14:11:00,1900-01-01 16:46:10,155,149.6,unknown_vehicle_type,other_non_bev,,,,transportation_utilities,transportation_utilities,single_family,single_family,16889702832328210060,13347816891776380223,29.0,male,white_not_hispanic_or_latino,unemployed,unemployed_under_16_not_in_labor_force,60385.0,other_travel_mode,3.0,103863.0,one,core,naics56,single_family,not_attending_school,some_college,renter,spanish,"2 (Tract 8615.09, Lake, IL)","8615.09 (Lake, IL)","Lake County, IL",Illinois,Does not have work/school location,Does not have work/school location,Does not have work/school location,Does not have work/school location,21.21005917159763,16.263327694989908,14,Chicago2_ord,"9800 (Cook, IL)",1900-01-01 15:52:12.603550296,15,3.3684210526315788,UIUC1,"3.01 (Champaign, IL)",7.598303107165504,70,94.57848022422921,10,123.86163080215542,155,3.0,89.75999999999999,0,1,0
6727518436555842129,"1 (Tract 9800, Cook, IL)","9800 (Cook, IL)","Cook County, IL",Illinois,"2 (Tract 55, Champaign, IL)","55 (Champaign, IL)","Champaign County, IL",Illinois,private_auto,shop,region_arrival,1900-01-01 17:13:00,1900-01-01 20:10:19,177,151.6,unknown_vehicle_type,other_non_bev,,,,transportation_utilities,transportation_utilities,retail,retail,5569330081592008009,17025567370391175104,39.0,male,white_not_hispanic_or_latino,not_in_labor_force,unemployed_under_16_not_in_labor_force,8114.0,other_travel_mode,4.0,32457.0,two,core,not_working,single_family,not_attending_school,high_school,owner,english,"3 (Tract 124, Kankakee, IL)","124 (Kankakee, IL)","Kankakee County, IL",Illinois,Does not have work/school location,Does not have work/school location,Does not have work/school location,Does not have work/school location,18.866666666666667,15.279102842918903,17,Chicago2_ord,"9800 (Cook, IL)",1900-01-01 18:51:52.000000002,18,6.0,UIUC1,"3.01 (Champaign, IL)",10.747573964497041,70,94.86666666666667,10,126.02667680741594,177,3.0,90.96,1,0,0
8326932671261880880,"1 (Tract 9800, Cook, IL)","9800 (Cook, IL)","Cook County, IL",Illinois,"2 (Tract 55, Champaign, IL)","55 (Champaign, IL)","Champaign County, IL",Illinois,auto_passenger,shop,region_arrival,1900-01-01 18:41:00,1900-01-01 21:11:46,150,154.0,unknown_vehicle_type,unknown_fuel_type,,,,transportation_utilities,transportation_utilities,office,office,1782921629538302622,9896798040451335673,61.0,male,white_not_hispanic_or_latino,not_in_labor_force,unemployed_under_16_not_in_labor_force,89035.0,other_travel_mode,3.0,140723.0,three_plus,core,naics53,single_family,not_attending_school,some_college,owner,english,"3 (Tract 124, Kankakee, IL)","124 (Kankakee, IL)","Kankakee County, IL",Illinois,Does not have work/school location,Does not have work/school location,Does not have work/school location,Does not have work/school location,21.051987767584095,16.196937705304222,18,Chicago2_ord,"9800 (Cook, IL)",1900-01-01 20:22:03.119266056,20,5.8,UIUC1,"3.01 (Champaign, IL)",10.66357396449704,70,96.85198776758409,10,126.86051166980127,150,3.0,92.39999999999999,0,1,0
17042350369890559252,"3 (Tract 1907.02, Cook, IL)","1907.02 (Cook, IL)","Cook County, IL",Illinois,"2 (Tract 14, Champaign, IL)","14 (Champaign, IL)","Champaign County, IL",Illinois,private_auto,recreation,shop,1900-01-01 09:20:00,1900-01-01 11:58:28,158,148.6,unknown_vehicle_type,other_non_bev,,,,retail,retail,non_retail_attraction,non_retail_attraction,5151080712767700296,16498527492023191276,80.0,female,white_not_hispanic_or_latino,not_in_labor_force,unemployed_under_16_not_in_labor_force,6763.0,other_travel_mode,1.0,6763.0,three_plus,core,not_working,single_family,not_attending_school,high_school,owner,indo_european,"3 (Tract 1711, Cook, IL)","1711 (Cook, IL)","Cook County, IL",Illinois,Does not have work/school location,Does not have work/school location,Does not have work/school location,Does not have work/school location,21.0,30.56767123287671,9,Chicago2_ord,"9800 (Cook, IL)",1900-01-01 11:01:00.000000000,11,3.083333333333333,UIUC1,"3.01 (Champaign, IL)",7.503527724665392,70,94.08333333333333,10,138.0711989575421,158,3.0,89.16,1,0,0
10529611072728941626,"3 (Tract 1504.02, Cook, IL)","1504.02 (Cook, IL)","Cook County, IL",Illinois,"3 (Tract 3.01, Champaign, IL)","3.01 (Champaign, IL)","Champaign County, IL",Illinois,private_auto,home,eat,1900-01-01 12:57:45,1900-01-01 15:33:51,156,147.3,unknown_vehicle_type,other_non_bev,,,,retail,retail,multi_family,multi_family,8507748275527624621,17746629997028293729,64.0,male,white_not_hispanic_or_latino,not_in_labor_force,unemployed_under_16_not_in_labor_force,13910.0,other_travel_mode,3.0,51004.0,two,core,not_working,multiple_units,not_attending_school,high_school,renter,english,"3 (Tract 3.01, Champaign, IL)","3.01 (Champaign, IL)","Champaign County, IL",Illinois,Does not have work/school location,Does not have work/school location,Does not have work/school location,Does not have work/school location,15.2,25.05594805194805,12,Chicago2_ord,"9800 (Cook, IL)",1900-01-01 14:32:57.000000000,14,0.9285714285714286,UIUC1,"3.01 (Champaign, IL)",4.967182280319536,70,86.12857142857143,10,130.02313033226758,156,3.0,88.38000000000001,1,0,0
11943052159660380321,"3 (Tract 1504.02, Cook, IL)","1504.02 (Cook, IL)","Cook County, IL",Illinois,"3 (Tract 3.01, Champaign, IL)","3.01 (Champaign, IL)","Champaign County, IL",Illinois,auto_passenger,home,eat,1900-01-01 13:34:30,1900-01-01 16:10:54,156,147.4,unknown_vehicle_type,unknown_fuel_type,,,,retail,retail,multi_family,multi_family,8589028146883473640,11055430194038686474,19.0,female,asian_not_hispanic_or_latino,not_in_labor_force,unemployed_under_16_not_in_labor_force,0.0,other_travel_mode,2.0,0.0,zero,core,not_working,multiple_units,undergraduate,some_college,renter,asian_pacific,"3 (Tract 3.01, Champaign, IL)","3.01 (Champaign, IL)","Champaign County, IL",Illinois,Does not have work/school location,Does not have work/school location,Does not have work/school location,Does not have work/school location,16.8,25.72794805194805,13,Chicago2_ord,"9800 (Cook, IL)",1900-01-01 15:11:18.000000000,15,0.958904109589041,UIUC1,"3.01 (Champaign, IL)",4.979922006346933,70,87.75890410958904,10,130.707870058295,156,3.0,88.44,1,0,0
5335575174454781062,"6 (Tract 1503, Cook, IL)","1503 (Cook, IL)","Cook County, IL",Illinois,"3 (Tract 3.01, Champaign, IL)","3.01 (Champaign, IL)","Champaign County, IL",Illinois,auto_passenger,home,shop,1900-01-01 10:38:45,1900-01-01 13:21:48,163,142.8,unknown_vehicle_type,unknown_fuel_type,,,,retail,retail,multi_family,multi_family,8839409879361431771,6630948152779923710,61.0,female,white_not_hispanic_or_latino,not_in_labor_force,unemployed_under_16_not_in_labor_force,36682.0,other_travel_mode,1.0,36682.0,one,core,not_working,multiple_units,not_attending_school,some_college,renter,english,"3 (Tract 3.01, Champaign, IL)","3.01 (Champaign, IL)","Champaign County, IL",Illinois,Does not have work/school location,Does not have work/school location,Does not have work/school location,Does not have work/school location,17.375,26.20083333333333,10,Chicago2_ord,"9800 (Cook, IL)",1900-01-01 12:16:07.500000000,12,1.1690140845070425,UIUC1,"3.01 (Champaign, IL)",5.068168195812493,70,88.54401408450704,10,131.2690015291458,163,3.0,85.68,1,0,0
2965079375881706832,"5 (Tract 1503, Cook, IL)","1503 (Cook, IL)","Cook County, IL",Illinois,"3 (Tract 3.01, Champaign, IL)","3.01 (Champaign, IL)","Champaign County, IL",Illinois,auto_passenger,home,maintenance,1900-01-01 01:23:13,1900-01-01 03:46:48,143,144.7,unknown_vehicle_type,unknown_fuel_type,,,,mixed_use,office,multi_family,multi_family,8480378807205723079,7796200974922759488,64.0,male,white_not_hispanic_or_latino,not_in_labor_force,unemployed_under_16_not_in_labor_force,15292.0,other_travel_mode,1.0,15292.0,zero,core,not_working,multiple_units,not_attending_school,high_school,renter,english,"3 (Tract 3.01, Champaign, IL)","3.01 (Champaign, IL)","Champaign County, IL",Illinois,Does not have work/school location,Does not have work/school location,Does not have work/school location,Does not have work/school location,13.0,24.36333333333333,1,Chicago2_ord,"9800 (Cook, IL)",1900-01-01 02:56:13.000000000,2,0.8571428571428572,UIUC1,"3.01 (Champaign, IL)",4.9371822803195355,70,83.85714285714286,10,129.30051561365286,143,3.0,86.82,1,0,0
68805886522799144,"6 (Tract 1503, Cook, IL)","1503 (Cook, IL)","Cook County, IL",Illinois,"3 (Tract 3.01, Champaign, IL)","3.01 (Champaign, IL)","Champaign County, IL",Illinois,private_auto,home,eat,1900-01-01 12:16:00,1900-01-01 14:52:44,156,147.5,unknown_vehicle_type,other_non_bev,,,,mixed_use,retail,multi_family,multi_family,8774591461963975789,15117554223743142037,43.0,female,hispanic_or_latino_origin,not_in_labor_force,unemployed_under_16_not_in_labor_force,0.0,other_travel_mode,3.0,10195.0,two,core,not_working,multiple_units,not_attending_school,some_college,renter,spanish,"3 (Tract 3.01, Champaign, IL)","3.01 (Champaign, IL)","Champaign County, IL",Illinois,Does not have work/school location,Does not have work/school location,Does not have work/school location,Does not have work/school location,17.25,26.14833333333333,12,Chicago2_ord,"9800 (Cook, IL)",1900-01-01 13:53:15.000000000,13,0.9701492537313432,UIUC1,"3.01 (Champaign, IL)",4.9846449668867,70,88.22014925373135,10,131.13297830022003,156,3.0,88.5,1,0,0
577944989604998980,"3 (Tract 1504.02, Cook, IL)","1504.02 (Cook, IL)","Cook County, IL",Illinois,"3 (Tract 3.01, Champaign, IL)","3.01 (Champaign, IL)","Champaign County, IL",Illinois,auto_passenger,home,eat,1900-01-01 21:18:18,1900-01-01 23:42:32,144,148.6,unknown_vehicle_type,unknown_fuel_type,,,,retail,retail,multi_family,multi_family,8589028146883473640,11055430194038686474,19.0,female,asian_not_hispanic_or_latino,not_in_labor_force,unemployed_under_16_not_in_labor_force,0.0,other_travel_mode,2.0,0.0,zero,core,not_working,multiple_units,undergraduate,some_college,renter,asian_pacific,"3 (Tract 3.01, Champaign, IL)","3.01 (Champaign, IL)","Champaign County, IL",Illinois,Does not have work/school location,Does not have work/school location,Does not have work/school location,Does not have work/school location,14.5,24.76194805194805,21,Chicago2_ord,"9800 (Cook, IL)",1900-01-01 22:52:48.000000000,22,1.0,UIUC1,"3.01 (Champaign, IL)",4.997182280319535,70,85.5,10,129.7591303322676,144,3.0,89.16,1,0,0
8613918007189231343,"3 (Tract 1504.02, Cook, IL)","1504.02 (Cook, IL)","Cook County, IL",Illinois,"3 (Tract 3.01, Champaign, IL)","3.01 (Champaign, IL)","Champaign County, IL",Illinois,private_auto,home,shop,1900-01-01 09:22:59,1900-01-01 12:07:07,164,138.5,unknown_vehicle_type,other_non_bev,,,,retail,retail,multi_family,multi_family,8507748275527624621,17746629997028293729,64.0,male,white_not_hispanic_or_latino,not_in_labor_force,unemployed_under_16_not_in_labor_force,13910.0,other_travel_mode,3.0,51004.0,two,core,not_working,multiple_units,not_attending_school,high_school,renter,english,"3 (Tract 3.01, Champaign, IL)","3.01 (Champaign, IL)","Champaign County, IL",Illinois,Does not have work/school location,Does not have work/school location,Does not have work/school location,Does not have work/school location,14.0,24.55194805194805,9,Chicago2_ord,"9800 (Cook, IL)",1900-01-01 10:56:59.000000000,10,0.927536231884058,UIUC1,"3.01 (Champaign, IL)",4.9667474977108395,70,84.92753623188406,10,129.51869554965887,164,3.0,83.1,1,0,0
11006376755870633144,"6 (Tract 1503, Cook, IL)","1503 (Cook, IL)","Cook County, IL",Illinois,"3 (Tract 3.01, Champaign, IL)","3.01 (Champaign, IL)","Champaign County, IL",Illinois,private_auto,home,eat,1900-01-01 20:48:49,1900-01-01 23:17:20,148,147.5,unknown_vehicle_type,other_non_bev,,,,mixed_use,retail,multi_family,multi_family,8774591461963975789,15117554223743142037,43.0,female,hispanic_or_latino_origin,not_in_labor_force,unemployed_under_16_not_in_labor_force,0.0,other_travel_mode,3.0,10195.0,two,core,not_working,multiple_units,not_attending_school,some_college,renter,spanish,"3 (Tract 3.01, Champaign, IL)","3.01 (Champaign, IL)","Champaign County, IL",Illinois,Does not have work/school location,Does not have work/school location,Does not have work/school location,Does not have work/school location,13.75,24.67833333333333,20,Chicago2_ord,"9800 (Cook, IL)",1900-01-01 22:22:34.000000000,22,1.0,UIUC1,"3.01 (Champaign, IL)",4.997182280319535,70,84.75,10,129.67551561365286,148,3.0,88.5,1,0,0
3586811097368365954,"1 (Tract 9800, Cook, IL)","9800 (Cook, IL)","Cook County, IL",Illinois,"3 (Tract 3.02, Champaign, IL)","3.02 (Champaign, IL)","Champaign County, IL",Illinois,private_auto,home,eat,1900-01-01 15:15:06,1900-01-01 18:12:46,177,147.0,unknown_vehicle_type,other_non_bev,,,,retail,retail,multi_family,multi_family,9529199946875454926,17860329966059336353,24.0,male,hispanic_or_latino_origin,not_in_labor_force,unemployed_under_16_not_in_labor_force,0.0,other_travel_mode,1.0,0.0,one,core,not_working,multiple_units,undergraduate,some_college,renter,spanish,"3 (Tract 3.02, Champaign, IL)","3.02 (Champaign, IL)","Champaign County, IL",Illinois,"1 (Tract 4.01, Champaign, IL)","4.01 (Champaign, IL)","Champaign County, IL",Illinois,20.053311793214863,15.777493796069148,15,Chicago2_ord,"9800 (Cook, IL)",1900-01-01 16:55:09.198707592,16,1.3055555555555556,UIUC1,"3.01 (Champaign, IL)",5.266288445552785,70,91.35886734877042,10,121.04378224162194,177,3.0,88.2,1,0,0
5445378198250134114,"1 (Tract 9800, Cook, IL)","9800 (Cook, IL)","Cook County, IL",Illinois,"3 (Tract 55, Champaign, IL)","55 (Champaign, IL)","Champaign County, IL",Illinois,auto_passenger,home,other_activity_type,1900-01-01 11:07:00,1900-01-01 13:38:54,151,153.7,unknown_vehicle_type,unknown_fuel_type,,,,transportation_utilities,transportation_utilities,education,education,14253229444394261434,14196508150123087447,89.0,male,white_not_hispanic_or_latino,not_in_labor_force,unemployed_under_16_not_in_labor_force,22024.0,other_travel_mode,1.0,0.0,unknown_num_vehicles,core,not_working,GQ_structure,not_attending_school,bachelors_degree,GQ,GQ_language,"3 (Tract 55, Champaign, IL)","55 (Champaign, IL)","Champaign County, IL",Illinois,Does not have work/school location,Does not have work/school location,Does not have work/school location,Does not have work/school location,21.22671568627451,16.270323431154196,11,Chicago2_ord,"9800 (Cook, IL)",1900-01-01 12:48:13.602941178,12,6.090909090909091,UIUC1,"3.01 (Champaign, IL)",10.785755782678859,70,97.3176247771836,10,127.05607921383306,151,3.0,92.21999999999998,1,0,0
5932033006186559508,"1 (Tract 9800, Cook, IL)","9800 (Cook, IL)","Cook County, IL",Illinois,"1 (Tract 8, Champaign, IL)","8 (Champaign, IL)","Champaign County, IL",Illinois,private_auto,eat,region_arrival,1900-01-01 19:42:00,1900-01-01 22:23:20,161,146.0,unknown_vehicle_type,other_non_bev,,,,transportation_utilities,transportation_utilities,retail,retail,6058245397826409895,11298051602286464344,19.0,male,hispanic_or_latino_origin,unemployed,unemployed_under_16_not_in_labor_force,0.0,other_travel_mode,3.0,82580.0,two,core,not_working,single_family,school,high_school,owner,spanish,"3 (Tract 9618, Ford, IL)","9618 (Ford, IL)","Ford County, IL",Illinois,"2 (Tract 9618, Ford, IL)","9618 (Ford, IL)","Ford County, IL",Illinois,22.59433962264151,16.844725484428338,19,Chicago2_ord,"9800 (Cook, IL)",1900-01-01 21:24:35.660377356,21,7.151515151515151,UIUC1,"3.01 (Champaign, IL)",12.042610722610721,70,99.74585477415667,10,128.88733620703906,161,3.0,87.6,1,0,0
7927933029316910764,"2 (Tract 1105.02, Cook, IL)","1105.02 (Cook, IL)","Cook County, IL",Illinois,"3 (Tract 13.02, Champaign, IL)","13.02 (Champaign, IL)","Champaign County, IL",Illinois,private_auto,work,shop,1900-01-01 15:20:00,1900-01-01 18:00:31,160,154.5,unknown_vehicle_type,other_non_bev,,,,retail,retail,single_family,single_family,4365205526948862603,1792135020566989118,19.0,male,white_not_hispanic_or_latino,not_in_labor_force,unemployed_under_16_not_in_labor_force,0.0,other_travel_mode,4.0,129828.0,two,core,not_working,several_units,undergraduate,some_college,owner,english,"5 (Tract 1502, Cook, IL)","1502 (Cook, IL)","Cook County, IL",Illinois,Does not have work/school location,Does not have work/school location,Does not have work/school location,Does not have work/school location,15.25,24.046818181818182,15,Chicago2_ord,"9800 (Cook, IL)",1900-01-01 16:55:15.000000000,16,7.304347826086956,UIUC1,"3.01 (Champaign, IL)",12.571145589031211,70,92.55434782608695,10,136.6179637708494,160,3.0,92.7,1,0,0
16772731123273425357,"1 (Tract 1105.01, Cook, IL)","1105.01 (Cook, IL)","Cook County, IL",Illinois,"3 (Tract 13.02, Champaign, IL)","13.02 (Champaign, IL)","Champaign County, IL",Illinois,private_auto,work,other_activity_type,1900-01-01 16:06:00,1900-01-01 19:17:29,191,152.0,unknown_vehicle_type,other_non_bev,,,,education,education,single_family,single_family,2398144620470936163,12347344788016204419,63.0,male,white_not_hispanic_or_latino,not_in_labor_force,unemployed_under_16_not_in_labor_force,10961.0,other_travel_mode,2.0,21380.0,one,core,naics44_45,multiple_units,not_attending_school,k_12,renter,english,"5 (Tract 1502, Cook, IL)","1502 (Cook, IL)","Cook County, IL",Illinois,Does not have work/school location,Does not have work/school location,Does not have work/school location,Does not have work/school location,20.0,25.597777777777775,16,Chicago2_ord,"9800 (Cook, IL)",1900-01-01 17:46:00.000000000,17,7.115384615384615,UIUC1,"3.01 (Champaign, IL)",12.491781040536228,70,97.11538461538461,10,138.089558818314,191,3.0,91.2,1,0,0
7727048761932411380,"2 (Tract 1105.02, Cook, IL)","1105.02 (Cook, IL)","Cook County, IL",Illinois,"1 (Tract 13.02, Champaign, IL)","13.02 (Champaign, IL)","Champaign County, IL",Illinois,private_auto,work,shop,1900-01-01 16:00:00,1900-01-01 18:39:54,159,155.0,unknown_vehicle_type,other_non_bev,,,,mixed_use,retail,office,office,249836736825263333,3967536321498873724,63.0,male,white_not_hispanic_or_latino,not_in_labor_force,unemployed_under_16_not_in_labor_force,21613.0,other_travel_mode,3.0,21613.0,one,core,not_working,several_units,not_attending_school,some_college,renter,indo_european,"5 (Tract 1502, Cook, IL)","1502 (Cook, IL)","Cook County, IL",Illinois,Does not have work/school location,Does not have work/school location,Does not have work/school location,Does not have work/school location,14.444444444444445,23.708484848484847,16,Chicago2_ord,"9800 (Cook, IL)",1900-01-01 17:34:26.666666664,17,7.115384615384615,UIUC1,"3.01 (Champaign, IL)",12.491781040536228,70,91.55982905982906,10,136.20026588902107,159,3.0,93.0,1,0,0
