time,origin,destination,count,duration,energy_consumption,tour_length,cluster_id,tour_revenue,revenue,per_flight_revenue,tour_sequence,served,p,q,p2,q2
5.0,0,2,1,10,15.0,1,0,153.2516319146921,153.2516319146921,153.2516319146921,LAX-LGB,1,85.0,85.0,65.0,72.5
5.0,0,8,1,10,15.0,1,4,25.524421817866624,25.524421817866624,25.524421817866624,LAX-BVH,1,85.0,85.0,70.0,87.5
5.0,0,5,1,15,20.0,1,2,353.0241882384353,353.0241882384353,353.0241882384353,LAX-ANH,1,80.0,80.0,80.0,80.0
5.0,0,4,1,10,15.0,1,3,82.45340130846085,82.45340130846085,82.45340130846085,LAX-UVS,1,85.0,85.0,70.0,72.5
5.0,0,7,1,10,15.0,1,5,39.422171091668844,39.422171091668844,39.422171091668844,LAX-PSD,1,85.0,85.0,85.0,85.0
5.0,0,3,1,15,20.0,1,1,117.8047207865958,117.8047207865958,117.8047207865958,LAX-WDHL,1,80.0,80.0,80.0,80.0
10.0,0,5,1,15,20.0,1,11,353.0241882384353,353.0241882384353,353.0241882384353,LAX-ANH,1,80.0,82.5,82.5,97.5
10.0,0,6,1,10,15.0,1,6,133.37448068391893,133.37448068391893,133.37448068391893,LAX-HWD,1,85.0,90.0,75.0,75.0
10.0,0,7,1,10,15.0,1,7,39.422171091668844,39.422171091668844,39.422171091668844,LAX-PSD,1,85.0,85.0,85.0,85.0
10.0,0,8,1,10,15.0,1,9,25.524421817866624,25.524421817866624,25.524421817866624,LAX-BVH,1,85.0,85.0,70.0,70.0
10.0,0,4,1,10,15.0,1,13,41.22670065423043,41.22670065423043,41.22670065423043,LAX-UVS,1,85.0,85.0,70.0,70.0
10.0,0,1,1,10,15.0,1,10,93.56430707315587,93.56430707315587,93.56430707315587,LAX-DTLA,1,85.0,85.0,85.0,85.0
10.0,1,1,1,20,30.0,2,8,187.12861414631175,,,DTLA-LAX-DTLA,1,70.0,70.0,70.0,70.0
10.0,0,2,1,10,15.0,1,12,51.08387730489737,51.08387730489737,51.08387730489737,LAX-LGB,1,85.0,85.0,65.0,65.0
15.0,1,1,1,20,30.0,2,14,155.9405117885931,,,DTLA-LAX-DTLA,1,70.0,70.0,70.0,70.0
20.0,0,5,1,15,20.0,1,15,353.0241882384353,353.0241882384353,353.0241882384353,LAX-ANH,1,80.0,80.0,80.0,80.0
20.0,0,4,1,10,15.0,1,17,41.22670065423043,41.22670065423043,41.22670065423043,LAX-UVS,1,85.0,85.0,70.0,70.0
20.0,0,6,1,10,15.0,1,16,100.0308605129392,100.0308605129392,100.0308605129392,LAX-HWD,1,85.0,87.5,87.5,87.5
20.0,7,1,1,20,30.0,2,7,132.98647816482472,,,PSD-LAX-DTLA,1,55.0,57.5,57.5,100.0
20.0,5,0,1,15,20.0,1,2,88.25604705960882,88.25604705960882,88.25604705960882,ANH-LAX,1,60.0,60.0,60.0,62.5
25.0,0,8,1,10,15.0,1,20,51.04884363573325,51.04884363573325,51.04884363573325,LAX-BVH,1,85.0,87.5,87.5,87.5
25.0,3,2,1,25,35.0,2,1,212.15399230799,,,WDHL-LAX-LGB,1,45.0,100.0,100.0,100.0
25.0,0,5,1,15,20.0,1,18,353.0241882384353,353.0241882384353,353.0241882384353,LAX-ANH,1,80.0,82.5,82.5,82.5
25.0,1,1,1,20,30.0,2,10,124.7524094308745,,,DTLA-LAX-DTLA,1,55.0,57.5,57.5,60.0
25.0,0,7,1,10,15.0,1,19,78.84434218333769,78.84434218333769,78.84434218333769,LAX-PSD,1,85.0,85.0,70.0,70.0
30.0,0,4,1,10,15.0,1,23,41.22670065423043,41.22670065423043,41.22670065423043,LAX-UVS,1,85.0,85.0,70.0,70.0
30.0,0,2,1,10,15.0,1,22,51.08387730489737,51.08387730489737,51.08387730489737,LAX-LGB,1,85.0,87.5,67.5,67.5
30.0,7,0,1,10,15.0,1,5,39.422171091668844,39.422171091668844,39.422171091668844,PSD-LAX,1,70.0,70.0,70.0,70.0
30.0,0,6,1,10,15.0,1,21,100.0308605129392,100.0308605129392,100.0308605129392,LAX-HWD,1,85.0,85.0,85.0,87.5
30.0,0,3,1,15,20.0,1,25,58.9023603932979,58.9023603932979,58.9023603932979,LAX-WDHL,1,80.0,80.0,60.0,62.5
30.0,0,7,1,10,15.0,1,24,78.84434218333769,78.84434218333769,78.84434218333769,LAX-PSD,1,85.0,87.5,72.5,72.5
35.0,0,4,1,10,15.0,1,27,41.22670065423043,41.22670065423043,41.22670065423043,LAX-UVS,1,85.0,87.5,72.5,72.5
35.0,0,5,1,15,20.0,1,26,88.25604705960882,88.25604705960882,88.25604705960882,LAX-ANH,1,80.0,85.0,65.0,90.0
35.0,5,1,1,25,35.0,2,15,181.8203541327647,,,ANH-LAX-DTLA,1,45.0,45.0,45.0,97.5
45.0,0,5,1,15,20.0,1,28,264.76814117882645,264.76814117882645,264.76814117882645,LAX-ANH,1,80.0,80.0,80.0,80.0
45.0,0,0,1,25,35.0,2,30,153.2516319146921,,,LAX-LGB-LAX,1,65.0,65.0,65.0,95.0
45.0,0,7,1,10,15.0,1,29,39.422171091668844,39.422171091668844,39.422171091668844,LAX-PSD,1,85.0,85.0,70.0,90.0
45.0,0,6,1,10,15.0,1,31,133.37448068391893,133.37448068391893,133.37448068391893,LAX-HWD,1,85.0,85.0,85.0,85.0
50.0,0,0,1,20,30.0,2,34,51.04884363573325,,,LAX-BVH-LAX,1,70.0,70.0,70.0,70.0
50.0,6,0,1,10,15.0,1,21,33.34362017097973,33.34362017097973,33.34362017097973,HWD-LAX,1,72.5,75.0,75.0,75.0
50.0,0,3,1,15,20.0,1,33,58.9023603932979,58.9023603932979,58.9023603932979,LAX-WDHL,1,80.0,80.0,60.0,60.0
50.0,0,5,1,15,20.0,1,32,353.0241882384353,353.0241882384353,353.0241882384353,LAX-ANH,1,80.0,80.0,60.0,70.0
50.0,0,2,1,10,15.0,1,35,102.16775460979474,102.16775460979474,102.16775460979474,LAX-LGB,1,85.0,85.0,85.0,85.0
55.0,0,8,1,10,15.0,1,13,51.04884363573325,51.04884363573325,51.04884363573325,LAX-BVH,1,55.0,67.5,67.5,70.0
55.0,1,2,1,20,30.0,2,8,82.27197966261599,,,DTLA-LAX-LGB,1,40.0,55.0,55.0,55.0
55.0,0,2,1,10,15.0,1,9,102.16775460979474,102.16775460979474,102.16775460979474,LAX-LGB,1,55.0,55.0,55.0,55.0
55.0,0,5,1,15,20.0,1,36,176.51209411921764,176.51209411921764,176.51209411921764,LAX-ANH,1,80.0,80.0,60.0,65.0
55.0,0,1,1,10,15.0,1,4,62.37620471543725,62.37620471543725,62.37620471543725,LAX-DTLA,1,72.5,75.0,60.0,70.0
55.0,0,7,1,10,15.0,1,6,39.422171091668844,39.422171091668844,39.422171091668844,LAX-PSD,1,60.0,60.0,60.0,60.0
55.0,0,4,1,10,15.0,1,5,82.45340130846085,82.45340130846085,82.45340130846085,LAX-UVS,1,55.0,55.0,55.0,65.0
55.0,0,6,1,10,15.0,1,2,66.68724034195947,66.68724034195947,66.68724034195947,LAX-HWD,1,47.5,47.5,47.5,52.5
60.0,1,1,1,20,30.0,2,14,124.7524094308745,,,DTLA-LAX-DTLA,1,40.0,42.5,42.5,42.5
65.0,5,0,1,15,20.0,1,28,88.25604705960882,88.25604705960882,88.25604705960882,ANH-LAX,1,60.0,62.5,62.5,65.0
65.0,0,8,1,10,15.0,1,37,25.524421817866624,25.524421817866624,25.524421817866624,LAX-BVH,1,85.0,85.0,85.0,85.0
65.0,0,4,1,10,15.0,1,17,41.22670065423043,41.22670065423043,41.22670065423043,LAX-UVS,1,55.0,55.0,55.0,55.0
65.0,0,6,1,10,15.0,1,38,33.34362017097973,33.34362017097973,33.34362017097973,LAX-HWD,1,85.0,85.0,85.0,85.0
65.0,0,3,1,15,20.0,1,21,58.9023603932979,58.9023603932979,58.9023603932979,LAX-WDHL,1,55.0,55.0,35.0,35.0
70.0,2,2,1,25,35.0,2,9,204.33550921958948,,,LGB-LAX-LGB,1,20.0,20.0,20.0,40.0
70.0,0,4,1,10,15.0,1,19,41.22670065423043,41.22670065423043,41.22670065423043,LAX-UVS,1,55.0,55.0,55.0,55.0
70.0,0,7,1,10,15.0,1,39,118.26651327500653,118.26651327500653,118.26651327500653,LAX-PSD,1,85.0,85.0,85.0,85.0
70.0,0,5,1,15,20.0,1,40,176.51209411921764,176.51209411921764,176.51209411921764,LAX-ANH,1,80.0,80.0,60.0,60.0
70.0,6,1,1,20,30.0,2,2,64.53172252869835,,,HWD-LAX-DTLA,1,22.5,37.5,37.5,50.0
75.0,0,6,1,10,15.0,1,24,66.68724034195947,66.68724034195947,66.68724034195947,LAX-HWD,1,57.5,90.0,90.0,90.0
75.0,0,7,1,10,15.0,1,23,78.84434218333769,78.84434218333769,78.84434218333769,LAX-PSD,1,55.0,55.0,40.0,40.0
80.0,0,2,1,10,15.0,1,0,51.08387730489737,51.08387730489737,51.08387730489737,LAX-LGB,1,57.5,57.5,37.5,67.5
80.0,0,3,1,15,20.0,1,3,58.9023603932979,58.9023603932979,58.9023603932979,LAX-WDHL,1,52.5,60.0,60.0,100.0
85.0,0,6,1,10,15.0,1,27,66.68724034195947,66.68724034195947,66.68724034195947,LAX-HWD,1,57.5,65.0,65.0,67.5
85.0,0,5,1,15,20.0,1,28,264.76814117882645,264.76814117882645,264.76814117882645,LAX-ANH,1,45.0,45.0,45.0,45.0
95.0,0,7,1,10,15.0,1,34,39.422171091668844,39.422171091668844,39.422171091668844,LAX-PSD,1,55.0,57.5,42.5,42.5
95.0,0,3,1,15,20.0,1,29,58.9023603932979,58.9023603932979,58.9023603932979,LAX-WDHL,1,70.0,70.0,55.0,62.5
95.0,0,1,1,10,15.0,1,12,62.37620471543725,62.37620471543725,62.37620471543725,LAX-DTLA,1,50.0,50.0,35.0,37.5
100.0,0,5,1,15,20.0,1,4,88.25604705960882,88.25604705960882,88.25604705960882,LAX-ANH,1,50.0,50.0,50.0,55.0
100.0,5,0,1,15,20.0,1,28,88.25604705960882,88.25604705960882,88.25604705960882,ANH-LAX,1,25.0,37.5,37.5,40.0
105.0,0,2,1,10,15.0,1,22,153.2516319146921,153.2516319146921,153.2516319146921,LAX-LGB,1,52.5,52.5,32.5,52.5
120.0,1,1,1,20,30.0,2,2,62.37620471543725,,,DTLA-LAX-DTLA,1,20.0,20.0,20.0,42.5
125.0,0,3,1,15,20.0,1,30,117.8047207865958,117.8047207865958,117.8047207865958,LAX-WDHL,1,75.0,87.5,87.5,100.0
125.0,0,5,1,15,20.0,1,28,264.76814117882645,264.76814117882645,264.76814117882645,LAX-ANH,1,20.0,25.0,25.0,62.5
130.0,0,7,1,10,15.0,1,23,39.422171091668844,39.422171091668844,39.422171091668844,LAX-PSD,1,25.0,35.0,35.0,35.0
135.0,6,1,1,20,30.0,2,16,64.53172252869835,,,HWD-LAX-DTLA,1,57.5,57.5,57.5,80.0
135.0,0,2,1,10,15.0,1,25,51.08387730489737,51.08387730489737,51.08387730489737,LAX-LGB,1,47.5,60.0,60.0,95.0
145.0,0,5,1,15,20.0,1,26,88.25604705960882,88.25604705960882,88.25604705960882,LAX-ANH,1,70.0,97.5,97.5,97.5
150.0,6,1,1,20,30.0,2,24,95.71982488641697,,,HWD-LAX-DTLA,1,60.0,75.0,75.0,77.5
155.0,0,1,1,10,15.0,1,34,31.188102357718623,31.188102357718623,31.188102357718623,LAX-DTLA,1,27.5,45.0,45.0,67.5
155.0,8,7,1,20,30.0,2,20,104.36876400120431,,,BVH-LAX-PSD,1,57.5,75.0,75.0,82.5
155.0,0,7,1,10,15.0,1,33,39.422171091668844,39.422171091668844,39.422171091668844,LAX-PSD,1,45.0,45.0,45.0,50.0
155.0,0,3,1,15,20.0,1,32,58.9023603932979,58.9023603932979,58.9023603932979,LAX-WDHL,1,50.0,67.5,67.5,70.0
160.0,0,2,1,10,15.0,1,12,51.08387730489737,51.08387730489737,51.08387730489737,LAX-LGB,1,22.5,22.5,22.5,60.0
160.0,0,5,1,15,20.0,1,36,176.51209411921764,176.51209411921764,176.51209411921764,LAX-ANH,1,45.0,67.5,67.5,77.5
170.0,5,6,1,25,35.0,2,28,298.1117613498062,,,ANH-LAX-HWD,1,27.5,72.5,72.5,80.0
170.0,0,5,1,15,20.0,1,0,88.25604705960882,88.25604705960882,88.25604705960882,LAX-ANH,1,47.5,50.0,50.0,55.0
170.0,7,1,1,20,30.0,2,33,132.98647816482472,,,PSD-LAX-DTLA,1,20.0,20.0,20.0,35.0
170.0,0,1,1,10,15.0,1,21,62.37620471543725,62.37620471543725,62.37620471543725,LAX-DTLA,1,20.0,37.5,37.5,47.5
175.0,2,0,1,15,20.0,1,8,102.16775460979474,102.16775460979474,102.16775460979474,LGB-LAX,1,35.0,35.0,35.0,65.0
180.0,0,5,1,15,20.0,1,40,353.0241882384353,353.0241882384353,353.0241882384353,LAX-ANH,1,40.0,52.5,52.5,70.0
180.0,0,0,1,20,30.0,2,22,118.26651327500653,,,LAX-PSD-LAX,1,22.5,82.5,62.5,87.5
185.0,8,0,1,10,15.0,1,37,51.04884363573325,51.04884363573325,51.04884363573325,BVH-LAX,1,70.0,70.0,55.0,55.0
185.0,1,0,1,10,15.0,1,16,31.188102357718623,31.188102357718623,31.188102357718623,DTLA-LAX,1,65.0,67.5,52.5,52.5
190.0,5,1,1,25,35.0,2,0,119.44414941732744,,,ANH-LAX-DTLA,1,20.0,20.0,20.0,55.0
190.0,4,0,1,10,15.0,1,5,41.22670065423043,41.22670065423043,41.22670065423043,UVS-LAX,1,50.0,52.5,37.5,40.0
190.0,2,0,1,15,20.0,1,1,51.08387730489737,51.08387730489737,51.08387730489737,LGB-LAX,1,80.0,80.0,80.0,80.0
195.0,8,0,1,10,15.0,1,13,51.04884363573325,51.04884363573325,51.04884363573325,BVH-LAX,1,55.0,55.0,40.0,52.5
200.0,2,0,1,15,20.0,1,12,102.16775460979474,102.16775460979474,102.16775460979474,LGB-LAX,1,40.0,40.0,20.0,57.5
200.0,4,0,1,10,15.0,1,17,41.22670065423043,41.22670065423043,41.22670065423043,UVS-LAX,1,40.0,42.5,27.5,35.0
200.0,1,0,1,10,15.0,1,21,124.7524094308745,124.7524094308745,124.7524094308745,DTLA-LAX,1,32.5,37.5,22.5,45.0
205.0,0,4,1,10,15.0,1,1,41.22670065423043,41.22670065423043,41.22670065423043,LAX-UVS,1,65.0,67.5,67.5,70.0
205.0,7,0,1,10,15.0,1,23,39.422171091668844,39.422171091668844,39.422171091668844,PSD-LAX,1,20.0,35.0,20.0,35.0
205.0,6,0,1,10,15.0,1,27,100.0308605129392,100.0308605129392,100.0308605129392,HWD-LAX,1,52.5,52.5,37.5,50.0
205.0,1,0,1,10,15.0,1,34,62.37620471543725,62.37620471543725,62.37620471543725,DTLA-LAX,1,52.5,60.0,45.0,47.5
210.0,4,0,1,10,15.0,1,19,41.22670065423043,41.22670065423043,41.22670065423043,UVS-LAX,1,40.0,40.0,25.0,45.0
210.0,0,0,1,20,30.0,2,8,51.04884363573325,,,LAX-BVH-LAX,1,35.0,35.0,20.0,97.5
210.0,1,0,1,10,15.0,1,24,31.188102357718623,31.188102357718623,31.188102357718623,DTLA-LAX,1,62.5,62.5,47.5,47.5
215.0,5,0,1,15,20.0,1,40,176.51209411921764,176.51209411921764,176.51209411921764,ANH-LAX,1,50.0,50.0,30.0,87.5
215.0,6,0,1,10,15.0,1,29,33.34362017097973,33.34362017097973,33.34362017097973,HWD-LAX,1,47.5,50.0,35.0,75.0
215.0,2,0,1,15,20.0,1,25,51.08387730489737,51.08387730489737,51.08387730489737,LGB-LAX,1,75.0,75.0,60.0,60.0
220.0,5,0,1,15,20.0,1,36,353.0241882384353,353.0241882384353,353.0241882384353,ANH-LAX,1,57.5,62.5,47.5,47.5
220.0,4,0,1,10,15.0,1,1,82.45340130846085,82.45340130846085,82.45340130846085,UVS-LAX,1,55.0,80.0,65.0,67.5
220.0,6,0,1,10,15.0,1,31,66.68724034195947,66.68724034195947,66.68724034195947,HWD-LAX,1,70.0,70.0,55.0,55.0
225.0,1,0,1,10,15.0,1,33,62.37620471543725,62.37620471543725,62.37620471543725,DTLA-LAX,1,20.0,35.0,20.0,40.0
225.0,2,0,1,15,20.0,1,35,51.08387730489737,51.08387730489737,51.08387730489737,LGB-LAX,1,65.0,75.0,60.0,77.5
225.0,6,0,1,10,15.0,1,38,66.68724034195947,66.68724034195947,66.68724034195947,HWD-LAX,1,70.0,70.0,55.0,55.0
230.0,4,0,1,10,15.0,1,16,41.22670065423043,41.22670065423043,41.22670065423043,UVS-LAX,1,37.5,37.5,22.5,52.5
230.0,8,0,1,10,15.0,1,37,25.524421817866624,25.524421817866624,25.524421817866624,BVH-LAX,1,40.0,42.5,42.5,50.0
230.0,1,0,1,10,15.0,1,14,31.188102357718623,31.188102357718623,31.188102357718623,DTLA-LAX,1,27.5,35.0,20.0,35.0
230.0,5,1,1,25,35.0,2,26,295.95624353654506,,,ANH-LAX-DTLA,1,62.5,87.5,87.5,95.0
230.0,7,0,1,10,15.0,1,39,39.422171091668844,39.422171091668844,39.422171091668844,PSD-LAX,1,70.0,70.0,55.0,75.0
235.0,1,0,1,10,15.0,1,15,93.56430707315587,93.56430707315587,93.56430707315587,DTLA-LAX,1,82.5,85.0,70.0,85.0
235.0,7,0,1,10,15.0,1,20,78.84434218333769,78.84434218333769,78.84434218333769,PSD-LAX,1,67.5,72.5,57.5,77.5
235.0,3,0,1,15,20.0,1,32,58.9023603932979,58.9023603932979,58.9023603932979,WDHL-LAX,1,50.0,67.5,52.5,77.5
240.0,5,0,1,15,20.0,1,4,176.51209411921764,176.51209411921764,176.51209411921764,ANH-LAX,1,35.0,42.5,27.5,85.0
240.0,1,0,1,10,15.0,1,2,62.37620471543725,62.37620471543725,62.37620471543725,DTLA-LAX,1,27.5,35.0,20.0,45.0
240.0,2,0,1,15,20.0,1,9,51.08387730489737,51.08387730489737,51.08387730489737,LGB-LAX,1,20.0,35.0,20.0,75.0
240.0,6,0,1,10,15.0,1,13,66.68724034195947,66.68724034195947,66.68724034195947,HWD-LAX,1,37.5,37.5,22.5,62.5
240.0,8,0,1,10,15.0,1,5,25.524421817866624,25.524421817866624,25.524421817866624,BVH-LAX,1,25.0,42.5,27.5,90.0
245.0,8,0,1,10,15.0,1,17,25.524421817866624,25.524421817866624,25.524421817866624,BVH-LAX,1,20.0,35.0,20.0,55.0
245.0,4,0,1,10,15.0,1,21,82.45340130846085,82.45340130846085,82.45340130846085,UVS-LAX,1,30.0,37.5,22.5,50.0
245.0,0,0,1,20,30.0,2,37,127.62210908933312,,,LAX-BVH-LAX,1,20.0,57.5,42.5,77.5
250.0,3,0,1,15,20.0,1,3,117.8047207865958,117.8047207865958,117.8047207865958,WDHL-LAX,1,80.0,80.0,65.0,75.0
250.0,5,0,1,15,20.0,1,18,353.0241882384353,353.0241882384353,353.0241882384353,ANH-LAX,1,62.5,62.5,47.5,92.5
250.0,1,0,1,10,15.0,1,10,31.188102357718623,31.188102357718623,31.188102357718623,DTLA-LAX,1,45.0,45.0,30.0,52.5
250.0,7,0,1,10,15.0,1,27,39.422171091668844,39.422171091668844,39.422171091668844,PSD-LAX,1,35.0,42.5,22.5,87.5
250.0,6,0,1,10,15.0,1,34,66.68724034195947,66.68724034195947,66.68724034195947,HWD-LAX,1,32.5,35.0,20.0,60.0
250.0,4,0,1,10,15.0,1,23,41.22670065423043,41.22670065423043,41.22670065423043,UVS-LAX,1,20.0,35.0,20.0,35.0
255.0,6,0,1,10,15.0,1,24,66.68724034195947,66.68724034195947,66.68724034195947,HWD-LAX,1,32.5,40.0,20.0,67.5
255.0,5,0,1,15,20.0,1,11,353.0241882384353,353.0241882384353,353.0241882384353,ANH-LAX,1,77.5,80.0,80.0,80.0
255.0,3,0,1,15,20.0,1,30,58.9023603932979,58.9023603932979,58.9023603932979,WDHL-LAX,1,80.0,85.0,70.0,95.0
255.0,7,0,1,10,15.0,1,19,78.84434218333769,78.84434218333769,78.84434218333769,PSD-LAX,1,30.0,35.0,20.0,55.0
255.0,1,0,1,10,15.0,1,7,93.56430707315587,93.56430707315587,93.56430707315587,DTLA-LAX,1,85.0,90.0,75.0,85.0
260.0,4,0,1,10,15.0,1,29,41.22670065423043,41.22670065423043,41.22670065423043,UVS-LAX,1,60.0,75.0,60.0,72.5
260.0,6,0,1,10,15.0,1,28,66.68724034195947,66.68724034195947,66.68724034195947,HWD-LAX,1,65.0,85.0,70.0,70.0
260.0,7,0,1,10,15.0,1,6,78.84434218333769,78.84434218333769,78.84434218333769,PSD-LAX,1,45.0,45.0,30.0,75.0
265.0,4,0,1,10,15.0,1,31,82.45340130846085,82.45340130846085,82.45340130846085,UVS-LAX,1,40.0,40.0,25.0,35.0
265.0,2,0,1,15,20.0,1,1,102.16775460979474,102.16775460979474,102.16775460979474,LGB-LAX,1,47.5,47.5,32.5,75.0
265.0,1,2,1,20,30.0,2,0,175.83628673577186,,,DTLA-LAX-LGB,1,25.0,37.5,37.5,42.5
270.0,6,0,1,10,15.0,1,38,133.37448068391893,133.37448068391893,133.37448068391893,HWD-LAX,1,40.0,65.0,50.0,62.5
270.0,1,0,1,10,15.0,1,33,124.7524094308745,124.7524094308745,124.7524094308745,DTLA-LAX,1,25.0,35.0,20.0,50.0
275.0,1,0,1,10,15.0,1,14,124.7524094308745,124.7524094308745,124.7524094308745,DTLA-LAX,1,20.0,35.0,20.0,57.5
275.0,2,0,1,15,20.0,1,39,51.08387730489737,51.08387730489737,51.08387730489737,LGB-LAX,1,55.0,55.0,40.0,95.0
275.0,0,5,1,15,20.0,1,11,88.25604705960882,88.25604705960882,88.25604705960882,LAX-ANH,1,60.0,70.0,70.0,72.5
280.0,1,0,1,10,15.0,1,16,93.56430707315587,93.56430707315587,93.56430707315587,DTLA-LAX,1,37.5,37.5,22.5,67.5
280.0,2,0,1,15,20.0,1,20,204.33550921958948,204.33550921958948,204.33550921958948,LGB-LAX,1,57.5,85.0,70.0,85.0
280.0,6,0,1,10,15.0,1,15,33.34362017097973,33.34362017097973,33.34362017097973,HWD-LAX,1,70.0,72.5,57.5,82.5
285.0,4,0,1,10,15.0,1,3,41.22670065423043,41.22670065423043,41.22670065423043,UVS-LAX,1,60.0,60.0,45.0,45.0
285.0,8,0,1,10,15.0,1,13,51.04884363573325,51.04884363573325,51.04884363573325,BVH-LAX,1,47.5,47.5,32.5,70.0
285.0,7,0,1,10,15.0,1,2,39.422171091668844,39.422171091668844,39.422171091668844,PSD-LAX,1,30.0,42.5,27.5,50.0
290.0,6,0,1,10,15.0,1,25,66.68724034195947,66.68724034195947,66.68724034195947,HWD-LAX,1,45.0,60.0,45.0,45.0
290.0,2,0,1,15,20.0,1,17,102.16775460979474,102.16775460979474,102.16775460979474,LGB-LAX,1,35.0,35.0,35.0,35.0
290.0,1,6,1,20,30.0,2,21,226.9387877570748,,,DTLA-LAX-HWD,1,20.0,25.0,25.0,37.5
295.0,6,0,1,10,15.0,1,23,100.0308605129392,100.0308605129392,100.0308605129392,HWD-LAX,1,20.0,35.0,20.0,35.0
295.0,7,6,1,20,30.0,2,10,212.21882286725662,,,PSD-LAX-HWD,1,22.5,60.0,60.0,70.0
295.0,1,0,1,10,15.0,1,34,124.7524094308745,124.7524094308745,124.7524094308745,DTLA-LAX,1,45.0,47.5,32.5,45.0
300.0,1,0,1,10,15.0,1,7,93.56430707315587,93.56430707315587,93.56430707315587,DTLA-LAX,1,70.0,70.0,55.0,55.0
300.0,4,5,1,25,35.0,2,19,129.48274771383925,,,UVS-LAX-ANH,1,20.0,20.0,20.0,42.5
300.0,8,0,1,10,15.0,1,36,76.57326545359987,76.57326545359987,76.57326545359987,BVH-LAX,1,32.5,40.0,25.0,57.5
300.0,5,0,1,15,20.0,1,11,353.0241882384353,353.0241882384353,353.0241882384353,ANH-LAX,1,52.5,52.5,52.5,52.5
300.0,2,0,1,15,20.0,1,35,51.08387730489737,51.08387730489737,51.08387730489737,LGB-LAX,1,57.5,62.5,62.5,65.0
305.0,2,2,1,25,35.0,2,6,153.2516319146921,,,LGB-LAX-LGB,1,40.0,40.0,40.0,92.5
305.0,5,0,1,15,20.0,1,12,176.51209411921764,176.51209411921764,176.51209411921764,ANH-LAX,1,37.5,37.5,37.5,37.5
305.0,6,1,1,20,30.0,2,29,114.54715278516795,,,HWD-LAX-DTLA,1,42.5,70.0,70.0,72.5
305.0,1,0,1,10,15.0,1,26,124.7524094308745,124.7524094308745,124.7524094308745,DTLA-LAX,1,80.0,85.0,70.0,82.5
305.0,0,8,1,10,15.0,1,17,51.04884363573325,51.04884363573325,51.04884363573325,LAX-BVH,1,20.0,35.0,20.0,82.5
305.0,6,0,1,10,15.0,1,28,83.35905042744933,166.71810085489867,83.35905042744933,HWD-LAX,1,55.0,65.0,50.0,75.0
310.0,8,0,1,10,15.0,1,31,25.524421817866624,25.524421817866624,25.524421817866624,BVH-LAX,1,20.0,37.5,22.5,60.0
310.0,1,0,1,10,15.0,1,32,62.37620471543725,62.37620471543725,62.37620471543725,DTLA-LAX,1,62.5,62.5,62.5,62.5
310.0,2,0,1,15,20.0,1,0,153.2516319146921,153.2516319146921,153.2516319146921,LGB-LAX,1,22.5,25.0,25.0,60.0
315.0,7,1,1,20,30.0,2,33,110.03244454105631,,,PSD-LAX-DTLA,1,20.0,22.5,22.5,62.5
315.0,5,0,1,15,20.0,1,22,88.25604705960882,88.25604705960882,88.25604705960882,ANH-LAX,1,67.5,70.0,70.0,72.5
315.0,6,0,1,10,15.0,1,38,133.37448068391893,133.37448068391893,133.37448068391893,HWD-LAX,1,47.5,47.5,32.5,75.0
315.0,0,0,1,20,30.0,2,11,76.57326545359987,,,LAX-BVH-LAX,1,22.5,25.0,25.0,70.0
320.0,0,3,1,15,20.0,1,32,117.8047207865958,117.8047207865958,117.8047207865958,LAX-WDHL,1,42.5,42.5,42.5,42.5
320.0,2,0,1,15,20.0,1,14,102.16775460979474,102.16775460979474,102.16775460979474,LGB-LAX,1,37.5,37.5,37.5,37.5
320.0,0,5,1,15,20.0,1,35,176.51209411921764,176.51209411921764,176.51209411921764,LAX-ANH,1,45.0,45.0,45.0,55.0
320.0,8,0,1,10,15.0,1,7,51.04884363573325,51.04884363573325,51.04884363573325,BVH-LAX,1,40.0,40.0,25.0,37.5
320.0,5,1,1,25,35.0,2,40,207.70019647693627,,,ANH-LAX-DTLA,1,52.5,85.0,85.0,85.0
320.0,4,0,1,10,15.0,1,4,82.45340130846085,82.45340130846085,82.45340130846085,UVS-LAX,1,70.0,85.0,70.0,70.0
320.0,0,6,1,10,15.0,1,12,33.34362017097973,33.34362017097973,33.34362017097973,LAX-HWD,1,22.5,60.0,60.0,60.0
320.0,6,0,1,10,15.0,1,9,33.34362017097973,33.34362017097973,33.34362017097973,HWD-LAX,1,60.0,62.5,47.5,80.0
325.0,6,0,1,10,15.0,1,16,133.37448068391893,133.37448068391893,133.37448068391893,HWD-LAX,1,52.5,52.5,52.5,52.5
325.0,3,0,1,15,20.0,1,27,117.8047207865958,117.8047207865958,117.8047207865958,WDHL-LAX,1,67.5,70.0,50.0,60.0
325.0,4,0,1,10,15.0,1,15,82.45340130846085,82.45340130846085,82.45340130846085,UVS-LAX,1,67.5,70.0,55.0,82.5
325.0,1,0,1,10,15.0,1,3,93.56430707315587,93.56430707315587,93.56430707315587,DTLA-LAX,1,30.0,35.0,20.0,60.0
330.0,1,0,1,10,15.0,1,13,124.7524094308745,124.7524094308745,124.7524094308745,DTLA-LAX,1,55.0,55.0,40.0,90.0
330.0,3,0,1,15,20.0,1,24,58.9023603932979,58.9023603932979,58.9023603932979,WDHL-LAX,1,47.5,47.5,47.5,47.5
330.0,2,0,1,15,20.0,1,5,51.08387730489737,51.08387730489737,51.08387730489737,LGB-LAX,1,70.0,70.0,70.0,70.0
330.0,7,0,1,10,15.0,1,30,78.84434218333769,78.84434218333769,78.84434218333769,PSD-LAX,1,80.0,80.0,65.0,87.5
335.0,3,0,1,15,20.0,1,32,117.8047207865958,117.8047207865958,117.8047207865958,WDHL-LAX,1,22.5,22.5,22.5,42.5
335.0,0,4,1,10,15.0,1,14,41.22670065423043,41.22670065423043,41.22670065423043,LAX-UVS,1,22.5,35.0,35.0,35.0
335.0,7,0,1,10,15.0,1,8,118.26651327500653,118.26651327500653,118.26651327500653,PSD-LAX,1,82.5,82.5,82.5,82.5
335.0,0,0,1,20,30.0,2,16,51.04884363573325,,,LAX-BVH-LAX,1,22.5,22.5,22.5,57.5
335.0,4,1,1,20,30.0,2,2,72.41480301194905,,,UVS-LAX-DTLA,1,20.0,20.0,20.0,70.0
335.0,0,5,1,15,20.0,1,22,176.51209411921764,176.51209411921764,176.51209411921764,LAX-ANH,1,52.5,55.0,55.0,60.0
335.0,8,0,1,10,15.0,1,18,51.04884363573325,51.04884363573325,51.04884363573325,BVH-LAX,1,77.5,77.5,77.5,77.5
335.0,2,0,1,15,20.0,1,25,153.2516319146921,153.2516319146921,153.2516319146921,LGB-LAX,1,25.0,27.5,27.5,37.5
335.0,6,0,1,10,15.0,1,21,66.68724034195947,66.68724034195947,66.68724034195947,HWD-LAX,1,22.5,37.5,22.5,55.0
340.0,8,0,1,10,15.0,1,34,76.57326545359987,76.57326545359987,76.57326545359987,BVH-LAX,1,30.0,62.5,47.5,60.0
340.0,1,0,1,10,15.0,1,23,124.7524094308745,124.7524094308745,124.7524094308745,DTLA-LAX,1,20.0,35.0,20.0,40.0
340.0,5,6,1,25,35.0,2,35,298.1117613498062,,,ANH-LAX-HWD,1,20.0,20.0,20.0,35.0
345.0,0,5,1,15,20.0,1,5,176.51209411921764,176.51209411921764,176.51209411921764,LAX-ANH,1,50.0,55.0,55.0,55.0
345.0,7,5,1,25,35.0,2,36,255.35643630255532,,,PSD-LAX-ANH,1,22.5,62.5,62.5,72.5
345.0,1,0,1,10,15.0,1,7,124.7524094308745,124.7524094308745,124.7524094308745,DTLA-LAX,1,22.5,35.0,20.0,62.5
345.0,0,0,1,25,35.0,2,18,153.2516319146921,,,LAX-LGB-LAX,1,42.5,45.0,45.0,52.5
345.0,0,8,1,10,15.0,1,24,25.524421817866624,25.524421817866624,25.524421817866624,LAX-BVH,1,32.5,50.0,50.0,50.0
345.0,0,0,1,20,30.0,2,8,82.45340130846085,,,LAX-UVS-LAX,1,52.5,70.0,70.0,82.5
345.0,2,0,1,15,20.0,1,1,204.33550921958948,204.33550921958948,204.33550921958948,LGB-LAX,1,55.0,55.0,55.0,55.0
345.0,0,3,1,15,20.0,1,0,58.9023603932979,58.9023603932979,58.9023603932979,LAX-WDHL,1,40.0,40.0,25.0,37.5
345.0,6,0,1,10,15.0,1,10,33.34362017097973,33.34362017097973,33.34362017097973,HWD-LAX,1,55.0,55.0,40.0,75.0
350.0,4,0,1,10,15.0,1,14,123.68010196269128,123.68010196269128,123.68010196269128,UVS-LAX,1,20.0,35.0,20.0,35.0
350.0,1,0,1,10,15.0,1,29,124.7524094308745,124.7524094308745,124.7524094308745,DTLA-LAX,1,57.5,57.5,57.5,57.5
350.0,8,1,1,20,30.0,2,26,119.0887288910225,,,BVH-LAX-DTLA,1,52.5,67.5,67.5,72.5
355.0,6,0,1,10,15.0,1,31,100.0308605129392,200.0617210258784,100.0308605129392,HWD-LAX,1,45.0,45.0,30.0,37.5
355.0,6,0,1,10,15.0,1,12,100.0308605129392,200.0617210258784,100.0308605129392,HWD-LAX,1,45.0,60.0,45.0,70.0
355.0,5,0,1,15,20.0,1,22,308.89616470863086,617.7923294172617,308.89616470863086,ANH-LAX,1,40.0,42.5,42.5,50.0
355.0,7,0,1,10,15.0,1,20,39.422171091668844,39.422171091668844,39.422171091668844,PSD-LAX,1,70.0,75.0,60.0,82.5
355.0,1,0,1,10,15.0,1,28,62.37620471543725,62.37620471543725,62.37620471543725,DTLA-LAX,1,60.0,72.5,57.5,67.5
360.0,0,0,1,25,35.0,2,1,306.5032638293842,,,LAX-LGB-LAX,1,20.0,32.5,32.5,52.5
360.0,0,0,1,20,30.0,2,29,66.68724034195947,,,LAX-HWD-LAX,1,27.5,40.0,40.0,70.0
360.0,6,0,1,10,15.0,1,38,66.68724034195947,66.68724034195947,66.68724034195947,HWD-LAX,1,60.0,60.0,45.0,80.0
360.0,0,5,1,15,20.0,1,11,88.25604705960882,88.25604705960882,88.25604705960882,LAX-ANH,1,50.0,55.0,55.0,60.0
360.0,7,0,1,10,15.0,1,39,39.422171091668844,39.422171091668844,39.422171091668844,PSD-LAX,1,80.0,85.0,70.0,82.5
360.0,0,4,1,10,15.0,1,32,41.22670065423043,41.22670065423043,41.22670065423043,LAX-UVS,1,27.5,27.5,27.5,35.0
360.0,1,0,1,10,15.0,1,33,124.7524094308745,124.7524094308745,124.7524094308745,DTLA-LAX,1,47.5,50.0,50.0,87.5
360.0,0,8,1,10,15.0,1,25,25.524421817866624,25.524421817866624,25.524421817866624,LAX-BVH,1,22.5,25.0,25.0,35.0
365.0,3,0,1,15,20.0,1,27,58.9023603932979,58.9023603932979,58.9023603932979,WDHL-LAX,1,40.0,42.5,42.5,50.0
365.0,4,0,1,10,15.0,1,9,82.45340130846085,82.45340130846085,82.45340130846085,UVS-LAX,1,65.0,65.0,65.0,65.0
365.0,8,1,1,20,30.0,2,24,144.61315070888912,,,BVH-LAX-DTLA,1,20.0,37.5,37.5,52.5
365.0,1,0,1,10,15.0,1,4,124.7524094308745,124.7524094308745,124.7524094308745,DTLA-LAX,1,55.0,55.0,55.0,55.0
365.0,2,0,1,15,20.0,1,37,204.33550921958948,204.33550921958948,204.33550921958948,LGB-LAX,1,57.5,57.5,57.5,65.0
370.0,5,1,1,25,35.0,2,5,415.40039295387254,,,ANH-LAX-DTLA,1,20.0,55.0,55.0,75.0
370.0,1,0,1,10,15.0,1,17,31.188102357718623,31.188102357718623,31.188102357718623,DTLA-LAX,1,67.5,67.5,52.5,82.5
370.0,2,0,1,15,20.0,1,3,204.33550921958948,408.67101843917897,204.33550921958948,LGB-LAX,1,40.0,40.0,40.0,40.0
370.0,7,1,1,20,30.0,2,15,282.44109379754985,,,PSD-LAX-DTLA,1,52.5,82.5,82.5,82.5
375.0,7,0,1,10,15.0,1,30,39.422171091668844,39.422171091668844,39.422171091668844,PSD-LAX,1,72.5,72.5,57.5,82.5
375.0,4,0,1,10,15.0,1,32,123.68010196269128,123.68010196269128,123.68010196269128,UVS-LAX,1,20.0,35.0,20.0,55.0
375.0,0,0,1,20,30.0,2,22,166.71810085489867,,,LAX-HWD-LAX,1,20.0,22.5,22.5,87.5
375.0,0,3,1,15,20.0,1,9,117.8047207865958,117.8047207865958,117.8047207865958,LAX-WDHL,1,45.0,45.0,45.0,55.0
375.0,0,0,1,20,30.0,2,4,157.68868436667537,,,LAX-PSD-LAX,1,25.0,45.0,30.0,65.0
375.0,0,2,1,10,15.0,1,18,51.08387730489737,51.08387730489737,51.08387730489737,LAX-LGB,1,37.5,37.5,37.5,40.0
380.0,6,0,1,10,15.0,1,31,100.0308605129392,200.0617210258784,100.0308605129392,HWD-LAX,1,22.5,40.0,20.0,75.0
380.0,8,0,1,10,15.0,1,25,51.04884363573325,51.04884363573325,51.04884363573325,BVH-LAX,1,20.0,35.0,20.0,62.5
380.0,1,0,1,10,15.0,1,21,124.7524094308745,249.504818861749,124.7524094308745,DTLA-LAX,1,40.0,40.0,25.0,45.0
380.0,1,6,1,20,30.0,2,2,158.09602960185424,,,DTLA-LAX-HWD,1,40.0,40.0,40.0,82.5
380.0,2,0,1,15,20.0,1,6,204.33550921958948,204.33550921958948,204.33550921958948,LGB-LAX,1,72.5,75.0,75.0,85.0
380.0,5,0,1,15,20.0,1,19,353.0241882384353,353.0241882384353,353.0241882384353,ANH-LAX,1,22.5,25.0,25.0,35.0
385.0,4,0,1,10,15.0,1,34,82.45340130846085,82.45340130846085,82.45340130846085,UVS-LAX,1,45.0,55.0,55.0,55.0
385.0,1,0,1,10,15.0,1,23,93.56430707315587,93.56430707315587,93.56430707315587,DTLA-LAX,1,25.0,50.0,50.0,67.5
385.0,0,0,1,20,30.0,2,27,102.0976872714665,,,LAX-BVH-LAX,1,20.0,22.5,22.5,80.0
385.0,0,7,1,10,15.0,1,3,78.84434218333769,78.84434218333769,78.84434218333769,LAX-PSD,1,25.0,25.0,25.0,35.0
385.0,0,5,1,15,20.0,1,37,176.51209411921764,176.51209411921764,176.51209411921764,LAX-ANH,1,45.0,45.0,45.0,55.0
385.0,5,0,1,15,20.0,1,11,353.0241882384353,353.0241882384353,353.0241882384353,ANH-LAX,1,40.0,42.5,42.5,50.0
385.0,0,0,1,25,35.0,2,16,153.2516319146921,,,LAX-LGB-LAX,1,22.5,22.5,22.5,80.0
390.0,7,0,1,10,15.0,1,10,157.68868436667537,315.37736873335075,157.68868436667537,PSD-LAX,1,60.0,75.0,60.0,75.0
390.0,2,0,1,15,20.0,1,18,51.08387730489737,51.08387730489737,51.08387730489737,LGB-LAX,1,20.0,20.0,20.0,50.0
390.0,7,0,1,10,15.0,1,0,157.68868436667537,315.37736873335075,157.68868436667537,PSD-LAX,1,22.5,40.0,25.0,55.0
390.0,8,1,1,20,30.0,2,7,107.7613678113185,,,BVH-LAX-DTLA,1,32.5,60.0,60.0,75.0
390.0,0,0,1,20,30.0,2,8,51.04884363573325,,,LAX-BVH-LAX,1,52.5,67.5,67.5,70.0
395.0,3,1,1,25,35.0,2,9,211.36902785975167,,,WDHL-LAX-DTLA,1,20.0,20.0,20.0,65.0
395.0,6,0,1,10,15.0,1,14,133.37448068391893,133.37448068391893,133.37448068391893,HWD-LAX,1,20.0,35.0,20.0,35.0
395.0,1,2,1,20,30.0,2,26,175.83628673577186,,,DTLA-LAX-LGB,1,42.5,42.5,42.5,65.0
395.0,1,0,1,10,15.0,1,40,124.7524094308745,249.504818861749,124.7524094308745,DTLA-LAX,1,70.0,82.5,67.5,75.0
400.0,6,0,1,10,15.0,1,20,133.37448068391893,133.37448068391893,133.37448068391893,HWD-LAX,1,67.5,67.5,67.5,67.5
400.0,0,0,1,20,30.0,2,34,166.71810085489867,,,LAX-HWD-LAX,1,25.0,60.0,60.0,72.5
400.0,1,0,1,10,15.0,1,12,93.56430707315587,93.56430707315587,93.56430707315587,DTLA-LAX,1,55.0,55.0,55.0,55.0
400.0,0,7,1,10,15.0,1,19,39.422171091668844,39.422171091668844,39.422171091668844,LAX-PSD,1,20.0,35.0,20.0,55.0
400.0,7,0,1,10,15.0,1,3,39.422171091668844,39.422171091668844,39.422171091668844,PSD-LAX,1,20.0,52.5,52.5,75.0
405.0,0,5,1,15,20.0,1,33,176.51209411921764,176.51209411921764,176.51209411921764,LAX-ANH,1,67.5,67.5,67.5,67.5
405.0,1,1,1,20,30.0,2,38,155.9405117885931,,,DTLA-LAX-DTLA,1,50.0,50.0,50.0,85.0
405.0,0,0,1,20,30.0,2,11,197.11085545834422,,,LAX-PSD-LAX,1,20.0,20.0,20.0,50.0
405.0,2,0,1,15,20.0,1,28,102.16775460979474,102.16775460979474,102.16775460979474,LGB-LAX,1,47.5,50.0,50.0,50.0
405.0,7,0,1,10,15.0,1,39,39.422171091668844,39.422171091668844,39.422171091668844,PSD-LAX,1,67.5,67.5,67.5,67.5
405.0,5,7,1,25,35.0,2,37,304.19031227049527,,,ANH-LAX-PSD,1,20.0,20.0,20.0,50.0
410.0,0,0,1,20,30.0,2,20,78.84434218333769,,,LAX-PSD-LAX,1,37.5,77.5,77.5,77.5
410.0,0,5,1,15,20.0,1,6,176.51209411921764,176.51209411921764,176.51209411921764,LAX-ANH,1,65.0,65.0,65.0,70.0
410.0,0,0,1,25,35.0,2,12,204.33550921958948,,,LAX-LGB-LAX,1,20.0,87.5,87.5,87.5
410.0,0,0,1,20,30.0,2,1,76.57326545359987,,,LAX-BVH-LAX,1,22.5,47.5,47.5,47.5
410.0,1,0,1,10,15.0,1,24,93.56430707315587,93.56430707315587,93.56430707315587,DTLA-LAX,1,37.5,37.5,22.5,57.5
415.0,1,6,1,20,30.0,2,15,224.7832699438137,,,DTLA-LAX-HWD,1,52.5,70.0,70.0,82.5
415.0,0,0,1,20,30.0,2,29,250.07715128234798,,,LAX-HWD-LAX,1,40.0,45.0,30.0,40.0
415.0,0,5,1,15,20.0,1,39,176.51209411921764,176.51209411921764,176.51209411921764,LAX-ANH,1,47.5,47.5,47.5,47.5
415.0,8,0,1,10,15.0,1,17,25.524421817866624,25.524421817866624,25.524421817866624,BVH-LAX,1,67.5,67.5,52.5,82.5
415.0,6,0,1,10,15.0,1,35,133.37448068391893,133.37448068391893,133.37448068391893,HWD-LAX,1,20.0,35.0,20.0,40.0
420.0,1,0,1,10,15.0,1,30,124.7524094308745,124.7524094308745,124.7524094308745,DTLA-LAX,1,67.5,67.5,52.5,82.5
420.0,5,0,1,15,20.0,1,33,176.51209411921764,176.51209411921764,176.51209411921764,ANH-LAX,1,47.5,47.5,47.5,47.5
420.0,6,3,1,25,35.0,2,32,192.27684107721683,,,HWD-LAX-WDHL,1,20.0,20.0,20.0,42.5
425.0,6,0,1,10,15.0,1,25,116.70267059842907,233.40534119685813,116.70267059842907,HWD-LAX,1,47.5,47.5,47.5,47.5
425.0,1,0,1,10,15.0,1,13,124.7524094308745,124.7524094308745,124.7524094308745,DTLA-LAX,1,75.0,75.0,75.0,75.0
425.0,0,0,1,20,30.0,2,18,76.57326545359987,,,LAX-BVH-LAX,1,20.0,65.0,65.0,65.0
425.0,5,0,1,15,20.0,1,36,353.0241882384353,353.0241882384353,353.0241882384353,ANH-LAX,1,52.5,52.5,32.5,80.0
430.0,5,0,1,15,20.0,1,6,353.0241882384353,353.0241882384353,353.0241882384353,ANH-LAX,1,50.0,50.0,50.0,50.0
430.0,6,1,1,20,30.0,2,2,224.7832699438137,,,HWD-LAX-DTLA,1,52.5,62.5,62.5,82.5
430.0,7,0,1,10,15.0,1,21,118.26651327500653,118.26651327500653,118.26651327500653,PSD-LAX,1,30.0,30.0,30.0,40.0
430.0,1,0,1,10,15.0,1,4,62.37620471543725,62.37620471543725,62.37620471543725,DTLA-LAX,1,50.0,50.0,50.0,50.0
435.0,1,0,1,10,15.0,1,0,124.7524094308745,249.504818861749,124.7524094308745,DTLA-LAX,1,40.0,50.0,50.0,67.5
435.0,0,3,1,15,20.0,1,25,58.9023603932979,58.9023603932979,58.9023603932979,LAX-WDHL,1,27.5,40.0,40.0,40.0
435.0,0,2,1,10,15.0,1,33,153.2516319146921,153.2516319146921,153.2516319146921,LAX-LGB,1,32.5,32.5,32.5,45.0
435.0,0,0,1,20,30.0,2,28,200.0617210258784,,,LAX-HWD-LAX,1,20.0,62.5,62.5,62.5
435.0,0,5,1,15,20.0,1,13,176.51209411921764,176.51209411921764,176.51209411921764,LAX-ANH,1,55.0,55.0,55.0,55.0
435.0,0,0,1,20,30.0,2,8,236.53302655001306,,,LAX-PSD-LAX,1,40.0,42.5,42.5,75.0
435.0,2,7,1,25,35.0,2,10,141.58992570146359,,,LGB-LAX-PSD,1,40.0,90.0,90.0,92.5
435.0,1,0,1,10,15.0,1,7,124.7524094308745,249.504818861749,124.7524094308745,DTLA-LAX,1,60.0,60.0,60.0,60.0
435.0,5,0,1,15,20.0,1,39,353.0241882384353,353.0241882384353,353.0241882384353,ANH-LAX,1,27.5,50.0,50.0,50.0
440.0,6,0,1,10,15.0,1,14,66.68724034195947,66.68724034195947,66.68724034195947,HWD-LAX,1,20.0,35.0,20.0,50.0
440.0,0,3,1,15,20.0,1,23,58.9023603932979,58.9023603932979,58.9023603932979,LAX-WDHL,1,47.5,55.0,55.0,57.5
440.0,0,0,1,20,30.0,2,4,164.9068026169217,,,LAX-UVS-LAX,1,20.0,37.5,37.5,40.0
440.0,0,7,1,10,15.0,1,22,78.84434218333769,78.84434218333769,78.84434218333769,LAX-PSD,1,72.5,72.5,72.5,72.5
440.0,3,1,1,25,35.0,2,31,180.18092550203303,,,WDHL-LAX-DTLA,1,40.0,67.5,67.5,85.0
440.0,0,5,1,15,20.0,1,27,176.51209411921764,176.51209411921764,176.51209411921764,LAX-ANH,1,60.0,72.5,72.5,72.5
440.0,0,6,1,10,15.0,1,1,133.37448068391893,133.37448068391893,133.37448068391893,LAX-HWD,1,32.5,37.5,22.5,70.0
440.0,4,3,1,25,35.0,2,40,182.58246235598918,,,UVS-LAX-WDHL,1,40.0,57.5,57.5,75.0
445.0,1,0,1,10,15.0,1,5,31.188102357718623,31.188102357718623,31.188102357718623,DTLA-LAX,1,60.0,77.5,62.5,70.0
445.0,0,4,1,10,15.0,1,21,41.22670065423043,41.22670065423043,41.22670065423043,LAX-UVS,1,25.0,30.0,30.0,65.0
445.0,0,0,1,20,30.0,2,34,51.04884363573325,,,LAX-BVH-LAX,1,42.5,77.5,77.5,77.5
445.0,0,0,1,20,30.0,2,6,166.71810085489867,,,LAX-HWD-LAX,1,20.0,22.5,22.5,70.0
445.0,0,5,1,15,20.0,1,7,176.51209411921764,176.51209411921764,176.51209411921764,LAX-ANH,1,40.0,40.0,40.0,40.0
445.0,3,1,1,25,35.0,2,19,152.46666746645377,,,WDHL-LAX-DTLA,1,20.0,20.0,20.0,72.5
450.0,2,0,1,15,20.0,1,33,102.16775460979474,102.16775460979474,102.16775460979474,LGB-LAX,1,25.0,27.5,27.5,37.5
450.0,5,7,1,25,35.0,2,13,260.06228874069086,,,ANH-LAX-PSD,1,20.0,35.0,20.0,42.5
455.0,3,0,1,15,20.0,1,25,58.9023603932979,58.9023603932979,58.9023603932979,WDHL-LAX,1,20.0,25.0,25.0,40.0
455.0,0,5,1,15,20.0,1,3,353.0241882384353,353.0241882384353,353.0241882384353,LAX-ANH,1,55.0,55.0,55.0,55.0
455.0,0,6,1,10,15.0,1,20,133.37448068391893,133.37448068391893,133.37448068391893,LAX-HWD,1,62.5,72.5,72.5,75.0
455.0,1,0,1,10,15.0,1,38,124.7524094308745,124.7524094308745,124.7524094308745,DTLA-LAX,1,70.0,77.5,77.5,82.5
455.0,2,0,1,15,20.0,1,24,204.33550921958948,204.33550921958948,204.33550921958948,LGB-LAX,1,37.5,37.5,37.5,37.5
460.0,6,0,1,10,15.0,1,15,133.37448068391893,133.37448068391893,133.37448068391893,HWD-LAX,1,67.5,67.5,67.5,67.5
460.0,5,0,1,15,20.0,1,7,353.0241882384353,353.0241882384353,353.0241882384353,ANH-LAX,1,20.0,20.0,20.0,50.0
460.0,8,1,1,20,30.0,2,17,151.71168107797044,,,BVH-LAX-DTLA,1,52.5,52.5,37.5,77.5
460.0,0,8,1,10,15.0,1,0,51.04884363573325,51.04884363573325,51.04884363573325,LAX-BVH,1,52.5,52.5,37.5,37.5
460.0,0,0,1,20,30.0,2,16,123.68010196269128,,,LAX-UVS-LAX,1,50.0,55.0,40.0,80.0
460.0,0,0,1,20,30.0,2,39,197.11085545834422,,,LAX-PSD-LAX,1,20.0,55.0,55.0,62.5
460.0,1,0,1,10,15.0,1,35,124.7524094308745,124.7524094308745,124.7524094308745,DTLA-LAX,1,25.0,35.0,20.0,50.0
460.0,0,0,1,20,30.0,2,11,133.37448068391893,,,LAX-HWD-LAX,1,20.0,70.0,70.0,75.0
460.0,2,1,1,25,35.0,2,26,278.0040413455666,,,LGB-LAX-DTLA,1,30.0,30.0,30.0,87.5
465.0,3,1,1,25,35.0,2,23,242.55713021747027,,,WDHL-LAX-DTLA,1,22.5,22.5,22.5,90.0
465.0,1,0,1,10,15.0,1,30,93.56430707315587,93.56430707315587,93.56430707315587,DTLA-LAX,1,67.5,67.5,67.5,67.5
465.0,5,1,1,25,35.0,2,27,477.77659766930975,,,ANH-LAX-DTLA,1,37.5,37.5,22.5,50.0
465.0,7,0,1,10,15.0,1,22,118.26651327500653,118.26651327500653,118.26651327500653,PSD-LAX,1,57.5,57.5,57.5,57.5
470.0,0,6,1,10,15.0,1,24,100.0308605129392,100.0308605129392,100.0308605129392,LAX-HWD,1,22.5,37.5,37.5,65.0
470.0,5,0,1,15,20.0,1,3,353.0241882384353,353.0241882384353,353.0241882384353,ANH-LAX,1,35.0,35.0,35.0,35.0
470.0,0,8,1,10,15.0,1,15,25.524421817866624,25.524421817866624,25.524421817866624,LAX-BVH,1,52.5,72.5,72.5,82.5
470.0,0,2,1,10,15.0,1,33,204.33550921958948,204.33550921958948,204.33550921958948,LAX-LGB,1,22.5,57.5,57.5,65.0
470.0,1,0,1,10,15.0,1,9,124.7524094308745,124.7524094308745,124.7524094308745,DTLA-LAX,1,50.0,50.0,50.0,50.0
475.0,6,0,1,10,15.0,1,20,133.37448068391893,133.37448068391893,133.37448068391893,HWD-LAX,1,60.0,60.0,60.0,60.0
475.0,0,2,1,10,15.0,1,18,153.2516319146921,153.2516319146921,153.2516319146921,LAX-LGB,1,50.0,60.0,60.0,70.0
475.0,8,0,1,10,15.0,1,29,76.57326545359987,76.57326545359987,76.57326545359987,BVH-LAX,1,25.0,30.0,30.0,67.5
475.0,0,0,1,20,30.0,2,30,157.68868436667537,,,LAX-PSD-LAX,1,37.5,72.5,72.5,80.0
475.0,1,1,1,20,30.0,2,2,155.9405117885931,,,DTLA-LAX-DTLA,1,52.5,60.0,60.0,65.0
475.0,0,0,1,20,30.0,2,22,233.40534119685813,,,LAX-HWD-LAX,1,27.5,32.5,32.5,50.0
475.0,4,0,1,10,15.0,1,21,41.22670065423043,41.22670065423043,41.22670065423043,UVS-LAX,1,50.0,50.0,50.0,50.0
480.0,0,0,1,20,30.0,2,9,76.57326545359987,,,LAX-BVH-LAX,1,20.0,20.0,20.0,92.5
480.0,1,0,1,10,15.0,1,0,124.7524094308745,124.7524094308745,124.7524094308745,DTLA-LAX,1,22.5,27.5,27.5,85.0
480.0,0,5,1,15,20.0,1,25,353.0241882384353,353.0241882384353,353.0241882384353,LAX-ANH,1,20.0,70.0,70.0,72.5
480.0,0,0,1,20,30.0,2,38,200.0617210258784,,,LAX-HWD-LAX,1,52.5,52.5,32.5,62.5
480.0,7,1,1,20,30.0,2,37,243.01892270588104,,,PSD-LAX-DTLA,1,20.0,22.5,22.5,75.0
480.0,0,0,1,25,35.0,2,8,255.41938652448684,,,LAX-LGB-LAX,1,40.0,40.0,40.0,67.5
485.0,0,0,1,20,30.0,2,21,76.57326545359987,,,LAX-BVH-LAX,1,20.0,20.0,20.0,35.0
485.0,5,0,1,15,20.0,1,36,353.0241882384353,353.0241882384353,353.0241882384353,ANH-LAX,1,60.0,60.0,60.0,60.0
485.0,0,7,1,10,15.0,1,3,39.422171091668844,39.422171091668844,39.422171091668844,LAX-PSD,1,20.0,35.0,35.0,35.0
485.0,4,4,1,20,30.0,2,14,82.45340130846085,,,UVS-LAX-UVS,1,20.0,20.0,20.0,55.0
485.0,0,5,1,15,20.0,1,28,176.51209411921764,176.51209411921764,176.51209411921764,LAX-ANH,1,42.5,42.5,42.5,42.5
485.0,0,6,1,10,15.0,1,4,66.68724034195947,66.68724034195947,66.68724034195947,LAX-HWD,1,25.0,32.5,32.5,47.5
485.0,3,0,1,15,20.0,1,1,176.7070811798937,176.7070811798937,176.7070811798937,WDHL-LAX,1,50.0,50.0,50.0,50.0
485.0,0,3,1,15,20.0,1,12,58.9023603932979,58.9023603932979,58.9023603932979,LAX-WDHL,1,67.5,67.5,67.5,70.0
485.0,0,2,1,10,15.0,1,20,204.33550921958948,204.33550921958948,204.33550921958948,LAX-LGB,1,45.0,62.5,62.5,75.0
490.0,0,5,1,15,20.0,1,6,176.51209411921764,176.51209411921764,176.51209411921764,LAX-ANH,1,50.0,50.0,50.0,50.0
490.0,0,8,1,10,15.0,1,34,25.524421817866624,25.524421817866624,25.524421817866624,LAX-BVH,1,62.5,65.0,65.0,75.0
490.0,0,0,1,20,30.0,2,7,200.0617210258784,,,LAX-HWD-LAX,1,20.0,20.0,20.0,40.0
490.0,4,1,1,20,30.0,2,5,144.8296060238981,,,UVS-LAX-DTLA,1,40.0,62.5,62.5,65.0
495.0,3,0,1,15,20.0,1,32,117.8047207865958,117.8047207865958,117.8047207865958,WDHL-LAX,1,22.5,27.5,27.5,35.0
500.0,5,0,1,15,20.0,1,28,308.89616470863086,617.7923294172617,308.89616470863086,ANH-LAX,1,22.5,22.5,22.5,92.5
500.0,0,5,1,15,20.0,1,36,88.25604705960882,88.25604705960882,88.25604705960882,LAX-ANH,1,40.0,40.0,40.0,40.0
500.0,2,0,1,15,20.0,1,33,51.08387730489737,51.08387730489737,51.08387730489737,LGB-LAX,1,45.0,45.0,45.0,45.0
500.0,0,0,1,20,30.0,2,1,157.68868436667537,,,LAX-PSD-LAX,1,20.0,75.0,75.0,75.0
505.0,5,0,1,15,20.0,1,6,353.0241882384353,353.0241882384353,353.0241882384353,ANH-LAX,1,30.0,42.5,42.5,42.5
505.0,7,1,1,20,30.0,2,35,203.59675161421217,,,PSD-LAX-DTLA,1,20.0,20.0,20.0,37.5
505.0,0,5,1,15,20.0,1,39,88.25604705960882,88.25604705960882,88.25604705960882,LAX-ANH,1,42.5,92.5,92.5,92.5
505.0,3,0,1,15,20.0,1,12,58.9023603932979,58.9023603932979,58.9023603932979,WDHL-LAX,1,50.0,50.0,50.0,50.0
505.0,1,0,1,10,15.0,1,13,93.56430707315587,93.56430707315587,93.56430707315587,DTLA-LAX,1,27.5,35.0,20.0,50.0
505.0,2,0,1,15,20.0,1,18,153.2516319146921,153.2516319146921,153.2516319146921,LGB-LAX,1,50.0,50.0,50.0,50.0
505.0,8,0,1,10,15.0,1,15,76.57326545359987,76.57326545359987,76.57326545359987,BVH-LAX,1,67.5,67.5,67.5,67.5
510.0,0,5,1,15,20.0,1,11,176.51209411921764,176.51209411921764,176.51209411921764,LAX-ANH,1,55.0,55.0,55.0,55.0
515.0,1,0,1,10,15.0,1,31,124.7524094308745,124.7524094308745,124.7524094308745,DTLA-LAX,1,70.0,87.5,87.5,87.5
515.0,0,6,1,10,15.0,1,33,133.37448068391893,133.37448068391893,133.37448068391893,LAX-HWD,1,30.0,35.0,20.0,57.5
515.0,6,0,1,10,15.0,1,4,133.37448068391893,133.37448068391893,133.37448068391893,HWD-LAX,1,32.5,32.5,32.5,70.0
515.0,0,7,1,10,15.0,1,32,39.422171091668844,39.422171091668844,39.422171091668844,LAX-PSD,1,20.0,35.0,20.0,70.0
515.0,7,0,1,10,15.0,1,10,78.84434218333769,78.84434218333769,78.84434218333769,PSD-LAX,1,77.5,77.5,77.5,77.5
515.0,0,5,1,15,20.0,1,17,176.51209411921764,176.51209411921764,176.51209411921764,LAX-ANH,1,57.5,57.5,57.5,57.5
515.0,0,0,1,20,30.0,2,27,82.45340130846085,,,LAX-UVS-LAX,1,20.0,35.0,20.0,70.0
515.0,2,0,1,15,20.0,1,20,204.33550921958948,204.33550921958948,204.33550921958948,LGB-LAX,1,55.0,55.0,55.0,55.0
515.0,0,0,1,25,35.0,2,15,153.2516319146921,,,LAX-LGB-LAX,1,32.5,37.5,37.5,50.0
515.0,8,0,1,10,15.0,1,34,25.524421817866624,25.524421817866624,25.524421817866624,BVH-LAX,1,60.0,60.0,60.0,60.0
515.0,5,0,1,15,20.0,1,36,264.76814117882645,264.76814117882645,264.76814117882645,ANH-LAX,1,20.0,20.0,20.0,55.0
515.0,3,0,1,15,20.0,1,40,117.8047207865958,117.8047207865958,117.8047207865958,WDHL-LAX,1,55.0,57.5,57.5,75.0
520.0,1,0,1,10,15.0,1,19,62.37620471543725,62.37620471543725,62.37620471543725,DTLA-LAX,1,57.5,57.5,57.5,57.5
520.0,6,1,1,20,30.0,2,24,224.7832699438137,,,HWD-LAX-DTLA,1,35.0,70.0,70.0,80.0
520.0,4,0,1,10,15.0,1,16,41.22670065423043,41.22670065423043,41.22670065423043,UVS-LAX,1,65.0,65.0,65.0,65.0
520.0,0,0,1,20,30.0,2,18,233.91076768288968,,,LAX-DTLA-LAX,1,20.0,50.0,50.0,75.0
520.0,7,0,1,10,15.0,1,3,39.422171091668844,39.422171091668844,39.422171091668844,PSD-LAX,1,20.0,37.5,22.5,40.0
520.0,0,5,1,15,20.0,1,8,176.51209411921764,176.51209411921764,176.51209411921764,LAX-ANH,1,47.5,47.5,27.5,60.0
520.0,0,0,1,20,30.0,2,12,102.0976872714665,,,LAX-BVH-LAX,1,20.0,70.0,70.0,70.0
520.0,0,0,1,20,30.0,2,22,118.26651327500653,,,LAX-PSD-LAX,1,20.0,82.5,82.5,82.5
525.0,0,5,1,15,20.0,1,10,353.0241882384353,353.0241882384353,353.0241882384353,LAX-ANH,1,57.5,62.5,62.5,65.0
525.0,5,1,1,25,35.0,2,11,384.2122905961539,,,ANH-LAX-DTLA,1,20.0,35.0,35.0,55.0
525.0,0,0,1,20,30.0,2,34,157.68868436667537,,,LAX-PSD-LAX,1,30.0,72.5,72.5,75.0
525.0,1,0,1,10,15.0,1,2,124.7524094308745,124.7524094308745,124.7524094308745,DTLA-LAX,1,50.0,50.0,50.0,50.0
525.0,0,4,1,10,15.0,1,6,41.22670065423043,41.22670065423043,41.22670065423043,LAX-UVS,1,27.5,40.0,40.0,50.0
525.0,0,0,1,20,30.0,2,30,133.37448068391893,,,LAX-HWD-LAX,1,50.0,50.0,50.0,50.0
530.0,5,2,1,25,35.0,2,17,506.27582015312737,,,ANH-LAX-LGB,1,22.5,42.5,42.5,70.0
530.0,0,3,1,15,20.0,1,29,117.8047207865958,117.8047207865958,117.8047207865958,LAX-WDHL,1,47.5,52.5,52.5,55.0
530.0,0,2,1,10,15.0,1,16,102.16775460979474,102.16775460979474,102.16775460979474,LAX-LGB,1,50.0,50.0,50.0,72.5
530.0,1,0,1,10,15.0,1,37,109.15835825201518,218.31671650403035,109.15835825201518,DTLA-LAX,1,60.0,60.0,60.0,60.0
530.0,3,0,1,15,20.0,1,38,58.9023603932979,58.9023603932979,58.9023603932979,WDHL-LAX,1,42.5,42.5,42.5,52.5
530.0,0,6,1,10,15.0,1,20,66.68724034195947,66.68724034195947,66.68724034195947,LAX-HWD,1,40.0,40.0,40.0,50.0
530.0,0,8,1,10,15.0,1,19,51.04884363573325,51.04884363573325,51.04884363573325,LAX-BVH,1,42.5,42.5,42.5,52.5
535.0,0,2,1,10,15.0,1,21,51.08387730489737,51.08387730489737,51.08387730489737,LAX-LGB,1,20.0,25.0,25.0,50.0
535.0,5,0,1,15,20.0,1,25,264.76814117882645,264.76814117882645,264.76814117882645,ANH-LAX,1,52.5,52.5,52.5,52.5
535.0,1,0,1,10,15.0,1,26,124.7524094308745,124.7524094308745,124.7524094308745,DTLA-LAX,1,72.5,72.5,72.5,72.5
535.0,0,0,1,20,30.0,2,2,249.504818861749,,,LAX-DTLA-LAX,1,20.0,20.0,20.0,80.0
540.0,7,1,1,20,30.0,2,13,141.22054689877493,,,PSD-LAX-DTLA,1,20.0,22.5,22.5,52.5
540.0,0,5,1,15,20.0,1,0,88.25604705960882,88.25604705960882,88.25604705960882,LAX-ANH,1,65.0,70.0,70.0,70.0
540.0,0,6,1,10,15.0,1,37,133.37448068391893,133.37448068391893,133.37448068391893,LAX-HWD,1,45.0,45.0,45.0,55.0
540.0,1,0,1,10,15.0,1,23,93.56430707315587,93.56430707315587,93.56430707315587,DTLA-LAX,1,75.0,75.0,75.0,75.0
545.0,0,0,1,20,30.0,2,26,102.0976872714665,,,LAX-BVH-LAX,1,42.5,70.0,70.0,82.5
545.0,8,0,1,10,15.0,1,19,25.524421817866624,25.524421817866624,25.524421817866624,BVH-LAX,1,37.5,40.0,40.0,90.0
545.0,4,0,1,10,15.0,1,6,123.68010196269128,123.68010196269128,123.68010196269128,UVS-LAX,1,35.0,37.5,37.5,55.0
545.0,5,6,1,25,35.0,2,10,398.1426218627454,,,ANH-LAX-HWD,1,30.0,50.0,50.0,90.0
545.0,0,0,1,20,30.0,2,30,123.68010196269128,,,LAX-UVS-LAX,1,20.0,50.0,50.0,55.0
545.0,0,0,1,20,30.0,2,36,118.26651327500653,,,LAX-PSD-LAX,1,25.0,87.5,72.5,95.0
545.0,6,1,1,20,30.0,2,20,147.89077295614769,,,HWD-LAX-DTLA,1,20.0,65.0,65.0,67.5
545.0,0,3,1,15,20.0,1,4,235.6094415731916,235.6094415731916,235.6094415731916,LAX-WDHL,1,50.0,50.0,35.0,35.0
545.0,0,5,1,15,20.0,1,7,176.51209411921764,176.51209411921764,176.51209411921764,LAX-ANH,1,20.0,55.0,55.0,55.0
550.0,0,0,1,20,30.0,2,40,233.40534119685813,,,LAX-HWD-LAX,1,45.0,80.0,80.0,80.0
550.0,0,7,1,10,15.0,1,1,118.26651327500653,118.26651327500653,118.26651327500653,LAX-PSD,1,60.0,60.0,60.0,62.5
550.0,1,0,1,10,15.0,1,35,93.56430707315587,93.56430707315587,93.56430707315587,DTLA-LAX,1,22.5,35.0,20.0,65.0
550.0,0,3,1,15,20.0,1,23,117.8047207865958,117.8047207865958,117.8047207865958,LAX-WDHL,1,55.0,55.0,55.0,55.0
550.0,4,5,1,25,35.0,2,14,258.9654954276785,,,UVS-LAX-ANH,1,20.0,70.0,70.0,72.5
550.0,0,8,1,10,15.0,1,25,51.04884363573325,51.04884363573325,51.04884363573325,LAX-BVH,1,37.5,47.5,47.5,52.5
550.0,0,4,1,10,15.0,1,38,41.22670065423043,41.22670065423043,41.22670065423043,LAX-UVS,1,37.5,57.5,57.5,57.5
550.0,3,1,1,25,35.0,2,29,183.65476982417238,,,WDHL-LAX-DTLA,1,20.0,22.5,22.5,77.5
555.0,2,0,1,15,20.0,1,16,153.2516319146921,153.2516319146921,153.2516319146921,LGB-LAX,1,52.5,52.5,52.5,60.0
555.0,1,0,1,10,15.0,1,3,124.7524094308745,124.7524094308745,124.7524094308745,DTLA-LAX,1,25.0,27.5,27.5,50.0
555.0,0,0,1,20,30.0,2,15,76.57326545359987,,,LAX-BVH-LAX,1,20.0,47.5,47.5,47.5
555.0,6,0,1,10,15.0,1,37,133.37448068391893,133.37448068391893,133.37448068391893,HWD-LAX,1,40.0,40.0,40.0,50.0
555.0,3,1,1,25,35.0,2,33,211.36902785975167,,,WDHL-LAX-DTLA,1,22.5,35.0,20.0,85.0
560.0,5,0,1,15,20.0,1,0,353.0241882384353,353.0241882384353,353.0241882384353,ANH-LAX,1,50.0,50.0,50.0,50.0
565.0,0,5,1,15,20.0,1,12,353.0241882384353,706.0483764768705,353.0241882384353,LAX-ANH,1,50.0,50.0,50.0,50.0
565.0,1,0,1,10,15.0,1,5,62.37620471543725,62.37620471543725,62.37620471543725,DTLA-LAX,1,50.0,50.0,50.0,50.0
565.0,0,6,1,10,15.0,1,9,133.37448068391893,133.37448068391893,133.37448068391893,LAX-HWD,1,77.5,77.5,77.5,90.0
565.0,3,2,1,25,35.0,2,23,161.07011500309264,,,WDHL-LAX-LGB,1,20.0,47.5,47.5,80.0
565.0,0,0,1,20,30.0,2,6,157.68868436667537,,,LAX-PSD-LAX,1,25.0,52.5,52.5,75.0
565.0,2,0,1,15,20.0,1,21,204.33550921958948,204.33550921958948,204.33550921958948,LGB-LAX,1,30.0,32.5,32.5,35.0
570.0,0,5,1,15,20.0,1,18,353.0241882384353,353.0241882384353,353.0241882384353,LAX-ANH,1,55.0,55.0,55.0,55.0
570.0,5,0,1,15,20.0,1,39,176.51209411921764,176.51209411921764,176.51209411921764,ANH-LAX,1,72.5,72.5,72.5,77.5
570.0,6,0,1,10,15.0,1,32,33.34362017097973,33.34362017097973,33.34362017097973,HWD-LAX,1,55.0,55.0,55.0,55.0
570.0,0,3,1,15,20.0,1,34,117.8047207865958,117.8047207865958,117.8047207865958,LAX-WDHL,1,55.0,55.0,55.0,55.0
570.0,0,2,1,10,15.0,1,8,102.16775460979474,102.16775460979474,102.16775460979474,LAX-LGB,1,45.0,70.0,70.0,70.0
570.0,8,0,1,10,15.0,1,4,76.57326545359987,76.57326545359987,76.57326545359987,BVH-LAX,1,20.0,20.0,20.0,67.5
570.0,0,0,1,20,30.0,2,37,266.74896136783786,,,LAX-HWD-LAX,1,20.0,20.0,20.0,47.5
570.0,4,0,1,10,15.0,1,38,41.22670065423043,41.22670065423043,41.22670065423043,UVS-LAX,1,42.5,42.5,42.5,42.5
570.0,0,4,1,10,15.0,1,31,82.45340130846085,82.45340130846085,82.45340130846085,LAX-UVS,1,72.5,72.5,72.5,72.50000000000003
570.0,1,0,1,10,15.0,1,24,93.56430707315587,93.56430707315587,93.56430707315587,DTLA-LAX,1,65.0,65.0,65.0,65.0
570.0,7,0,1,10,15.0,1,1,39.422171091668844,39.422171091668844,39.422171091668844,PSD-LAX,1,47.5,47.5,47.5,60.0
575.0,8,1,1,20,30.0,2,25,119.0887288910225,,,BVH-LAX-DTLA,1,22.5,70.0,70.0,70.0
575.0,0,5,1,15,20.0,1,28,353.0241882384353,353.0241882384353,353.0241882384353,LAX-ANH,1,72.5,72.5,72.5,72.5
575.0,1,0,1,10,15.0,1,27,124.7524094308745,124.7524094308745,124.7524094308745,DTLA-LAX,1,55.0,55.0,55.0,55.0
575.0,0,0,1,20,30.0,2,5,233.91076768288968,,,LAX-DTLA-LAX,1,20.0,40.0,20.0,55.0
575.0,0,0,1,20,30.0,2,0,133.37448068391893,,,LAX-HWD-LAX,1,20.0,60.0,60.0,60.0
575.0,5,1,1,25,35.0,2,7,477.77659766930975,,,ANH-LAX-DTLA,1,20.0,80.0,80.0,80.0
575.0,0,0,1,20,30.0,2,3,127.62210908933312,,,LAX-BVH-LAX,1,20.0,20.0,20.0,57.5
575.0,0,3,1,15,20.0,1,16,117.8047207865958,117.8047207865958,117.8047207865958,LAX-WDHL,1,40.0,40.0,40.0,40.0
580.0,0,5,1,15,20.0,1,32,88.25604705960882,88.25604705960882,88.25604705960882,LAX-ANH,1,35.0,42.5,42.5,42.5
580.0,5,0,1,15,20.0,1,12,353.0241882384353,353.0241882384353,353.0241882384353,ANH-LAX,1,30.0,35.0,35.0,70.0
580.0,0,7,1,10,15.0,1,38,118.26651327500653,118.26651327500653,118.26651327500653,LAX-PSD,1,27.5,62.5,47.5,75.0
580.0,0,0,1,20,30.0,2,24,164.9068026169217,,,LAX-UVS-LAX,1,35.0,35.0,35.0,35.0
585.0,1,1,1,20,30.0,2,13,233.91076768288968,,,DTLA-LAX-DTLA,1,22.5,55.0,55.0,65.0
585.0,4,0,1,10,15.0,1,31,41.22670065423043,41.22670065423043,41.22670065423043,UVS-LAX,1,57.500000000000036,57.500000000000036,57.500000000000036,57.500000000000036
585.0,3,1,1,25,35.0,2,34,183.65476982417238,,,WDHL-LAX-DTLA,1,20.0,60.0,60.0,82.5
585.0,5,1,1,25,35.0,2,18,301.2645035500921,,,ANH-LAX-DTLA,1,20.0,60.0,60.0,67.5
585.0,0,4,1,10,15.0,1,27,123.68010196269128,123.68010196269128,123.68010196269128,LAX-UVS,1,40.0,42.5,42.5,50.0
590.0,3,0,1,15,20.0,1,16,58.9023603932979,58.9023603932979,58.9023603932979,WDHL-LAX,1,20.0,27.5,27.5,92.5
590.0,0,5,1,15,20.0,1,22,353.0241882384353,353.0241882384353,353.0241882384353,LAX-ANH,1,62.5,62.5,62.5,62.5
590.0,0,0,1,25,35.0,2,39,306.5032638293842,,,LAX-LGB-LAX,1,42.5,42.5,42.5,42.5
590.0,0,3,1,15,20.0,1,15,58.9023603932979,58.9023603932979,58.9023603932979,LAX-WDHL,1,27.5,30.0,30.0,40.0
590.0,0,0,1,20,30.0,2,1,166.71810085489867,,,LAX-HWD-LAX,1,30.0,30.0,30.0,75.0
590.0,5,0,1,15,20.0,1,28,353.0241882384353,353.0241882384353,353.0241882384353,ANH-LAX,1,52.5,52.5,52.5,52.5
590.0,0,6,1,10,15.0,1,21,133.37448068391893,266.74896136783786,133.37448068391893,LAX-HWD,1,20.0,20.0,20.0,40.0
590.0,0,8,1,10,15.0,1,30,51.04884363573325,51.04884363573325,51.04884363573325,LAX-BVH,1,40.0,45.0,45.0,50.0
595.0,0,0,1,25,35.0,2,31,306.5032638293842,,,LAX-LGB-LAX,1,22.500000000000036,22.5,22.5,72.5
595.0,0,0,1,20,30.0,2,40,233.40534119685813,,,LAX-HWD-LAX,1,50.0,50.0,50.0,72.5
595.0,1,0,1,10,15.0,1,35,93.56430707315587,187.12861414631175,93.56430707315587,DTLA-LAX,1,50.0,50.0,50.0,50.0
595.0,2,0,1,15,20.0,1,8,204.33550921958948,204.33550921958948,204.33550921958948,LGB-LAX,1,50.0,50.0,50.0,50.0
595.0,6,0,1,10,15.0,1,9,100.0308605129392,100.0308605129392,100.0308605129392,HWD-LAX,1,75.0,75.0,75.0,75.0
595.0,0,5,1,15,20.0,1,26,353.0241882384353,353.0241882384353,353.0241882384353,LAX-ANH,1,62.5,62.5,62.5,62.5
595.0,1,0,1,10,15.0,1,20,93.56430707315587,187.12861414631175,93.56430707315587,DTLA-LAX,1,52.5,52.5,52.5,60.0
600.0,4,1,1,20,30.0,2,27,217.24440903584716,,,UVS-LAX-DTLA,1,20.0,65.0,50.0,55.0
600.0,0,5,1,15,20.0,1,2,353.0241882384353,706.0483764768705,353.0241882384353,LAX-ANH,1,60.0,60.0,60.0,60.0
600.0,5,0,1,15,20.0,1,32,353.0241882384353,353.0241882384353,353.0241882384353,ANH-LAX,1,22.5,22.5,22.5,95.0
600.0,1,0,1,10,15.0,1,11,124.7524094308745,124.7524094308745,124.7524094308745,DTLA-LAX,1,40.0,40.0,40.0,40.0
600.0,0,3,1,15,20.0,1,19,117.8047207865958,117.8047207865958,117.8047207865958,LAX-WDHL,1,70.0,70.0,70.0,70.0
605.0,0,5,1,15,20.0,1,9,353.0241882384353,353.0241882384353,353.0241882384353,LAX-ANH,1,55.0,55.0,55.0,55.0
605.0,0,7,1,10,15.0,1,24,39.422171091668844,39.422171091668844,39.422171091668844,LAX-PSD,1,20.0,30.0,30.0,77.5
605.0,5,1,1,25,35.0,2,22,213.0084564904833,,,ANH-LAX-DTLA,1,27.5,50.0,50.0,50.0
605.0,0,0,1,25,35.0,2,4,383.12907978673024,,,LAX-LGB-LAX,1,32.5,32.5,32.5,52.5
605.0,8,1,1,20,30.0,2,30,119.0887288910225,,,BVH-LAX-DTLA,1,20.0,65.0,65.0,65.0
605.0,0,0,1,20,30.0,2,35,166.71810085489867,,,LAX-HWD-LAX,1,20.0,20.0,20.0,55.0
605.0,0,2,1,10,15.0,1,28,204.33550921958948,408.67101843917897,204.33550921958948,LAX-LGB,1,37.5,40.0,20.0,80.0
610.0,0,0,1,20,30.0,2,20,197.11085545834422,,,LAX-PSD-LAX,1,30.0,72.5,72.5,75.0
610.0,5,1,1,25,35.0,2,26,477.77659766930975,,,ANH-LAX-DTLA,1,27.5,77.5,77.5,82.5
610.0,6,0,1,10,15.0,1,21,133.37448068391893,133.37448068391893,133.37448068391893,HWD-LAX,1,25.0,35.0,20.0,65.0
610.0,3,0,1,15,20.0,1,15,176.7070811798937,176.7070811798937,176.7070811798937,WDHL-LAX,1,20.0,60.0,60.0,77.5
610.0,0,4,1,10,15.0,1,11,41.22670065423043,41.22670065423043,41.22670065423043,LAX-UVS,1,25.0,30.0,30.0,37.5
610.0,0,0,1,20,30.0,2,8,178.67095272506637,,,LAX-BVH-LAX,1,20.0,75.0,75.0,75.0
615.0,5,0,1,15,20.0,1,2,353.0241882384353,353.0241882384353,353.0241882384353,ANH-LAX,1,40.0,40.0,40.0,40.0
615.0,0,8,1,10,15.0,1,39,25.524421817866624,25.524421817866624,25.524421817866624,LAX-BVH,1,27.5,27.5,27.5,40.0
615.0,0,5,1,15,20.0,1,37,176.51209411921764,176.51209411921764,176.51209411921764,LAX-ANH,1,27.5,27.5,27.5,40.0
615.0,3,0,1,15,20.0,1,19,58.9023603932979,58.9023603932979,58.9023603932979,WDHL-LAX,1,50.0,50.0,50.0,50.0
620.0,5,1,1,25,35.0,2,9,477.77659766930975,,,ANH-LAX-DTLA,1,20.0,65.0,65.0,65.0
620.0,0,3,1,15,20.0,1,0,58.9023603932979,58.9023603932979,58.9023603932979,LAX-WDHL,1,40.0,40.0,40.0,40.0
620.0,0,5,1,15,20.0,1,3,88.25604705960882,88.25604705960882,88.25604705960882,LAX-ANH,1,37.5,87.5,87.5,90.0
620.0,0,0,1,20,30.0,2,12,164.9068026169217,,,LAX-UVS-LAX,1,40.0,40.0,40.0,50.0
620.0,1,0,1,10,15.0,1,25,124.7524094308745,124.7524094308745,124.7524094308745,DTLA-LAX,1,55.0,55.0,55.0,55.0
625.0,4,0,1,10,15.0,1,11,41.22670065423043,41.22670065423043,41.22670065423043,UVS-LAX,1,22.5,40.0,25.0,50.0
625.0,5,0,1,15,20.0,1,14,88.25604705960882,88.25604705960882,88.25604705960882,ANH-LAX,1,52.5,52.5,52.5,52.5
625.0,1,0,1,10,15.0,1,29,124.7524094308745,124.7524094308745,124.7524094308745,DTLA-LAX,1,62.5,62.5,62.5,62.5
630.0,0,5,1,15,20.0,1,25,176.51209411921764,176.51209411921764,176.51209411921764,LAX-ANH,1,35.0,50.0,50.0,52.5
630.0,2,0,1,15,20.0,1,17,102.16775460979474,102.16775460979474,102.16775460979474,LGB-LAX,1,50.0,50.0,50.0,50.0
630.0,0,0,1,20,30.0,2,19,166.71810085489867,,,LAX-HWD-LAX,1,20.0,22.5,22.5,55.0
630.0,1,0,1,10,15.0,1,13,93.56430707315587,93.56430707315587,93.56430707315587,DTLA-LAX,1,50.0,50.0,50.0,50.0
630.0,0,3,1,15,20.0,1,2,58.9023603932979,58.9023603932979,58.9023603932979,LAX-WDHL,1,20.0,20.0,20.0,45.0
630.0,8,0,1,10,15.0,1,39,102.0976872714665,102.0976872714665,102.0976872714665,BVH-LAX,1,25.0,52.5,52.5,72.5
630.0,6,1,1,20,30.0,2,10,191.43964977283395,,,HWD-LAX-DTLA,1,60.0,70.0,70.0,85.0
635.0,5,0,1,15,20.0,1,37,353.0241882384353,706.0483764768705,353.0241882384353,ANH-LAX,1,20.0,20.0,20.0,47.5
635.0,3,0,1,15,20.0,1,0,58.9023603932979,58.9023603932979,58.9023603932979,WDHL-LAX,1,20.0,27.5,27.5,55.0
635.0,5,2,1,25,35.0,2,5,404.10806554333266,,,ANH-LAX-LGB,1,20.0,27.5,27.5,57.5
635.0,1,0,1,10,15.0,1,18,31.188102357718623,31.188102357718623,31.188102357718623,DTLA-LAX,1,52.5,52.5,37.5,55.0
635.0,0,4,1,10,15.0,1,29,82.45340130846085,82.45340130846085,82.45340130846085,LAX-UVS,1,47.5,52.5,37.5,75.0
635.0,0,5,1,15,20.0,1,1,88.25604705960882,88.25604705960882,88.25604705960882,LAX-ANH,1,55.0,55.0,55.0,55.0
640.0,0,0,1,20,30.0,2,4,133.37448068391893,,,LAX-HWD-LAX,1,22.5,55.0,55.0,62.5
640.0,1,0,1,10,15.0,1,38,62.37620471543725,62.37620471543725,62.37620471543725,DTLA-LAX,1,60.0,60.0,60.0,60.0
640.0,0,0,1,20,30.0,2,14,247.36020392538256,,,LAX-UVS-LAX,1,22.5,57.5,57.5,57.5
640.0,0,5,1,15,20.0,1,6,353.0241882384353,353.0241882384353,353.0241882384353,LAX-ANH,1,55.0,55.0,55.0,55.0
640.0,0,2,1,10,15.0,1,40,153.2516319146921,153.2516319146921,153.2516319146921,LAX-LGB,1,57.5,60.0,60.0,80.0
640.0,0,0,1,20,30.0,2,13,140.38431999826645,,,LAX-BVH-LAX,1,20.0,20.0,20.0,52.5
645.0,2,0,1,15,20.0,1,23,204.33550921958948,204.33550921958948,204.33550921958948,LGB-LAX,1,60.0,60.0,60.0,60.0
645.0,0,3,1,15,20.0,1,33,58.9023603932979,58.9023603932979,58.9023603932979,LAX-WDHL,1,65.0,65.0,45.0,80.0
645.0,1,0,1,10,15.0,1,22,124.7524094308745,124.7524094308745,124.7524094308745,DTLA-LAX,1,35.0,57.5,42.5,47.5
645.0,0,0,1,20,30.0,2,12,233.40534119685813,,,LAX-HWD-LAX,1,20.0,27.5,27.5,60.0
645.0,0,0,1,20,30.0,2,17,153.14653090719975,,,LAX-BVH-LAX,1,20.0,37.5,37.5,52.5
650.0,0,5,1,15,20.0,1,38,176.51209411921764,176.51209411921764,176.51209411921764,LAX-ANH,1,40.0,40.0,40.0,40.0
650.0,1,0,1,10,15.0,1,7,93.56430707315587,93.56430707315587,93.56430707315587,DTLA-LAX,1,65.0,65.0,65.0,65.0
650.0,7,0,1,10,15.0,1,24,118.26651327500653,118.26651327500653,118.26651327500653,PSD-LAX,1,62.5,62.5,62.5,62.5
650.0,0,7,1,10,15.0,1,35,118.26651327500653,118.26651327500653,118.26651327500653,LAX-PSD,1,40.0,40.0,40.0,50.0
650.0,5,0,1,15,20.0,1,1,176.51209411921764,176.51209411921764,176.51209411921764,ANH-LAX,1,35.0,35.0,35.0,35.0
650.0,0,0,1,20,30.0,2,31,66.68724034195947,,,LAX-HWD-LAX,1,42.5,42.5,42.5,42.5
655.0,0,0,1,25,35.0,2,27,255.41938652448687,,,LAX-LGB-LAX,1,20.0,25.0,25.0,80.0
655.0,1,0,1,10,15.0,1,30,124.7524094308745,124.7524094308745,124.7524094308745,DTLA-LAX,1,50.0,50.0,50.0,50.0
655.0,7,0,1,10,15.0,1,21,118.26651327500653,118.26651327500653,118.26651327500653,PSD-LAX,1,50.0,50.0,50.0,50.0
655.0,3,0,1,15,20.0,1,2,176.7070811798937,176.7070811798937,176.7070811798937,WDHL-LAX,1,25.0,50.0,50.0,50.0
655.0,5,1,1,25,35.0,2,6,327.1443458942637,,,ANH-LAX-DTLA,1,20.0,40.0,40.0,52.5
660.0,0,0,1,20,30.0,2,8,76.57326545359987,,,LAX-BVH-LAX,1,45.0,45.0,45.0,52.5
660.0,5,0,1,15,20.0,1,25,264.76814117882645,264.76814117882645,264.76814117882645,ANH-LAX,1,32.5,82.5,82.5,82.5
660.0,0,6,1,10,15.0,1,24,116.70267059842907,233.40534119685813,116.70267059842907,LAX-HWD,1,47.5,65.0,65.0,65.0
660.0,0,0,1,20,30.0,2,7,250.07715128234798,,,LAX-HWD-LAX,1,35.0,35.0,35.0,35.0
660.0,0,0,1,25,35.0,2,20,280.96132517693553,,,LAX-LGB-LAX,1,40.0,49.99999999999993,49.99999999999993,65.0
660.0,0,5,1,15,20.0,1,23,353.0241882384353,353.0241882384353,353.0241882384353,LAX-ANH,1,40.0,40.0,40.0,40.0
660.0,1,0,1,10,15.0,1,36,124.7524094308745,124.7524094308745,124.7524094308745,DTLA-LAX,1,80.0,80.0,80.0,80.0
665.0,1,0,1,10,15.0,1,18,124.7524094308745,249.504818861749,124.7524094308745,DTLA-LAX,1,40.0,42.5,42.5,50.0
665.0,5,0,1,15,20.0,1,38,353.0241882384353,353.0241882384353,353.0241882384353,ANH-LAX,1,20.0,70.0,70.0,70.0
665.0,0,0,1,20,30.0,2,30,157.68868436667537,,,LAX-PSD-LAX,1,20.0,22.5,22.5,70.0
665.0,4,0,1,10,15.0,1,28,41.22670065423043,41.22670065423043,41.22670065423043,UVS-LAX,1,65.0,65.0,50.0,72.5
665.0,0,4,1,10,15.0,1,1,41.22670065423043,41.22670065423043,41.22670065423043,LAX-UVS,1,20.0,20.0,20.0,52.5
665.0,0,2,1,10,15.0,1,16,204.33550921958948,204.33550921958948,204.33550921958948,LAX-LGB,1,77.5,77.5,77.5,85.0
665.0,1,0,1,10,15.0,1,34,124.7524094308745,249.504818861749,124.7524094308745,DTLA-LAX,1,67.5,67.5,67.5,72.5
665.0,7,1,1,20,30.0,2,35,282.44109379754985,,,PSD-LAX-DTLA,1,20.0,20.0,20.0,65.0
665.0,0,0,1,20,30.0,2,39,200.0617210258784,,,LAX-HWD-LAX,1,42.5,42.5,42.5,85.0
665.0,0,0,1,20,30.0,2,21,127.62210908933312,,,LAX-BVH-LAX,1,20.0,22.5,22.5,47.5
670.0,2,0,1,15,20.0,1,40,178.7935705671408,357.5871411342816,178.7935705671408,LGB-LAX,1,60.0,60.0,60.0,60.0
670.0,1,1,1,20,30.0,2,11,249.504818861749,,,DTLA-LAX-DTLA,1,20.0,27.5,27.5,70.0
670.0,0,7,1,10,15.0,1,31,118.26651327500653,118.26651327500653,118.26651327500653,LAX-PSD,1,27.5,27.5,27.5,40.0
670.0,0,5,1,15,20.0,1,15,353.0241882384353,353.0241882384353,353.0241882384353,LAX-ANH,1,57.5,57.5,57.5,57.5
670.0,0,8,1,10,15.0,1,36,25.524421817866624,25.524421817866624,25.524421817866624,LAX-BVH,1,65.0,65.0,65.0,70.0
675.0,0,5,1,15,20.0,1,37,176.51209411921764,176.51209411921764,176.51209411921764,LAX-ANH,1,27.5,30.0,30.0,40.0
675.0,5,0,1,15,20.0,1,23,353.0241882384353,353.0241882384353,353.0241882384353,ANH-LAX,1,20.0,57.5,57.5,75.0
675.0,1,0,1,10,15.0,1,10,31.188102357718623,31.188102357718623,31.188102357718623,DTLA-LAX,1,70.0,72.5,72.5,75.0
680.0,0,7,1,10,15.0,1,4,118.26651327500653,236.53302655001306,118.26651327500653,LAX-PSD,1,47.5,55.0,55.0,65.0
680.0,6,0,1,10,15.0,1,24,133.37448068391893,133.37448068391893,133.37448068391893,HWD-LAX,1,50.0,50.0,50.0,50.0
680.0,1,0,1,10,15.0,1,22,93.56430707315587,93.56430707315587,93.56430707315587,DTLA-LAX,1,32.5,35.0,20.0,70.0
680.0,0,5,1,15,20.0,1,29,264.76814117882645,264.76814117882645,264.76814117882645,LAX-ANH,1,55.0,55.0,55.0,55.0
680.0,0,0,1,20,30.0,2,2,187.12861414631175,,,LAX-DTLA-LAX,1,20.0,22.5,22.5,67.5
680.0,0,0,1,20,30.0,2,19,250.07715128234798,,,LAX-HWD-LAX,1,25.0,25.0,25.0,55.0
680.0,0,6,1,10,15.0,1,34,116.70267059842907,233.40534119685813,116.70267059842907,LAX-HWD,1,57.5,57.5,57.5,65.0
680.0,0,0,1,20,30.0,2,18,197.11085545834422,,,LAX-PSD-LAX,1,20.0,35.0,20.0,75.0
680.0,5,0,1,15,20.0,1,3,264.76814117882645,264.76814117882645,264.76814117882645,ANH-LAX,1,70.0,72.5,72.5,75.0
680.0,0,2,1,10,15.0,1,7,153.2516319146921,153.2516319146921,153.2516319146921,LAX-LGB,1,20.0,40.0,20.0,52.5
685.0,0,0,1,20,30.0,2,40,153.14653090719975,,,LAX-BVH-LAX,1,30.0,72.5,72.5,75.0
685.0,0,5,1,15,20.0,1,32,353.0241882384353,353.0241882384353,353.0241882384353,LAX-ANH,1,75.0,75.0,75.0,75.0
685.0,2,0,1,15,20.0,1,16,102.16775460979474,102.16775460979474,102.16775460979474,LGB-LAX,1,65.0,65.0,65.0,65.0
685.0,8,0,1,10,15.0,1,36,76.57326545359987,76.57326545359987,76.57326545359987,BVH-LAX,1,55.0,55.0,55.0,55.0
685.0,0,0,1,20,30.0,2,13,206.13350327115214,,,LAX-UVS-LAX,1,22.5,47.5,47.5,55.0
685.0,5,1,1,25,35.0,2,15,477.77659766930975,,,ANH-LAX-DTLA,1,22.5,35.0,20.0,35.0
685.0,0,0,1,25,35.0,2,14,255.41938652448684,,,LAX-LGB-LAX,1,22.5,22.5,22.5,90.0
685.0,7,0,1,10,15.0,1,31,157.68868436667537,157.68868436667537,157.68868436667537,PSD-LAX,1,25.0,35.0,20.0,52.5
690.0,0,0,1,20,30.0,2,24,66.68724034195947,,,LAX-HWD-LAX,1,20.0,67.5,67.5,67.5
690.0,4,0,1,10,15.0,1,1,41.22670065423043,41.22670065423043,41.22670065423043,UVS-LAX,1,37.5,72.5,72.5,90.0
690.0,0,0,1,20,30.0,2,17,218.31671650403035,,,LAX-DTLA-LAX,1,22.5,37.5,37.5,50.0
690.0,0,3,1,15,20.0,1,10,58.9023603932979,58.9023603932979,58.9023603932979,LAX-WDHL,1,55.0,55.0,40.0,50.0
695.0,5,0,1,15,20.0,1,37,264.76814117882645,529.5362823576529,264.76814117882645,ANH-LAX,1,20.0,20.0,20.0,67.5
695.0,0,0,1,25,35.0,2,36,306.5032638293842,,,LAX-LGB-LAX,1,20.0,85.0,85.0,87.5
695.0,6,1,1,20,30.0,2,34,95.71982488641697,,,HWD-LAX-DTLA,1,35.0,60.0,60.0,87.5
695.0,1,0,1,10,15.0,1,9,124.7524094308745,124.7524094308745,124.7524094308745,DTLA-LAX,1,50.0,50.0,50.0,50.0
695.0,5,1,1,25,35.0,2,29,295.95624353654506,,,ANH-LAX-DTLA,1,20.0,25.0,25.0,67.5
695.0,0,0,1,20,30.0,2,12,233.40534119685813,,,LAX-HWD-LAX,1,30.0,57.5,57.5,75.0
700.0,0,5,1,15,20.0,1,3,323.60550588523233,970.816517655697,323.60550588523233,LAX-ANH,1,55.0,55.0,55.0,55.0
700.0,5,0,1,15,20.0,1,32,88.25604705960882,88.25604705960882,88.25604705960882,ANH-LAX,1,55.0,55.0,55.0,55.0
700.0,0,2,1,10,15.0,1,33,153.2516319146921,153.2516319146921,153.2516319146921,LAX-LGB,1,65.0,65.0,65.0,70.0
700.0,0,5,1,15,20.0,1,16,323.60550588523233,970.816517655697,323.60550588523233,LAX-ANH,1,45.0,45.0,45.0,55.0
700.0,2,0,1,15,20.0,1,5,102.16775460979474,102.16775460979474,102.16775460979474,LGB-LAX,1,37.5,37.5,22.5,42.5
700.0,1,0,1,10,15.0,1,28,124.7524094308745,249.504818861749,124.7524094308745,DTLA-LAX,1,57.5,57.5,57.5,57.5
700.0,0,6,1,10,15.0,1,0,133.37448068391893,133.37448068391893,133.37448068391893,LAX-HWD,1,40.0,42.5,42.5,50.0
700.0,7,0,1,10,15.0,1,4,39.422171091668844,39.422171091668844,39.422171091668844,PSD-LAX,1,50.0,57.5,57.5,57.5
705.0,0,0,1,20,30.0,2,8,153.14653090719975,,,LAX-BVH-LAX,1,22.5,52.5,52.5,52.5
705.0,1,1,1,20,30.0,2,26,249.504818861749,,,DTLA-LAX-DTLA,1,52.5,52.5,52.5,82.5
705.0,0,0,1,20,30.0,2,9,236.53302655001306,,,LAX-PSD-LAX,1,20.0,35.0,35.0,70.0
710.0,0,5,1,15,20.0,1,25,88.25604705960882,88.25604705960882,88.25604705960882,LAX-ANH,1,62.5,62.5,62.5,62.5
710.0,0,0,1,20,30.0,2,30,100.0308605129392,,,LAX-HWD-LAX,1,40.0,80.0,80.0,80.0
710.0,0,3,1,15,20.0,1,28,58.9023603932979,58.9023603932979,58.9023603932979,LAX-WDHL,1,37.5,47.5,47.5,47.5
710.0,0,8,1,10,15.0,1,21,76.57326545359987,76.57326545359987,76.57326545359987,LAX-BVH,1,32.5,60.0,60.0,60.0
710.0,0,0,1,20,30.0,2,20,82.45340130846085,,,LAX-UVS-LAX,1,35.0,35.0,35.0,35.0
710.0,1,0,1,10,15.0,1,35,124.7524094308745,124.7524094308745,124.7524094308745,DTLA-LAX,1,50.0,50.0,50.0,50.0
715.0,5,0,1,15,20.0,1,3,264.76814117882645,264.76814117882645,264.76814117882645,ANH-LAX,1,35.0,35.0,35.0,35.0
715.0,0,5,1,15,20.0,1,38,176.51209411921764,176.51209411921764,176.51209411921764,LAX-ANH,1,50.0,50.0,50.0,55.0
715.0,1,0,1,10,15.0,1,11,31.188102357718623,31.188102357718623,31.188102357718623,DTLA-LAX,1,55.0,55.0,55.0,55.0
715.0,0,6,1,10,15.0,1,4,133.37448068391893,133.37448068391893,133.37448068391893,LAX-HWD,1,42.5,47.5,47.5,52.5
715.0,6,2,1,20,30.0,2,0,202.19861512273394,,,HWD-LAX-LGB,1,20.0,47.5,47.5,65.0
715.0,2,0,1,15,20.0,1,33,102.16775460979474,102.16775460979474,102.16775460979474,LGB-LAX,1,50.0,50.0,50.0,50.0
715.0,0,0,1,25,35.0,2,32,153.2516319146921,,,LAX-LGB-LAX,1,20.0,25.0,25.0,82.5
720.0,0,0,1,20,30.0,2,35,157.68868436667537,,,LAX-PSD-LAX,1,20.0,20.0,20.0,50.0
720.0,0,5,1,15,20.0,1,39,176.51209411921764,176.51209411921764,176.51209411921764,LAX-ANH,1,65.0,65.0,65.0,70.0
720.0,7,1,1,20,30.0,2,10,164.17458052254335,,,PSD-LAX-DTLA,1,20.0,37.5,37.5,52.5
720.0,5,1,1,25,35.0,2,16,477.77659766930975,,,ANH-LAX-DTLA,1,20.0,20.0,20.0,65.0
725.0,0,6,1,10,15.0,1,7,33.34362017097973,33.34362017097973,33.34362017097973,LAX-HWD,1,37.5,67.5,67.5,70.0
725.0,5,1,1,25,35.0,2,25,446.58849531159115,,,ANH-LAX-DTLA,1,27.5,52.5,52.5,95.0
725.0,1,0,1,10,15.0,1,22,93.56430707315587,93.56430707315587,93.56430707315587,DTLA-LAX,1,55.0,55.0,55.0,55.0
725.0,0,0,1,20,30.0,2,11,164.9068026169217,,,LAX-UVS-LAX,1,25.0,65.0,65.0,65.0
730.0,2,0,1,15,20.0,1,31,51.08387730489737,51.08387730489737,51.08387730489737,LGB-LAX,1,32.5,32.5,32.5,55.0
730.0,0,3,1,15,20.0,1,2,58.9023603932979,58.9023603932979,58.9023603932979,LAX-WDHL,1,47.5,70.0,50.0,50.0
730.0,0,0,1,20,30.0,2,19,233.40534119685813,,,LAX-HWD-LAX,1,25.0,25.0,25.0,55.0
730.0,6,0,1,10,15.0,1,4,100.0308605129392,100.0308605129392,100.0308605129392,HWD-LAX,1,37.5,37.5,37.5,37.5
730.0,3,0,1,15,20.0,1,28,235.6094415731916,235.6094415731916,235.6094415731916,WDHL-LAX,1,27.5,40.0,40.0,40.0
730.0,0,8,1,10,15.0,1,13,102.0976872714665,102.0976872714665,102.0976872714665,LAX-BVH,1,40.0,50.0,50.0,50.0
730.0,0,5,1,15,20.0,1,40,353.0241882384353,706.0483764768705,353.0241882384353,LAX-ANH,1,55.0,57.5,57.5,57.5
730.0,0,0,1,20,30.0,2,33,197.11085545834422,,,LAX-PSD-LAX,1,20.0,20.0,20.0,67.5
730.0,0,2,1,10,15.0,1,3,204.33550921958948,204.33550921958948,204.33550921958948,LAX-LGB,1,20.0,20.0,20.0,45.0
735.0,0,0,1,20,30.0,2,24,233.40534119685813,,,LAX-HWD-LAX,1,37.5,67.5,67.5,77.5
735.0,0,0,1,20,30.0,2,17,82.45340130846085,,,LAX-UVS-LAX,1,20.0,55.0,55.0,57.5
735.0,1,1,1,20,30.0,2,6,124.7524094308745,,,DTLA-LAX-DTLA,1,22.5,50.0,50.0,50.0
735.0,2,0,1,15,20.0,1,5,153.2516319146921,153.2516319146921,153.2516319146921,LGB-LAX,1,22.5,30.0,30.0,37.5
735.0,7,0,1,10,15.0,1,15,118.26651327500653,118.26651327500653,118.26651327500653,PSD-LAX,1,20.0,37.5,22.5,52.5
735.0,8,0,1,10,15.0,1,21,25.524421817866624,25.524421817866624,25.524421817866624,BVH-LAX,1,45.0,45.0,45.0,45.0
735.0,0,0,1,25,35.0,2,22,153.2516319146921,,,LAX-LGB-LAX,1,20.0,45.0,45.0,55.0
735.0,5,2,1,25,35.0,2,38,557.3596974580248,,,ANH-LAX-LGB,1,20.0,70.0,70.0,70.0
735.0,0,7,1,10,15.0,1,20,118.26651327500653,118.26651327500653,118.26651327500653,LAX-PSD,1,20.0,20.0,20.0,45.0
740.0,0,0,1,20,30.0,2,27,100.0308605129392,,,LAX-HWD-LAX,1,50.0,50.0,50.0,50.0
740.0,0,8,1,10,15.0,1,4,25.524421817866624,25.524421817866624,25.524421817866624,LAX-BVH,1,22.5,35.0,20.0,65.0
740.0,5,0,1,15,20.0,1,39,264.76814117882645,264.76814117882645,264.76814117882645,ANH-LAX,1,50.0,50.0,50.0,50.0
740.0,0,0,1,20,30.0,2,23,197.11085545834422,,,LAX-PSD-LAX,1,45.0,67.5,67.5,75.0
740.0,0,5,1,15,20.0,1,12,264.76814117882645,264.76814117882645,264.76814117882645,LAX-ANH,1,55.0,55.0,55.0,55.0
745.0,8,1,1,20,30.0,2,13,87.90062653330386,,,BVH-LAX-DTLA,1,20.0,67.5,67.5,70.0
745.0,0,3,1,15,20.0,1,1,58.9023603932979,58.9023603932979,58.9023603932979,LAX-WDHL,1,70.0,70.0,70.0,70.0
745.0,0,2,1,10,15.0,1,21,102.16775460979474,102.16775460979474,102.16775460979474,LAX-LGB,1,30.0,30.0,30.0,42.5
750.0,2,0,1,15,20.0,1,3,204.33550921958948,204.33550921958948,204.33550921958948,LGB-LAX,1,25.0,30.0,30.0,35.0
750.0,0,7,1,10,15.0,1,8,78.84434218333769,78.84434218333769,78.84434218333769,LAX-PSD,1,37.5,37.5,37.5,65.0
750.0,5,1,1,25,35.0,2,40,446.58849531159115,,,ANH-LAX-DTLA,1,22.5,37.5,37.5,55.0
750.0,0,5,1,15,20.0,1,28,176.51209411921764,176.51209411921764,176.51209411921764,LAX-ANH,1,20.0,72.5,72.5,80.0
750.0,1,1,1,20,30.0,2,26,124.7524094308745,,,DTLA-LAX-DTLA,1,52.5,82.5,82.5,82.5
755.0,0,0,1,20,30.0,2,37,123.68010196269128,,,LAX-UVS-LAX,1,37.5,37.5,37.5,77.5
755.0,0,0,1,20,30.0,2,31,266.74896136783786,,,LAX-HWD-LAX,1,25.0,57.5,57.5,57.5
755.0,0,5,1,15,20.0,1,39,353.0241882384353,353.0241882384353,353.0241882384353,LAX-ANH,1,30.0,35.0,35.0,42.5
755.0,5,7,1,25,35.0,2,12,255.35643630255532,,,ANH-LAX-PSD,1,20.0,22.5,22.5,87.5
755.0,7,0,1,10,15.0,1,20,78.84434218333769,78.84434218333769,78.84434218333769,PSD-LAX,1,30.0,70.0,70.0,75.0
755.0,1,0,1,10,15.0,1,34,93.56430707315587,93.56430707315587,93.56430707315587,DTLA-LAX,1,72.5,72.5,72.5,92.5
755.0,0,0,1,20,30.0,2,9,102.0976872714665,,,LAX-BVH-LAX,1,40.0,42.5,42.5,75.0
755.0,8,0,1,10,15.0,1,18,76.57326545359987,76.57326545359987,76.57326545359987,BVH-LAX,1,60.0,60.0,60.0,60.0
755.0,6,0,1,10,15.0,1,7,66.68724034195947,66.68724034195947,66.68724034195947,HWD-LAX,1,55.0,62.5,62.5,75.0
760.0,3,1,1,25,35.0,2,1,183.65476982417238,,,WDHL-LAX-DTLA,1,35.0,92.5,92.5,92.5
760.0,0,0,1,20,30.0,2,30,133.37448068391893,,,LAX-HWD-LAX,1,50.0,70.0,70.0,85.0
760.0,0,0,1,20,30.0,2,27,118.26651327500653,,,LAX-PSD-LAX,1,20.0,30.0,30.0,62.5
760.0,0,3,1,15,20.0,1,14,117.8047207865958,117.8047207865958,117.8047207865958,LAX-WDHL,1,70.0,70.0,70.0,70.0
760.0,2,0,1,15,20.0,1,21,153.2516319146921,153.2516319146921,153.2516319146921,LGB-LAX,1,22.5,27.5,27.5,77.5
765.0,0,5,1,15,20.0,1,18,176.51209411921764,176.51209411921764,176.51209411921764,LAX-ANH,1,40.0,40.0,40.0,40.0
765.0,0,7,1,10,15.0,1,5,78.84434218333769,78.84434218333769,78.84434218333769,LAX-PSD,1,22.5,22.5,22.5,35.0
765.0,1,1,1,20,30.0,2,10,218.31671650403035,,,DTLA-LAX-DTLA,1,22.5,22.5,22.5,75.0
770.0,0,8,1,10,15.0,1,3,51.04884363573325,51.04884363573325,51.04884363573325,LAX-BVH,1,20.0,45.0,45.0,45.0
770.0,0,5,1,15,20.0,1,36,353.0241882384353,353.0241882384353,353.0241882384353,LAX-ANH,1,67.5,67.5,67.5,67.5
775.0,0,4,1,10,15.0,1,33,41.22670065423043,41.22670065423043,41.22670065423043,LAX-UVS,1,52.5,67.5,67.5,67.5
775.0,0,5,1,15,20.0,1,11,264.76814117882645,264.76814117882645,264.76814117882645,LAX-ANH,1,45.0,45.0,45.0,45.0
775.0,0,0,1,25,35.0,2,19,255.41938652448687,,,LAX-LGB-LAX,1,20.0,22.5,22.5,70.0
775.0,3,0,1,15,20.0,1,14,58.9023603932979,58.9023603932979,58.9023603932979,WDHL-LAX,1,50.0,50.0,50.0,50.0
775.0,1,1,1,20,30.0,2,15,233.91076768288968,,,DTLA-LAX-DTLA,1,22.5,25.0,25.0,65.0
775.0,1,0,1,10,15.0,1,29,109.15835825201518,218.31671650403035,109.15835825201518,DTLA-LAX,1,52.5,52.5,52.5,52.5
775.0,2,0,1,15,20.0,1,0,204.33550921958948,204.33550921958948,204.33550921958948,LGB-LAX,1,45.0,50.0,50.0,55.0
775.0,0,0,1,20,30.0,2,22,166.71810085489867,,,LAX-HWD-LAX,1,25.0,30.0,30.0,57.5
775.0,0,0,1,20,30.0,2,2,102.0976872714665,,,LAX-BVH-LAX,1,20.0,45.0,45.0,50.0
775.0,5,0,1,15,20.0,1,39,264.76814117882645,264.76814117882645,264.76814117882645,ANH-LAX,1,22.5,22.5,22.5,90.0
780.0,5,0,1,15,20.0,1,18,353.0241882384353,353.0241882384353,353.0241882384353,ANH-LAX,1,20.0,20.0,20.0,87.5
780.0,0,6,1,10,15.0,1,17,33.34362017097973,33.34362017097973,33.34362017097973,LAX-HWD,1,42.5,42.5,42.5,50.0
780.0,7,0,1,10,15.0,1,5,157.68868436667537,157.68868436667537,157.68868436667537,PSD-LAX,1,20.0,20.0,20.0,35.0
780.0,1,1,1,20,30.0,2,6,249.504818861749,,,DTLA-LAX-DTLA,1,20.0,20.0,20.0,52.5
780.0,0,0,1,20,30.0,2,35,249.504818861749,,,LAX-DTLA-LAX,1,20.0,20.0,20.0,82.5
780.0,0,8,1,10,15.0,1,24,51.04884363573325,51.04884363573325,51.04884363573325,LAX-BVH,1,62.5,67.5,67.5,67.5
785.0,5,0,1,15,20.0,1,36,264.76814117882645,264.76814117882645,264.76814117882645,ANH-LAX,1,47.5,47.5,47.5,47.5
785.0,0,0,1,20,30.0,2,23,118.26651327500653,,,LAX-PSD-LAX,1,45.0,75.0,75.0,80.0
785.0,0,5,1,15,20.0,1,4,353.0241882384353,353.0241882384353,353.0241882384353,LAX-ANH,1,45.0,55.0,55.0,55.0
785.0,0,0,1,20,30.0,2,29,233.40534119685813,,,LAX-HWD-LAX,1,22.5,42.5,42.5,70.0
790.0,0,0,1,20,30.0,2,14,127.62210908933312,,,LAX-BVH-LAX,1,20.0,37.5,37.5,55.0
790.0,7,1,1,20,30.0,2,8,141.22054689877493,,,PSD-LAX-DTLA,1,35.0,35.0,20.0,75.0
790.0,0,0,1,20,30.0,2,20,133.37448068391893,,,LAX-HWD-LAX,1,45.0,82.5,82.5,82.5
790.0,5,0,1,15,20.0,1,11,353.0241882384353,353.0241882384353,353.0241882384353,ANH-LAX,1,25.0,37.5,37.5,42.5
790.0,1,0,1,10,15.0,1,13,124.7524094308745,249.504818861749,124.7524094308745,DTLA-LAX,1,55.0,55.0,55.0,55.0
795.0,1,0,1,10,15.0,1,26,93.56430707315587,93.56430707315587,93.56430707315587,DTLA-LAX,1,67.5,72.5,72.5,72.5
795.0,0,5,1,15,20.0,1,32,353.0241882384353,353.0241882384353,353.0241882384353,LAX-ANH,1,62.5,62.5,62.5,62.5
795.0,6,8,1,20,30.0,2,17,151.07970414867245,,,HWD-LAX-BVH,1,20.0,20.0,20.0,65.0
795.0,4,0,1,10,15.0,1,33,82.45340130846085,82.45340130846085,82.45340130846085,UVS-LAX,1,52.5,55.0,55.0,55.0
795.0,8,0,1,10,15.0,1,24,51.04884363573325,51.04884363573325,51.04884363573325,BVH-LAX,1,52.5,67.5,67.5,67.5
795.0,0,0,1,25,35.0,2,0,153.2516319146921,,,LAX-LGB-LAX,1,20.0,45.0,30.0,45.0
800.0,0,4,1,10,15.0,1,5,41.22670065423043,41.22670065423043,41.22670065423043,LAX-UVS,1,20.0,20.0,20.0,37.5
800.0,5,0,1,15,20.0,1,28,353.0241882384353,706.0483764768705,353.0241882384353,ANH-LAX,1,60.0,60.0,60.0,60.0
800.0,0,0,1,20,30.0,2,31,133.37448068391893,,,LAX-HWD-LAX,1,27.5,27.5,27.5,65.0
800.0,0,3,1,15,20.0,1,9,58.9023603932979,58.9023603932979,58.9023603932979,LAX-WDHL,1,55.0,67.5,67.5,67.5
800.0,0,5,1,15,20.0,1,37,176.51209411921764,176.51209411921764,176.51209411921764,LAX-ANH,1,57.5,57.5,57.5,57.5
800.0,0,6,1,10,15.0,1,34,100.0308605129392,200.0617210258784,100.0308605129392,LAX-HWD,1,77.5,85.0,85.0,84.99999999999997
800.0,0,2,1,10,15.0,1,36,153.2516319146921,153.2516319146921,153.2516319146921,LAX-LGB,1,32.5,57.5,57.5,70.0
800.0,0,0,1,20,30.0,2,13,157.68868436667537,,,LAX-PSD-LAX,1,25.0,45.0,45.0,60.0
805.0,1,0,1,10,15.0,1,16,124.7524094308745,124.7524094308745,124.7524094308745,DTLA-LAX,1,50.0,50.0,50.0,50.0
805.0,5,2,1,25,35.0,2,4,366.9358957886212,,,ANH-LAX-LGB,1,20.0,52.5,52.5,67.5
810.0,0,0,1,25,35.0,2,22,102.16775460979474,,,LAX-LGB-LAX,1,22.5,40.0,40.0,65.0
810.0,0,7,1,10,15.0,1,33,39.422171091668844,39.422171091668844,39.422171091668844,LAX-PSD,1,40.0,82.5,82.5,82.5
810.0,0,5,1,15,20.0,1,30,176.51209411921764,176.51209411921764,176.51209411921764,LAX-ANH,1,65.0,65.0,65.0,85.0
810.0,5,1,1,25,35.0,2,32,446.58849531159115,,,ANH-LAX-DTLA,1,27.5,42.5,42.5,92.49999999999999
810.0,0,1,1,10,15.0,1,26,62.37620471543725,62.37620471543725,62.37620471543725,LAX-DTLA,1,57.5,75.0,75.0,85.0
815.0,1,0,1,10,15.0,1,10,109.15835825201518,218.31671650403035,109.15835825201518,DTLA-LAX,1,60.0,60.0,45.0,75.0
815.0,0,0,1,20,30.0,2,24,197.11085545834422,,,LAX-PSD-LAX,1,37.5,57.5,42.5,62.5
815.0,8,0,1,10,15.0,1,3,51.04884363573325,51.04884363573325,51.04884363573325,BVH-LAX,1,30.0,50.0,50.0,57.5
815.0,0,0,1,20,30.0,2,28,153.14653090719975,,,LAX-BVH-LAX,1,30.0,47.5,47.5,72.5
815.0,5,0,1,15,20.0,1,37,264.76814117882645,264.76814117882645,264.76814117882645,ANH-LAX,1,37.5,37.5,37.5,37.5
815.0,2,0,1,15,20.0,1,38,102.16775460979474,102.16775460979474,102.16775460979474,LGB-LAX,1,50.0,50.0,50.0,50.0
815.0,0,5,1,15,20.0,1,7,353.0241882384353,353.0241882384353,353.0241882384353,LAX-ANH,1,55.0,55.0,55.0,55.0
815.0,0,6,1,10,15.0,1,11,33.34362017097973,33.34362017097973,33.34362017097973,LAX-HWD,1,27.5,37.5,22.5,60.0
815.0,1,0,1,10,15.0,1,25,109.15835825201518,218.31671650403035,109.15835825201518,DTLA-LAX,1,80.0,80.0,80.0,82.5
815.0,0,0,1,20,30.0,2,16,249.504818861749,,,LAX-DTLA-LAX,1,20.0,20.0,20.0,60.0
820.0,0,0,1,20,30.0,2,2,100.0308605129392,,,LAX-HWD-LAX,1,20.0,52.5,52.5,60.0
820.0,6,1,1,20,30.0,2,34,226.9387877570748,,,HWD-LAX-DTLA,1,54.999999999999964,70.0,70.0,85.0
820.0,4,0,1,10,15.0,1,5,41.22670065423043,41.22670065423043,41.22670065423043,UVS-LAX,1,22.5,35.0,20.0,62.5
820.0,0,0,1,20,30.0,2,27,123.68010196269128,,,LAX-UVS-LAX,1,32.5,70.0,70.0,70.0
820.0,0,5,1,15,20.0,1,21,264.76814117882645,264.76814117882645,264.76814117882645,LAX-ANH,1,57.5,57.5,57.5,57.5
825.0,1,7,1,20,30.0,2,15,164.17458052254335,,,DTLA-LAX-PSD,1,35.0,67.5,67.5,72.5
830.0,1,1,1,20,30.0,2,6,187.12861414631175,,,DTLA-LAX-DTLA,1,22.5,72.5,72.5,72.5
830.0,0,6,1,10,15.0,1,37,100.0308605129392,100.0308605129392,100.0308605129392,LAX-HWD,1,22.5,25.0,25.0,35.0
830.0,5,1,1,25,35.0,2,7,358.3324482519823,,,ANH-LAX-DTLA,1,20.0,67.5,67.5,87.5
830.0,0,0,1,20,30.0,2,38,76.57326545359987,,,LAX-BVH-LAX,1,20.0,47.5,47.5,70.0
830.0,0,0,1,20,30.0,2,25,82.45340130846085,,,LAX-UVS-LAX,1,52.5,62.5,62.5,82.5
830.0,0,0,1,20,30.0,2,29,118.26651327500653,,,LAX-PSD-LAX,1,40.0,42.5,42.5,75.0
830.0,0,2,1,10,15.0,1,23,51.08387730489737,51.08387730489737,51.08387730489737,LAX-LGB,1,65.0,75.0,75.0,75.0
830.0,2,0,1,15,20.0,1,36,153.2516319146921,153.2516319146921,153.2516319146921,LGB-LAX,1,50.0,50.0,50.0,50.0
835.0,5,1,1,25,35.0,2,21,301.2645035500921,,,ANH-LAX-DTLA,1,22.5,32.5,32.5,82.5
840.0,3,1,1,25,35.0,2,9,121.27856510873514,,,WDHL-LAX-DTLA,1,32.5,35.0,20.0,87.5
840.0,1,0,1,10,15.0,1,1,93.56430707315587,93.56430707315587,93.56430707315587,DTLA-LAX,1,77.5,80.0,80.0,90.0
840.0,0,6,1,10,15.0,1,14,133.37448068391893,133.37448068391893,133.37448068391893,LAX-HWD,1,40.0,42.5,42.5,50.0
840.0,0,0,1,20,30.0,2,39,76.57326545359987,,,LAX-BVH-LAX,1,60.0,60.0,60.0,85.0
840.0,0,0,1,25,35.0,2,20,153.2516319146921,,,LAX-LGB-LAX,1,47.5,47.5,27.5,60.0
840.0,0,3,1,15,20.0,1,18,117.8047207865958,117.8047207865958,117.8047207865958,LAX-WDHL,1,67.5,72.5,72.5,72.5
845.0,0,0,1,25,35.0,2,31,306.5032638293842,,,LAX-LGB-LAX,1,30.0,65.0,50.0,55.0
845.0,0,5,1,15,20.0,1,13,308.89616470863086,617.7923294172617,308.89616470863086,LAX-ANH,1,40.0,42.5,42.5,47.5
845.0,0,5,1,15,20.0,1,36,308.89616470863086,617.7923294172617,308.89616470863086,LAX-ANH,1,30.0,57.5,57.5,57.5
845.0,6,0,1,10,15.0,1,0,133.37448068391893,266.74896136783786,133.37448068391893,HWD-LAX,1,30.0,40.0,40.0,40.0
845.0,0,4,1,10,15.0,1,35,123.68010196269128,123.68010196269128,123.68010196269128,LAX-UVS,1,67.5,70.0,70.0,77.5
845.0,6,0,1,10,15.0,1,37,133.37448068391893,266.74896136783786,133.37448068391893,HWD-LAX,1,20.0,20.0,20.0,80.0
850.0,7,1,1,20,30.0,2,33,282.44109379754985,,,PSD-LAX-DTLA,1,52.5,52.5,37.5,77.5
850.0,0,6,1,10,15.0,1,8,33.34362017097973,33.34362017097973,33.34362017097973,LAX-HWD,1,60.0,62.5,42.5,75.0
850.0,1,0,1,10,15.0,1,26,124.7524094308745,124.7524094308745,124.7524094308745,DTLA-LAX,1,70.0,70.0,70.0,80.0
850.0,0,4,1,10,15.0,1,19,164.9068026169217,164.9068026169217,164.9068026169217,LAX-UVS,1,55.0,55.0,55.0,65.0
855.0,5,1,1,25,35.0,2,30,446.58849531159115,,,ANH-LAX-DTLA,1,50.0,80.0,80.0,85.0
855.0,6,0,1,10,15.0,1,14,66.68724034195947,66.68724034195947,66.68724034195947,HWD-LAX,1,35.0,35.0,35.0,35.0
855.0,0,0,1,20,30.0,2,22,166.71810085489867,,,LAX-HWD-LAX,1,35.0,47.5,32.5,75.0
855.0,8,0,1,10,15.0,1,17,51.04884363573325,51.04884363573325,51.04884363573325,BVH-LAX,1,50.0,50.0,50.0,50.0
855.0,0,0,1,20,30.0,2,3,157.68868436667537,,,LAX-PSD-LAX,1,27.5,32.5,32.5,62.5
855.0,7,1,1,20,30.0,2,12,203.59675161421217,,,PSD-LAX-DTLA,1,57.5,57.5,42.5,75.0
855.0,0,5,1,15,20.0,1,11,176.51209411921764,176.51209411921764,176.51209411921764,LAX-ANH,1,40.0,40.0,40.0,40.0
860.0,0,0,1,20,30.0,2,28,133.37448068391893,,,LAX-HWD-LAX,1,42.5,42.5,27.5,40.0
860.0,2,0,1,15,20.0,1,23,204.33550921958948,204.33550921958948,204.33550921958948,LGB-LAX,1,55.0,55.0,55.0,55.0
860.0,0,5,1,15,20.0,1,16,176.51209411921764,176.51209411921764,176.51209411921764,LAX-ANH,1,40.0,40.0,40.0,60.0
860.0,1,0,1,10,15.0,1,10,31.188102357718623,31.188102357718623,31.188102357718623,DTLA-LAX,1,60.0,60.0,60.0,60.0
860.0,3,0,1,15,20.0,1,18,58.9023603932979,58.9023603932979,58.9023603932979,WDHL-LAX,1,52.5,62.5,62.5,67.5
865.0,0,7,1,10,15.0,1,14,157.68868436667537,157.68868436667537,157.68868436667537,LAX-PSD,1,20.0,37.5,37.5,50.0
865.0,2,0,1,15,20.0,1,5,204.33550921958948,204.33550921958948,204.33550921958948,LGB-LAX,1,42.5,42.5,42.5,45.0
865.0,0,0,1,20,30.0,2,17,166.71810085489867,,,LAX-HWD-LAX,1,20.0,20.0,20.0,75.0
865.0,4,1,1,20,30.0,2,35,176.01770838161673,,,UVS-LAX-DTLA,1,47.5,47.5,47.5,90.0
865.0,5,0,1,15,20.0,1,13,176.51209411921764,176.51209411921764,176.51209411921764,ANH-LAX,1,27.5,27.5,27.5,40.0
865.0,0,3,1,15,20.0,1,27,235.6094415731916,235.6094415731916,235.6094415731916,LAX-WDHL,1,50.0,65.0,65.0,70.0
865.0,0,5,1,15,20.0,1,2,353.0241882384353,353.0241882384353,353.0241882384353,LAX-ANH,1,40.0,40.00000000000001,40.00000000000001,40.00000000000001
865.0,1,0,1,10,15.0,1,24,31.188102357718623,31.188102357718623,31.188102357718623,DTLA-LAX,1,47.5,72.5,72.5,90.0
870.0,0,4,1,10,15.0,1,10,123.68010196269128,123.68010196269128,123.68010196269128,LAX-UVS,1,45.0,70.0,70.0,75.0
870.0,4,0,1,10,15.0,1,19,41.22670065423043,41.22670065423043,41.22670065423043,UVS-LAX,1,50.0,50.0,50.0,50.0
870.0,0,3,1,15,20.0,1,0,58.9023603932979,58.9023603932979,58.9023603932979,LAX-WDHL,1,20.0,40.0,40.0,70.0
870.0,5,0,1,15,20.0,1,11,88.25604705960882,88.25604705960882,88.25604705960882,ANH-LAX,1,20.0,20.0,20.0,60.0
870.0,7,2,1,20,30.0,2,15,362.02419358626486,,,PSD-LAX-LGB,1,42.5,55.0,55.0,55.0
870.0,0,0,1,20,30.0,2,26,78.84434218333769,,,LAX-PSD-LAX,1,50.0,50.0,50.0,50.0
870.0,1,0,1,10,15.0,1,34,124.7524094308745,249.504818861749,124.7524094308745,DTLA-LAX,1,70.0,85.0,85.0,92.5
870.0,1,0,1,10,15.0,1,40,124.7524094308745,249.504818861749,124.7524094308745,DTLA-LAX,1,40.0,40.0,40.0,40.0
875.0,0,5,1,15,20.0,1,1,264.76814117882645,264.76814117882645,264.76814117882645,LAX-ANH,1,70.0,70.0,70.0,70.0
875.0,0,8,1,10,15.0,1,38,76.57326545359987,76.57326545359987,76.57326545359987,LAX-BVH,1,55.0,55.0,55.0,55.0
875.0,0,2,1,10,15.0,1,23,102.16775460979474,102.16775460979474,102.16775460979474,LAX-LGB,1,40.0,60.0,40.0,40.0
875.0,0,6,1,10,15.0,1,29,66.68724034195947,66.68724034195947,66.68724034195947,LAX-HWD,1,60.0,60.0,60.0,65.0
875.0,5,1,1,25,35.0,2,36,150.63225177504606,,,ANH-LAX-DTLA,1,22.5,92.5,92.5,92.5
880.0,0,5,1,15,20.0,1,40,353.0241882384353,353.0241882384353,353.0241882384353,LAX-ANH,1,20.0,25.0,25.0,47.5
880.0,2,1,1,25,35.0,2,4,175.83628673577186,,,LGB-LAX-DTLA,1,32.5,42.5,42.5,55.0
880.0,1,0,1,10,15.0,1,6,124.7524094308745,124.7524094308745,124.7524094308745,DTLA-LAX,1,57.5,77.5,77.5,77.5
880.0,5,0,1,15,20.0,1,2,176.51209411921764,176.51209411921764,176.51209411921764,ANH-LAX,1,20.0,20.0,20.0,52.5
880.0,0,0,1,20,30.0,2,19,166.71810085489867,,,LAX-HWD-LAX,1,20.0,22.5,22.5,55.0
885.0,5,0,1,15,20.0,1,16,353.0241882384353,353.0241882384353,353.0241882384353,ANH-LAX,1,40.0,40.0,40.0,40.0
885.0,0,0,1,20,30.0,2,18,157.68868436667537,,,LAX-PSD-LAX,1,37.5,37.5,37.5,47.5
885.0,0,3,1,15,20.0,1,13,58.9023603932979,58.9023603932979,58.9023603932979,LAX-WDHL,1,20.0,55.0,55.0,60.0
885.0,0,4,1,10,15.0,1,5,41.22670065423043,41.22670065423043,41.22670065423043,LAX-UVS,1,30.0,30.0,30.0,50.0
890.0,0,2,1,10,15.0,1,25,102.16775460979474,102.16775460979474,102.16775460979474,LAX-LGB,1,67.5,67.5,42.5,67.5
890.0,0,0,1,20,30.0,2,26,216.73353111136828,,,LAX-HWD-LAX,1,20.0,74.99999999999999,59.99999999999999,60.00000000000001
890.0,5,0,1,15,20.0,1,1,353.0241882384353,353.0241882384353,353.0241882384353,ANH-LAX,1,50.0,50.0,50.0,50.0
890.0,1,2,1,20,30.0,2,32,164.54395932523198,,,DTLA-LAX-LGB,1,62.499999999999986,62.5,62.5,95.0
890.0,0,6,1,10,15.0,1,39,83.35905042744933,166.71810085489867,83.35905042744933,LAX-HWD,1,70.0,70.0,70.0,75.0
895.0,5,0,1,15,20.0,1,20,176.51209411921764,176.51209411921764,176.51209411921764,ANH-LAX,1,40.0,45.0,45.0,50.0
895.0,6,0,1,10,15.0,1,29,133.37448068391893,133.37448068391893,133.37448068391893,HWD-LAX,1,50.0,50.0,50.0,50.0
895.0,8,1,1,20,30.0,2,38,113.42504835117049,,,BVH-LAX-DTLA,1,25.0,37.5,37.5,52.5
895.0,1,0,1,10,15.0,1,28,93.56430707315587,93.56430707315587,93.56430707315587,DTLA-LAX,1,25.0,35.0,35.0,50.0
895.0,3,0,1,15,20.0,1,27,117.8047207865958,117.8047207865958,117.8047207865958,WDHL-LAX,1,50.0,50.0,50.0,50.0
900.0,0,5,1,15,20.0,1,16,264.76814117882645,264.76814117882645,264.76814117882645,LAX-ANH,1,20.0,40.0,20.0,60.0
900.0,4,0,1,10,15.0,1,10,82.45340130846085,82.45340130846085,82.45340130846085,UVS-LAX,1,60.0,60.0,60.0,60.0
900.0,0,3,1,15,20.0,1,37,58.9023603932979,58.9023603932979,58.9023603932979,LAX-WDHL,1,60.0,60.0,60.0,60.0
900.0,1,0,1,10,15.0,1,31,124.7524094308745,124.7524094308745,124.7524094308745,DTLA-LAX,1,40.0,40.0,40.0,55.0
900.0,0,6,1,10,15.0,1,3,66.68724034195947,66.68724034195947,66.68724034195947,LAX-HWD,1,47.5,47.5,32.5,75.0
900.0,7,1,1,20,30.0,2,14,243.01892270588104,,,PSD-LAX-DTLA,1,20.0,37.5,37.5,70.0
905.0,0,0,1,20,30.0,2,29,133.37448068391893,,,LAX-HWD-LAX,1,20.0,22.5,22.5,70.0
905.0,0,0,1,20,30.0,2,1,118.26651327500653,,,LAX-PSD-LAX,1,20.0,55.0,55.0,60.0
905.0,5,0,1,15,20.0,1,8,264.76814117882645,264.76814117882645,264.76814117882645,ANH-LAX,1,55.0,55.0,55.0,55.0
905.0,1,0,1,10,15.0,1,7,124.7524094308745,124.7524094308745,124.7524094308745,DTLA-LAX,1,72.5,72.5,72.5,72.5
905.0,0,5,1,15,20.0,1,33,176.51209411921764,176.51209411921764,176.51209411921764,LAX-ANH,1,57.5,57.5,57.5,57.5
905.0,6,1,1,20,30.0,2,39,195.75068539935617,,,HWD-LAX-DTLA,1,45.0,45.0,30.0,75.0
910.0,0,0,1,20,30.0,2,2,216.73353111136828,,,LAX-HWD-LAX,1,22.5,25.0,25.0,57.49999999999994
910.0,4,1,1,20,30.0,2,5,165.97911008510494,,,UVS-LAX-DTLA,1,20.0,65.0,65.0,65.0
910.0,0,0,1,20,30.0,2,27,76.57326545359987,,,LAX-BVH-LAX,1,20.0,47.5,47.5,50.0
910.0,0,2,1,10,15.0,1,18,51.08387730489737,51.08387730489737,51.08387730489737,LAX-LGB,1,32.5,37.5,37.5,70.0
910.0,1,0,1,10,15.0,1,21,124.7524094308745,124.7524094308745,124.7524094308745,DTLA-LAX,1,67.5,67.5,67.5,67.5
910.0,3,0,1,15,20.0,1,0,58.9023603932979,58.9023603932979,58.9023603932979,WDHL-LAX,1,50.0,50.0,50.0,50.0
910.0,0,6,1,10,15.0,1,11,83.35905042744933,166.71810085489867,83.35905042744933,LAX-HWD,1,45.0,50.0,35.0,67.5
910.0,0,4,1,10,15.0,1,23,41.22670065423043,41.22670065423043,41.22670065423043,LAX-UVS,1,25.0,27.5,27.5,50.0
910.0,0,5,1,15,20.0,1,10,353.0241882384353,353.0241882384353,353.0241882384353,LAX-ANH,1,40.0,52.5,52.5,67.5
915.0,0,0,1,20,30.0,2,20,197.11085545834422,,,LAX-PSD-LAX,1,20.0,72.5,72.5,87.5
915.0,0,0,1,25,35.0,2,7,306.5032638293842,,,LAX-LGB-LAX,1,37.5,37.5,22.5,35.0
915.0,5,0,1,15,20.0,1,40,264.76814117882645,264.76814117882645,264.76814117882645,ANH-LAX,0,27.5,37.5,37.5,55.0
915.0,0,0,1,20,30.0,2,28,164.9068026169217,,,LAX-UVS-LAX,1,20.0,25.0,25.0,80.0
915.0,3,0,1,15,20.0,1,37,58.9023603932979,58.9023603932979,58.9023603932979,WDHL-LAX,1,40.0,40.0,40.0,40.0
915.0,0,0,1,20,30.0,2,17,178.67095272506637,,,LAX-BVH-LAX,1,45.0,45.0,45.0,45.0
915.0,2,1,1,25,35.0,2,15,215.62783663012934,,,LGB-LAX-DTLA,1,20.0,20.0,20.0,35.0
915.0,1,0,1,10,15.0,1,4,93.56430707315587,93.56430707315587,93.56430707315587,DTLA-LAX,1,40.0,42.5,42.5,50.0
915.0,4,1,1,20,30.0,2,22,186.05630667812852,,,UVS-LAX-DTLA,1,45.0,45.0,30.0,75.0
915.0,0,5,1,15,20.0,1,24,353.0241882384353,353.0241882384353,353.0241882384353,LAX-ANH,1,70.0,70.0,70.0,70.0
920.0,0,0,1,20,30.0,2,21,133.37448068391893,,,LAX-HWD-LAX,1,37.5,70.0,70.0,85.0
920.0,0,5,1,15,20.0,1,6,353.0241882384353,353.0241882384353,353.0241882384353,LAX-ANH,1,57.5,57.5,57.5,57.5
920.0,3,0,1,15,20.0,1,13,117.8047207865958,117.8047207865958,117.8047207865958,WDHL-LAX,1,40.0,50.0,50.0,50.0
920.0,0,0,1,25,35.0,2,8,255.41938652448684,,,LAX-LGB-LAX,1,20.0,20.0,20.0,75.0
920.0,0,7,1,10,15.0,1,31,78.84434218333769,78.84434218333769,78.84434218333769,LAX-PSD,1,40.0,42.5,42.5,50.0
920.0,5,2,1,25,35.0,2,33,227.59597142411502,,,ANH-LAX-LGB,1,22.5,40.0,20.0,80.0
925.0,0,0,1,25,35.0,2,19,204.33550921958948,,,LAX-LGB-LAX,1,20.0,22.5,22.5,82.5
925.0,0,5,1,15,20.0,1,34,88.25604705960882,88.25604705960882,88.25604705960882,LAX-ANH,1,72.5,77.5,77.5,77.5
925.0,0,0,1,20,30.0,2,0,127.62210908933312,,,LAX-BVH-LAX,1,20.0,37.5,37.5,77.5
925.0,1,0,1,10,15.0,1,35,124.7524094308745,124.7524094308745,124.7524094308745,DTLA-LAX,1,75.0,75.0,75.0,75.0
925.0,6,0,1,10,15.0,1,12,133.37448068391893,133.37448068391893,133.37448068391893,HWD-LAX,1,60.0,60.0,60.0,60.0
925.0,0,4,1,10,15.0,1,9,123.68010196269128,123.68010196269128,123.68010196269128,LAX-UVS,1,72.5,72.5,57.5,65.0
930.0,4,2,1,20,30.0,2,23,184.6211559182556,,,UVS-LAX-LGB,1,20.0,85.0,85.0,85.0
930.0,0,0,1,20,30.0,2,4,133.37448068391893,,,LAX-HWD-LAX,1,20.0,35.0,20.0,45.0
930.0,5,0,1,15,20.0,1,24,353.0241882384353,353.0241882384353,353.0241882384353,ANH-LAX,1,50.0,50.0,50.0,50.0
930.0,1,0,1,10,15.0,1,30,124.7524094308745,124.7524094308745,124.7524094308745,DTLA-LAX,1,70.0,70.0,70.0,70.0
930.0,0,5,1,15,20.0,1,37,264.76814117882645,264.76814117882645,264.76814117882645,LAX-ANH,1,20.0,20.0,20.0,40.0
935.0,0,5,1,15,20.0,1,35,353.0241882384353,353.0241882384353,353.0241882384353,LAX-ANH,1,55.0,55.0,55.0,55.0
935.0,0,6,1,10,15.0,1,12,100.0308605129392,100.0308605129392,100.0308605129392,LAX-HWD,1,45.0,50.0,50.0,70.0
935.0,0,4,1,10,15.0,1,17,82.45340130846085,82.45340130846085,82.45340130846085,LAX-UVS,1,30.0,35.0,20.0,75.0
935.0,5,2,1,25,35.0,2,6,329.76372603390973,,,ANH-LAX-LGB,1,22.5,60.0,40.0,52.5
935.0,7,1,1,20,30.0,2,31,203.59675161421217,,,PSD-LAX-DTLA,1,20.0,70.0,70.0,72.5
940.0,2,0,1,15,20.0,1,18,51.08387730489737,51.08387730489737,51.08387730489737,LGB-LAX,1,50.0,50.0,50.0,50.0
940.0,1,0,1,10,15.0,1,38,62.37620471543725,62.37620471543725,62.37620471543725,DTLA-LAX,1,37.5,37.5,37.5,37.5
940.0,5,0,1,15,20.0,1,10,264.76814117882645,264.76814117882645,264.76814117882645,ANH-LAX,1,47.5,47.5,47.5,47.5
940.0,0,0,1,20,30.0,2,30,127.62210908933312,,,LAX-BVH-LAX,1,40.0,50.0,50.0,50.0
940.0,0,0,1,20,30.0,2,13,166.71810085489867,,,LAX-HWD-LAX,1,20.0,22.5,22.5,67.5
945.0,1,1,1,20,30.0,2,14,155.9405117885931,,,DTLA-LAX-DTLA,1,40.0,67.5,67.5,77.5
945.0,3,0,1,15,20.0,1,25,117.8047207865958,117.8047207865958,117.8047207865958,WDHL-LAX,1,47.5,50.0,50.0,65.0
945.0,5,0,1,15,20.0,1,34,353.0241882384353,353.0241882384353,353.0241882384353,ANH-LAX,1,57.5,57.5,57.5,57.5
945.0,0,5,1,15,20.0,1,3,88.25604705960882,88.25604705960882,88.25604705960882,LAX-ANH,1,55.0,55.0,55.0,55.0
945.0,0,0,1,20,30.0,2,24,200.0617210258784,,,LAX-HWD-LAX,1,20.0,37.5,37.5,60.0
945.0,0,4,1,10,15.0,1,2,41.22670065423043,41.22670065423043,41.22670065423043,LAX-UVS,1,42.5,52.5,52.5,52.5
950.0,3,0,1,15,20.0,1,11,176.7070811798937,176.7070811798937,176.7070811798937,WDHL-LAX,1,47.5,52.5,52.5,52.5
950.0,0,7,1,10,15.0,1,38,39.422171091668844,39.422171091668844,39.422171091668844,LAX-PSD,1,22.5,60.0,45.0,52.5
950.0,1,0,1,10,15.0,1,15,124.7524094308745,124.7524094308745,124.7524094308745,DTLA-LAX,1,20.0,50.0,35.0,57.5
950.0,0,5,1,15,20.0,1,9,353.0241882384353,353.0241882384353,353.0241882384353,LAX-ANH,1,45.0,47.5,47.5,55.0
950.0,5,1,1,25,35.0,2,35,358.3324482519823,,,ANH-LAX-DTLA,1,20.0,70.0,70.0,87.5
950.0,4,1,1,20,30.0,2,26,165.97911008510494,,,UVS-LAX-DTLA,1,30.000000000000007,72.49999999999999,72.49999999999999,72.5
955.0,0,6,1,10,15.0,1,1,100.0308605129392,200.0617210258784,100.0308605129392,LAX-HWD,1,45.0,50.0,50.0,55.0
955.0,1,0,1,10,15.0,1,5,93.56430707315587,93.56430707315587,93.56430707315587,DTLA-LAX,1,50.0,50.0,50.0,50.0
955.0,0,3,1,15,20.0,1,29,117.8047207865958,117.8047207865958,117.8047207865958,LAX-WDHL,1,50.0,55.0,55.0,80.0
955.0,0,0,1,20,30.0,2,18,197.11085545834422,,,LAX-PSD-LAX,1,20.0,37.5,22.5,70.0
955.0,0,6,1,10,15.0,1,10,100.0308605129392,200.0617210258784,100.0308605129392,LAX-HWD,1,32.5,32.5,22.5,87.5
955.0,5,0,1,15,20.0,1,37,176.51209411921764,176.51209411921764,176.51209411921764,ANH-LAX,1,20.0,22.5,22.5,55.0
955.0,0,0,1,20,30.0,2,27,76.57326545359987,,,LAX-BVH-LAX,1,20.0,27.5,27.5,55.0
955.0,0,0,1,25,35.0,2,40,255.41938652448687,,,LAX-LGB-LAX,1,20.0,20.0,20.0,85.0
960.0,6,0,1,10,15.0,1,12,100.0308605129392,100.0308605129392,100.0308605129392,HWD-LAX,1,55.0,55.0,55.0,55.0
960.0,5,1,1,25,35.0,2,3,446.58849531159115,,,ANH-LAX-DTLA,1,20.0,70.0,70.0,92.5
960.0,0,3,1,15,20.0,1,34,58.9023603932979,58.9023603932979,58.9023603932979,LAX-WDHL,1,37.5,77.49999999999997,77.49999999999997,77.5
960.0,4,1,1,20,30.0,2,2,248.4325113935658,,,UVS-LAX-DTLA,1,22.5,77.5,77.5,77.50000000000003
960.0,0,5,1,15,20.0,1,39,264.76814117882645,264.76814117882645,264.76814117882645,LAX-ANH,1,55.0,62.5,62.5,62.5
960.0,1,0,1,10,15.0,1,7,93.56430707315587,93.56430707315587,93.56430707315587,DTLA-LAX,1,20.0,37.5,37.5,57.5
960.0,2,0,1,15,20.0,1,32,204.33550921958948,204.33550921958948,204.33550921958948,LGB-LAX,1,75.0,75.0,75.0,75.0
965.0,0,0,1,20,30.0,2,5,66.68724034195947,,,LAX-HWD-LAX,1,20.0,37.5,37.5,47.5
965.0,1,0,1,10,15.0,1,36,124.7524094308745,124.7524094308745,124.7524094308745,DTLA-LAX,1,77.5,77.5,77.5,77.5
970.0,0,5,1,15,20.0,1,25,353.0241882384353,706.0483764768705,353.0241882384353,LAX-ANH,1,45.0,47.5,47.5,55.0
970.0,0,0,1,20,30.0,2,11,118.26651327500653,,,LAX-PSD-LAX,1,22.5,32.5,32.5,75.0
970.0,5,1,1,25,35.0,2,9,358.3324482519823,,,ANH-LAX-DTLA,1,20.0,77.5,77.5,85.0
970.0,0,4,1,10,15.0,1,28,41.22670065423043,41.22670065423043,41.22670065423043,LAX-UVS,1,65.0,70.0,70.0,80.0
970.0,6,1,1,20,30.0,2,1,226.9387877570748,,,HWD-LAX-DTLA,1,25.0,35.0,20.0,57.5
970.0,0,5,1,15,20.0,1,22,353.0241882384353,706.0483764768705,353.0241882384353,LAX-ANH,1,55.0,55.0,55.0,55.0
970.0,0,6,1,10,15.0,1,12,100.0308605129392,100.0308605129392,100.0308605129392,LAX-HWD,1,40.0,50.0,50.0,50.0
975.0,0,8,1,10,15.0,1,16,25.524421817866624,25.524421817866624,25.524421817866624,LAX-BVH,1,45.0,45.0,45.0,55.0
975.0,0,7,1,10,15.0,1,36,78.84434218333769,78.84434218333769,78.84434218333769,LAX-PSD,1,62.5,62.5,47.5,70.0
975.0,1,0,1,10,15.0,1,4,93.56430707315587,93.56430707315587,93.56430707315587,DTLA-LAX,1,30.0,32.5,32.5,52.5
975.0,0,0,1,25,35.0,2,21,153.2516319146921,,,LAX-LGB-LAX,1,50.0,50.0,50.0,72.5
975.0,0,5,1,15,20.0,1,32,264.76814117882645,264.76814117882645,264.76814117882645,LAX-ANH,1,55.0,60.0,60.0,62.5
980.0,5,1,1,25,35.0,2,39,446.58849531159115,,,ANH-LAX-DTLA,1,27.5,37.5,22.5,40.0
980.0,0,0,1,20,30.0,2,0,200.0617210258784,,,LAX-HWD-LAX,1,47.5,47.5,47.5,47.5
985.0,6,1,1,20,30.0,2,12,160.25154741511534,,,HWD-LAX-DTLA,1,20.0,27.5,27.5,80.0
985.0,0,0,1,25,35.0,2,37,204.33550921958948,,,LAX-LGB-LAX,1,20.0,35.0,20.0,87.5
985.0,0,5,1,15,20.0,1,17,88.25604705960882,88.25604705960882,88.25604705960882,LAX-ANH,1,55.0,55.0,55.0,55.0
985.0,1,0,1,10,15.0,1,31,31.188102357718623,31.188102357718623,31.188102357718623,DTLA-LAX,1,57.5,57.5,57.5,57.5
985.0,0,6,1,10,15.0,1,30,133.37448068391893,133.37448068391893,133.37448068391893,LAX-HWD,1,35.0,50.0,50.0,57.5
985.0,5,1,1,25,35.0,2,22,327.1443458942637,,,ANH-LAX-DTLA,1,20.0,20.0,20.0,87.5
990.0,8,0,1,10,15.0,1,16,25.524421817866624,25.524421817866624,25.524421817866624,BVH-LAX,1,40.0,40.0,40.0,40.0
990.0,0,6,1,10,15.0,1,24,133.37448068391893,133.37448068391893,133.37448068391893,LAX-HWD,1,45.0,70.0,70.0,70.0
990.0,1,0,1,10,15.0,1,14,124.7524094308745,124.7524094308745,124.7524094308745,DTLA-LAX,1,62.5,62.5,62.5,62.5
990.0,0,5,1,15,20.0,1,13,264.76814117882645,264.76814117882645,264.76814117882645,LAX-ANH,1,47.5,72.5,72.5,72.5
990.0,0,8,1,10,15.0,1,7,76.57326545359987,76.57326545359987,76.57326545359987,LAX-BVH,1,42.5,42.5,27.5,67.5
990.0,5,1,1,25,35.0,2,25,477.77659766930975,,,ANH-LAX-DTLA,1,20.0,55.0,55.0,70.0
995.0,0,8,1,10,15.0,1,8,102.0976872714665,102.0976872714665,102.0976872714665,LAX-BVH,1,60.0,70.0,70.0,80.0
995.0,0,0,1,20,30.0,2,38,200.0617210258784,,,LAX-HWD-LAX,1,22.5,70.0,70.0,70.0
995.0,3,2,1,25,35.0,2,29,161.07011500309264,,,WDHL-LAX-LGB,1,45.0,47.5,47.5,97.5
995.0,0,2,1,10,15.0,1,4,102.16775460979474,102.16775460979474,102.16775460979474,LAX-LGB,1,37.5,40.0,20.0,55.0
995.0,5,0,1,15,20.0,1,32,353.0241882384353,353.0241882384353,353.0241882384353,ANH-LAX,1,42.5,42.5,42.5,42.5
995.0,0,0,1,20,30.0,2,31,187.12861414631175,,,LAX-DTLA-LAX,1,27.5,70.0,70.0,70.0
995.0,4,0,1,10,15.0,1,28,41.22670065423043,41.22670065423043,41.22670065423043,UVS-LAX,1,65.0,65.0,65.0,65.0
995.0,1,0,1,10,15.0,1,26,124.7524094308745,124.7524094308745,124.7524094308745,DTLA-LAX,1,57.5,57.5,57.5,57.5
995.0,0,4,1,10,15.0,1,20,41.22670065423043,41.22670065423043,41.22670065423043,LAX-UVS,1,72.5,72.5,57.5,90.0
1000.0,0,8,1,10,15.0,1,0,76.57326545359987,76.57326545359987,76.57326545359987,LAX-BVH,1,32.5,40.0,40.0,40.0
1000.0,0,0,1,20,30.0,2,14,166.71810085489867,,,LAX-HWD-LAX,1,32.5,42.5,42.5,75.0
1000.0,7,0,1,10,15.0,1,6,39.422171091668844,39.422171091668844,39.422171091668844,PSD-LAX,1,37.5,37.5,22.5,75.0
1000.0,0,0,1,25,35.0,2,27,306.5032638293842,,,LAX-LGB-LAX,1,20.0,27.5,27.5,45.0
1000.0,0,5,1,15,20.0,1,16,176.51209411921764,176.51209411921764,176.51209411921764,LAX-ANH,1,20.0,20.0,20.0,55.0
1000.0,2,0,1,15,20.0,1,23,102.16775460979474,102.16775460979474,102.16775460979474,LGB-LAX,1,65.0,65.0,65.0,65.0
1000.0,0,7,1,10,15.0,1,33,39.422171091668844,39.422171091668844,39.422171091668844,LAX-PSD,1,65.0,65.0,45.0,55.0
1000.0,0,3,1,15,20.0,1,19,176.7070811798937,176.7070811798937,176.7070811798937,LAX-WDHL,1,62.5,62.5,62.5,62.5
1000.0,5,1,1,25,35.0,2,17,389.52055060970093,,,ANH-LAX-DTLA,1,20.0,27.5,27.5,35.0
1000.0,3,0,1,15,20.0,1,34,58.9023603932979,58.9023603932979,58.9023603932979,WDHL-LAX,1,57.5,57.5,57.5,57.5
1005.0,0,5,1,15,20.0,1,26,88.25604705960882,88.25604705960882,88.25604705960882,LAX-ANH,1,37.5,57.49999999999999,57.49999999999999,57.499999999999986
1005.0,0,3,1,15,20.0,1,28,176.7070811798937,176.7070811798937,176.7070811798937,LAX-WDHL,1,45.0,50.0,50.0,55.0
1010.0,1,0,1,10,15.0,1,2,93.56430707315587,187.12861414631175,93.56430707315587,DTLA-LAX,1,62.500000000000036,67.5,67.5,67.5
1010.0,0,6,1,10,15.0,1,36,100.0308605129392,100.0308605129392,100.0308605129392,LAX-HWD,1,55.0,55.0,55.0,62.5
1010.0,0,4,1,10,15.0,1,5,41.22670065423043,41.22670065423043,41.22670065423043,LAX-UVS,1,32.5,47.5,47.5,55.0
1010.0,0,7,1,10,15.0,1,32,78.84434218333769,78.84434218333769,78.84434218333769,LAX-PSD,1,27.5,50.0,50.0,60.0
1015.0,0,3,1,15,20.0,1,21,58.9023603932979,58.9023603932979,58.9023603932979,LAX-WDHL,1,52.5,52.5,52.5,60.0
1015.0,6,0,1,10,15.0,1,30,133.37448068391893,266.74896136783786,133.37448068391893,HWD-LAX,1,42.5,45.0,45.0,55.0
1015.0,1,0,1,10,15.0,1,15,124.7524094308745,124.7524094308745,124.7524094308745,DTLA-LAX,1,42.5,42.5,42.5,50.0
1015.0,7,0,1,10,15.0,1,18,78.84434218333769,78.84434218333769,78.84434218333769,PSD-LAX,1,55.0,55.0,55.0,55.0
1015.0,0,5,1,15,20.0,1,23,176.51209411921764,176.51209411921764,176.51209411921764,LAX-ANH,1,45.0,50.0,50.0,55.0
1015.0,3,0,1,15,20.0,1,19,117.8047207865958,117.8047207865958,117.8047207865958,WDHL-LAX,1,42.5,42.5,42.5,52.5
1015.0,8,0,1,10,15.0,1,0,25.524421817866624,25.524421817866624,25.524421817866624,BVH-LAX,1,25.0,32.5,32.5,50.0
1015.0,0,0,1,20,30.0,2,34,118.26651327500653,,,LAX-PSD-LAX,1,27.5,77.5,77.5,77.5
1015.0,6,1,1,20,30.0,2,24,258.1268901147934,,,HWD-LAX-DTLA,1,40.0,70.0,70.0,72.5
1020.0,1,1,1,20,30.0,2,10,187.12861414631175,,,DTLA-LAX-DTLA,1,57.5,82.49999999999993,82.49999999999993,82.5
1025.0,6,0,1,10,15.0,1,36,100.0308605129392,100.0308605129392,100.0308605129392,HWD-LAX,1,47.5,47.5,47.5,80.0
1025.0,0,0,1,25,35.0,2,18,255.41938652448684,,,LAX-LGB-LAX,1,20.0,20.0,20.0,42.5
1025.0,0,0,1,20,30.0,2,1,166.71810085489867,,,LAX-HWD-LAX,1,27.5,27.5,27.5,72.5
1025.0,1,0,1,10,15.0,1,35,124.7524094308745,124.7524094308745,124.7524094308745,DTLA-LAX,1,72.5,72.5,72.5,72.5
1025.0,0,7,1,10,15.0,1,2,39.422171091668844,39.422171091668844,39.422171091668844,LAX-PSD,1,52.5,74.99999999999999,74.99999999999999,75.0
1025.0,3,6,1,25,35.0,2,28,125.58960073525736,,,WDHL-LAX-HWD,1,20.0,55.0,55.0,85.0
1025.0,0,5,1,15,20.0,1,39,176.51209411921764,176.51209411921764,176.51209411921764,LAX-ANH,1,20.0,57.5,37.5,65.0
1030.0,8,0,1,10,15.0,1,8,25.524421817866624,25.524421817866624,25.524421817866624,BVH-LAX,1,65.0,70.0,55.0,77.5
1030.0,5,1,1,25,35.0,2,26,150.63225177504606,,,ANH-LAX-DTLA,1,22.499999999999982,47.5,47.5,52.5
1030.0,4,3,1,25,35.0,2,5,159.03142144082622,,,UVS-LAX-WDHL,1,20.0,22.5,22.5,95.0
1030.0,2,0,1,15,20.0,1,33,102.16775460979474,102.16775460979474,102.16775460979474,LGB-LAX,1,35.0,35.0,35.0,35.0
1030.0,0,0,1,20,30.0,2,15,233.40534119685813,,,LAX-HWD-LAX,1,20.0,52.5,52.5,75.0
1035.0,0,5,1,15,20.0,1,19,176.51209411921764,176.51209411921764,176.51209411921764,LAX-ANH,1,32.5,35.0,35.0,55.0
1035.0,1,0,1,10,15.0,1,7,93.56430707315587,93.56430707315587,93.56430707315587,DTLA-LAX,1,52.5,52.5,52.5,52.5
1035.0,3,0,1,15,20.0,1,21,58.9023603932979,58.9023603932979,58.9023603932979,WDHL-LAX,1,40.0,40.0,40.0,50.0
1035.0,0,8,1,10,15.0,1,27,76.57326545359987,76.57326545359987,76.57326545359987,LAX-BVH,1,30.0,42.5,42.5,42.5
1035.0,0,6,1,10,15.0,1,40,66.68724034195947,66.68724034195947,66.68724034195947,LAX-HWD,1,70.0,75.0,75.0,75.0
1035.0,0,0,1,20,30.0,2,0,157.68868436667537,,,LAX-PSD-LAX,1,20.0,37.5,37.5,60.0
1035.0,0,4,1,10,15.0,1,4,41.22670065423043,41.22670065423043,41.22670065423043,LAX-UVS,1,40.0,45.0,45.0,50.0
1035.0,5,1,1,25,35.0,2,23,389.52055060970093,,,ANH-LAX-DTLA,1,20.0,37.5,37.5,87.5
1035.0,0,0,1,25,35.0,2,35,255.41938652448684,,,LAX-LGB-LAX,1,37.5,47.5,47.5,97.5
1040.0,5,1,1,25,35.0,2,16,477.77659766930975,,,ANH-LAX-DTLA,1,20.0,20.0,20.0,70.0
1040.0,1,0,1,10,15.0,1,12,124.7524094308745,249.504818861749,124.7524094308745,DTLA-LAX,1,65.0,67.5,67.5,70.0
1040.0,1,0,1,10,15.0,1,17,124.7524094308745,249.504818861749,124.7524094308745,DTLA-LAX,1,20.0,20.0,20.0,57.5
1040.0,7,0,1,10,15.0,1,32,157.68868436667537,157.68868436667537,157.68868436667537,PSD-LAX,1,45.0,50.0,50.0,55.0
1040.0,0,5,1,15,20.0,1,38,353.0241882384353,353.0241882384353,353.0241882384353,LAX-ANH,1,50.0,50.0,50.0,50.0
1045.0,0,0,1,20,30.0,2,7,133.37448068391893,,,LAX-HWD-LAX,1,22.5,40.0,40.0,90.0
1045.0,0,2,1,10,15.0,1,33,102.16775460979474,102.16775460979474,102.16775460979474,LAX-LGB,1,20.0,27.5,27.5,80.0
1045.0,0,5,1,15,20.0,1,31,176.51209411921764,176.51209411921764,176.51209411921764,LAX-ANH,1,50.0,50.0,50.0,64.99999999999999
1045.0,1,0,1,10,15.0,1,3,124.7524094308745,124.7524094308745,124.7524094308745,DTLA-LAX,1,77.5,77.5,77.5,77.5
1045.0,0,0,1,20,30.0,2,14,123.68010196269128,,,LAX-UVS-LAX,1,45.0,54.99999999999999,40.0,40.0
1045.0,5,0,1,15,20.0,1,13,264.76814117882645,264.76814117882645,264.76814117882645,ANH-LAX,1,52.5,52.5,52.5,60.0
1050.0,2,0,1,15,20.0,1,6,102.16775460979474,102.16775460979474,102.16775460979474,LGB-LAX,1,55.0,55.0,55.0,55.0
1050.0,4,1,1,20,30.0,2,4,176.01770838161673,,,UVS-LAX-DTLA,1,20.0,20.0,20.0,40.0
1050.0,8,0,1,10,15.0,1,27,51.04884363573325,51.04884363573325,51.04884363573325,BVH-LAX,1,27.5,47.5,47.5,47.5
1050.0,0,5,1,15,20.0,1,20,353.0241882384353,353.0241882384353,353.0241882384353,LAX-ANH,1,70.0,70.0,70.0,70.0
1050.0,0,0,1,25,35.0,2,30,255.41938652448687,,,LAX-LGB-LAX,1,20.0,70.0,70.0,77.5
1050.0,0,0,1,20,30.0,2,11,236.53302655001306,,,LAX-PSD-LAX,1,45.0,70.0,70.0,80.0
1050.0,6,0,1,10,15.0,1,40,66.68724034195947,66.68724034195947,66.68724034195947,HWD-LAX,1,60.0,60.0,60.0,60.0
1050.0,1,0,1,10,15.0,1,9,93.56430707315587,93.56430707315587,93.56430707315587,DTLA-LAX,1,70.0,70.0,70.0,70.0
1055.0,0,5,1,15,20.0,1,3,353.0241882384353,353.0241882384353,353.0241882384353,LAX-ANH,1,57.5,57.5,57.5,65.0
1055.0,5,0,1,15,20.0,1,38,264.76814117882645,264.76814117882645,264.76814117882645,ANH-LAX,1,30.0,67.5,52.5,52.5
1055.0,7,1,1,20,30.0,2,2,203.59675161421217,,,PSD-LAX-DTLA,1,45.0,80.0,80.0,79.99999999999999
1055.0,0,6,1,10,15.0,1,32,133.37448068391893,266.74896136783786,133.37448068391893,LAX-HWD,1,40.0,50.0,50.0,50.0
1055.0,0,0,1,20,30.0,2,21,123.68010196269128,,,LAX-UVS-LAX,1,20.0,45.0,25.0,60.0
1055.0,0,0,1,20,30.0,2,12,127.62210908933312,,,LAX-BVH-LAX,1,40.0,52.5,52.5,52.5
1060.0,1,0,1,10,15.0,1,24,109.15835825201518,218.31671650403035,109.15835825201518,DTLA-LAX,1,57.5,57.5,57.5,57.5
1060.0,0,4,1,10,15.0,1,18,41.22670065423043,41.22670065423043,41.22670065423043,LAX-UVS,1,27.5,35.0,20.0,50.0
1060.0,5,0,1,15,20.0,1,19,353.0241882384353,353.0241882384353,353.0241882384353,ANH-LAX,1,35.0,35.0,35.0,35.0
1060.0,1,0,1,10,15.0,1,22,109.15835825201518,218.31671650403035,109.15835825201518,DTLA-LAX,1,72.5,75.0,75.0,75.0
1060.0,0,0,1,20,30.0,2,9,157.68868436667537,,,LAX-PSD-LAX,1,40.0,57.5,57.5,82.5
1060.0,0,3,1,15,20.0,1,36,206.15826137654264,412.3165227530853,206.15826137654264,LAX-WDHL,1,60.0,77.5,77.5,77.5
1060.0,0,3,1,15,20.0,1,40,206.15826137654264,412.3165227530853,206.15826137654264,LAX-WDHL,1,40.0,40.0,40.0,40.0
1065.0,0,0,1,25,35.0,2,6,204.33550921958948,,,LAX-LGB-LAX,1,20.0,37.5,37.5,90.0
1065.0,5,0,1,15,20.0,1,20,353.0241882384353,353.0241882384353,353.0241882384353,ANH-LAX,1,50.0,50.0,50.0,50.0
1065.0,0,5,1,15,20.0,1,13,264.76814117882645,264.76814117882645,264.76814117882645,LAX-ANH,1,40.0,40.0,40.0,40.0
1065.0,1,0,1,10,15.0,1,10,93.56430707315587,93.56430707315587,93.56430707315587,DTLA-LAX,1,67.5,67.5,67.5,67.5
1065.0,0,7,1,10,15.0,1,34,39.422171091668844,39.422171091668844,39.422171091668844,LAX-PSD,1,62.5,62.5,62.5,62.5
1070.0,6,2,1,20,30.0,2,32,202.19861512273394,,,HWD-LAX-LGB,1,20.0,47.5,47.5,87.5
1070.0,0,6,1,10,15.0,1,1,100.0308605129392,100.0308605129392,100.0308605129392,LAX-HWD,1,57.5,57.5,42.5,42.5
1070.0,0,8,1,10,15.0,1,17,51.04884363573325,51.04884363573325,51.04884363573325,LAX-BVH,1,42.5,42.5,27.5,82.5
1070.0,1,0,1,10,15.0,1,25,62.37620471543725,62.37620471543725,62.37620471543725,DTLA-LAX,1,55.0,55.0,55.0,55.0
1070.0,0,5,1,15,20.0,1,24,353.0241882384353,353.0241882384353,353.0241882384353,LAX-ANH,1,37.5,70.0,70.0,85.0
1070.0,5,1,1,25,35.0,2,31,150.63225177504606,,,ANH-LAX-DTLA,1,29.999999999999993,30.0,30.0,92.5
1075.0,0,5,1,15,20.0,1,22,88.25604705960882,88.25604705960882,88.25604705960882,LAX-ANH,1,55.0,65.0,65.0,70.0
1075.0,0,0,1,20,30.0,2,10,100.0308605129392,,,LAX-HWD-LAX,1,37.5,52.5,52.5,77.5
1075.0,8,0,1,10,15.0,1,8,51.04884363573325,51.04884363573325,51.04884363573325,BVH-LAX,1,62.5,62.5,62.5,62.5
1075.0,4,0,1,10,15.0,1,37,82.45340130846085,82.45340130846085,82.45340130846085,UVS-LAX,1,72.5,72.5,72.5,72.5
1075.0,0,4,1,10,15.0,1,19,82.45340130846085,82.45340130846085,82.45340130846085,LAX-UVS,1,20.0,22.5,22.5,50.0
1075.0,3,0,1,15,20.0,1,40,58.9023603932979,58.9023603932979,58.9023603932979,WDHL-LAX,1,20.0,20.0,20.0,50.0
1075.0,5,2,1,25,35.0,2,3,366.9358957886212,,,ANH-LAX-LGB,1,30.0,60.0,60.0,75.0
1080.0,0,0,1,20,30.0,2,20,200.0617210258784,,,LAX-HWD-LAX,1,20.0,65.0,65.0,70.0
1080.0,0,8,1,10,15.0,1,25,51.04884363573325,51.04884363573325,51.04884363573325,LAX-BVH,1,40.0,45.0,45.0,50.0
1080.0,0,3,1,15,20.0,1,15,117.8047207865958,117.8047207865958,117.8047207865958,LAX-WDHL,1,55.0,55.0,35.0,65.0
1080.0,5,0,1,15,20.0,1,13,176.51209411921764,176.51209411921764,176.51209411921764,ANH-LAX,1,20.0,35.0,35.0,35.0
1080.0,0,5,1,15,20.0,1,0,88.25604705960882,88.25604705960882,88.25604705960882,LAX-ANH,1,40.0,40.0,40.0,40.0
1080.0,1,0,1,10,15.0,1,14,62.37620471543725,62.37620471543725,62.37620471543725,DTLA-LAX,1,24.999999999999996,50.0,50.0,52.5
1085.0,0,3,1,15,20.0,1,37,58.9023603932979,58.9023603932979,58.9023603932979,LAX-WDHL,1,52.5,60.0,60.0,60.0
1085.0,1,0,1,10,15.0,1,39,93.56430707315587,93.56430707315587,93.56430707315587,DTLA-LAX,1,50.0,72.5,57.5,57.5
1085.0,0,6,1,10,15.0,1,27,33.34362017097973,33.34362017097973,33.34362017097973,LAX-HWD,1,32.5,32.5,32.5,45.0
1085.0,7,1,1,20,30.0,2,34,164.17458052254335,,,PSD-LAX-DTLA,1,32.5,70.0,70.0,70.0
1085.0,0,7,1,10,15.0,1,8,118.26651327500653,118.26651327500653,118.26651327500653,LAX-PSD,1,47.5,47.5,47.5,65.0
1090.0,3,0,1,15,20.0,1,36,117.8047207865958,117.8047207865958,117.8047207865958,WDHL-LAX,1,57.5,57.5,57.5,57.5
1090.0,0,7,1,10,15.0,1,1,39.422171091668844,39.422171091668844,39.422171091668844,LAX-PSD,1,27.5,40.0,40.0,67.5
1090.0,2,0,1,15,20.0,1,33,102.16775460979474,102.16775460979474,102.16775460979474,LGB-LAX,1,60.0,60.0,60.0,60.0
1095.0,0,0,1,20,30.0,2,18,66.68724034195947,,,LAX-HWD-LAX,1,20.0,65.0,65.0,75.0
1095.0,8,1,1,20,30.0,2,25,150.27683124874113,,,BVH-LAX-DTLA,1,20.0,57.5,57.5,57.5
1095.0,2,2,1,25,35.0,2,29,102.16775460979474,,,LGB-LAX-LGB,1,62.5,87.5,87.5,97.5
1095.0,0,0,1,20,30.0,2,12,123.68010196269128,,,LAX-UVS-LAX,1,22.5,30.0,30.0,35.0
1095.0,1,0,1,10,15.0,1,4,93.56430707315587,93.56430707315587,93.56430707315587,DTLA-LAX,1,25.0,65.0,65.0,72.5
1095.0,0,3,1,15,20.0,1,11,117.8047207865958,117.8047207865958,117.8047207865958,LAX-WDHL,1,60.0,60.0,60.0,60.0
1095.0,5,0,1,15,20.0,1,0,353.0241882384353,353.0241882384353,353.0241882384353,ANH-LAX,1,20.0,37.5,37.5,40.0
1100.0,5,0,1,15,20.0,1,22,264.76814117882645,264.76814117882645,264.76814117882645,ANH-LAX,1,50.0,55.0,55.0,55.0
1100.0,1,0,1,10,15.0,1,2,62.37620471543725,62.37620471543725,62.37620471543725,DTLA-LAX,1,64.99999999999999,75.0,75.0,75.0
1100.0,6,0,1,10,15.0,1,27,33.34362017097973,33.34362017097973,33.34362017097973,HWD-LAX,1,30.0,35.0,35.0,67.5
1105.0,7,0,1,10,15.0,1,8,78.84434218333769,78.84434218333769,78.84434218333769,PSD-LAX,1,50.0,50.0,35.0,55.0
1105.0,0,5,1,15,20.0,1,36,176.51209411921764,176.51209411921764,176.51209411921764,LAX-ANH,1,37.5,37.5,37.5,47.5
1105.0,3,0,1,15,20.0,1,37,58.9023603932979,58.9023603932979,58.9023603932979,WDHL-LAX,1,40.0,40.0,40.0,40.0
1105.0,0,8,1,10,15.0,1,13,25.524421817866624,25.524421817866624,25.524421817866624,LAX-BVH,1,20.0,20.0,20.0,40.0
1105.0,0,2,1,10,15.0,1,33,204.33550921958948,204.33550921958948,204.33550921958948,LAX-LGB,1,45.0,45.0,30.0,72.5
1105.0,8,1,1,20,30.0,2,38,150.27683124874113,,,BVH-LAX-DTLA,1,22.5,70.0,70.0,70.0
1110.0,3,0,1,15,20.0,1,11,117.8047207865958,117.8047207865958,117.8047207865958,WDHL-LAX,1,40.0,50.0,50.0,50.0
1110.0,0,4,1,10,15.0,1,9,41.22670065423043,41.22670065423043,41.22670065423043,LAX-UVS,1,67.5,67.5,67.5,82.5
1110.0,1,0,1,10,15.0,1,23,124.7524094308745,124.7524094308745,124.7524094308745,DTLA-LAX,1,72.5,72.5,72.5,72.5
1115.0,1,0,1,10,15.0,1,16,62.37620471543725,62.37620471543725,62.37620471543725,DTLA-LAX,1,55.0,55.0,55.0,55.0
1115.0,3,0,1,15,20.0,1,21,58.9023603932979,58.9023603932979,58.9023603932979,WDHL-LAX,1,40.0,42.5,42.5,50.0
1115.0,0,5,1,15,20.0,1,7,176.51209411921764,176.51209411921764,176.51209411921764,LAX-ANH,1,70.0,70.0,70.0,70.0
1115.0,4,1,1,20,30.0,2,19,72.41480301194905,,,UVS-LAX-DTLA,1,20.0,20.0,20.0,70.0
1115.0,6,0,1,10,15.0,1,28,66.68724034195947,66.68724034195947,66.68724034195947,HWD-LAX,1,70.0,70.0,70.0,70.0
1120.0,0,3,1,15,20.0,1,37,58.9023603932979,58.9023603932979,58.9023603932979,LAX-WDHL,1,20.0,30.0,30.0,45.0
1120.0,1,1,1,20,30.0,2,26,202.72266532517105,,,DTLA-LAX-DTLA,1,22.5,27.5,27.5,75.0
1120.0,5,1,1,25,35.0,2,24,119.44414941732744,,,ANH-LAX-DTLA,1,50.0,92.5,92.5,92.5
1120.0,7,0,1,10,15.0,1,1,78.84434218333769,78.84434218333769,78.84434218333769,PSD-LAX,1,52.5,52.5,52.5,60.0
1120.0,0,0,1,25,35.0,2,23,255.41938652448684,,,LAX-LGB-LAX,1,37.5,45.0,30.0,35.0
1120.0,0,0,1,20,30.0,2,2,233.40534119685813,,,LAX-HWD-LAX,1,45.0,74.99999999999999,74.99999999999999,74.99999999999997
1120.0,0,8,1,10,15.0,1,22,51.04884363573325,51.04884363573325,51.04884363573325,LAX-BVH,1,40.0,40.0,25.0,40.0
1125.0,0,0,1,25,35.0,2,28,255.41938652448687,,,LAX-LGB-LAX,1,35.0,35.0,35.0,75.0
1125.0,0,0,1,20,30.0,2,16,102.0976872714665,,,LAX-BVH-LAX,1,25.0,25.0,25.0,60.0
1125.0,2,0,1,15,20.0,1,3,102.16775460979474,102.16775460979474,102.16775460979474,LGB-LAX,1,55.0,55.0,40.0,72.5
1125.0,1,0,1,10,15.0,1,17,93.56430707315587,93.56430707315587,93.56430707315587,DTLA-LAX,1,67.5,67.5,67.5,67.5
1125.0,3,0,1,15,20.0,1,5,147.25590098324474,294.5118019664895,147.25590098324474,WDHL-LAX,1,75.0,82.5,82.5,82.5
1125.0,8,0,1,10,15.0,1,13,25.524421817866624,25.524421817866624,25.524421817866624,BVH-LAX,1,25.0,25.0,25.0,80.0
1125.0,0,5,1,15,20.0,1,30,264.76814117882645,264.76814117882645,264.76814117882645,LAX-ANH,1,57.5,57.5,57.5,57.5
1125.0,5,0,1,15,20.0,1,36,176.51209411921764,176.51209411921764,176.51209411921764,ANH-LAX,1,27.5,37.5,37.5,40.0
1130.0,4,0,1,10,15.0,1,39,41.22670065423043,41.22670065423043,41.22670065423043,UVS-LAX,1,42.5,42.5,42.5,42.5
1130.0,0,5,1,15,20.0,1,20,353.0241882384353,706.0483764768705,353.0241882384353,LAX-ANH,1,50.0,50.0,50.0,57.5
1130.0,0,6,1,10,15.0,1,0,133.37448068391893,133.37448068391893,133.37448068391893,LAX-HWD,1,25.0,35.0,35.0,50.0
1130.0,0,0,1,20,30.0,2,27,197.11085545834422,,,LAX-PSD-LAX,1,37.5,57.5,57.5,87.5
1130.0,0,0,1,20,30.0,2,11,127.62210908933312,,,LAX-BVH-LAX,1,20.0,20.0,20.0,80.0
1130.0,0,4,1,10,15.0,1,12,82.45340130846085,82.45340130846085,82.45340130846085,LAX-UVS,1,20.0,37.5,37.5,52.5
1130.0,5,0,1,15,20.0,1,7,264.76814117882645,264.76814117882645,264.76814117882645,ANH-LAX,1,50.0,50.0,50.0,50.0
1130.0,0,5,1,15,20.0,1,15,353.0241882384353,706.0483764768705,353.0241882384353,LAX-ANH,1,45.0,45.0,45.0,45.0
1130.0,0,3,1,15,20.0,1,10,176.7070811798937,176.7070811798937,176.7070811798937,LAX-WDHL,1,57.5,62.5,62.5,75.0
1135.0,7,0,1,10,15.0,1,8,78.84434218333769,78.84434218333769,78.84434218333769,PSD-LAX,1,40.0,47.5,47.5,50.0
1135.0,4,1,1,20,30.0,2,9,165.97911008510494,,,UVS-LAX-DTLA,1,52.5,70.0,50.0,67.5
1135.0,1,0,1,10,15.0,1,34,31.188102357718623,31.188102357718623,31.188102357718623,DTLA-LAX,1,55.0,55.0,55.0,55.0
1135.0,0,0,1,20,30.0,2,21,200.0617210258784,,,LAX-HWD-LAX,1,20.0,42.5,42.5,72.5
1135.0,0,8,1,10,15.0,1,1,25.524421817866624,25.524421817866624,25.524421817866624,LAX-BVH,1,45.0,55.0,55.0,55.0
1135.0,0,0,1,25,35.0,2,4,306.5032638293842,,,LAX-LGB-LAX,1,37.5,37.5,37.5,70.0
1135.0,0,7,1,10,15.0,1,17,78.84434218333769,78.84434218333769,78.84434218333769,LAX-PSD,1,52.5,52.5,52.5,60.0
1140.0,5,1,1,25,35.0,2,30,446.58849531159115,,,ANH-LAX-DTLA,1,22.5,57.5,42.5,67.5
1140.0,1,1,1,20,30.0,2,25,202.72266532517105,,,DTLA-LAX-DTLA,1,27.5,27.5,27.5,52.5
1140.0,0,3,1,15,20.0,1,39,58.9023603932979,58.9023603932979,58.9023603932979,LAX-WDHL,1,22.5,22.5,22.5,62.5
1140.0,2,0,1,15,20.0,1,32,102.16775460979474,102.16775460979474,102.16775460979474,LGB-LAX,1,67.5,67.5,67.5,67.5
1140.0,0,0,1,20,30.0,2,14,164.9068026169217,,,LAX-UVS-LAX,1,22.5,22.5,22.5,50.0
1145.0,5,0,1,15,20.0,1,15,88.25604705960882,88.25604705960882,88.25604705960882,ANH-LAX,1,25.0,30.0,30.0,35.0
1145.0,3,0,1,15,20.0,1,37,58.9023603932979,58.9023603932979,58.9023603932979,WDHL-LAX,1,25.0,27.5,27.5,50.0
1145.0,0,8,1,10,15.0,1,36,51.04884363573325,51.04884363573325,51.04884363573325,LAX-BVH,1,25.0,35.0,35.0,50.0
1145.0,0,0,1,20,30.0,2,34,100.0308605129392,,,LAX-HWD-LAX,1,25.0,25.0,25.0,52.5
1145.0,0,0,1,20,30.0,2,7,118.26651327500653,,,LAX-PSD-LAX,1,20.0,40.0,40.0,42.5
1150.0,8,0,1,10,15.0,1,1,76.57326545359987,76.57326545359987,76.57326545359987,BVH-LAX,1,40.0,40.0,40.0,50.0
1150.0,0,0,1,20,30.0,2,8,102.0976872714665,,,LAX-BVH-LAX,1,20.0,20.0,20.0,62.5
1150.0,5,1,1,25,35.0,2,20,358.3324482519823,,,ANH-LAX-DTLA,1,22.5,22.5,22.5,35.0
1150.0,7,0,1,10,15.0,1,17,118.26651327500653,118.26651327500653,118.26651327500653,PSD-LAX,1,45.0,45.0,45.0,55.0
1150.0,0,6,1,10,15.0,1,35,133.37448068391893,133.37448068391893,133.37448068391893,LAX-HWD,1,82.5,87.5,87.5,87.5
1150.0,1,0,1,10,15.0,1,31,31.188102357718623,31.188102357718623,31.188102357718623,DTLA-LAX,1,77.5,82.5,67.5,85.0
1150.0,0,5,1,15,20.0,1,18,264.76814117882645,264.76814117882645,264.76814117882645,LAX-ANH,1,55.0,55.0,55.0,55.0
1150.0,0,1,1,10,15.0,1,22,109.15835825201518,218.31671650403035,109.15835825201518,LAX-DTLA,1,25.0,42.5,42.5,50.0
1150.0,6,2,1,20,30.0,2,0,168.8549949517542,,,HWD-LAX-LGB,1,20.0,75.0,75.0,75.0
1150.0,0,3,1,15,20.0,1,5,235.6094415731916,235.6094415731916,235.6094415731916,LAX-WDHL,1,62.5,65.0,65.0,67.5
1155.0,0,0,1,20,30.0,2,32,123.68010196269128,,,LAX-UVS-LAX,1,37.5,40.0,40.0,72.5
1155.0,0,0,1,25,35.0,2,6,255.41938652448684,,,LAX-LGB-LAX,1,55.0,60.0,40.0,42.5
1155.0,5,0,1,15,20.0,1,33,176.51209411921764,176.51209411921764,176.51209411921764,ANH-LAX,1,52.5,52.5,52.5,52.5
1155.0,1,0,1,10,15.0,1,38,124.7524094308745,124.7524094308745,124.7524094308745,DTLA-LAX,1,55.0,55.0,55.0,55.0
1155.0,0,0,1,20,30.0,2,40,166.71810085489867,,,LAX-HWD-LAX,1,20.0,27.5,27.5,60.0
1160.0,3,0,1,15,20.0,1,10,58.9023603932979,58.9023603932979,58.9023603932979,WDHL-LAX,1,55.0,55.0,55.0,55.0
1160.0,4,1,1,20,30.0,2,12,103.60290536966767,,,UVS-LAX-DTLA,1,22.5,70.0,70.0,70.0
1165.0,0,4,1,10,15.0,1,2,41.22670065423043,41.22670065423043,41.22670065423043,LAX-UVS,1,59.99999999999997,60.0,45.0,82.5
1165.0,0,8,1,10,15.0,1,17,51.04884363573325,51.04884363573325,51.04884363573325,LAX-BVH,1,40.0,40.0,40.0,50.0
1165.0,8,4,1,20,30.0,2,36,133.5022449441941,,,BVH-LAX-UVS,1,20.0,30.0,30.0,50.0
1165.0,0,0,1,25,35.0,2,38,229.87744787203818,,,LAX-LGB-LAX,1,20.0,70.0,70.0,85.0
1165.0,0,6,1,10,15.0,1,15,33.34362017097973,33.34362017097973,33.34362017097973,LAX-HWD,1,20.0,22.5,22.5,50.0
1165.0,5,1,1,25,35.0,2,18,295.95624353654506,,,ANH-LAX-DTLA,1,20.0,32.5,32.5,77.5
1165.0,0,0,1,20,30.0,2,1,118.26651327500653,,,LAX-PSD-LAX,1,20.0,27.5,27.5,52.5
1165.0,1,0,1,10,15.0,1,23,31.188102357718623,31.188102357718623,31.188102357718623,DTLA-LAX,1,20.0,40.0,40.0,40.0
1170.0,1,0,1,10,15.0,1,22,109.15835825201518,218.31671650403035,109.15835825201518,DTLA-LAX,1,35.0,35.0,35.0,35.0
1170.0,0,5,1,15,20.0,1,16,176.51209411921764,176.51209411921764,176.51209411921764,LAX-ANH,1,40.0,40.0,40.0,40.0
1170.0,3,1,1,25,35.0,2,5,183.65476982417238,,,WDHL-LAX-DTLA,1,32.5,65.0,65.0,67.5
1170.0,0,0,1,20,30.0,2,37,66.68724034195947,,,LAX-HWD-LAX,1,20.0,55.0,55.0,77.5
1170.0,1,0,1,10,15.0,1,26,109.15835825201518,218.31671650403035,109.15835825201518,DTLA-LAX,1,60.0,75.0,75.0,75.0
1170.0,0,0,1,20,30.0,2,33,157.68868436667537,,,LAX-PSD-LAX,1,22.5,70.0,70.0,82.5
1170.0,6,0,1,10,15.0,1,35,33.34362017097973,33.34362017097973,33.34362017097973,HWD-LAX,1,72.5,72.5,72.5,77.5
1175.0,2,0,1,15,20.0,1,3,127.70969326224343,255.41938652448687,127.70969326224343,LGB-LAX,1,52.5,52.5,52.5,52.5
1175.0,1,0,1,10,15.0,1,19,124.7524094308745,124.7524094308745,124.7524094308745,DTLA-LAX,1,55.0,55.0,55.0,55.0
1175.0,0,5,1,15,20.0,1,13,176.51209411921764,176.51209411921764,176.51209411921764,LAX-ANH,1,60.0,60.0,60.0,60.0
1175.0,0,8,1,10,15.0,1,10,76.57326545359987,76.57326545359987,76.57326545359987,LAX-BVH,1,40.0,42.5,42.5,50.0
1175.0,3,0,1,15,20.0,1,39,235.6094415731916,235.6094415731916,235.6094415731916,WDHL-LAX,1,42.5,52.5,52.5,52.5
1180.0,0,0,1,20,30.0,2,4,133.37448068391893,,,LAX-HWD-LAX,1,40.0,40.0,40.0,60.0
1180.0,1,0,1,10,15.0,1,20,62.37620471543725,62.37620471543725,62.37620471543725,DTLA-LAX,1,20.0,50.0,35.0,65.0
1180.0,0,7,1,10,15.0,1,22,78.84434218333769,78.84434218333769,78.84434218333769,LAX-PSD,1,20.0,22.5,22.5,70.0
1180.0,8,1,1,20,30.0,2,17,150.27683124874113,,,BVH-LAX-DTLA,1,20.0,52.5,52.5,65.0
1185.0,2,0,1,15,20.0,1,29,102.16775460979474,102.16775460979474,102.16775460979474,LGB-LAX,1,77.5,77.5,77.5,77.5
1185.0,5,0,1,15,20.0,1,16,176.51209411921764,176.51209411921764,176.51209411921764,ANH-LAX,1,20.0,20.0,20.0,60.0
1185.0,0,5,1,15,20.0,1,35,264.76814117882645,264.76814117882645,264.76814117882645,LAX-ANH,1,57.5,85.0,85.0,85.0
1185.0,0,0,1,20,30.0,2,19,123.68010196269128,,,LAX-UVS-LAX,1,25.0,25.0,25.0,72.5
1185.0,0,7,1,10,15.0,1,21,78.84434218333769,78.84434218333769,78.84434218333769,LAX-PSD,1,57.5,57.5,57.5,80.0
1185.0,0,3,1,15,20.0,1,14,117.8047207865958,117.8047207865958,117.8047207865958,LAX-WDHL,1,30.0,42.5,42.5,42.5
1190.0,5,0,1,15,20.0,1,13,353.0241882384353,353.0241882384353,353.0241882384353,ANH-LAX,1,40.0,40.0,40.0,40.0
1190.0,0,0,1,20,30.0,2,27,102.0976872714665,,,LAX-BVH-LAX,1,57.5,62.5,62.5,62.5
1190.0,0,0,1,20,30.0,2,3,200.0617210258784,,,LAX-HWD-LAX,1,22.5,22.5,22.5,85.0
1190.0,1,0,1,10,15.0,1,25,124.7524094308745,124.7524094308745,124.7524094308745,DTLA-LAX,1,37.5,37.5,37.5,37.5
1190.0,8,1,1,20,30.0,2,10,138.9494701690371,,,BVH-LAX-DTLA,1,20.0,52.5,52.5,62.5
1195.0,0,0,1,20,30.0,2,34,100.0308605129392,,,LAX-HWD-LAX,1,22.5,35.0,35.0,52.5
1195.0,0,5,1,15,20.0,1,7,353.0241882384353,353.0241882384353,353.0241882384353,LAX-ANH,1,22.5,37.5,37.5,40.0
1195.0,0,0,1,20,30.0,2,8,164.9068026169217,,,LAX-UVS-LAX,1,32.5,32.5,32.5,55.0
1195.0,0,0,1,20,30.0,2,39,157.68868436667537,,,LAX-PSD-LAX,1,22.5,30.0,30.0,77.5
1195.0,0,2,1,10,15.0,1,11,51.08387730489737,51.08387730489737,51.08387730489737,LAX-LGB,1,65.0,75.0,75.0,75.0
1195.0,0,3,1,15,20.0,1,23,58.9023603932979,58.9023603932979,58.9023603932979,LAX-WDHL,1,20.0,70.0,70.0,70.0
1195.0,6,1,1,20,30.0,2,15,258.1268901147934,,,HWD-LAX-DTLA,1,20.0,20.0,20.0,70.0
1195.0,1,0,1,10,15.0,1,31,62.37620471543725,62.37620471543725,62.37620471543725,DTLA-LAX,1,70.0,70.0,70.0,70.0
1200.0,5,0,1,15,20.0,1,6,264.76814117882645,264.76814117882645,264.76814117882645,ANH-LAX,1,22.5,27.5,27.5,35.0
1200.0,0,7,1,10,15.0,1,25,39.422171091668844,39.422171091668844,39.422171091668844,LAX-PSD,1,22.5,50.0,50.0,52.5
1200.0,2,1,1,25,35.0,2,0,133.35585696751338,,,LGB-LAX-DTLA,1,40.0,47.5,47.5,92.5
1200.0,0,6,1,10,15.0,1,32,133.37448068391893,133.37448068391893,133.37448068391893,LAX-HWD,1,57.5,75.0,75.0,77.5
1200.0,1,0,1,10,15.0,1,24,62.37620471543725,62.37620471543725,62.37620471543725,DTLA-LAX,1,77.5,77.5,77.5,77.5
1200.0,0,0,1,20,30.0,2,26,102.0976872714665,,,LAX-BVH-LAX,1,45.0,54.99999999999999,54.99999999999999,55.000000000000014
1200.0,0,5,1,15,20.0,1,29,353.0241882384353,353.0241882384353,353.0241882384353,LAX-ANH,1,57.5,57.5,57.5,57.5
1205.0,1,0,1,10,15.0,1,12,124.7524094308745,124.7524094308745,124.7524094308745,DTLA-LAX,1,55.0,55.0,55.0,55.0
1205.0,0,3,1,15,20.0,1,13,176.7070811798937,176.7070811798937,176.7070811798937,LAX-WDHL,1,20.0,45.0,25.0,95.0
1205.0,0,0,1,20,30.0,2,31,102.0976872714665,,,LAX-BVH-LAX,1,40.0,82.5,82.5,82.5
1205.0,3,0,1,15,20.0,1,14,58.9023603932979,58.9023603932979,58.9023603932979,WDHL-LAX,1,22.5,35.0,35.0,35.0
1205.0,0,5,1,15,20.0,1,28,353.0241882384353,353.0241882384353,353.0241882384353,LAX-ANH,1,55.0,55.0,55.0,60.0
1205.0,5,0,1,15,20.0,1,9,264.76814117882645,264.76814117882645,264.76814117882645,ANH-LAX,1,47.5,50.0,50.0,55.0
1210.0,0,0,1,20,30.0,2,24,166.71810085489867,,,LAX-HWD-LAX,1,47.5,65.0,65.0,65.0
1210.0,0,2,1,10,15.0,1,4,102.16775460979474,102.16775460979474,102.16775460979474,LAX-LGB,1,45.0,55.0,55.0,55.0
1210.0,0,0,1,20,30.0,2,1,249.504818861749,,,LAX-DTLA-LAX,1,22.5,67.5,67.5,70.0
1210.0,0,7,1,10,15.0,1,40,118.26651327500653,118.26651327500653,118.26651327500653,LAX-PSD,1,45.0,47.5,47.5,50.0
1215.0,0,0,1,20,30.0,2,12,233.40534119685813,,,LAX-HWD-LAX,1,25.0,40.0,40.0,50.0
1215.0,7,0,1,10,15.0,1,21,78.84434218333769,78.84434218333769,78.84434218333769,PSD-LAX,1,65.0,65.0,65.0,65.0
1215.0,5,1,1,25,35.0,2,29,254.48235001351418,,,ANH-LAX-DTLA,1,22.5,37.5,22.5,90.0
1215.0,1,0,1,10,15.0,1,5,31.188102357718623,31.188102357718623,31.188102357718623,DTLA-LAX,1,52.5,52.5,37.5,77.5
1215.0,2,1,1,25,35.0,2,11,282.305765113886,,,LGB-LAX-DTLA,1,40.0,47.5,32.5,55.0
1215.0,0,5,1,15,20.0,1,27,264.76814117882645,264.76814117882645,264.76814117882645,LAX-ANH,1,42.5,47.5,27.5,35.0
1215.0,6,1,1,20,30.0,2,2,258.1268901147934,,,HWD-LAX-DTLA,1,52.5,52.5,52.5,87.5
1220.0,5,0,1,15,20.0,1,7,264.76814117882645,264.76814117882645,264.76814117882645,ANH-LAX,1,20.0,22.5,22.5,75.0
1225.0,5,0,1,15,20.0,1,28,353.0241882384353,353.0241882384353,353.0241882384353,ANH-LAX,1,40.0,40.0,40.0,40.0
1225.0,1,0,1,10,15.0,1,17,93.56430707315587,93.56430707315587,93.56430707315587,DTLA-LAX,1,50.0,50.0,50.0,50.0
1225.0,0,3,1,15,20.0,1,30,117.8047207865958,117.8047207865958,117.8047207865958,LAX-WDHL,1,47.5,52.5,52.5,65.0
1225.0,0,5,1,15,20.0,1,21,353.0241882384353,353.0241882384353,353.0241882384353,LAX-ANH,1,45.0,52.5,52.5,55.0
1225.0,0,8,1,10,15.0,1,14,76.57326545359987,76.57326545359987,76.57326545359987,LAX-BVH,1,20.0,40.0,40.0,50.0
1225.0,0,6,1,10,15.0,1,9,133.37448068391893,133.37448068391893,133.37448068391893,LAX-HWD,1,40.0,42.5,42.5,50.0
1225.0,2,1,1,25,35.0,2,4,144.64818437805326,,,LGB-LAX-DTLA,1,20.0,80.0,80.0,92.5
1225.0,7,2,1,20,30.0,2,25,90.50604839656621,,,PSD-LAX-LGB,1,22.5,22.5,22.5,62.5
1230.0,6,0,1,10,15.0,1,32,100.0308605129392,100.0308605129392,100.0308605129392,HWD-LAX,1,62.5,85.0,85.0,85.0
1230.0,0,0,1,25,35.0,2,33,255.41938652448684,,,LAX-LGB-LAX,1,47.5,47.5,47.5,52.5
1230.0,0,5,1,15,20.0,1,19,176.51209411921764,176.51209411921764,176.51209411921764,LAX-ANH,1,52.5,55.0,55.0,60.0
1230.0,7,0,1,10,15.0,1,22,118.26651327500653,118.26651327500653,118.26651327500653,PSD-LAX,1,55.0,55.0,55.0,55.0
1230.0,0,7,1,10,15.0,1,6,39.422171091668844,39.422171091668844,39.422171091668844,LAX-PSD,1,20.0,27.5,27.5,55.0
1230.0,5,0,1,15,20.0,1,35,353.0241882384353,353.0241882384353,353.0241882384353,ANH-LAX,1,65.0,65.0,65.0,65.0
1230.0,0,0,1,20,30.0,2,37,200.0617210258784,,,LAX-HWD-LAX,1,47.5,72.5,72.5,72.5
1230.0,1,0,1,10,15.0,1,20,124.7524094308745,124.7524094308745,124.7524094308745,DTLA-LAX,1,50.0,50.0,50.0,50.0
1230.0,0,0,1,20,30.0,2,26,76.57326545359987,,,LAX-BVH-LAX,1,25.0,27.5,27.5,52.5
1235.0,1,0,1,10,15.0,1,10,124.7524094308745,124.7524094308745,124.7524094308745,DTLA-LAX,1,47.5,47.5,47.5,47.5
1235.0,0,0,1,20,30.0,2,17,157.68868436667537,,,LAX-PSD-LAX,1,20.0,20.0,20.0,95.0
1235.0,3,1,1,25,35.0,2,23,168.06071864531307,,,WDHL-LAX-DTLA,1,35.0,82.5,82.5,82.5
1235.0,7,1,1,20,30.0,2,40,203.59675161421217,,,PSD-LAX-DTLA,1,20.0,55.0,55.0,55.0
1240.0,0,0,1,20,30.0,2,20,236.53302655001306,,,LAX-PSD-LAX,1,20.0,42.5,42.5,50.0
1240.0,0,4,1,10,15.0,1,8,82.45340130846085,82.45340130846085,82.45340130846085,LAX-UVS,1,40.0,40.0,40.0,50.0
1240.0,0,2,1,10,15.0,1,22,204.33550921958948,204.33550921958948,204.33550921958948,LAX-LGB,1,40.0,65.0,65.0,65.0
1240.0,1,0,1,10,15.0,1,15,93.56430707315587,93.56430707315587,93.56430707315587,DTLA-LAX,1,55.0,55.0,55.0,55.0
1240.0,0,0,1,20,30.0,2,24,200.0617210258784,,,LAX-HWD-LAX,1,35.0,47.5,47.5,55.0
1240.0,0,5,1,15,20.0,1,28,88.25604705960882,88.25604705960882,88.25604705960882,LAX-ANH,1,20.0,27.5,27.5,80.0
1240.0,6,1,1,20,30.0,2,9,242.5328389359341,,,HWD-LAX-DTLA,1,20.0,37.5,37.5,52.5
1245.0,4,1,1,20,30.0,2,36,165.97911008510494,,,UVS-LAX-DTLA,1,20.0,20.0,20.0,35.0
1245.0,0,0,1,20,30.0,2,35,166.71810085489867,,,LAX-HWD-LAX,1,35.0,35.0,35.0,37.5
1245.0,5,0,1,15,20.0,1,21,176.51209411921764,176.51209411921764,176.51209411921764,ANH-LAX,1,35.0,42.5,22.5,40.0
1245.0,0,5,1,15,20.0,1,39,176.51209411921764,176.51209411921764,176.51209411921764,LAX-ANH,1,57.5,57.5,57.5,65.0
1250.0,0,0,1,20,30.0,2,34,127.62210908933312,,,LAX-BVH-LAX,1,22.5,30.0,30.0,70.0
1250.0,8,2,1,20,30.0,2,14,76.608299122764,,,BVH-LAX-LGB,1,20.0,25.0,25.0,70.0
1250.0,1,0,1,10,15.0,1,18,93.56430707315587,93.56430707315587,93.56430707315587,DTLA-LAX,1,62.5,62.5,62.5,62.5
1250.0,0,5,1,15,20.0,1,10,353.0241882384353,353.0241882384353,353.0241882384353,LAX-ANH,1,27.5,50.0,50.0,57.5
1250.0,0,2,1,10,15.0,1,27,102.16775460979474,102.16775460979474,102.16775460979474,LAX-LGB,1,20.0,27.5,27.5,55.0
1250.0,0,6,1,10,15.0,1,16,100.0308605129392,100.0308605129392,100.0308605129392,LAX-HWD,1,45.0,55.0,55.0,55.0
1250.0,5,0,1,15,20.0,1,19,264.76814117882645,264.76814117882645,264.76814117882645,ANH-LAX,1,40.0,40.0,40.0,40.0
1250.0,0,4,1,10,15.0,1,15,82.45340130846085,82.45340130846085,82.45340130846085,LAX-UVS,1,40.0,65.0,65.0,65.0
1250.0,3,0,1,15,20.0,1,30,117.8047207865958,117.8047207865958,117.8047207865958,WDHL-LAX,1,45.0,80.0,80.0,80.0
1255.0,7,0,1,10,15.0,1,6,39.422171091668844,39.422171091668844,39.422171091668844,PSD-LAX,1,40.0,50.0,50.0,50.0
1255.0,4,1,1,20,30.0,2,8,144.8296060238981,,,UVS-LAX-DTLA,1,20.0,20.0,20.0,70.0
1255.0,0,0,1,25,35.0,2,3,204.33550921958948,,,LAX-LGB-LAX,1,50.0,70.0,70.0,75.0
1255.0,0,0,1,20,30.0,2,31,236.53302655001306,,,LAX-PSD-LAX,1,52.5,67.5,67.5,72.5
1255.0,0,5,1,15,20.0,1,1,353.0241882384353,353.0241882384353,353.0241882384353,LAX-ANH,1,50.0,55.0,55.0,60.0
1255.0,0,8,1,10,15.0,1,38,51.04884363573325,51.04884363573325,51.04884363573325,LAX-BVH,1,70.0,70.0,70.0,75.0
1260.0,1,0,1,10,15.0,1,5,31.188102357718623,31.188102357718623,31.188102357718623,DTLA-LAX,1,62.5,62.5,62.5,62.5
1260.0,0,6,1,10,15.0,1,18,100.0308605129392,100.0308605129392,100.0308605129392,LAX-HWD,1,47.5,52.5,37.5,75.0
1260.0,0,3,1,15,20.0,1,33,117.8047207865958,117.8047207865958,117.8047207865958,LAX-WDHL,1,32.5,45.0,45.0,45.0
1265.0,6,0,1,10,15.0,1,16,100.0308605129392,100.0308605129392,100.0308605129392,HWD-LAX,1,40.0,40.0,40.0,40.0
1265.0,0,7,1,10,15.0,1,12,78.84434218333769,78.84434218333769,78.84434218333769,LAX-PSD,1,35.0,35.0,20.0,55.0
1265.0,0,5,1,15,20.0,1,19,353.0241882384353,353.0241882384353,353.0241882384353,LAX-ANH,1,20.0,20.0,20.0,55.0
1265.0,5,0,1,15,20.0,1,39,264.76814117882645,264.76814117882645,264.76814117882645,ANH-LAX,1,45.0,62.5,62.5,62.5
1265.0,0,8,1,10,15.0,1,11,76.57326545359987,76.57326545359987,76.57326545359987,LAX-BVH,1,40.0,40.0,25.0,50.0
1270.0,1,1,1,20,30.0,2,2,218.31671650403035,,,DTLA-LAX-DTLA,1,57.5,85.0,85.0,87.5
1270.0,0,0,1,20,30.0,2,6,118.26651327500653,,,LAX-PSD-LAX,1,20.0,20.0,20.0,55.0
1270.0,0,0,1,20,30.0,2,5,183.38991094038852,,,LAX-HWD-LAX,1,32.5,37.5,37.5,75.0
1270.0,8,0,1,10,15.0,1,38,25.524421817866624,25.524421817866624,25.524421817866624,BVH-LAX,1,60.0,60.0,60.0,60.0
1275.0,0,5,1,15,20.0,1,37,264.76814117882645,264.76814117882645,264.76814117882645,LAX-ANH,1,52.5,60.0,60.0,60.0
1275.0,0,0,1,20,30.0,2,26,78.84434218333769,,,LAX-PSD-LAX,1,22.5,47.5,47.5,50.0
1275.0,1,0,1,10,15.0,1,0,31.188102357718623,31.188102357718623,31.188102357718623,DTLA-LAX,1,77.5,77.5,77.5,77.5
1275.0,0,8,1,10,15.0,1,16,51.04884363573325,51.04884363573325,51.04884363573325,LAX-BVH,1,25.0,25.0,25.0,50.0
1275.0,2,0,1,15,20.0,1,27,153.2516319146921,153.2516319146921,153.2516319146921,LGB-LAX,1,35.0,35.0,35.0,40.0
1275.0,4,0,1,10,15.0,1,15,82.45340130846085,82.45340130846085,82.45340130846085,UVS-LAX,1,50.0,50.0,50.0,50.0
1280.0,1,0,1,10,15.0,1,40,124.7524094308745,124.7524094308745,124.7524094308745,DTLA-LAX,1,40.0,42.5,42.5,50.0
1280.0,5,1,1,25,35.0,2,10,389.52055060970093,,,ANH-LAX-DTLA,1,22.5,72.5,72.5,85.0
1280.0,0,0,1,20,30.0,2,38,76.57326545359987,,,LAX-BVH-LAX,1,30.0,30.0,30.0,75.0
1280.0,3,0,1,15,20.0,1,33,117.8047207865958,117.8047207865958,117.8047207865958,WDHL-LAX,1,25.0,35.0,35.0,55.0
1285.0,5,0,1,15,20.0,1,21,353.0241882384353,706.0483764768705,353.0241882384353,ANH-LAX,1,20.0,35.0,35.0,60.0
1285.0,2,0,1,15,20.0,1,22,102.16775460979474,102.16775460979474,102.16775460979474,LGB-LAX,1,45.0,45.0,45.0,45.0
1285.0,0,0,1,20,30.0,2,32,127.62210908933312,,,LAX-BVH-LAX,1,55.0,70.0,70.0,82.5
1285.0,0,3,1,15,20.0,1,15,58.9023603932979,58.9023603932979,58.9023603932979,LAX-WDHL,1,30.0,30.0,30.0,65.0
1285.0,0,5,1,15,20.0,1,7,176.51209411921764,176.51209411921764,176.51209411921764,LAX-ANH,1,55.0,55.0,55.0,55.0
1285.0,0,0,1,20,30.0,2,0,157.68868436667537,,,LAX-PSD-LAX,1,47.5,52.5,52.5,60.0
1285.0,1,1,1,20,30.0,2,9,249.504818861749,,,DTLA-LAX-DTLA,1,22.5,70.0,70.0,70.0
1285.0,0,0,1,20,30.0,2,20,266.74896136783786,,,LAX-HWD-LAX,1,20.0,22.5,22.5,52.5
1290.0,0,5,1,15,20.0,1,30,264.76814117882645,264.76814117882645,264.76814117882645,LAX-ANH,1,60.0,60.0,60.0,60.0
1290.0,5,0,1,15,20.0,1,1,353.0241882384353,353.0241882384353,353.0241882384353,ANH-LAX,1,40.0,40.0,40.0,40.0
1290.0,0,2,1,10,15.0,1,39,102.16775460979474,102.16775460979474,102.16775460979474,LAX-LGB,1,47.5,55.0,35.0,35.0
1290.0,2,0,1,15,20.0,1,25,153.2516319146921,153.2516319146921,153.2516319146921,LGB-LAX,1,42.5,47.5,47.5,50.0
1290.0,1,0,1,10,15.0,1,36,93.56430707315587,93.56430707315587,93.56430707315587,DTLA-LAX,1,20.0,75.0,75.0,75.0
1295.0,0,0,1,25,35.0,2,34,306.5032638293842,,,LAX-LGB-LAX,1,35.0,35.0,35.0,57.49999999999994
1295.0,0,7,1,10,15.0,1,24,39.422171091668844,39.422171091668844,39.422171091668844,LAX-PSD,1,40.0,42.5,42.5,50.0
1295.0,2,0,1,15,20.0,1,14,204.33550921958948,204.33550921958948,204.33550921958948,LGB-LAX,1,50.0,50.0,50.0,50.0
1295.0,0,8,1,10,15.0,1,35,102.0976872714665,204.195374542933,102.0976872714665,LAX-BVH,1,22.5,50.0,50.0,50.0
1295.0,1,1,1,20,30.0,2,11,218.31671650403035,,,DTLA-LAX-DTLA,1,20.0,52.5,52.5,70.0
1295.0,0,8,1,10,15.0,1,27,102.0976872714665,204.195374542933,102.0976872714665,LAX-BVH,1,25.0,25.0,25.0,37.5
1295.0,5,0,1,15,20.0,1,37,176.51209411921764,176.51209411921764,176.51209411921764,ANH-LAX,1,40.0,40.0,40.0,40.0
1295.0,0,0,1,20,30.0,2,40,216.73353111136828,,,LAX-HWD-LAX,1,20.0,70.0,70.0,75.0
1300.0,5,1,1,25,35.0,2,7,477.77659766930975,,,ANH-LAX-DTLA,1,20.0,70.0,70.0,70.0
1300.0,0,4,1,10,15.0,1,12,41.22670065423043,41.22670065423043,41.22670065423043,LAX-UVS,1,40.0,50.0,50.0,50.0
1300.0,0,2,1,10,15.0,1,22,204.33550921958948,204.33550921958948,204.33550921958948,LAX-LGB,1,30.0,52.5,32.5,37.5
1300.0,0,6,1,10,15.0,1,31,100.0308605129392,100.0308605129392,100.0308605129392,LAX-HWD,1,57.5,67.5,67.5,72.5
1300.0,8,1,1,20,30.0,2,16,175.80125306660773,,,BVH-LAX-DTLA,1,20.0,20.0,20.0,55.0
1300.0,0,5,1,15,20.0,1,3,353.0241882384353,353.0241882384353,353.0241882384353,LAX-ANH,1,55.0,55.0,35.0,35.0
1305.0,0,7,1,10,15.0,1,1,39.422171091668844,39.422171091668844,39.422171091668844,LAX-PSD,1,25.0,37.5,22.5,60.0
1305.0,0,5,1,15,20.0,1,29,264.76814117882645,264.76814117882645,264.76814117882645,LAX-ANH,1,70.0,75.0,75.0,75.0
1305.0,5,0,1,15,20.0,1,30,176.51209411921764,176.51209411921764,176.51209411921764,ANH-LAX,1,40.0,40.0,40.0,40.0
1305.0,4,0,1,10,15.0,1,18,123.68010196269128,123.68010196269128,123.68010196269128,UVS-LAX,1,60.0,60.0,60.0,60.0
1305.0,1,0,1,10,15.0,1,8,124.7524094308745,124.7524094308745,124.7524094308745,DTLA-LAX,1,55.0,55.0,55.0,55.0
1310.0,0,0,1,20,30.0,2,25,200.0617210258784,,,LAX-HWD-LAX,1,20.0,22.5,22.5,52.5
1310.0,0,5,1,15,20.0,1,37,264.76814117882645,264.76814117882645,264.76814117882645,LAX-ANH,1,20.0,70.0,50.0,75.0
1310.0,0,0,1,25,35.0,2,33,408.67101843917897,,,LAX-LGB-LAX,1,20.0,20.0,20.0,70.0
1310.0,0,0,1,20,30.0,2,14,204.195374542933,,,LAX-BVH-LAX,1,20.0,37.5,37.5,52.5
1310.0,8,0,1,10,15.0,1,27,25.524421817866624,25.524421817866624,25.524421817866624,BVH-LAX,1,22.5,30.0,30.0,65.0
1310.0,7,1,1,20,30.0,2,24,203.59675161421217,,,PSD-LAX-DTLA,1,20.0,25.0,25.0,55.0
1315.0,4,1,1,20,30.0,2,12,165.97911008510494,,,UVS-LAX-DTLA,1,20.0,47.5,32.5,67.5
1315.0,5,2,1,25,35.0,2,19,455.19194284823004,,,ANH-LAX-LGB,1,20.0,22.5,22.5,55.0
1315.0,0,0,1,25,35.0,2,8,306.5032638293842,,,LAX-LGB-LAX,1,20.0,45.0,45.0,50.0
1315.0,0,0,1,20,30.0,2,5,133.37448068391893,,,LAX-HWD-LAX,1,45.0,57.5,57.5,80.0
1315.0,0,0,1,20,30.0,2,18,157.68868436667537,,,LAX-PSD-LAX,1,30.0,42.5,42.5,75.0
1315.0,1,0,1,10,15.0,1,4,62.37620471543725,62.37620471543725,62.37620471543725,DTLA-LAX,1,77.5,77.5,77.5,77.5
1320.0,0,5,1,15,20.0,1,13,176.51209411921764,176.51209411921764,176.51209411921764,LAX-ANH,1,75.0,75.0,75.0,75.0
1320.0,1,0,1,10,15.0,1,2,124.7524094308745,124.7524094308745,124.7524094308745,DTLA-LAX,1,72.49999999999999,75.0,75.0,75.00000000000006
1320.0,5,0,1,15,20.0,1,28,353.0241882384353,353.0241882384353,353.0241882384353,ANH-LAX,1,60.0,60.0,60.0,60.0
1320.0,3,0,1,15,20.0,1,15,176.7070811798937,176.7070811798937,176.7070811798937,WDHL-LAX,1,45.0,45.0,45.0,50.0
1320.0,0,0,1,20,30.0,2,21,233.40534119685813,,,LAX-HWD-LAX,1,30.0,40.0,40.0,75.0
1320.0,0,0,1,20,30.0,2,26,76.57326545359987,,,LAX-BVH-LAX,1,20.0,20.0,20.0,50.0
1320.0,0,3,1,15,20.0,1,30,117.8047207865958,117.8047207865958,117.8047207865958,LAX-WDHL,1,20.0,35.0,20.0,52.5
1325.0,0,0,1,25,35.0,2,6,153.2516319146921,,,LAX-LGB-LAX,1,20.0,47.5,32.5,35.0
1325.0,5,0,1,15,20.0,1,29,88.25604705960882,88.25604705960882,88.25604705960882,ANH-LAX,1,55.0,60.0,60.0,75.0
1325.0,4,0,1,10,15.0,1,39,41.22670065423043,41.22670065423043,41.22670065423043,UVS-LAX,1,20.0,42.5,42.5,50.0
1325.0,0,3,1,15,20.0,1,38,117.8047207865958,117.8047207865958,117.8047207865958,LAX-WDHL,1,55.0,55.0,55.0,55.0
1325.0,0,0,1,20,30.0,2,4,197.11085545834422,,,LAX-PSD-LAX,1,47.5,62.5,62.5,75.0
1325.0,1,0,1,10,15.0,1,23,93.56430707315587,93.56430707315587,93.56430707315587,DTLA-LAX,1,67.5,67.5,67.5,67.5
1325.0,8,1,1,20,30.0,2,35,150.27683124874113,,,BVH-LAX-DTLA,1,20.0,40.0,40.0,50.0
1330.0,0,4,1,10,15.0,1,3,41.22670065423043,41.22670065423043,41.22670065423043,LAX-UVS,1,20.0,37.5,22.5,60.0
1330.0,0,5,1,15,20.0,1,17,176.51209411921764,176.51209411921764,176.51209411921764,LAX-ANH,1,75.0,75.0,75.0,75.0
1330.0,0,0,1,20,30.0,2,20,100.0308605129392,,,LAX-HWD-LAX,1,22.5,27.5,27.5,42.5
1330.0,1,0,1,10,15.0,1,9,62.37620471543725,62.37620471543725,62.37620471543725,DTLA-LAX,1,55.0,55.0,55.0,55.0
1335.0,0,5,1,15,20.0,1,28,353.0241882384353,353.0241882384353,353.0241882384353,LAX-ANH,1,40.0,40.0,40.0,40.0
1335.0,0,0,1,20,30.0,2,0,127.62210908933312,,,LAX-BVH-LAX,1,30.0,47.5,47.5,75.0
1335.0,0,0,1,25,35.0,2,34,153.2516319146921,,,LAX-LGB-LAX,1,22.5,22.5,22.5,52.5
1335.0,5,0,1,15,20.0,1,13,88.25604705960882,88.25604705960882,88.25604705960882,ANH-LAX,1,55.0,55.0,55.0,55.0
1335.0,6,1,1,20,30.0,2,31,191.43964977283395,,,HWD-LAX-DTLA,1,42.5,72.5,72.5,75.0
1335.0,0,6,1,10,15.0,1,2,100.0308605129392,100.0308605129392,100.0308605129392,LAX-HWD,1,60.000000000000064,77.50000000000004,77.50000000000004,77.5
1340.0,0,5,1,15,20.0,1,32,353.0241882384353,706.0483764768705,353.0241882384353,LAX-ANH,1,62.5,62.5,62.5,62.5
1340.0,0,0,1,20,30.0,2,9,157.68868436667537,,,LAX-PSD-LAX,1,25.0,30.0,30.0,72.5
1340.0,0,0,1,20,30.0,2,23,202.72266532517105,,,LAX-DTLA-LAX,1,37.5,70.0,70.0,70.0
1340.0,3,1,1,25,35.0,2,38,242.55713021747027,,,WDHL-LAX-DTLA,1,20.0,22.5,22.5,55.0
1340.0,1,3,1,25,35.0,2,11,297.98564628862886,,,DTLA-LAX-WDHL,1,35.0,40.0,20.0,50.0
1340.0,0,5,1,15,20.0,1,27,353.0241882384353,706.0483764768705,353.0241882384353,LAX-ANH,1,45.0,50.0,50.0,55.0
1340.0,0,3,1,15,20.0,1,36,235.6094415731916,235.6094415731916,235.6094415731916,LAX-WDHL,1,55.0,55.0,55.0,55.0
1345.0,0,0,1,20,30.0,2,15,187.12861414631175,,,LAX-DTLA-LAX,1,20.0,22.5,22.5,35.0
1345.0,5,0,1,15,20.0,1,17,176.51209411921764,176.51209411921764,176.51209411921764,ANH-LAX,1,55.0,55.0,55.0,55.0
1350.0,5,0,1,15,20.0,1,28,264.76814117882645,264.76814117882645,264.76814117882645,ANH-LAX,1,20.0,20.0,20.0,50.0
1350.0,0,5,1,15,20.0,1,40,353.0241882384353,353.0241882384353,353.0241882384353,LAX-ANH,1,55.0,55.0,55.0,55.0
1350.0,0,8,1,10,15.0,1,13,51.04884363573325,51.04884363573325,51.04884363573325,LAX-BVH,1,40.0,40.0,40.0,50.0
1350.0,1,1,1,20,30.0,2,16,202.72266532517105,,,DTLA-LAX-DTLA,1,25.0,25.0,25.0,50.0
1350.0,0,7,1,10,15.0,1,1,78.84434218333769,78.84434218333769,78.84434218333769,LAX-PSD,1,45.0,45.0,45.0,55.0
1355.0,0,0,1,20,30.0,2,14,218.31671650403035,,,LAX-DTLA-LAX,1,22.5,25.0,25.0,40.0
1355.0,5,0,1,15,20.0,1,32,88.25604705960882,88.25604705960882,88.25604705960882,ANH-LAX,1,42.5,42.5,42.5,42.5
1355.0,0,0,1,20,30.0,2,25,133.37448068391893,,,LAX-HWD-LAX,1,22.5,22.5,22.5,37.5
1355.0,0,5,1,15,20.0,1,29,264.76814117882645,264.76814117882645,264.76814117882645,LAX-ANH,1,55.0,55.0,55.0,55.0
1355.0,3,1,1,25,35.0,2,36,152.46666746645377,,,WDHL-LAX-DTLA,1,20.0,20.0,20.0,20.0
1360.0,0,3,1,15,20.0,1,5,117.8047207865958,117.8047207865958,117.8047207865958,LAX-WDHL,1,60.0,60.0,60.0,60.0
1360.0,5,1,1,25,35.0,2,27,477.77659766930975,,,ANH-LAX-DTLA,1,20.0,20.0,20.0,20.0
1360.0,0,0,1,25,35.0,2,17,255.41938652448687,,,LAX-LGB-LAX,1,20.0,55.0,55.0,55.0
1360.0,1,0,1,10,15.0,1,10,124.7524094308745,124.7524094308745,124.7524094308745,DTLA-LAX,1,70.0,70.0,70.0,70.0
1360.0,0,5,1,15,20.0,1,18,176.51209411921764,176.51209411921764,176.51209411921764,LAX-ANH,1,55.0,55.0,55.0,55.0
1360.0,6,0,1,10,15.0,1,2,66.68724034195947,66.68724034195947,66.68724034195947,HWD-LAX,1,62.5,62.5,62.5,62.5
1365.0,5,6,1,25,35.0,2,40,398.1426218627454,,,ANH-LAX-HWD,1,20.0,20.0,20.0,20.0
1365.0,0,5,1,15,20.0,1,21,353.0241882384353,706.0483764768705,353.0241882384353,LAX-ANH,1,55.0,55.0,55.0,55.0
1365.0,0,0,1,20,30.0,2,8,76.57326545359987,,,LAX-BVH-LAX,1,20.0,25.0,25.0,40.0
1365.0,0,0,1,20,30.0,2,26,100.0308605129392,,,LAX-HWD-LAX,1,20.0,25.0,25.0,52.5
1365.0,0,0,1,20,30.0,2,39,197.11085545834422,,,LAX-PSD-LAX,1,20.0,47.5,47.5,47.5
1365.0,7,0,1,10,15.0,1,1,78.84434218333769,78.84434218333769,78.84434218333769,PSD-LAX,1,40.0,50.0,50.0,50.0
1365.0,8,1,1,20,30.0,2,13,150.27683124874113,,,BVH-LAX-DTLA,1,20.0,47.5,47.5,50.0
1370.0,0,8,1,10,15.0,1,32,51.04884363573325,51.04884363573325,51.04884363573325,LAX-BVH,1,27.5,37.5,37.5,45.0
1370.0,0,7,1,10,15.0,1,10,78.84434218333769,78.84434218333769,78.84434218333769,LAX-PSD,1,55.0,64.99999999999999,64.99999999999999,65.0
1370.0,5,1,1,25,35.0,2,29,327.1443458942637,,,ANH-LAX-DTLA,1,20.0,22.5,22.5,22.5
1370.0,0,0,1,20,30.0,2,2,133.37448068391893,,,LAX-HWD-LAX,1,32.5,67.5,67.5,77.5
1370.0,0,3,1,15,20.0,1,4,176.7070811798937,176.7070811798937,176.7070811798937,LAX-WDHL,1,55.0,55.0,55.0,55.0
1375.0,1,0,1,10,15.0,1,6,93.56430707315587,93.56430707315587,93.56430707315587,DTLA-LAX,1,20.0,20.0,20.0,42.5
1375.0,0,2,1,10,15.0,1,22,51.08387730489737,51.08387730489737,51.08387730489737,LAX-LGB,1,22.5,22.5,22.5,57.5
1375.0,5,7,1,25,35.0,2,18,392.4463593301041,,,ANH-LAX-PSD,1,20.0,20.0,20.0,20.0
1375.0,3,0,1,15,20.0,1,5,117.8047207865958,117.8047207865958,117.8047207865958,WDHL-LAX,1,40.0,42.5,42.5,50.0
1375.0,0,7,1,10,15.0,1,3,78.84434218333769,78.84434218333769,78.84434218333769,LAX-PSD,1,45.0,52.5,52.5,55.0
1375.0,0,6,1,10,15.0,1,20,100.0308605129392,100.0308605129392,100.0308605129392,LAX-HWD,1,27.5,40.0,40.0,40.0
1380.0,0,0,1,20,30.0,2,1,102.0976872714665,,,LAX-BVH-LAX,1,20.0,22.5,22.5,37.5
1380.0,0,5,1,15,20.0,1,0,353.0241882384353,706.0483764768705,353.0241882384353,LAX-ANH,1,55.0,55.0,55.0,55.0
1380.0,5,4,1,25,35.0,2,21,300.19219608190895,,,ANH-LAX-UVS,1,20.0,20.0,20.0,20.0
1385.0,3,6,1,25,35.0,2,4,192.27684107721683,,,WDHL-LAX-HWD,1,20.0,22.5,22.5,22.5
1385.0,0,7,1,10,15.0,1,9,78.84434218333769,78.84434218333769,78.84434218333769,LAX-PSD,1,57.5,65.0,65.0,65.0
1385.0,0,0,1,20,30.0,2,33,123.68010196269128,,,LAX-UVS-LAX,1,40.0,70.0,70.0,75.0
1385.0,1,3,1,25,35.0,2,24,180.18092550203303,,,DTLA-LAX-WDHL,1,20.0,22.5,22.5,22.5
1385.0,0,0,1,20,30.0,2,34,233.40534119685813,,,LAX-HWD-LAX,1,22.5,42.5,42.5,42.5
1385.0,0,3,1,15,20.0,1,12,117.8047207865958,117.8047207865958,117.8047207865958,LAX-WDHL,1,47.5,47.5,47.5,47.5
1385.0,0,5,1,15,20.0,1,23,353.0241882384353,353.0241882384353,353.0241882384353,LAX-ANH,1,50.0,50.0,50.0,50.0
1390.0,7,5,1,25,35.0,2,3,304.19031227049527,,,PSD-LAX-ANH,1,20.0,20.0,20.0,27.5
1390.0,1,0,1,10,15.0,1,7,93.56430707315587,93.56430707315587,93.56430707315587,DTLA-LAX,1,55.0,55.0,55.0,60.0
1390.0,6,0,1,10,15.0,1,20,100.0308605129392,100.0308605129392,100.0308605129392,HWD-LAX,1,25.0,37.5,37.5,40.0
1395.0,5,0,1,15,20.0,1,0,88.25604705960882,88.25604705960882,88.25604705960882,ANH-LAX,1,35.0,35.0,35.0,35.0
1395.0,0,0,1,20,30.0,2,5,100.0308605129392,,,LAX-HWD-LAX,1,20.0,97.5,97.5,97.5
1395.0,0,5,1,15,20.0,1,37,176.51209411921764,176.51209411921764,176.51209411921764,LAX-ANH,1,55.0,55.0,55.0,55.0
1395.0,1,1,1,20,30.0,2,31,155.9405117885931,,,DTLA-LAX-DTLA,1,45.0,60.0,60.0,67.5
1400.0,0,7,1,10,15.0,1,8,78.84434218333769,78.84434218333769,78.84434218333769,LAX-PSD,1,25.0,32.5,32.5,37.5
1400.0,1,1,1,20,30.0,2,16,124.7524094308745,,,DTLA-LAX-DTLA,1,20.0,20.0,20.0,22.5
1400.0,0,8,1,10,15.0,1,25,51.04884363573325,51.04884363573325,51.04884363573325,LAX-BVH,1,22.5,22.5,22.5,22.5
1400.0,7,0,1,10,15.0,1,9,39.422171091668844,39.422171091668844,39.422171091668844,PSD-LAX,1,50.0,50.0,50.0,50.0
1400.0,5,0,1,15,20.0,1,23,176.51209411921764,176.51209411921764,176.51209411921764,ANH-LAX,1,30.0,32.5,32.5,82.5
1400.0,2,1,1,25,35.0,2,22,144.64818437805326,,,LGB-LAX-DTLA,1,22.5,25.0,25.0,25.0
1400.0,3,0,1,15,20.0,1,12,58.9023603932979,58.9023603932979,58.9023603932979,WDHL-LAX,1,27.5,27.5,27.5,40.0
1405.0,8,0,1,10,15.0,1,32,76.57326545359987,76.57326545359987,76.57326545359987,BVH-LAX,1,30.0,30.0,30.0,42.5
1405.0,0,2,1,10,15.0,1,7,153.2516319146921,153.2516319146921,153.2516319146921,LAX-LGB,1,45.0,50.0,50.0,55.0
1405.0,7,0,1,10,15.0,1,10,39.422171091668844,39.422171091668844,39.422171091668844,PSD-LAX,1,50.0,50.0,50.0,50.0
1410.0,2,0,1,15,20.0,1,19,102.16775460979474,102.16775460979474,102.16775460979474,LGB-LAX,1,35.0,35.0,35.0,35.0
1410.0,5,1,1,25,35.0,2,37,213.0084564904833,,,ANH-LAX-DTLA,1,20.0,20.0,20.0,22.5
1410.0,1,2,1,20,30.0,2,13,184.43973427241073,,,DTLA-LAX-LGB,1,20.0,22.5,22.5,22.5
1410.0,0,5,1,15,20.0,1,14,176.51209411921764,176.51209411921764,176.51209411921764,LAX-ANH,1,20.0,20.0,20.0,42.5
1410.0,0,0,1,20,30.0,2,9,150.0462907694088,,,LAX-HWD-LAX,1,20.0,20.0,20.0,20.0
1410.0,0,0,1,20,30.0,2,28,164.9068026169217,,,LAX-UVS-LAX,1,20.0,20.0,20.0,97.5
1410.0,0,7,1,10,15.0,1,0,39.422171091668844,39.422171091668844,39.422171091668844,LAX-PSD,1,20.0,20.0,20.0,35.0
1415.0,0,3,1,15,20.0,1,11,58.9023603932979,58.9023603932979,58.9023603932979,LAX-WDHL,1,30.0,30.0,30.0,47.5
1415.0,7,0,1,10,15.0,1,8,118.26651327500653,118.26651327500653,118.26651327500653,PSD-LAX,1,22.5,30.0,30.0,35.0
1415.0,0,0,1,20,30.0,2,10,127.62210908933312,,,LAX-BVH-LAX,1,20.0,20.0,20.0,27.5
1415.0,1,0,1,10,15.0,1,38,31.188102357718623,31.188102357718623,31.188102357718623,DTLA-LAX,1,40.0,40.0,40.0,40.0
1420.0,6,1,1,20,30.0,2,30,174.7678396873441,,,HWD-LAX-DTLA,1,22.5,22.5,22.5,22.5
1420.0,0,7,1,10,15.0,1,26,78.84434218333769,78.84434218333769,78.84434218333769,LAX-PSD,1,37.5,40.0,40.0,40.0
1420.0,0,8,1,10,15.0,1,15,51.04884363573325,51.04884363573325,51.04884363573325,LAX-BVH,1,20.0,20.0,20.0,27.5
1420.0,0,3,1,15,20.0,1,20,58.9023603932979,58.9023603932979,58.9023603932979,LAX-WDHL,1,20.0,20.0,20.0,22.5
1420.0,0,6,1,10,15.0,1,12,66.68724034195947,66.68724034195947,66.68724034195947,LAX-HWD,1,25.0,27.5,27.5,32.5
1420.0,1,1,1,20,30.0,2,35,155.9405117885931,,,DTLA-LAX-DTLA,1,20.0,22.5,22.5,45.0
1420.0,2,1,1,25,35.0,2,7,82.27197966261599,,,LGB-LAX-DTLA,1,20.0,20.0,20.0,22.5
1425.0,0,8,1,10,15.0,1,19,76.57326545359987,76.57326545359987,76.57326545359987,LAX-BVH,1,20.0,20.0,20.0,22.5
1425.0,0,2,1,10,15.0,1,2,204.33550921958948,204.33550921958948,204.33550921958948,LAX-LGB,1,62.5,67.5,67.5,67.5
1425.0,0,6,1,10,15.0,1,32,100.0308605129392,200.0617210258784,100.0308605129392,LAX-HWD,1,27.5,27.5,27.5,27.5
1425.0,0,3,1,15,20.0,1,39,117.8047207865958,117.8047207865958,117.8047207865958,LAX-WDHL,1,27.5,62.5,62.5,77.5
1425.0,0,6,1,10,15.0,1,1,100.0308605129392,200.0617210258784,100.0308605129392,LAX-HWD,1,22.5,22.5,22.5,22.5
1425.0,0,5,1,15,20.0,1,38,264.76814117882645,264.76814117882645,264.76814117882645,LAX-ANH,1,20.0,20.0,20.0,20.0
1430.0,0,4,1,10,15.0,1,34,82.45340130846085,82.45340130846085,82.45340130846085,LAX-UVS,1,27.5,27.5,27.5,35.0
1430.0,0,7,1,10,15.0,1,8,39.422171091668844,39.422171091668844,39.422171091668844,LAX-PSD,1,20.0,20.0,20.0,22.5
1435.0,0,5,1,15,20.0,1,17,220.64011764902205,441.2802352980441,220.64011764902205,LAX-ANH,1,35.0,35.0,35.0,37.5
1435.0,5,0,1,15,20.0,1,14,88.25604705960882,88.25604705960882,88.25604705960882,ANH-LAX,1,22.5,22.5,22.5,22.5
1435.0,0,3,1,15,20.0,1,6,58.9023603932979,58.9023603932979,58.9023603932979,LAX-WDHL,1,22.5,25.0,25.0,27.5
1435.0,0,4,1,10,15.0,1,33,82.45340130846085,82.45340130846085,82.45340130846085,LAX-UVS,1,60.0,100.0,100.0,100.0
1440.0,2,0,1,15,20.0,1,2,51.08387730489737,51.08387730489737,51.08387730489737,LGB-LAX,1,47.5,100.0,100.0,100.0
