trip_id,origin_block_group,origin_tract,origin_county,origin_st_2020,destination_block_group,destination_tract,destination_county,destination_st_2020,mode,trip_purpose,previous_trip_purpose,start_time,end_time,duration_min,distance_mi,vehicle_type,vehicle_fuel_type,transit_submode,transit_agency,transit_route,origin_land_use,origin_building_use,destination_land_use,destination_building_use,user_id,trip_taker_household_id,user_age,trip_taker_sex,trip_taker_race_ethnicity,user_employment,trip_taker_wfh,user_income,trip_taker_commute_mode,trip_taker_household_size,trip_taker_household_income,trip_taker_available_vehicles,trip_taker_resident_type,trip_taker_industry,trip_taker_building_type,trip_taker_school_grade_attending,trip_taker_education,trip_taker_tenure,trip_taker_language,trip_taker_home_bgrp_2020,user_home_tract,trip_taker_home_cty_2020,trip_taker_home_st_2020,trip_taker_work_bgrp_2020,user_work_tract,trip_taker_work_cty_2020,trip_taker_work_st_2020,FM_duration_min,FM_fare_USD,depart_hour,origin_vertiport_id,origin_vertiport_tract,arrival_time_at_dest_vertiport,last_hour,LM_duration_min,dest_vertiport_id,dest_vertiport_tract,LM_fare_USD,MM_duration_min,RAM_IVTT_min,RAM_OVTT_min,RAM_Fare_USD,Driving_IVTT_min,Driving_OVTT_min,Driving_Fare_USD,Income_low,Income_mid,Income_high
97475084316248548,"1 (Tract 57.01, Champaign, IL)","57.01 (Champaign, IL)","Champaign County, IL",Illinois,"1 (Tract 9800, Cook, IL)","9800 (Cook, IL)","Cook County, IL",Illinois,auto_passenger,region_departure,lodging,1900-01-01 20:08:00,1900-01-01 23:26:14,198,150.1,unknown_vehicle_type,unknown_fuel_type,,,,non_retail_attraction,non_retail_attraction,transportation_utilities,transportation_utilities,5851474047297202470,,,,,,,,,,,,visitor,,,,,,,Visitor (no home location),Visitor (no home location),Visitor (no home location),Visitor (no home location),Visitor (no work/school location),Visitor (no work/school location),Visitor (no work/school location),Visitor (no work/school location),6.4,11.411357664233577,20,UIUC1,"3.01 (Champaign, IL)",1900-01-01 21:34:24.000000000,21,19.76315789473684,Chicago2_ord,"9800 (Cook, IL)",15.655629158708376,70,96.16315789473684,10,127.06698682294196,198,3.0,90.05999999999999,0,1,0
16065169558251508201,"1 (Tract 8, Champaign, IL)","8 (Champaign, IL)","Champaign County, IL",Illinois,"1 (Tract 9800, Cook, IL)","9800 (Cook, IL)","Cook County, IL",Illinois,auto_passenger,region_departure,shop,1900-01-01 17:39:00,1900-01-01 20:18:40,159,151.1,unknown_vehicle_type,unknown_fuel_type,,,,office,office,transportation_utilities,transportation_utilities,2724847060680425144,,,,,,,,,,,,visitor,,,,,,,Visitor (no home location),Visitor (no home location),Visitor (no home location),Visitor (no home location),Visitor (no work/school location),Visitor (no work/school location),Visitor (no work/school location),Visitor (no work/school location),7.0,12.152226148409895,17,UIUC1,"3.01 (Champaign, IL)",1900-01-01 19:06:00.000000000,19,22.59433962264151,Chicago2_ord,"9800 (Cook, IL)",16.844725484428338,70,99.59433962264151,10,128.99695163283823,159,3.0,90.66,0,1,0
1321574365508138127,"3 (Tract 8, Champaign, IL)","8 (Champaign, IL)","Champaign County, IL",Illinois,"1 (Tract 1607, Cook, IL)","1607 (Cook, IL)","Cook County, IL",Illinois,auto_passenger,lodging,maintenance,1900-01-01 17:49:39,1900-01-01 20:06:56,137,139.5,unknown_vehicle_type,unknown_fuel_type,,,,office,office,non_retail_attraction,non_retail_attraction,16462056328166431187,,,,,,,,,,,,visitor,,,,,,,Visitor (no home location),Visitor (no home location),Visitor (no home location),Visitor (no home location),Visitor (no work/school location),Visitor (no work/school location),Visitor (no work/school location),Visitor (no work/school location),7.0,12.152226148409895,17,UIUC1,"3.01 (Champaign, IL)",1900-01-01 19:16:39.000000000,19,21.0,Chicago2_ord,"9800 (Cook, IL)",33.093333333333334,70,98.0,10,145.24555948174321,137,3.0,83.7,0,1,0
18419843932403717632,"1 (Tract 8, Champaign, IL)","8 (Champaign, IL)","Champaign County, IL",Illinois,"1 (Tract 9800, Cook, IL)","9800 (Cook, IL)","Cook County, IL",Illinois,auto_passenger,region_departure,eat,1900-01-01 20:17:00,1900-01-01 22:38:38,141,149.5,unknown_vehicle_type,unknown_fuel_type,,,,retail,retail,transportation_utilities,transportation_utilities,4782673283401551296,,,,,,,,,,,,visitor,,,,,,,Visitor (no home location),Visitor (no home location),Visitor (no home location),Visitor (no home location),Visitor (no work/school location),Visitor (no work/school location),Visitor (no work/school location),Visitor (no work/school location),6.67741935483871,12.016742277442152,20,UIUC1,"3.01 (Champaign, IL)",1900-01-01 21:43:40.645161288,21,19.76315789473684,Chicago2_ord,"9800 (Cook, IL)",15.655629158708376,70,96.44057724957554,10,127.67237143615053,141,3.0,89.7,0,1,0
7746843622839889163,"1 (Tract 3.01, Champaign, IL)","3.01 (Champaign, IL)","Champaign County, IL",Illinois,"1 (Tract 9800, Cook, IL)","9800 (Cook, IL)","Cook County, IL",Illinois,auto_passenger,region_departure,shop,1900-01-01 19:09:00,1900-01-01 22:21:56,192,147.0,unknown_vehicle_type,unknown_fuel_type,,,,retail,retail,transportation_utilities,transportation_utilities,4435758616917299003,,,,,,,,,,,,visitor,,,,,,,Visitor (no home location),Visitor (no home location),Visitor (no home location),Visitor (no home location),Visitor (no work/school location),Visitor (no work/school location),Visitor (no work/school location),Visitor (no work/school location),0.903448275862069,4.956630556181604,19,UIUC1,"3.01 (Champaign, IL)",1900-01-01 20:29:54.206896554,20,21.420289855072465,Chicago2_ord,"9800 (Cook, IL)",16.35162458204934,70,92.32373813093454,10,121.30825513823095,192,3.0,88.2,0,1,0
14453998110696558948,"3 (Tract 3.02, Champaign, IL)","3.02 (Champaign, IL)","Champaign County, IL",Illinois,"1 (Tract 9800, Cook, IL)","9800 (Cook, IL)","Cook County, IL",Illinois,private_auto,other_activity_type,lodging,1900-01-01 18:36:00,1900-01-01 21:25:44,169,139.5,unknown_vehicle_type,unknown_fuel_type,,,,single_family,single_family,transportation_utilities,transportation_utilities,9871250700772138040,,,,,,,,,,,,visitor,,,,,,,Visitor (no home location),Visitor (no home location),Visitor (no home location),Visitor (no home location),Visitor (no work/school location),Visitor (no work/school location),Visitor (no work/school location),Visitor (no work/school location),1.2121212121212122,5.183941857600394,18,UIUC1,"3.01 (Champaign, IL)",1900-01-01 19:57:12.727272726,19,22.59433962264151,Chicago2_ord,"9800 (Cook, IL)",16.844725484428338,70,93.80646083476273,10,122.02866734202873,169,3.0,83.7,0,1,0
2939398138587361451,"4 (Tract 58, Champaign, IL)","58 (Champaign, IL)","Champaign County, IL",Illinois,"1 (Tract 9800, Cook, IL)","9800 (Cook, IL)","Cook County, IL",Illinois,auto_passenger,region_departure,lodging,1900-01-01 19:57:00,1900-01-01 22:25:28,148,152.6,unknown_vehicle_type,unknown_fuel_type,,,,single_family,single_family,transportation_utilities,transportation_utilities,13791940940414664500,,,,,,,,,,,,visitor,,,,,,,Visitor (no home location),Visitor (no home location),Visitor (no home location),Visitor (no home location),Visitor (no work/school location),Visitor (no work/school location),Visitor (no work/school location),Visitor (no work/school location),3.4166666666666665,7.5875301204819285,19,UIUC1,"3.01 (Champaign, IL)",1900-01-01 21:20:25.000000002,21,19.76315789473684,Chicago2_ord,"9800 (Cook, IL)",15.655629158708376,70,93.1798245614035,10,123.24315927919031,148,3.0,91.55999999999999,0,1,0
3838173375785034336,"1 (Tract 8, Champaign, IL)","8 (Champaign, IL)","Champaign County, IL",Illinois,"1 (Tract 9800, Cook, IL)","9800 (Cook, IL)","Cook County, IL",Illinois,auto_passenger,region_departure,lodging,1900-01-01 18:30:19,1900-01-01 20:51:16,140,149.4,unknown_vehicle_type,unknown_fuel_type,,,,retail,retail,transportation_utilities,transportation_utilities,13505264092612231818,,,,,,,,,,,,visitor,,,,,,,Visitor (no home location),Visitor (no home location),Visitor (no home location),Visitor (no home location),Visitor (no work/school location),Visitor (no work/school location),Visitor (no work/school location),Visitor (no work/school location),7.183098591549296,12.229127556860599,18,UIUC1,"3.01 (Champaign, IL)",1900-01-01 19:57:29.985915490,19,22.59433962264151,Chicago2_ord,"9800 (Cook, IL)",16.844725484428338,70,99.77743821419081,10,129.07385304128894,140,3.0,89.64,0,1,0
11801086299332671972,"1 (Tract 13.02, Champaign, IL)","13.02 (Champaign, IL)","Champaign County, IL",Illinois,"1 (Tract 9800, Cook, IL)","9800 (Cook, IL)","Cook County, IL",Illinois,auto_passenger,region_departure,eat,1900-01-01 21:46:00,1900-01-01 00:15:05,149,157.2,unknown_vehicle_type,unknown_fuel_type,,,,retail,retail,transportation_utilities,transportation_utilities,10966587978044028273,,,,,,,,,,,,visitor,,,,,,,Visitor (no home location),Visitor (no home location),Visitor (no home location),Visitor (no home location),Visitor (no work/school location),Visitor (no work/school location),Visitor (no work/school location),Visitor (no work/school location),7.6,13.176682926829269,21,UIUC1,"3.01 (Champaign, IL)",1900-01-01 23:13:36.000000000,23,27.166666666666668,Chicago2_ord,"9800 (Cook, IL)",18.765102842918903,70,104.76666666666667,10,131.94178576974818,149,3.0,94.32,0,1,0
9913670281434137009,"1 (Tract 58, Champaign, IL)","58 (Champaign, IL)","Champaign County, IL",Illinois,"3 (Tract 310, Cook, IL)","310 (Cook, IL)","Cook County, IL",Illinois,auto_passenger,maintenance,maintenance,1900-01-01 13:32:00,1900-01-01 16:02:41,150,142.5,unknown_vehicle_type,unknown_fuel_type,,,,single_family,single_family,mixed_use,retail,15556373847524243917,,,,,,,,,,,,visitor,,,,,,,Visitor (no home location),Visitor (no home location),Visitor (no home location),Visitor (no home location),Visitor (no work/school location),Visitor (no work/school location),Visitor (no work/school location),Visitor (no work/school location),3.5121951219512195,7.627652071701441,13,UIUC1,"3.01 (Champaign, IL)",1900-01-01 14:55:30.731707319,14,30.58333333333333,Chicago2_ord,"9800 (Cook, IL)",37.97928571428572,70,104.09552845528455,10,145.60693778598716,150,3.0,85.5,0,1,0
11003426548620811841,"2 (Tract 7, Champaign, IL)","7 (Champaign, IL)","Champaign County, IL",Illinois,"1 (Tract 9800, Cook, IL)","9800 (Cook, IL)","Cook County, IL",Illinois,auto_passenger,region_departure,social,1900-01-01 16:51:23,1900-01-01 19:43:26,172,149.6,unknown_vehicle_type,unknown_fuel_type,,,,single_family,single_family,transportation_utilities,transportation_utilities,12089961189465181365,,,,,,,,,,,,visitor,,,,,,,Visitor (no home location),Visitor (no home location),Visitor (no home location),Visitor (no home location),Visitor (no work/school location),Visitor (no work/school location),Visitor (no work/school location),Visitor (no work/school location),4.166666666666667,8.8948,16,UIUC1,"3.01 (Champaign, IL)",1900-01-01 18:15:33.000000002,18,21.051987767584095,Chicago2_ord,"9800 (Cook, IL)",16.196937705304222,70,95.21865443425077,10,125.09173770530423,172,3.0,89.75999999999999,0,1,0
4102987792723805292,"1 (Tract 8, Champaign, IL)","8 (Champaign, IL)","Champaign County, IL",Illinois,"1 (Tract 9800, Cook, IL)","9800 (Cook, IL)","Cook County, IL",Illinois,auto_passenger,region_departure,shop,1900-01-01 20:37:00,1900-01-01 23:34:55,177,140.3,unknown_vehicle_type,unknown_fuel_type,,,,retail,retail,transportation_utilities,transportation_utilities,2717605376949354942,,,,,,,,,,,,visitor,,,,,,,Visitor (no home location),Visitor (no home location),Visitor (no home location),Visitor (no home location),Visitor (no work/school location),Visitor (no work/school location),Visitor (no work/school location),Visitor (no work/school location),6.67741935483871,12.016742277442152,20,UIUC1,"3.01 (Champaign, IL)",1900-01-01 22:03:40.645161288,22,18.94117647058824,Chicago2_ord,"9800 (Cook, IL)",15.310396960565964,70,95.61859582542695,10,127.32713923800812,177,3.0,84.18,0,1,0
6380552995794000100,"2 (Tract 3.01, Champaign, IL)","3.01 (Champaign, IL)","Champaign County, IL",Illinois,"1 (Tract 9800, Cook, IL)","9800 (Cook, IL)","Cook County, IL",Illinois,auto_passenger,region_departure,maintenance,1900-01-01 20:23:00,1900-01-01 23:24:31,181,141.4,unknown_vehicle_type,unknown_fuel_type,,,,retail,retail,transportation_utilities,transportation_utilities,11883557772945411791,,,,,,,,,,,,visitor,,,,,,,Visitor (no home location),Visitor (no home location),Visitor (no home location),Visitor (no home location),Visitor (no work/school location),Visitor (no work/school location),Visitor (no work/school location),Visitor (no work/school location),0.9550561797752808,4.9783058758251535,20,UIUC1,"3.01 (Champaign, IL)",1900-01-01 21:43:57.303370788,21,19.76315789473684,Chicago2_ord,"9800 (Cook, IL)",15.655629158708376,70,90.71821407451212,10,120.63393503453354,181,3.0,84.84,0,1,0
15165472501838071064,"1 (Tract 8, Champaign, IL)","8 (Champaign, IL)","Champaign County, IL",Illinois,"1 (Tract 9800, Cook, IL)","9800 (Cook, IL)","Cook County, IL",Illinois,private_auto,region_departure,maintenance,1900-01-01 17:42:00,1900-01-01 20:18:38,156,152.5,unknown_vehicle_type,unknown_fuel_type,,,,office,office,transportation_utilities,transportation_utilities,1889085157075185246,,,,,,,,,,,,visitor,,,,,,,Visitor (no home location),Visitor (no home location),Visitor (no home location),Visitor (no home location),Visitor (no work/school location),Visitor (no work/school location),Visitor (no work/school location),Visitor (no work/school location),7.0,12.152226148409895,17,UIUC1,"3.01 (Champaign, IL)",1900-01-01 19:09:00.000000000,19,22.59433962264151,Chicago2_ord,"9800 (Cook, IL)",16.844725484428338,70,99.59433962264151,10,128.99695163283823,156,3.0,91.5,0,1,0
2391172150278992646,"1 (Tract 58, Champaign, IL)","58 (Champaign, IL)","Champaign County, IL",Illinois,"3 (Tract 310, Cook, IL)","310 (Cook, IL)","Cook County, IL",Illinois,auto_passenger,maintenance,maintenance,1900-01-01 13:32:00,1900-01-01 16:02:41,150,142.5,unknown_vehicle_type,unknown_fuel_type,,,,single_family,single_family,mixed_use,retail,13724792477471223196,,,,,,,,,,,,visitor,,,,,,,Visitor (no home location),Visitor (no home location),Visitor (no home location),Visitor (no home location),Visitor (no work/school location),Visitor (no work/school location),Visitor (no work/school location),Visitor (no work/school location),3.5121951219512195,7.627652071701441,13,UIUC1,"3.01 (Champaign, IL)",1900-01-01 14:55:30.731707319,14,30.58333333333333,Chicago2_ord,"9800 (Cook, IL)",37.97928571428572,70,104.09552845528455,10,145.60693778598716,150,3.0,85.5,0,1,0
7195948816578421987,"2 (Tract 55, Champaign, IL)","55 (Champaign, IL)","Champaign County, IL",Illinois,"1 (Tract 9800, Cook, IL)","9800 (Cook, IL)","Cook County, IL",Illinois,private_auto,region_departure,maintenance,1900-01-01 14:08:00,1900-01-01 16:43:41,155,155.6,unknown_vehicle_type,unknown_fuel_type,,,,retail,retail,transportation_utilities,transportation_utilities,842160462471742136,,,,,,,,,,,,visitor,,,,,,,Visitor (no home location),Visitor (no home location),Visitor (no home location),Visitor (no home location),Visitor (no work/school location),Visitor (no work/school location),Visitor (no work/school location),Visitor (no work/school location),5.571428571428571,10.35957894736842,14,UIUC1,"3.01 (Champaign, IL)",1900-01-01 15:33:34.285714284,15,20.053311793214863,Chicago2_ord,"9800 (Cook, IL)",15.777493796069148,70,95.62474036464343,10,126.13707274343757,155,3.0,93.36,0,1,0
17623971680343747406,"5 (Tract 10, Champaign, IL)","10 (Champaign, IL)","Champaign County, IL",Illinois,"1 (Tract 203.02, Cook, IL)","203.02 (Cook, IL)","Cook County, IL",Illinois,auto_passenger,social,eat,1900-01-01 20:15:00,1900-01-01 22:42:41,147,147.8,unknown_vehicle_type,unknown_fuel_type,,,,retail,retail,mixed_use,multi_family,13262596478304396606,654879197333712245,49.0,female,white_not_hispanic_or_latino,employed,employed_not_working,38646.0,private_auto,2.0,80916.0,two,core,naics81,single_family,not_attending_school,some_college,owner,english,"1 (Tract 10, Champaign, IL)","10 (Champaign, IL)","Champaign County, IL",Illinois,"2 (Tract 12.03, Champaign, IL)","12.03 (Champaign, IL)","Champaign County, IL",Illinois,6.375,11.142881165919281,20,UIUC1,"3.01 (Champaign, IL)",1900-01-01 21:41:22.500000000,21,23.0,Chicago2_ord,"9800 (Cook, IL)",36.315555555555555,70,99.375,10,147.45843672147484,147,3.0,88.68,1,0,0
3755549064671654338,"2 (Tract 14, Champaign, IL)","14 (Champaign, IL)","Champaign County, IL",Illinois,"1 (Tract 9800, Cook, IL)","9800 (Cook, IL)","Cook County, IL",Illinois,auto_passenger,social,school,1900-01-01 15:53:00,1900-01-01 19:02:42,189,142.8,unknown_vehicle_type,unknown_fuel_type,,,,education,education,retail,retail,76045956833810022,8289588129117669136,29.0,male,asian_not_hispanic_or_latino,employed,employed_not_working,28979.0,private_auto,2.0,57959.0,one,core,naics611691,multiple_units,graduate,advanced_degree,renter,asian_pacific,"1 (Tract 13.01, Champaign, IL)","13.01 (Champaign, IL)","Champaign County, IL",Illinois,"1 (Tract 13.01, Champaign, IL)","13.01 (Champaign, IL)","Champaign County, IL",Illinois,3.204081632653061,7.522368082368082,15,UIUC1,"3.01 (Champaign, IL)",1900-01-01 17:16:12.244897962,17,18.866666666666667,Chicago2_ord,"9800 (Cook, IL)",15.279102842918903,70,92.07074829931972,10,122.80147092528698,189,3.0,85.68,1,0,0
4303948485099391861,"1 (Tract 13.01, Champaign, IL)","13.01 (Champaign, IL)","Champaign County, IL",Illinois,"1 (Tract 9800, Cook, IL)","9800 (Cook, IL)","Cook County, IL",Illinois,private_auto,eat,home,1900-01-01 17:51:00,1900-01-01 21:01:35,190,143.0,unknown_vehicle_type,other_non_bev,,,,single_family,single_family,retail,retail,246142639501170699,651777851661770080,41.0,male,white_not_hispanic_or_latino,employed,employed_not_working,214098.0,private_auto,4.0,346636.0,two,core,naics92,single_family,not_attending_school,advanced_degree,owner,english,"1 (Tract 13.01, Champaign, IL)","13.01 (Champaign, IL)","Champaign County, IL",Illinois,"2 (Tract 13.01, Champaign, IL)","13.01 (Champaign, IL)","Champaign County, IL",Illinois,4.918918918918919,9.86398516163222,17,UIUC1,"3.01 (Champaign, IL)",1900-01-01 19:15:55.135135134,19,22.59433962264151,Chicago2_ord,"9800 (Cook, IL)",16.844725484428338,70,97.51325854156043,10,126.70871064606055,190,3.0,85.8,0,0,1
2712710542250751439,"3 (Tract 8, Champaign, IL)","8 (Champaign, IL)","Champaign County, IL",Illinois,"1 (Tract 1601, Cook, IL)","1601 (Cook, IL)","Cook County, IL",Illinois,private_auto,home,eat,1900-01-01 20:51:00,1900-01-01 23:06:12,135,141.6,unknown_vehicle_type,other_non_bev,,,,retail,retail,multi_family,multi_family,12689395627483685149,12344869606652975871,55.0,female,asian_not_hispanic_or_latino,employed,employed_not_working,108694.0,public_transit,3.0,185383.0,three_plus,core,naics9261,several_units,not_attending_school,advanced_degree,owner,indo_european,"1 (Tract 1601, Cook, IL)","1601 (Cook, IL)","Cook County, IL",Illinois,"2 (Tract 8051.07, Cook, IL)","8051.07 (Cook, IL)","Cook County, IL",Illinois,6.67741935483871,12.016742277442152,20,UIUC1,"3.01 (Champaign, IL)",1900-01-01 22:17:40.645161288,22,13.8,Chicago2_ord,"9800 (Cook, IL)",24.71915789473685,70,90.4774193548387,10,136.735900172179,135,3.0,84.96,0,1,0
9208453993406077788,"2 (Tract 4.02, Champaign, IL)","4.02 (Champaign, IL)","Champaign County, IL",Illinois,"1 (Tract 1601, Cook, IL)","1601 (Cook, IL)","Cook County, IL",Illinois,auto_passenger,home,recreation,1900-01-01 17:23:00,1900-01-01 20:11:29,168,138.7,unknown_vehicle_type,unknown_fuel_type,,,,mixed_use,open_space,single_family,single_family,2532875727261967372,5922539116034519683,61.0,female,white_not_hispanic_or_latino,employed,employed_not_working,59357.0,private_auto,3.0,130585.0,three_plus,core,naics54,single_family,not_attending_school,k_12,owner,english,"1 (Tract 1601, Cook, IL)","1601 (Cook, IL)","Cook County, IL",Illinois,"1 (Tract 9800, Cook, IL)","9800 (Cook, IL)","Cook County, IL",Illinois,1.7464788732394363,5.711826646657868,17,UIUC1,"3.01 (Champaign, IL)",1900-01-01 18:44:44.788732392,18,27.375,Chicago2_ord,"9800 (Cook, IL)",30.420657894736845,70,99.12147887323944,10,136.13248454139472,168,3.0,83.21999999999998,0,1,0
3432816899790528672,"1 (Tract 3.01, Champaign, IL)","3.01 (Champaign, IL)","Champaign County, IL",Illinois,"3 (Tract 1607, Cook, IL)","1607 (Cook, IL)","Cook County, IL",Illinois,private_auto,social,home,1900-01-01 11:47:00,1900-01-01 14:21:16,154,142.3,unknown_vehicle_type,other_non_bev,,,,multi_family,multi_family,multi_family,multi_family,15387320181798480584,13870471107009768927,23.0,male,white_not_hispanic_or_latino,employed,employed_not_working,23742.0,worked_from_home,1.0,23742.0,one,core,naics61,multiple_units,graduate,bachelors_degree,renter,indo_european,"1 (Tract 3.01, Champaign, IL)","3.01 (Champaign, IL)","Champaign County, IL",Illinois,"3 (Tract 3.01, Champaign, IL)","3.01 (Champaign, IL)","Champaign County, IL",Illinois,0.8873239436619719,4.949858336657564,11,UIUC1,"3.01 (Champaign, IL)",1900-01-01 13:07:53.239436622,13,27.0,Chicago2_ord,"9800 (Cook, IL)",35.61333333333334,70,97.88732394366197,10,140.5631916699909,154,3.0,85.38000000000001,1,0,0
18327183225890946558,"1 (Tract 53, Champaign, IL)","53 (Champaign, IL)","Champaign County, IL",Illinois,"1 (Tract 9800, Cook, IL)","9800 (Cook, IL)","Cook County, IL",Illinois,auto_passenger,other_activity_type,home,1900-01-01 16:08:00,1900-01-01 18:33:21,145,150.8,unknown_vehicle_type,unknown_fuel_type,,,,mixed_use,multi_family,transportation_utilities,transportation_utilities,8567959590311159511,5079443234367941098,29.0,female,black_not_hispanic_or_latino,employed,employed_not_working,16312.0,public_transit,1.0,16312.0,zero,core,naics62,multiple_units,not_attending_school,some_college,renter,english,"1 (Tract 53, Champaign, IL)","53 (Champaign, IL)","Champaign County, IL",Illinois,"1 (Tract 111, Champaign, IL)","111 (Champaign, IL)","Champaign County, IL",Illinois,3.6666666666666665,8.08516795865633,16,UIUC1,"3.01 (Champaign, IL)",1900-01-01 17:31:40.000000002,17,18.866666666666667,Chicago2_ord,"9800 (Cook, IL)",15.279102842918903,70,92.53333333333333,10,123.36427080157523,145,3.0,90.48,1,0,0
3262119261392072438,"1 (Tract 13.01, Champaign, IL)","13.01 (Champaign, IL)","Champaign County, IL",Illinois,"1 (Tract 9800, Cook, IL)","9800 (Cook, IL)","Cook County, IL",Illinois,auto_passenger,social,shop,1900-01-01 21:01:04,1900-01-01 23:30:02,148,152.6,unknown_vehicle_type,unknown_fuel_type,,,,retail,retail,retail,retail,12008503836171466827,1686350597842143031,34.0,female,white_not_hispanic_or_latino,employed,employed_not_working,241542.0,public_transit,2.0,483084.0,one,core,naics51,several_units,not_attending_school,some_college,owner,english,"1 (Tract 622, Cook, IL)","622 (Cook, IL)","Cook County, IL",Illinois,"2 (Tract 3201.02, Cook, IL)","3201.02 (Cook, IL)","Cook County, IL",Illinois,4.2,9.562039215686275,21,UIUC1,"3.01 (Champaign, IL)",1900-01-01 22:25:16.000000000,22,18.94117647058824,Chicago2_ord,"9800 (Cook, IL)",15.310396960565964,70,93.14117647058825,10,124.87243617625224,148,3.0,91.55999999999999,0,0,1
9798175519553334650,"1 (Tract 13.01, Champaign, IL)","13.01 (Champaign, IL)","Champaign County, IL",Illinois,"1 (Tract 9800, Cook, IL)","9800 (Cook, IL)","Cook County, IL",Illinois,private_auto,social,shop,1900-01-01 21:38:31,1900-01-01 00:07:15,148,152.3,unknown_vehicle_type,other_non_bev,,,,retail,retail,retail,retail,10884768516803156732,9607056881466920362,27.0,male,white_not_hispanic_or_latino,employed,employed_not_working,46298.0,private_auto,2.0,75976.0,one,core,naics5412,several_units,not_attending_school,advanced_degree,renter,english,"1 (Tract 628, Cook, IL)","628 (Cook, IL)","Cook County, IL",Illinois,"1 (Tract 8391, Cook, IL)","8391 (Cook, IL)","Cook County, IL",Illinois,4.2,9.562039215686275,21,UIUC1,"3.01 (Champaign, IL)",1900-01-01 23:02:43.000000000,23,27.166666666666668,Chicago2_ord,"9800 (Cook, IL)",18.765102842918903,70,101.36666666666667,10,128.32714205860518,148,3.0,91.38000000000001,0,1,0
10060807172146999175,"2 (Tract 59.02, Champaign, IL)","59.02 (Champaign, IL)","Champaign County, IL",Illinois,"1 (Tract 9800, Cook, IL)","9800 (Cook, IL)","Cook County, IL",Illinois,auto_passenger,region_departure,shop,1900-01-01 20:08:08,1900-01-01 23:10:58,182,142.0,unknown_vehicle_type,unknown_fuel_type,,,,retail,retail,transportation_utilities,transportation_utilities,9653064885184886730,10696637530258909665,24.0,female,black_not_hispanic_or_latino,employed,employed_not_working,48222.0,private_auto,2.0,96907.0,two,core,naics62,single_family,not_attending_school,bachelors_degree,renter,english,"1 (Tract 8216, Cook, IL)","8216 (Cook, IL)","Cook County, IL",Illinois,"2 (Tract 3201.02, Cook, IL)","3201.02 (Cook, IL)","Cook County, IL",Illinois,2.054054054054054,6.112478875987902,20,UIUC1,"3.01 (Champaign, IL)",1900-01-01 21:30:11.243243246,21,19.76315789473684,Chicago2_ord,"9800 (Cook, IL)",15.655629158708376,70,91.81721194879088,10,121.76810803469628,182,3.0,85.2,0,1,0
9115576356302773280,"2 (Tract 111, Champaign, IL)","111 (Champaign, IL)","Champaign County, IL",Illinois,"1 (Tract 9800, Cook, IL)","9800 (Cook, IL)","Cook County, IL",Illinois,auto_passenger,eat,home,1900-01-01 16:05:00,1900-01-01 18:31:31,146,151.1,unknown_vehicle_type,unknown_fuel_type,,,,single_family,single_family,retail,retail,14605546914641255698,16721895278275686316,23.0,male,asian_not_hispanic_or_latino,employed,employed_not_working,5097.0,walking,1.0,5097.0,zero,core,naics61,multiple_units,graduate,bachelors_degree,renter,asian_pacific,"2 (Tract 111, Champaign, IL)","111 (Champaign, IL)","Champaign County, IL",Illinois,"1 (Tract 111, Champaign, IL)","111 (Champaign, IL)","Champaign County, IL",Illinois,2.702702702702702,6.991213566507684,16,UIUC1,"3.01 (Champaign, IL)",1900-01-01 17:27:42.162162162,17,18.866666666666667,Chicago2_ord,"9800 (Cook, IL)",15.279102842918903,70,91.56936936936938,10,122.27031640942658,146,3.0,90.66,1,0,0
14960689810532223335,"4 (Tract 53, Champaign, IL)","53 (Champaign, IL)","Champaign County, IL",Illinois,"2 (Tract 1511, Cook, IL)","1511 (Cook, IL)","Cook County, IL",Illinois,auto_passenger,home,shop,1900-01-01 20:35:21,1900-01-01 22:58:41,143,144.2,unknown_vehicle_type,unknown_fuel_type,,,,retail,retail,single_family,single_family,18340450785161375929,755783845326611349,68.0,male,hispanic_or_latino_origin,employed,employed_not_working,129466.0,public_transit,9.0,412312.0,one,core,naics31_33,single_family,not_attending_school,high_school,renter,spanish,"2 (Tract 1511, Cook, IL)","1511 (Cook, IL)","Cook County, IL",Illinois,"1 (Tract 2108, Cook, IL)","2108 (Cook, IL)","Cook County, IL",Illinois,3.5,8.01516795865633,20,UIUC1,"3.01 (Champaign, IL)",1900-01-01 21:58:51.000000000,21,16.0,Chicago2_ord,"9800 (Cook, IL)",27.964000000000002,70,89.5,10,135.97916795865635,143,3.0,86.52,0,1,0
8997969881680549115,"2 (Tract 2, Champaign, IL)","2 (Champaign, IL)","Champaign County, IL",Illinois,"1 (Tract 9800, Cook, IL)","9800 (Cook, IL)","Cook County, IL",Illinois,private_auto,other_activity_type,home,1900-01-01 14:59:00,1900-01-01 17:59:39,180,140.6,unknown_vehicle_type,other_non_bev,,,,single_family,single_family,transportation_utilities,transportation_utilities,12008924920634522942,11239210416605933905,35.0,female,white_not_hispanic_or_latino,employed,employed_not_working,60385.0,private_auto,4.0,120771.0,two,core,naics624410,single_family,not_attending_school,advanced_degree,owner,english,"2 (Tract 2, Champaign, IL)","2 (Champaign, IL)","Champaign County, IL",Illinois,"1 (Tract 59.01, Champaign, IL)","59.01 (Champaign, IL)","Champaign County, IL",Illinois,2.176470588235294,6.310891840607211,14,UIUC1,"3.01 (Champaign, IL)",1900-01-01 16:21:10.588235292,16,19.617511520737327,Chicago2_ord,"9800 (Cook, IL)",15.59445768162858,70,91.79398210897261,10,121.9053495222358,180,3.0,84.36,0,1,0
14795531353641020917,"2 (Tract 3.01, Champaign, IL)","3.01 (Champaign, IL)","Champaign County, IL",Illinois,"5 (Tract 1503, Cook, IL)","1503 (Cook, IL)","Cook County, IL",Illinois,auto_passenger,maintenance,home,1900-01-01 20:19:00,1900-01-01 22:44:56,145,145.3,unknown_vehicle_type,unknown_fuel_type,,,,mixed_use,multi_family,mixed_use,office,12764618468875691555,14688371474247864738,24.0,male,hispanic_or_latino_origin,employed,employed_not_working,28491.0,worked_from_home,5.0,256422.0,three_plus,core,naics61,several_units,graduate,bachelors_degree,renter,spanish,"2 (Tract 3.01, Champaign, IL)","3.01 (Champaign, IL)","Champaign County, IL",Illinois,"2 (Tract 3.01, Champaign, IL)","3.01 (Champaign, IL)","Champaign County, IL",Illinois,0.9550561797752808,4.9783058758251535,20,UIUC1,"3.01 (Champaign, IL)",1900-01-01 21:39:57.303370788,21,15.714285714285714,Chicago2_ord,"9800 (Cook, IL)",24.606046511627905,70,86.66934189406099,10,129.58435238745307,145,3.0,87.18,1,0,0
9356104542901789435,"2 (Tract 53, Champaign, IL)","53 (Champaign, IL)","Champaign County, IL",Illinois,"1 (Tract 9800, Cook, IL)","9800 (Cook, IL)","Cook County, IL",Illinois,auto_passenger,other_activity_type,home,1900-01-01 11:20:00,1900-01-01 13:43:13,143,149.6,unknown_vehicle_type,unknown_fuel_type,,,,single_family,single_family,transportation_utilities,transportation_utilities,10416420448503987369,1575792055501241804,25.0,female,black_not_hispanic_or_latino,employed,employed_not_working,22791.0,private_auto,3.0,22791.0,zero,core,naics722515,single_family,not_attending_school,k_12,renter,english,"2 (Tract 53, Champaign, IL)","53 (Champaign, IL)","Champaign County, IL",Illinois,"1 (Tract 53, Champaign, IL)","53 (Champaign, IL)","Champaign County, IL",Illinois,3.84,8.15796795865633,11,UIUC1,"3.01 (Champaign, IL)",1900-01-01 12:43:50.400000000,12,21.58333333333333,Chicago2_ord,"9800 (Cook, IL)",16.4201028429189,70,95.42333333333333,10,124.57807080157522,143,3.0,89.75999999999999,1,0,0
11008719759705263470,"2 (Tract 53, Champaign, IL)","53 (Champaign, IL)","Champaign County, IL",Illinois,"1 (Tract 9800, Cook, IL)","9800 (Cook, IL)","Cook County, IL",Illinois,auto_passenger,other_activity_type,home,1900-01-01 16:43:19,1900-01-01 19:05:37,142,149.7,unknown_vehicle_type,unknown_fuel_type,,,,single_family,single_family,transportation_utilities,transportation_utilities,10416420448503987369,1575792055501241804,25.0,female,black_not_hispanic_or_latino,employed,employed_not_working,22791.0,private_auto,3.0,22791.0,zero,core,naics722515,single_family,not_attending_school,k_12,renter,english,"2 (Tract 53, Champaign, IL)","53 (Champaign, IL)","Champaign County, IL",Illinois,"1 (Tract 53, Champaign, IL)","53 (Champaign, IL)","Champaign County, IL",Illinois,3.6666666666666665,8.08516795865633,16,UIUC1,"3.01 (Champaign, IL)",1900-01-01 18:06:59.000000002,18,21.051987767584095,Chicago2_ord,"9800 (Cook, IL)",16.196937705304222,70,94.71865443425077,10,124.28210566396055,142,3.0,89.82,1,0,0
8484365477024545737,"2 (Tract 55, Champaign, IL)","55 (Champaign, IL)","Champaign County, IL",Illinois,"1 (Tract 9800, Cook, IL)","9800 (Cook, IL)","Cook County, IL",Illinois,private_auto,social,shop,1900-01-01 15:26:00,1900-01-01 18:35:17,189,143.6,unknown_vehicle_type,other_non_bev,,,,retail,retail,retail,retail,1342002026353225745,17932068765107387196,23.0,male,black_not_hispanic_or_latino,employed,employed_not_working,6511.0,private_auto,3.0,29411.0,two,core,naics721110,single_family,not_attending_school,some_college,renter,english,"2 (Tract 53, Champaign, IL)","53 (Champaign, IL)","Champaign County, IL",Illinois,"1 (Tract 53, Champaign, IL)","53 (Champaign, IL)","Champaign County, IL",Illinois,6.111111111111111,10.586245614035086,15,UIUC1,"3.01 (Champaign, IL)",1900-01-01 16:52:06.666666666,16,19.617511520737327,Chicago2_ord,"9800 (Cook, IL)",15.59445768162858,70,95.72862263184844,10,126.18070329566366,189,3.0,86.16,1,0,0
10796557941864114268,"2 (Tract 3.01, Champaign, IL)","3.01 (Champaign, IL)","Champaign County, IL",Illinois,"1 (Tract 9800, Cook, IL)","9800 (Cook, IL)","Cook County, IL",Illinois,auto_passenger,region_departure,shop,1900-01-01 18:08:00,1900-01-01 21:10:33,182,141.4,unknown_vehicle_type,unknown_fuel_type,,,,mixed_use,retail,transportation_utilities,transportation_utilities,3010162448508253085,3829240716861405936,48.0,female,white_not_hispanic_or_latino,employed,employed_not_working,60385.0,private_auto,4.0,157002.0,three_plus,core,naics62,single_family,not_attending_school,some_college,owner,english,"2 (Tract 56.01, McLean, IL)","56.01 (McLean, IL)","McLean County, IL",Illinois,"3 (Tract 58, McLean, IL)","58 (McLean, IL)","McLean County, IL",Illinois,0.8979591836734694,4.9543251374623924,18,UIUC1,"3.01 (Champaign, IL)",1900-01-01 19:28:53.877551022,19,22.59433962264151,Chicago2_ord,"9800 (Cook, IL)",16.844725484428338,70,93.49229880631498,10,121.79905062189073,182,3.0,84.84,0,1,0
799765511770412586,"3 (Tract 8, Champaign, IL)","8 (Champaign, IL)","Champaign County, IL",Illinois,"1 (Tract 9800, Cook, IL)","9800 (Cook, IL)","Cook County, IL",Illinois,private_auto,region_departure,eat,1900-01-01 21:43:00,1900-01-01 00:04:34,141,149.5,unknown_vehicle_type,other_non_bev,,,,retail,retail,transportation_utilities,transportation_utilities,18299459973769453749,2965743827590016521,52.0,male,white_not_hispanic_or_latino,employed,employed_not_working,59691.0,private_auto,5.0,140004.0,three_plus,core,naics3399,single_family,not_attending_school,some_college,owner,spanish,"2 (Tract 9714, De Witt, IL)","9714 (De Witt, IL)","De Witt County, IL",Illinois,"3 (Tract 8, Champaign, IL)","8 (Champaign, IL)","Champaign County, IL",Illinois,6.090909090909091,11.770407966591712,21,UIUC1,"3.01 (Champaign, IL)",1900-01-01 23:09:05.454545454,23,27.166666666666668,Chicago2_ord,"9800 (Cook, IL)",18.765102842918903,70,103.25757575757576,10,130.5355108095106,141,3.0,89.7,0,1,0
9038160627640434576,"5 (Tract 10, Champaign, IL)","10 (Champaign, IL)","Champaign County, IL",Illinois,"3 (Tract 203.02, Cook, IL)","203.02 (Cook, IL)","Cook County, IL",Illinois,private_auto,recreation,eat,1900-01-01 20:14:00,1900-01-01 22:40:09,146,145.3,unknown_vehicle_type,other_non_bev,,,,retail,retail,mixed_use,open_space,7118379176171413771,2364845415185976559,75.0,female,white_not_hispanic_or_latino,employed,employed_not_working,50466.0,private_auto,1.0,50466.0,two,core,naics522310,single_family,not_attending_school,high_school,owner,english,"3 (Tract 11, Champaign, IL)","11 (Champaign, IL)","Champaign County, IL",Illinois,"5 (Tract 12.01, Champaign, IL)","12.01 (Champaign, IL)","Champaign County, IL",Illinois,6.375,11.142881165919281,20,UIUC1,"3.01 (Champaign, IL)",1900-01-01 21:40:22.500000000,21,23.0,Chicago2_ord,"9800 (Cook, IL)",36.315555555555555,70,99.375,10,147.45843672147484,146,3.0,87.18,0,1,0
5159725750568001649,"3 (Tract 3.01, Champaign, IL)","3.01 (Champaign, IL)","Champaign County, IL",Illinois,"1 (Tract 1506, Cook, IL)","1506 (Cook, IL)","Cook County, IL",Illinois,private_auto,shop,home,1900-01-01 09:31:00,1900-01-01 12:05:48,154,145.1,unknown_vehicle_type,other_non_bev,,,,multi_family,multi_family,mixed_use,retail,7686320327049052482,2951035901547166534,21.0,male,white_not_hispanic_or_latino,employed,employed_not_working,6955.0,worked_from_home,2.0,25722.0,one,core,naics61,multiple_units,undergraduate,some_college,renter,spanish,"3 (Tract 3.01, Champaign, IL)","3.01 (Champaign, IL)","Champaign County, IL",Illinois,"1 (Tract 3.01, Champaign, IL)","3.01 (Champaign, IL)","Champaign County, IL",Illinois,0.868421052631579,4.941919122424799,9,UIUC1,"3.01 (Champaign, IL)",1900-01-01 10:51:52.105263156,10,21.0,Chicago2_ord,"9800 (Cook, IL)",27.000597014925372,70,91.86842105263158,10,131.94251613735017,154,3.0,87.05999999999999,1,0,0
2754866726030590372,"3 (Tract 3.01, Champaign, IL)","3.01 (Champaign, IL)","Champaign County, IL",Illinois,"1 (Tract 1506, Cook, IL)","1506 (Cook, IL)","Cook County, IL",Illinois,private_auto,shop,home,1900-01-01 19:06:32,1900-01-01 21:33:21,146,149.0,unknown_vehicle_type,other_non_bev,,,,multi_family,multi_family,mixed_use,retail,7686320327049052482,2951035901547166534,21.0,male,white_not_hispanic_or_latino,employed,employed_not_working,6955.0,worked_from_home,2.0,25722.0,one,core,naics61,multiple_units,undergraduate,some_college,renter,spanish,"3 (Tract 3.01, Champaign, IL)","3.01 (Champaign, IL)","Champaign County, IL",Illinois,"1 (Tract 3.01, Champaign, IL)","3.01 (Champaign, IL)","Champaign County, IL",Illinois,0.903448275862069,4.956630556181604,19,UIUC1,"3.01 (Champaign, IL)",1900-01-01 20:27:26.206896554,20,18.846153846153847,Chicago2_ord,"9800 (Cook, IL)",26.09598163030999,70,89.74960212201592,10,131.0526121864916,146,3.0,89.39999999999999,1,0,0
16214665806765810446,"3 (Tract 3.01, Champaign, IL)","3.01 (Champaign, IL)","Champaign County, IL",Illinois,"6 (Tract 1503, Cook, IL)","1503 (Cook, IL)","Cook County, IL",Illinois,private_auto,shop,home,1900-01-01 09:54:00,1900-01-01 12:29:46,155,148.3,unknown_vehicle_type,other_non_bev,,,,multi_family,multi_family,retail,retail,8316777614291492716,9160252152576612902,22.0,female,white_not_hispanic_or_latino,employed,employed_not_working,29678.0,worked_from_home,1.0,29678.0,one,core,naics61,multiple_units,graduate,bachelors_degree,renter,english,"3 (Tract 3.01, Champaign, IL)","3.01 (Champaign, IL)","Champaign County, IL",Illinois,"2 (Tract 3.01, Champaign, IL)","3.01 (Champaign, IL)","Champaign County, IL",Illinois,0.868421052631579,4.941919122424799,9,UIUC1,"3.01 (Champaign, IL)",1900-01-01 11:14:52.105263156,11,20.5625,Chicago2_ord,"9800 (Cook, IL)",26.642296511627908,70,91.43092105263158,10,131.5842156340527,155,3.0,88.98,1,0,0
5777839935141647695,"3 (Tract 3.01, Champaign, IL)","3.01 (Champaign, IL)","Champaign County, IL",Illinois,"1 (Tract 1504.02, Cook, IL)","1504.02 (Cook, IL)","Cook County, IL",Illinois,auto_passenger,shop,home,1900-01-01 09:57:00,1900-01-01 12:30:30,153,148.2,unknown_vehicle_type,unknown_fuel_type,,,,multi_family,multi_family,retail,retail,8246278716087118148,224673576637371471,28.0,female,two_races_not_hispanic_or_latino,employed,employed_not_working,23183.0,worked_from_home,2.0,46367.0,zero,core,naics61,multiple_units,graduate,advanced_degree,renter,indo_european,"3 (Tract 3.01, Champaign, IL)","3.01 (Champaign, IL)","Champaign County, IL",Illinois,"1 (Tract 3.01, Champaign, IL)","3.01 (Champaign, IL)","Champaign County, IL",Illinois,0.868421052631579,4.941919122424799,9,UIUC1,"3.01 (Champaign, IL)",1900-01-01 11:17:52.105263156,11,17.205882352941178,Chicago2_ord,"9800 (Cook, IL)",25.27904442789774,70,88.07430340557275,10,130.22096355032252,153,3.0,88.91999999999999,1,0,0
7329321103326483806,"3 (Tract 3.01, Champaign, IL)","3.01 (Champaign, IL)","Champaign County, IL",Illinois,"6 (Tract 1503, Cook, IL)","1503 (Cook, IL)","Cook County, IL",Illinois,private_auto,shop,home,1900-01-01 09:44:00,1900-01-01 12:19:44,155,148.2,unknown_vehicle_type,other_non_bev,,,,multi_family,multi_family,retail,retail,9043814054305699281,11007376788278011451,20.0,female,asian_not_hispanic_or_latino,employed,employed_not_working,6511.0,worked_from_home,3.0,24962.0,zero,core,naics61,multiple_units,undergraduate,high_school,renter,asian_pacific,"3 (Tract 3.01, Champaign, IL)","3.01 (Champaign, IL)","Champaign County, IL",Illinois,"3 (Tract 3.01, Champaign, IL)","3.01 (Champaign, IL)","Champaign County, IL",Illinois,0.868421052631579,4.941919122424799,9,UIUC1,"3.01 (Champaign, IL)",1900-01-01 11:04:52.105263156,11,20.5625,Chicago2_ord,"9800 (Cook, IL)",26.642296511627908,70,91.43092105263158,10,131.5842156340527,155,3.0,88.91999999999999,1,0,0
10747053251343854659,"3 (Tract 53, Champaign, IL)","53 (Champaign, IL)","Champaign County, IL",Illinois,"1 (Tract 9800, Cook, IL)","9800 (Cook, IL)","Cook County, IL",Illinois,private_auto,other_activity_type,shop,1900-01-01 18:20:00,1900-01-01 21:13:42,173,140.8,unknown_vehicle_type,other_non_bev,,,,retail,retail,transportation_utilities,transportation_utilities,1018917183233781473,213134296899073266,22.0,female,white_not_hispanic_or_latino,employed,employed_not_working,18115.0,walking,4.0,47378.0,one,core,naics61,multiple_units,undergraduate,some_college,renter,asian_pacific,"3 (Tract 53, Champaign, IL)","53 (Champaign, IL)","Champaign County, IL",Illinois,"1 (Tract 53, Champaign, IL)","53 (Champaign, IL)","Champaign County, IL",Illinois,3.03125,7.818292958656332,18,UIUC1,"3.01 (Champaign, IL)",1900-01-01 19:43:01.875000000,19,22.59433962264151,Chicago2_ord,"9800 (Cook, IL)",16.844725484428338,70,95.62558962264151,10,124.66301844308467,173,3.0,84.48,1,0,0
4392878008853293799,"3 (Tract 56.01, Champaign, IL)","56.01 (Champaign, IL)","Champaign County, IL",Illinois,"1 (Tract 9800, Cook, IL)","9800 (Cook, IL)","Cook County, IL",Illinois,private_auto,region_departure,shop,1900-01-01 23:40:00,1900-01-01 02:10:09,150,153.0,unknown_vehicle_type,other_non_bev,,,,mixed_use,office,transportation_utilities,transportation_utilities,13663858659988192446,8309314993551092987,31.0,male,white_not_hispanic_or_latino,employed,employed_not_working,69459.0,private_auto,5.0,136748.0,two,core,naics2383,single_family,not_attending_school,some_college,owner,english,"3 (Tract 57, McLean, IL)","57 (McLean, IL)","McLean County, IL",Illinois,"3 (Tract 14.03, McLean, IL)","14.03 (McLean, IL)","McLean County, IL",Illinois,5.25,10.527028985507247,23,UIUC1,"3.01 (Champaign, IL)",1900-01-02 01:05:15.000000000,1,23.0,Chicago2_ord,"9800 (Cook, IL)",17.015102842918903,70,98.25,10,127.54213182842615,150,3.0,91.8,0,1,0
6605418297566724897,"2 (Tract 59.02, Champaign, IL)","59.02 (Champaign, IL)","Champaign County, IL",Illinois,"1 (Tract 9800, Cook, IL)","9800 (Cook, IL)","Cook County, IL",Illinois,private_auto,region_departure,school,1900-01-01 12:28:00,1900-01-01 14:57:11,149,151.8,unknown_vehicle_type,other_non_bev,,,,education,education,transportation_utilities,transportation_utilities,13419395170780724879,17852384893627885728,26.0,female,white_not_hispanic_or_latino,employed,employed_not_working,21738.0,private_auto,2.0,44685.0,two,core,naics72,single_family,undergraduate,some_college,owner,english,"3 (Tract 9620, Ford, IL)","9620 (Ford, IL)","Ford County, IL",Illinois,"3 (Tract 102.04, Champaign, IL)","102.04 (Champaign, IL)","Champaign County, IL",Illinois,2.218390804597701,6.181500311216234,12,UIUC1,"3.01 (Champaign, IL)",1900-01-01 13:50:13.103448276,13,20.77119784656797,Chicago2_ord,"9800 (Cook, IL)",16.07900593847745,70,92.98958865116568,10,122.26050624969369,149,3.0,91.08,1,0,0
726553120316211350,"2 (Tract 59.02, Champaign, IL)","59.02 (Champaign, IL)","Champaign County, IL",Illinois,"1 (Tract 9800, Cook, IL)","9800 (Cook, IL)","Cook County, IL",Illinois,auto_passenger,region_departure,social,1900-01-01 08:36:00,1900-01-01 11:23:02,167,153.9,unknown_vehicle_type,unknown_fuel_type,,,,education,education,transportation_utilities,transportation_utilities,13131014476075690969,17261856503343577575,25.0,female,white_not_hispanic_or_latino,employed,employed_not_working,23448.0,walking,2.0,59132.0,two,core,naics52,single_family,not_attending_school,bachelors_degree,renter,english,"4 (Tract 102, Vermilion, IL)","102 (Vermilion, IL)","Vermilion County, IL",Illinois,"1 (Tract 102, Vermilion, IL)","102 (Vermilion, IL)","Vermilion County, IL",Illinois,1.962264150943396,6.073927116681426,8,UIUC1,"3.01 (Champaign, IL)",1900-01-01 09:57:57.735849054,9,22.4282982791587,Chicago2_ord,"9800 (Cook, IL)",16.774988120165556,70,94.3905624301021,10,122.84891523684699,167,3.0,92.34,1,0,0
8993922237555447144,"1 (Tract 54.01, Champaign, IL)","54.01 (Champaign, IL)","Champaign County, IL",Illinois,"1 (Tract 9800, Cook, IL)","9800 (Cook, IL)","Cook County, IL",Illinois,auto_passenger,region_departure,work,1900-01-01 09:53:00,1900-01-01 13:01:45,188,143.2,unknown_vehicle_type,unknown_fuel_type,,,,retail,retail,transportation_utilities,transportation_utilities,10960523225609164453,16562359973144674233,39.0,female,white_not_hispanic_or_latino,employed,in_person,141090.0,private_auto,3.0,141090.0,one,core,naics31_33,single_family,not_attending_school,bachelors_degree,renter,english,"1 (Tract 1.03, Grundy, IL)","1.03 (Grundy, IL)","Grundy County, IL",Illinois,"1 (Tract 54.01, Champaign, IL)","54.01 (Champaign, IL)","Champaign County, IL",Illinois,5.181818181818182,10.124267827980404,9,UIUC1,"3.01 (Champaign, IL)",1900-01-01 11:18:10.909090908,11,21.22671568627451,Chicago2_ord,"9800 (Cook, IL)",16.270323431154196,70,96.40853386809269,10,126.3945912591346,188,3.0,85.91999999999999,0,1,0
12527919984198448797,"1 (Tract 59.01, Champaign, IL)","59.01 (Champaign, IL)","Champaign County, IL",Illinois,"1 (Tract 1002, Cook, IL)","1002 (Cook, IL)","Cook County, IL",Illinois,private_auto,home,eat,1900-01-01 22:59:00,1900-01-01 01:22:43,143,137.5,,,,,,retail,retail,multi_family,multi_family,8256693028849452971,4977005730744974708,24.0,male,white_not_hispanic_or_latino,employed,in_person,16279.0,private_auto,4.0,201867.0,three_plus,core,naics446110,multiple_units,not_attending_school,high_school,owner,indo_european,"1 (Tract 1002, Cook, IL)","1002 (Cook, IL)","Cook County, IL",Illinois,"3 (Tract 1004, Cook, IL)","1004 (Cook, IL)","Cook County, IL",Illinois,3.2222222222222223,6.98704761904762,22,UIUC1,"3.01 (Champaign, IL)",1900-01-02 00:22:13.333333332,0,13.0,Chicago2_ord,"9800 (Cook, IL)",21.192,70,86.22222222222223,10,128.17904761904762,143,3.0,82.5,1,0,0
5588111914107465774,"2 (Tract 9.01, Champaign, IL)","9.01 (Champaign, IL)","Champaign County, IL",Illinois,"3 (Tract 203.02, Cook, IL)","203.02 (Cook, IL)","Cook County, IL",Illinois,private_auto,recreation,other_activity_type,1900-01-01 21:00:00,1900-01-01 23:23:14,143,144.4,unknown_vehicle_type,other_non_bev,,,,education,education,mixed_use,open_space,18208910210695892170,3219239726520583572,52.0,male,black_not_hispanic_or_latino,employed,in_person,50603.0,private_auto,3.0,106761.0,three_plus,core,naics2389,single_family,not_attending_school,some_college,owner,english,"1 (Tract 11, Champaign, IL)","11 (Champaign, IL)","Champaign County, IL",Illinois,"1 (Tract 11, Champaign, IL)","11 (Champaign, IL)","Champaign County, IL",Illinois,6.0,11.338571428571429,21,UIUC1,"3.01 (Champaign, IL)",1900-01-01 22:26:00.000000000,22,23.0,Chicago2_ord,"9800 (Cook, IL)",36.315555555555555,70,99.0,10,147.65412698412698,143,3.0,86.64,0,1,0
17370573018698430479,"1 (Tract 11, Champaign, IL)","11 (Champaign, IL)","Champaign County, IL",Illinois,"3 (Tract 203.02, Cook, IL)","203.02 (Cook, IL)","Cook County, IL",Illinois,private_auto,shop,home,1900-01-01 22:22:00,1900-01-01 00:46:02,144,146.2,unknown_vehicle_type,other_non_bev,,,,single_family,single_family,mixed_use,retail,15132765160908674830,15561710551591397270,40.0,male,white_not_hispanic_or_latino,employed,in_person,60385.0,auto_passenger,4.0,108694.0,two,core,naics54,single_family,not_attending_school,bachelors_degree,owner,english,"1 (Tract 11, Champaign, IL)","11 (Champaign, IL)","Champaign County, IL",Illinois,"3 (Tract 11, Champaign, IL)","11 (Champaign, IL)","Champaign County, IL",Illinois,3.0,8.713246753246754,22,UIUC1,"3.01 (Champaign, IL)",1900-01-01 23:45:00.000000000,23,23.0,Chicago2_ord,"9800 (Cook, IL)",36.315555555555555,70,96.0,10,145.0288023088023,144,3.0,87.71999999999998,0,1,0
11055484942509667873,"2 (Tract 59.02, Champaign, IL)","59.02 (Champaign, IL)","Champaign County, IL",Illinois,"3 (Tract 203.02, Cook, IL)","203.02 (Cook, IL)","Cook County, IL",Illinois,private_auto,maintenance,work,1900-01-01 21:56:00,1900-01-01 00:20:40,144,145.8,unknown_vehicle_type,other_non_bev,,,,education,education,office,office,3776388348170668633,706706786284837145,32.0,female,white_not_hispanic_or_latino,employed,in_person,37722.0,private_auto,2.0,51995.0,one,core,naics522310,multiple_units,not_attending_school,some_college,renter,english,"1 (Tract 11, Champaign, IL)","11 (Champaign, IL)","Champaign County, IL",Illinois,"5 (Tract 12.01, Champaign, IL)","12.01 (Champaign, IL)","Champaign County, IL",Illinois,2.1724137931034484,6.162189966388647,21,UIUC1,"3.01 (Champaign, IL)",1900-01-01 23:18:10.344827586,23,23.0,Chicago2_ord,"9800 (Cook, IL)",36.315555555555555,70,95.17241379310344,10,142.4777455219442,144,3.0,87.48,1,0,0
15537220974735951638,"3 (Tract 53, Champaign, IL)","53 (Champaign, IL)","Champaign County, IL",Illinois,"1 (Tract 9800, Cook, IL)","9800 (Cook, IL)","Cook County, IL",Illinois,auto_passenger,social,shop,1900-01-01 09:56:00,1900-01-01 12:21:35,145,150.8,unknown_vehicle_type,unknown_fuel_type,,,,retail,retail,retail,retail,8352023840903392866,7492438486352799968,32.0,male,hispanic_or_latino_origin,employed,in_person,28491.0,walking,1.0,28491.0,zero,core,naics61,multiple_units,graduate,advanced_degree,renter,indo_european,"1 (Tract 111, Champaign, IL)","111 (Champaign, IL)","Champaign County, IL",Illinois,"1 (Tract 111, Champaign, IL)","111 (Champaign, IL)","Champaign County, IL",Illinois,3.5,8.01516795865633,9,UIUC1,"3.01 (Champaign, IL)",1900-01-01 11:19:30.000000000,11,21.22671568627451,Chicago2_ord,"9800 (Cook, IL)",16.270323431154196,70,94.7267156862745,10,124.28549138981053,145,3.0,90.48,1,0,0
16915507045573130643,"1 (Tract 2, Champaign, IL)","2 (Champaign, IL)","Champaign County, IL",Illinois,"1 (Tract 1506, Cook, IL)","1506 (Cook, IL)","Cook County, IL",Illinois,private_auto,home,eat,1900-01-01 22:29:52,1900-01-01 00:50:31,140,143.8,unknown_vehicle_type,other_non_bev,,,,retail,retail,multi_family,multi_family,9289422504007789882,15924017839270458951,39.0,female,hispanic_or_latino_origin,employed,in_person,75971.0,private_auto,2.0,75971.0,one,core,naics621610,several_units,not_attending_school,some_college,owner,spanish,"1 (Tract 1506, Cook, IL)","1506 (Cook, IL)","Cook County, IL",Illinois,"1 (Tract 8324, Cook, IL)","8324 (Cook, IL)","Cook County, IL",Illinois,1.6,6.068774193548388,22,UIUC1,"3.01 (Champaign, IL)",1900-01-01 23:51:28.000000000,23,14.0,Chicago2_ord,"9800 (Cook, IL)",24.060597014925374,70,85.6,10,130.12937120847377,140,3.0,86.28,0,1,0
2925644058285415268,"1 (Tract 8, Champaign, IL)","8 (Champaign, IL)","Champaign County, IL",Illinois,"1 (Tract 1601, Cook, IL)","1601 (Cook, IL)","Cook County, IL",Illinois,private_auto,home,eat,1900-01-01 13:16:58,1900-01-01 16:10:15,173,145.6,unknown_vehicle_type,other_non_bev,,,,retail,retail,multi_family,multi_family,13246586475326944683,15406135670691318145,23.0,female,hispanic_or_latino_origin,employed,in_person,15194.0,private_auto,3.0,98763.0,two,core,naics56,multiple_units,not_attending_school,some_college,renter,spanish,"1 (Tract 1601, Cook, IL)","1601 (Cook, IL)","Cook County, IL",Illinois,"1 (Tract 9800, Cook, IL)","9800 (Cook, IL)","Cook County, IL",Illinois,7.186440677966102,12.230531233155657,13,UIUC1,"3.01 (Champaign, IL)",1900-01-01 14:44:09.186440680,14,35.333333333333336,Chicago2_ord,"9800 (Cook, IL)",33.76315789473685,70,112.51977401129943,10,145.9936891278925,173,3.0,87.36,1,0,0
12971759663265555489,"2 (Tract 59.02, Champaign, IL)","59.02 (Champaign, IL)","Champaign County, IL",Illinois,"1 (Tract 9800, Cook, IL)","9800 (Cook, IL)","Cook County, IL",Illinois,auto_passenger,other_activity_type,work,1900-01-01 22:12:00,1900-01-01 00:37:17,145,151.1,unknown_vehicle_type,unknown_fuel_type,,,,education,education,transportation_utilities,transportation_utilities,6188839165923844312,5307306529210874026,22.0,female,white_not_hispanic_or_latino,employed,in_person,2170.0,auto_passenger,2.0,13023.0,two,core,naics44_45,multiple_units,not_attending_school,some_college,renter,spanish,"1 (Tract 58, Champaign, IL)","58 (Champaign, IL)","Champaign County, IL",Illinois,"1 (Tract 4.01, Champaign, IL)","4.01 (Champaign, IL)","Champaign County, IL",Illinois,2.0,6.089776173285199,22,UIUC1,"3.01 (Champaign, IL)",1900-01-01 23:34:00.000000000,23,27.166666666666668,Chicago2_ord,"9800 (Cook, IL)",18.765102842918903,70,99.16666666666667,10,124.85487901620411,145,3.0,90.66,1,0,0
11921903922594880658,"1 (Tract 13.01, Champaign, IL)","13.01 (Champaign, IL)","Champaign County, IL",Illinois,"1 (Tract 9800, Cook, IL)","9800 (Cook, IL)","Cook County, IL",Illinois,auto_passenger,eat,shop,1900-01-01 20:13:09,1900-01-01 22:41:19,148,152.3,unknown_vehicle_type,unknown_fuel_type,,,,retail,retail,retail,retail,4275649323834664856,8962501880687872686,37.0,male,hispanic_or_latino_origin,employed,in_person,82124.0,public_transit,2.0,118355.0,zero,core,naics52,multiple_units,not_attending_school,some_college,renter,spanish,"1 (Tract 622, Cook, IL)","622 (Cook, IL)","Cook County, IL",Illinois,"2 (Tract 3201.02, Cook, IL)","3201.02 (Cook, IL)","Cook County, IL",Illinois,4.04,9.494839215686273,20,UIUC1,"3.01 (Champaign, IL)",1900-01-01 21:37:11.400000000,21,19.76315789473684,Chicago2_ord,"9800 (Cook, IL)",15.655629158708376,70,93.80315789473684,10,125.15046837439465,148,3.0,91.38000000000001,0,1,0
17701681102313203346,"1 (Tract 3.02, Champaign, IL)","3.02 (Champaign, IL)","Champaign County, IL",Illinois,"1 (Tract 9800, Cook, IL)","9800 (Cook, IL)","Cook County, IL",Illinois,private_auto,other_activity_type,shop,1900-01-01 20:40:48,1900-01-01 23:02:42,141,148.1,unknown_vehicle_type,other_non_bev,,,,retail,retail,transportation_utilities,transportation_utilities,11697762640775214063,14752579409063614433,56.0,male,white_not_hispanic_or_latino,employed,in_person,39202.0,private_auto,1.0,39202.0,one,core,naics44_45,multiple_units,not_attending_school,some_college,owner,english,"1 (Tract 623, Cook, IL)","623 (Cook, IL)","Cook County, IL",Illinois,"2 (Tract 818, Cook, IL)","818 (Cook, IL)","Cook County, IL",Illinois,1.1764705882352942,5.168968595568309,20,UIUC1,"3.01 (Champaign, IL)",1900-01-01 22:01:58.588235292,22,18.94117647058824,Chicago2_ord,"9800 (Cook, IL)",15.310396960565964,70,90.11764705882354,10,120.47936555613428,141,3.0,88.86,1,0,0
9851933944018606988,"1 (Tract 3.01, Champaign, IL)","3.01 (Champaign, IL)","Champaign County, IL",Illinois,"1 (Tract 9800, Cook, IL)","9800 (Cook, IL)","Cook County, IL",Illinois,private_auto,social,shop,1900-01-01 20:52:41,1900-01-01 23:19:12,146,151.1,unknown_vehicle_type,other_non_bev,,,,retail,retail,retail,retail,15844613746079725351,4618392291073368536,38.0,female,white_not_hispanic_or_latino,employed,in_person,656995.0,public_transit,4.0,874383.0,one,core,naics23,single_family,not_attending_school,bachelors_degree,owner,english,"1 (Tract 628, Cook, IL)","628 (Cook, IL)","Cook County, IL",Illinois,"1 (Tract 2801, Cook, IL)","2801 (Cook, IL)","Cook County, IL",Illinois,0.9550561797752808,4.9783058758251535,20,UIUC1,"3.01 (Champaign, IL)",1900-01-01 22:13:38.303370788,22,18.94117647058824,Chicago2_ord,"9800 (Cook, IL)",15.310396960565964,70,89.89623265036352,10,120.28870283639112,146,3.0,90.66,0,0,1
1575494510082003072,"1 (Tract 13.01, Champaign, IL)","13.01 (Champaign, IL)","Champaign County, IL",Illinois,"1 (Tract 9800, Cook, IL)","9800 (Cook, IL)","Cook County, IL",Illinois,auto_passenger,eat,shop,1900-01-01 20:12:12,1900-01-01 22:40:34,148,152.2,unknown_vehicle_type,unknown_fuel_type,,,,mixed_use,office,retail,retail,4158552605839706571,5380894025567701023,26.0,female,white_not_hispanic_or_latino,employed,in_person,68591.0,public_transit,1.0,68591.0,zero,core,naics54,multiple_units,not_attending_school,bachelors_degree,renter,english,"1 (Tract 630, Cook, IL)","630 (Cook, IL)","Cook County, IL",Illinois,"2 (Tract 817, Cook, IL)","817 (Cook, IL)","Cook County, IL",Illinois,4.04,9.494839215686273,20,UIUC1,"3.01 (Champaign, IL)",1900-01-01 21:36:14.400000000,21,19.76315789473684,Chicago2_ord,"9800 (Cook, IL)",15.655629158708376,70,93.80315789473684,10,125.15046837439465,148,3.0,91.32,0,1,0
6555955687760265178,"2 (Tract 58, Champaign, IL)","58 (Champaign, IL)","Champaign County, IL",Illinois,"3 (Tract 207.02, Cook, IL)","207.02 (Cook, IL)","Cook County, IL",Illinois,private_auto,work,social,1900-01-01 09:57:00,1900-01-01 12:44:47,167,157.0,unknown_vehicle_type,other_non_bev,,,,single_family,single_family,education,education,11907057601563625403,17628797303635432723,63.0,male,white_not_hispanic_or_latino,employed,in_person,152666.0,other_travel_mode,1.0,0.0,unknown_num_vehicles,core,naics62,GQ_structure,not_attending_school,no_school,GQ,GQ_language,"1 (Tract 8082, Cook, IL)","8082 (Cook, IL)","Cook County, IL",Illinois,"3 (Tract 207.02, Cook, IL)","207.02 (Cook, IL)","Cook County, IL",Illinois,3.333333333333333,7.552530120481928,9,UIUC1,"3.01 (Champaign, IL)",1900-01-01 11:20:19.999999998,11,35.0,Chicago2_ord,"9800 (Cook, IL)",38.45142857142858,70,108.33333333333333,10,146.0039586919105,167,3.0,94.2,0,0,1
17763353846468302450,"1 (Tract 53, Champaign, IL)","53 (Champaign, IL)","Champaign County, IL",Illinois,"6 (Tract 1003, Cook, IL)","1003 (Cook, IL)","Cook County, IL",Illinois,private_auto,work,recreation,1900-01-01 14:54:00,1900-01-01 17:35:25,161,143.9,,,,,,mixed_use,non_retail_attraction,mixed_use,office,14753937105977352658,2366061238285321344,24.0,female,hispanic_or_latino_origin,employed,in_person,28985.0,private_auto,4.0,137679.0,three_plus,core,naics623,single_family,not_attending_school,bachelors_degree,owner,spanish,"1 (Tract 8173, Cook, IL)","8173 (Cook, IL)","Cook County, IL",Illinois,"6 (Tract 1003, Cook, IL)","1003 (Cook, IL)","Cook County, IL",Illinois,4.166666666666667,8.29516795865633,14,UIUC1,"3.01 (Champaign, IL)",1900-01-01 16:18:10.000000002,16,20.33333333333333,Chicago2_ord,"9800 (Cook, IL)",23.013714285714283,70,94.5,10,131.3088822443706,161,3.0,86.34,1,0,0
14630793913574281555,"1 (Tract 11, Champaign, IL)","11 (Champaign, IL)","Champaign County, IL",Illinois,"1 (Tract 9800, Cook, IL)","9800 (Cook, IL)","Cook County, IL",Illinois,private_auto,region_departure,social,1900-01-01 21:29:59,1900-01-01 23:57:00,147,153.7,unknown_vehicle_type,other_non_bev,,,,single_family,single_family,transportation_utilities,transportation_utilities,12119141879764173069,17941841970245533009,57.0,female,white_not_hispanic_or_latino,employed,in_person,35748.0,private_auto,3.0,46738.0,two,core,naics622110,single_family,not_attending_school,some_college,owner,english,"1 (Tract 9620, Ford, IL)","9620 (Ford, IL)","Ford County, IL",Illinois,"1 (Tract 9620, Ford, IL)","9620 (Ford, IL)","Ford County, IL",Illinois,4.666666666666667,9.413246753246753,21,UIUC1,"3.01 (Champaign, IL)",1900-01-01 22:54:39.000000002,22,18.94117647058824,Chicago2_ord,"9800 (Cook, IL)",15.310396960565964,70,93.60784313725492,10,124.72364371381272,147,3.0,92.21999999999998,1,0,0
14869024610958249689,"5 (Tract 58, Champaign, IL)","58 (Champaign, IL)","Champaign County, IL",Illinois,"2 (Tract 1510.02, Cook, IL)","1510.02 (Cook, IL)","Cook County, IL",Illinois,auto_passenger,shop,social,1900-01-01 07:26:00,1900-01-01 10:12:10,166,145.3,unknown_vehicle_type,unknown_fuel_type,,,,single_family,single_family,mixed_use,industrial,1828613024271357316,10548371607172013419,45.0,female,white_not_hispanic_or_latino,employed,in_person,23448.0,private_auto,5.0,166181.0,three_plus,core,naics61,single_family,not_attending_school,some_college,owner,english,"1 (Tract 9714, De Witt, IL)","9714 (De Witt, IL)","De Witt County, IL",Illinois,"2 (Tract 59.02, Champaign, IL)","59.02 (Champaign, IL)","Champaign County, IL",Illinois,3.230769230769231,7.509453197405006,7,UIUC1,"3.01 (Champaign, IL)",1900-01-01 08:49:13.846153848,8,22.0,Chicago2_ord,"9800 (Cook, IL)",29.46941176470588,70,95.23076923076923,10,136.9788649621109,166,3.0,87.18,1,0,0
653271951528002345,"2 (Tract 11, Champaign, IL)","11 (Champaign, IL)","Champaign County, IL",Illinois,"3 (Tract 203.02, Cook, IL)","203.02 (Cook, IL)","Cook County, IL",Illinois,private_auto,social,home,1900-01-01 22:14:00,1900-01-01 00:37:21,143,145.7,unknown_vehicle_type,other_non_bev,,,,single_family,single_family,multi_family,multi_family,7866211418434800600,3822543124083076837,60.0,female,white_not_hispanic_or_latino,employed,in_person,98532.0,auto_passenger,3.0,101856.0,two,core,naics54,single_family,not_attending_school,advanced_degree,owner,english,"2 (Tract 11, Champaign, IL)","11 (Champaign, IL)","Champaign County, IL",Illinois,"1 (Tract 11, Champaign, IL)","11 (Champaign, IL)","Champaign County, IL",Illinois,3.0,8.713246753246754,22,UIUC1,"3.01 (Champaign, IL)",1900-01-01 23:37:00.000000000,23,23.0,Chicago2_ord,"9800 (Cook, IL)",36.315555555555555,70,96.0,10,145.0288023088023,143,3.0,87.41999999999999,0,1,0
11653314454436769703,"2 (Tract 9.02, Champaign, IL)","9.02 (Champaign, IL)","Champaign County, IL",Illinois,"2 (Tract 1502, Cook, IL)","1502 (Cook, IL)","Cook County, IL",Illinois,auto_passenger,home,social,1900-01-01 02:15:27,1900-01-01 04:33:27,138,144.6,unknown_vehicle_type,unknown_fuel_type,,,,single_family,single_family,single_family,single_family,8792012667072782942,7612140043108546608,30.0,male,hispanic_or_latino_origin,employed,in_person,9442.0,auto_passenger,4.0,96266.0,one,core,naics722515,single_family,not_attending_school,high_school,renter,spanish,"2 (Tract 1502, Cook, IL)","1502 (Cook, IL)","Cook County, IL",Illinois,"1 (Tract 409, Cook, IL)","409 (Cook, IL)","Cook County, IL",Illinois,8.714285714285714,15.177749196141477,2,UIUC1,"3.01 (Champaign, IL)",1900-01-01 03:44:09.857142858,3,16.0,Chicago2_ord,"9800 (Cook, IL)",25.74864864864865,70,94.71428571428571,10,140.92639784479013,138,3.0,86.75999999999999,1,0,0
15264733951823751719,"3 (Tract 9.02, Champaign, IL)","9.02 (Champaign, IL)","Champaign County, IL",Illinois,"2 (Tract 1502, Cook, IL)","1502 (Cook, IL)","Cook County, IL",Illinois,auto_passenger,home,social,1900-01-01 00:26:52,1900-01-01 02:45:12,138,144.4,unknown_vehicle_type,unknown_fuel_type,,,,single_family,single_family,multi_family,multi_family,10916625834353408640,10474916246569966226,25.0,female,hispanic_or_latino_origin,employed,in_person,110107.0,auto_passenger,2.0,136105.0,one,core,naics622110,several_units,not_attending_school,bachelors_degree,renter,english,"2 (Tract 1502, Cook, IL)","1502 (Cook, IL)","Cook County, IL",Illinois,"5 (Tract 321, Cook, IL)","321 (Cook, IL)","Cook County, IL",Illinois,8.714285714285714,15.177749196141477,0,UIUC1,"3.01 (Champaign, IL)",1900-01-01 01:55:34.857142858,1,16.0,Chicago2_ord,"9800 (Cook, IL)",25.74864864864865,70,94.71428571428571,10,140.92639784479013,138,3.0,86.64,0,1,0
6365536542225568962,"1 (Tract 8, Champaign, IL)","8 (Champaign, IL)","Champaign County, IL",Illinois,"2 (Tract 1506, Cook, IL)","1506 (Cook, IL)","Cook County, IL",Illinois,private_auto,home,shop,1900-01-01 18:36:30,1900-01-01 21:15:10,158,137.1,unknown_vehicle_type,other_non_bev,,,,retail,retail,multi_family,multi_family,1991969416087469783,2688956708403392673,30.0,female,hispanic_or_latino_origin,employed,in_person,33861.0,private_auto,4.0,33861.0,one,core,naics62,several_units,not_attending_school,high_school,renter,english,"2 (Tract 1506, Cook, IL)","1506 (Cook, IL)","Cook County, IL",Illinois,"2 (Tract 8324, Cook, IL)","8324 (Cook, IL)","Cook County, IL",Illinois,7.183098591549296,12.229127556860599,18,UIUC1,"3.01 (Champaign, IL)",1900-01-01 20:03:40.985915490,20,18.846153846153847,Chicago2_ord,"9800 (Cook, IL)",26.09598163030999,70,96.02925243770315,10,138.3251091871706,158,3.0,82.25999999999999,1,0,0
463581292228199001,"2 (Tract 8, Champaign, IL)","8 (Champaign, IL)","Champaign County, IL",Illinois,"2 (Tract 1904.01, Cook, IL)","1904.01 (Cook, IL)","Cook County, IL",Illinois,auto_passenger,home,social,1900-01-01 08:41:59,1900-01-01 11:25:45,163,144.2,unknown_vehicle_type,unknown_fuel_type,,,,single_family,single_family,single_family,single_family,1066792793970363849,16384557376324370065,32.0,female,hispanic_or_latino_origin,employed,in_person,30388.0,private_auto,4.0,181029.0,three_plus,core,naics522110,single_family,not_attending_school,high_school,owner,spanish,"2 (Tract 1904.01, Cook, IL)","1904.01 (Cook, IL)","Cook County, IL",Illinois,"2 (Tract 1001, Cook, IL)","1001 (Cook, IL)","Cook County, IL",Illinois,7.6440677966101696,12.422734622986166,8,UIUC1,"3.01 (Champaign, IL)",1900-01-01 10:09:37.644067796,10,18.0,Chicago2_ord,"9800 (Cook, IL)",25.58666666666667,70,95.64406779661017,10,138.00940128965283,163,3.0,86.52,1,0,0
4249886863671231750,"1 (Tract 3.01, Champaign, IL)","3.01 (Champaign, IL)","Champaign County, IL",Illinois,"1 (Tract 9800, Cook, IL)","9800 (Cook, IL)","Cook County, IL",Illinois,private_auto,eat,shop,1900-01-01 08:43:00,1900-01-01 11:55:08,192,141.5,unknown_vehicle_type,other_non_bev,,,,retail,retail,retail,retail,10841750020772162192,12824417753251666075,21.0,female,hispanic_or_latino_origin,employed,in_person,20168.0,biking,3.0,23791.0,one,core,naics722410,several_units,undergraduate,some_college,renter,spanish,"2 (Tract 58, Champaign, IL)","58 (Champaign, IL)","Champaign County, IL",Illinois,"1 (Tract 111, Champaign, IL)","111 (Champaign, IL)","Champaign County, IL",Illinois,0.8157894736842105,4.919813859266903,8,UIUC1,"3.01 (Champaign, IL)",1900-01-01 10:03:48.947368422,10,20.56338028169014,Chicago2_ord,"9800 (Cook, IL)",15.991722561228762,70,91.37916975537435,10,120.91153642049568,192,3.0,84.89999999999999,1,0,0
907378526696395252,"1 (Tract 8, Champaign, IL)","8 (Champaign, IL)","Champaign County, IL",Illinois,"1 (Tract 9800, Cook, IL)","9800 (Cook, IL)","Cook County, IL",Illinois,private_auto,other_activity_type,shop,1900-01-01 20:09:26,1900-01-01 22:28:44,139,146.7,unknown_vehicle_type,other_non_bev,,,,office,office,transportation_utilities,transportation_utilities,12409398272837095532,16825559802322465558,31.0,female,white_not_hispanic_or_latino,employed,in_person,219196.0,public_transit,2.0,387416.0,one,core,naics5416,several_units,not_attending_school,advanced_degree,owner,english,"2 (Tract 622, Cook, IL)","622 (Cook, IL)","Cook County, IL",Illinois,"1 (Tract 815, Cook, IL)","815 (Cook, IL)","Cook County, IL",Illinois,6.67741935483871,12.016742277442152,20,UIUC1,"3.01 (Champaign, IL)",1900-01-01 21:36:06.645161288,21,19.76315789473684,Chicago2_ord,"9800 (Cook, IL)",15.655629158708376,70,96.44057724957554,10,127.67237143615053,139,3.0,88.02,0,0,1
12389548974098452268,"1 (Tract 111, Champaign, IL)","111 (Champaign, IL)","Champaign County, IL",Illinois,"3 (Tract 1301, Cook, IL)","1301 (Cook, IL)","Cook County, IL",Illinois,auto_passenger,work,eat,1900-01-01 12:40:00,1900-01-01 15:21:09,161,145.5,unknown_vehicle_type,unknown_fuel_type,,,,retail,retail,education,education,18302558327450942867,13256758306009080486,46.0,female,asian_not_hispanic_or_latino,employed,in_person,108530.0,auto_passenger,9.0,156827.0,two,core,naics62,single_family,not_attending_school,advanced_degree,owner,asian_pacific,"2 (Tract 8053.01, Cook, IL)","8053.01 (Cook, IL)","Cook County, IL",Illinois,"3 (Tract 1301, Cook, IL)","1301 (Cook, IL)","Cook County, IL",Illinois,2.833333333333333,7.046078431372549,12,UIUC1,"3.01 (Champaign, IL)",1900-01-01 14:02:49.999999998,14,26.33333333333333,Chicago2_ord,"9800 (Cook, IL)",33.49,70,99.16666666666666,10,140.53607843137254,161,3.0,87.3,0,1,0
4355358853893435671,"1 (Tract 111, Champaign, IL)","111 (Champaign, IL)","Champaign County, IL",Illinois,"5 (Tract 8318, Cook, IL)","8318 (Cook, IL)","Cook County, IL",Illinois,private_auto,work,eat,1900-01-01 12:32:39,1900-01-01 15:09:42,157,145.6,unknown_vehicle_type,other_non_bev,,,,retail,retail,education,education,9186661517270091463,17174834459095233294,46.0,female,asian_not_hispanic_or_latino,employed,in_person,78501.0,private_auto,3.0,175118.0,two,core,naics624410,single_family,not_attending_school,bachelors_degree,owner,asian_pacific,"2 (Tract 8053.02, Cook, IL)","8053.02 (Cook, IL)","Cook County, IL",Illinois,"5 (Tract 8318, Cook, IL)","8318 (Cook, IL)","Cook County, IL",Illinois,2.833333333333333,7.046078431372549,12,UIUC1,"3.01 (Champaign, IL)",1900-01-01 13:55:28.999999998,13,20.4,Chicago2_ord,"9800 (Cook, IL)",30.678232558139534,70,93.23333333333332,10,137.72431098951208,157,3.0,87.36,0,1,0
4776022552604395607,"2 (Tract 3.01, Champaign, IL)","3.01 (Champaign, IL)","Champaign County, IL",Illinois,"3 (Tract 902, Cook, IL)","902 (Cook, IL)","Cook County, IL",Illinois,private_auto,eat,eat,1900-01-01 09:58:22,1900-01-01 12:32:32,154,146.9,unknown_vehicle_type,other_non_bev,,,,retail,retail,mixed_use,retail,2954634885236225293,17558363023369491169,61.0,female,white_not_hispanic_or_latino,employed,in_person,162285.0,private_auto,2.0,181296.0,two,core,naics61,single_family,not_attending_school,advanced_degree,owner,english,"2 (Tract 8058.01, Cook, IL)","8058.01 (Cook, IL)","Cook County, IL",Illinois,"3 (Tract 8059.02, Cook, IL)","8059.02 (Cook, IL)","Cook County, IL",Illinois,0.868421052631579,4.941919122424799,9,UIUC1,"3.01 (Champaign, IL)",1900-01-01 11:19:14.105263156,11,14.5,Chicago2_ord,"9800 (Cook, IL)",21.25,70,85.36842105263158,10,126.19191912242479,154,3.0,88.14,0,0,1
9770716425196303761,"3 (Tract 8, Champaign, IL)","8 (Champaign, IL)","Champaign County, IL",Illinois,"2 (Tract 8400, DuPage, IL)","8400 (DuPage, IL)","DuPage County, IL",Illinois,auto_passenger,work,shop,1900-01-01 16:19:00,1900-01-01 18:40:37,141,133.5,,unknown_fuel_type,,,,retail,retail,transportation_utilities,transportation_utilities,5920179500321455547,18316649635970392350,47.0,male,black_not_hispanic_or_latino,employed,in_person,175118.0,auto_passenger,4.0,239489.0,three_plus,core,naics48_49,single_family,not_attending_school,some_college,owner,english,"2 (Tract 8806.02, Will, IL)","8806.02 (Will, IL)","Will County, IL",Illinois,"2 (Tract 8400, DuPage, IL)","8400 (DuPage, IL)","DuPage County, IL",Illinois,7.610169491525424,12.408497334850573,16,UIUC1,"3.01 (Champaign, IL)",1900-01-01 17:46:36.610169490,17,22.5,Chicago2_ord,"9800 (Cook, IL)",24.331818181818182,70,100.11016949152543,10,136.74031551666877,141,3.0,80.1,0,0,1
4605199243634314000,"5 (Tract 58, Champaign, IL)","58 (Champaign, IL)","Champaign County, IL",Illinois,"1 (Tract 1612, Cook, IL)","1612 (Cook, IL)","Cook County, IL",Illinois,private_auto,social,shop,1900-01-01 10:25:00,1900-01-01 12:59:34,154,144.5,unknown_vehicle_type,other_non_bev,,,,non_retail_attraction,non_retail_attraction,single_family,single_family,17484227974992968447,5267970810938698477,37.0,female,white_not_hispanic_or_latino,employed,in_person,54265.0,private_auto,5.0,130236.0,two,core,naics11,single_family,not_attending_school,some_college,owner,english,"2 (Tract 9508, Iroquois, IL)","9508 (Iroquois, IL)","Iroquois County, IL",Illinois,"1 (Tract 9.02, Champaign, IL)","9.02 (Champaign, IL)","Champaign County, IL",Illinois,3.216216216216216,7.5033409312927395,10,UIUC1,"3.01 (Champaign, IL)",1900-01-01 11:48:12.972972972,11,20.375,Chicago2_ord,"9800 (Cook, IL)",30.2975,70,93.59121621621621,10,137.80084093129273,154,3.0,86.7,0,1,0
3130600402005593793,"1 (Tract 8, Champaign, IL)","8 (Champaign, IL)","Champaign County, IL",Illinois,"1 (Tract 9800, Cook, IL)","9800 (Cook, IL)","Cook County, IL",Illinois,auto_passenger,region_departure,eat,1900-01-01 09:34:00,1900-01-01 12:38:46,184,140.2,unknown_vehicle_type,unknown_fuel_type,,,,retail,retail,transportation_utilities,transportation_utilities,2279341816161962668,16913296780296786059,42.0,female,white_not_hispanic_or_latino,employed,in_person,38741.0,private_auto,2.0,89717.0,three_plus,core,naics11,single_family,not_attending_school,some_college,owner,english,"2 (Tract 9617, Ford, IL)","9617 (Ford, IL)","Ford County, IL",Illinois,"3 (Tract 9617, Ford, IL)","9617 (Ford, IL)","Ford County, IL",Illinois,7.25,12.257226148409895,9,UIUC1,"3.01 (Champaign, IL)",1900-01-01 11:01:15.000000000,11,21.22671568627451,Chicago2_ord,"9800 (Cook, IL)",16.270323431154196,70,98.4767156862745,10,128.5275495795641,184,3.0,84.11999999999999,1,0,0
14695478873522110219,"3 (Tract 111, Champaign, IL)","111 (Champaign, IL)","Champaign County, IL",Illinois,"1 (Tract 9800, Cook, IL)","9800 (Cook, IL)","Cook County, IL",Illinois,auto_passenger,social,home,1900-01-01 16:48:00,1900-01-01 20:08:29,200,147.4,unknown_vehicle_type,unknown_fuel_type,,,,single_family,single_family,retail,retail,3189012470179292757,10607287093962420784,35.0,female,white_not_hispanic_or_latino,employed,in_person,68854.0,private_auto,6.0,322902.0,two,core,naics622110,single_family,not_attending_school,bachelors_degree,owner,english,"3 (Tract 111, Champaign, IL)","111 (Champaign, IL)","Champaign County, IL",Illinois,"1 (Tract 53, Champaign, IL)","53 (Champaign, IL)","Champaign County, IL",Illinois,2.702702702702702,6.991213566507684,16,UIUC1,"3.01 (Champaign, IL)",1900-01-01 18:10:42.162162162,18,21.051987767584095,Chicago2_ord,"9800 (Cook, IL)",16.196937705304222,70,93.7546904702868,10,123.1881512718119,200,3.0,88.44,0,1,0
8571808283535727675,"3 (Tract 3.01, Champaign, IL)","3.01 (Champaign, IL)","Champaign County, IL",Illinois,"3 (Tract 1512, Cook, IL)","1512 (Cook, IL)","Cook County, IL",Illinois,private_auto,home,shop,1900-01-01 23:56:18,1900-01-01 02:21:56,145,145.4,unknown_vehicle_type,other_non_bev,,,,retail,retail,single_family,single_family,3042989430469478369,15956166635125331386,42.0,male,hispanic_or_latino_origin,employed,in_person,11826.0,private_auto,2.0,40372.0,one,core,naics44_45,single_family,not_attending_school,k_12,owner,english,"3 (Tract 1512, Cook, IL)","1512 (Cook, IL)","Cook County, IL",Illinois,"3 (Tract 6609, Cook, IL)","6609 (Cook, IL)","Cook County, IL",Illinois,1.0714285714285714,5.027182280319535,23,UIUC1,"3.01 (Champaign, IL)",1900-01-02 01:17:22.285714284,1,20.0,Chicago2_ord,"9800 (Cook, IL)",27.168148148148152,70,91.07142857142857,10,132.19533042846768,145,3.0,87.24,1,0,0
13411419887653194108,"1 (Tract 111, Champaign, IL)","111 (Champaign, IL)","Champaign County, IL",Illinois,"1 (Tract 9800, Cook, IL)","9800 (Cook, IL)","Cook County, IL",Illinois,auto_passenger,eat,work,1900-01-01 19:25:00,1900-01-01 21:52:02,147,151.8,unknown_vehicle_type,unknown_fuel_type,,,,transportation_utilities,transportation_utilities,retail,retail,10311362768532786140,3683328273830557897,56.0,male,asian_not_hispanic_or_latino,employed,in_person,33815.0,auto_passenger,3.0,99877.0,two,core,naics48_49,multiple_units,not_attending_school,advanced_degree,renter,asian_pacific,"3 (Tract 58, Champaign, IL)","58 (Champaign, IL)","Champaign County, IL",Illinois,"1 (Tract 111, Champaign, IL)","111 (Champaign, IL)","Champaign County, IL",Illinois,2.111111111111111,6.742745098039216,19,UIUC1,"3.01 (Champaign, IL)",1900-01-01 20:47:06.666666666,20,21.420289855072465,Chicago2_ord,"9800 (Cook, IL)",16.35162458204934,70,93.53140096618358,10,123.09436968008856,147,3.0,91.08,1,0,0
6802145503110700085,"1 (Tract 8, Champaign, IL)","8 (Champaign, IL)","Champaign County, IL",Illinois,"1 (Tract 9800, Cook, IL)","9800 (Cook, IL)","Cook County, IL",Illinois,private_auto,social,shop,1900-01-01 20:11:20,1900-01-01 22:32:47,141,149.0,unknown_vehicle_type,other_non_bev,,,,retail,retail,retail,retail,14550401321689594867,17936701956041923065,24.0,male,white_not_hispanic_or_latino,employed,in_person,108530.0,public_transit,3.0,325592.0,one,core,naics5412,several_units,not_attending_school,bachelors_degree,renter,english,"3 (Tract 629, Cook, IL)","629 (Cook, IL)","Cook County, IL",Illinois,"2 (Tract 8391, Cook, IL)","8391 (Cook, IL)","Cook County, IL",Illinois,6.67741935483871,12.016742277442152,20,UIUC1,"3.01 (Champaign, IL)",1900-01-01 21:38:00.645161288,21,19.76315789473684,Chicago2_ord,"9800 (Cook, IL)",15.655629158708376,70,96.44057724957554,10,127.67237143615053,141,3.0,89.39999999999999,0,1,0
13624300012703002368,"4 (Tract 5, Champaign, IL)","5 (Champaign, IL)","Champaign County, IL",Illinois,"1 (Tract 9800, Cook, IL)","9800 (Cook, IL)","Cook County, IL",Illinois,private_auto,region_departure,social,1900-01-01 16:41:00,1900-01-01 19:07:45,146,151.4,unknown_vehicle_type,other_non_bev,,,,single_family,single_family,transportation_utilities,transportation_utilities,7979070205298009070,14878071678090715468,23.0,female,white_not_hispanic_or_latino,employed,in_person,28985.0,private_auto,4.0,136471.0,three_plus,core,naics622110,single_family,graduate,bachelors_degree,owner,english,"3 (Tract 9507, Iroquois, IL)","9507 (Iroquois, IL)","Iroquois County, IL",Illinois,"1 (Tract 53, Champaign, IL)","53 (Champaign, IL)","Champaign County, IL",Illinois,2.5806451612903225,6.873379164463247,16,UIUC1,"3.01 (Champaign, IL)",1900-01-01 18:03:34.838709678,18,21.051987767584095,Chicago2_ord,"9800 (Cook, IL)",16.196937705304222,70,93.63263292887441,10,123.07031686976747,146,3.0,90.84,1,0,0
3652710774863671883,"2 (Tract 110.02, Champaign, IL)","110.02 (Champaign, IL)","Champaign County, IL",Illinois,"2 (Tract 8400, DuPage, IL)","8400 (DuPage, IL)","DuPage County, IL",Illinois,auto_passenger,work,shop,1900-01-01 14:32:22,1900-01-01 16:57:15,144,145.2,unknown_vehicle_type,unknown_fuel_type,,,,retail,retail,transportation_utilities,transportation_utilities,15446655373478010715,17416211101999713790,29.0,female,black_not_hispanic_or_latino,employed,in_person,48308.0,auto_passenger,6.0,94201.0,one,core,naics48_49,single_family,school,k_12,renter,english,"4 (Tract 4913, Cook, IL)","4913 (Cook, IL)","Cook County, IL",Illinois,"2 (Tract 8400, DuPage, IL)","8400 (DuPage, IL)","DuPage County, IL",Illinois,1.75,6.164064039408868,14,UIUC1,"3.01 (Champaign, IL)",1900-01-01 15:54:07.000000000,15,23.5,Chicago2_ord,"9800 (Cook, IL)",24.751818181818184,70,95.25,10,130.91588222122706,144,3.0,87.11999999999999,0,1,0
17379324319400999304,"4 (Tract 5, Champaign, IL)","5 (Champaign, IL)","Champaign County, IL",Illinois,"1 (Tract 9800, Cook, IL)","9800 (Cook, IL)","Cook County, IL",Illinois,private_auto,other_activity_type,home,1900-01-01 06:01:00,1900-01-01 09:06:47,185,147.3,unknown_vehicle_type,other_non_bev,,,,multi_family,multi_family,transportation_utilities,transportation_utilities,3354658835657138539,6998618900851809817,27.0,male,asian_not_hispanic_or_latino,employed,in_person,23742.0,private_auto,1.0,23742.0,one,core,naics623110,multiple_units,not_attending_school,advanced_degree,renter,asian_pacific,"4 (Tract 5, Champaign, IL)","5 (Champaign, IL)","Champaign County, IL",Illinois,"1 (Tract 13.02, Champaign, IL)","13.02 (Champaign, IL)","Champaign County, IL",Illinois,2.888888888888889,7.002841530054645,6,UIUC1,"3.01 (Champaign, IL)",1900-01-01 07:23:53.333333334,7,22.70360824742268,Chicago2_ord,"9800 (Cook, IL)",16.89061830683643,70,95.59249713631156,10,123.89345983689107,185,3.0,88.38000000000001,1,0,0
10261439796478532289,"5 (Tract 12.01, Champaign, IL)","12.01 (Champaign, IL)","Champaign County, IL",Illinois,"1 (Tract 9800, Cook, IL)","9800 (Cook, IL)","Cook County, IL",Illinois,auto_passenger,other_activity_type,eat,1900-01-01 09:06:00,1900-01-01 11:29:56,143,152.5,unknown_vehicle_type,unknown_fuel_type,,,,retail,retail,transportation_utilities,transportation_utilities,13515368110537159903,12795241766475090861,33.0,female,white_not_hispanic_or_latino,employed,in_person,109216.0,auto_passenger,3.0,210123.0,one,core,naics61,single_family,not_attending_school,advanced_degree,owner,spanish,"4 (Tract 58, Champaign, IL)","58 (Champaign, IL)","Champaign County, IL",Illinois,"1 (Tract 4.01, Champaign, IL)","4.01 (Champaign, IL)","Champaign County, IL",Illinois,7.72,12.548492715231788,9,UIUC1,"3.01 (Champaign, IL)",1900-01-01 10:33:43.200000000,10,20.56338028169014,Chicago2_ord,"9800 (Cook, IL)",15.991722561228762,70,98.28338028169014,10,128.54021527646054,143,3.0,91.5,0,1,0
10305887633829950741,"1 (Tract 59.01, Champaign, IL)","59.01 (Champaign, IL)","Champaign County, IL",Illinois,"1 (Tract 7608.01, Cook, IL)","7608.01 (Cook, IL)","Cook County, IL",Illinois,private_auto,work,social,1900-01-01 16:13:00,1900-01-01 18:39:18,146,134.9,,,,,,education,education,office,office,6826357188508405588,5661194628157578157,57.0,female,black_not_hispanic_or_latino,employed,in_person,92734.0,private_auto,5.0,92734.0,two,core,naics531210,single_family,not_attending_school,some_college,owner,english,"4 (Tract 8300.04, Cook, IL)","8300.04 (Cook, IL)","Cook County, IL",Illinois,"1 (Tract 7608.01, Cook, IL)","7608.01 (Cook, IL)","Cook County, IL",Illinois,2.588235294117647,6.720773109243697,16,UIUC1,"3.01 (Champaign, IL)",1900-01-01 17:35:35.294117646,17,18.714285714285715,Chicago2_ord,"9800 (Cook, IL)",18.734117647058824,70,91.30252100840337,10,125.45489075630252,146,3.0,80.94,0,1,0
14648848101076370942,"1 (Tract 59.01, Champaign, IL)","59.01 (Champaign, IL)","Champaign County, IL",Illinois,"1 (Tract 9800, Cook, IL)","9800 (Cook, IL)","Cook County, IL",Illinois,private_auto,region_departure,work,1900-01-01 22:45:00,1900-01-01 01:11:43,146,151.8,unknown_vehicle_type,other_non_bev,,,,education,education,transportation_utilities,transportation_utilities,11342325123173074278,831563394859588884,34.0,male,white_not_hispanic_or_latino,employed,in_person,107445.0,private_auto,3.0,145431.0,two,core,naics622110,single_family,not_attending_school,some_college,owner,english,"4 (Tract 9618, Ford, IL)","9618 (Ford, IL)","Ford County, IL",Illinois,"1 (Tract 53, Champaign, IL)","53 (Champaign, IL)","Champaign County, IL",Illinois,3.2222222222222223,6.98704761904762,22,UIUC1,"3.01 (Champaign, IL)",1900-01-02 00:08:13.333333332,0,23.0,Chicago2_ord,"9800 (Cook, IL)",17.015102842918903,70,96.22222222222223,10,124.00215046196652,146,3.0,91.08,0,1,0
2146487982962457841,"1 (Tract 53, Champaign, IL)","53 (Champaign, IL)","Champaign County, IL",Illinois,"1 (Tract 9800, Cook, IL)","9800 (Cook, IL)","Cook County, IL",Illinois,private_auto,region_departure,work,1900-01-01 19:28:00,1900-01-01 21:54:44,146,151.4,unknown_vehicle_type,other_non_bev,,,,healthcare,healthcare,transportation_utilities,transportation_utilities,2942206708033432288,6840492002986147246,51.0,female,white_not_hispanic_or_latino,employed,in_person,2656.0,private_auto,3.0,65457.0,three_plus,core,naics622110,single_family,not_attending_school,bachelors_degree,owner,english,"4 (Tract 9618, Ford, IL)","9618 (Ford, IL)","Ford County, IL",Illinois,"1 (Tract 53, Champaign, IL)","53 (Champaign, IL)","Champaign County, IL",Illinois,3.7777777777777777,8.131834625322997,19,UIUC1,"3.01 (Champaign, IL)",1900-01-01 20:51:46.666666668,20,21.420289855072465,Chicago2_ord,"9800 (Cook, IL)",16.35162458204934,70,95.19806763285024,10,124.48345920737233,146,3.0,90.84,1,0,0
12256527606038452283,"1 (Tract 59.02, Champaign, IL)","59.02 (Champaign, IL)","Champaign County, IL",Illinois,"1 (Tract 9800, Cook, IL)","9800 (Cook, IL)","Cook County, IL",Illinois,auto_passenger,region_departure,work,1900-01-01 14:17:00,1900-01-01 17:27:40,190,141.8,unknown_vehicle_type,unknown_fuel_type,,,,education,education,transportation_utilities,transportation_utilities,14533406968629350675,6479110636749081719,34.0,female,white_not_hispanic_or_latino,employed,in_person,56800.0,private_auto,5.0,123105.0,two,core,naics61,single_family,not_attending_school,advanced_degree,owner,english,"4 (Tract 9618, Ford, IL)","9618 (Ford, IL)","Ford County, IL",Illinois,"1 (Tract 59.02, Champaign, IL)","59.02 (Champaign, IL)","Champaign County, IL",Illinois,2.2857142857142856,6.209776173285199,14,UIUC1,"3.01 (Champaign, IL)",1900-01-01 15:39:17.142857142,15,20.053311793214863,Chicago2_ord,"9800 (Cook, IL)",15.777493796069148,70,92.33902607892915,10,121.98726996935436,190,3.0,85.08,0,1,0
16989208809414122234,"1 (Tract 13.01, Champaign, IL)","13.01 (Champaign, IL)","Champaign County, IL",Illinois,"5 (Tract 1005, Cook, IL)","1005 (Cook, IL)","Cook County, IL",Illinois,private_auto,home,other_activity_type,1900-01-01 17:00:09,1900-01-01 19:25:48,145,150.6,unknown_vehicle_type,other_non_bev,,,,mixed_use,education,single_family,single_family,5078845299371940955,8176360883802145567,57.0,male,hispanic_or_latino_origin,employed,in_person,86824.0,private_auto,3.0,130236.0,three_plus,core,naics23,single_family,not_attending_school,high_school,owner,spanish,"5 (Tract 1005, Cook, IL)","1005 (Cook, IL)","Cook County, IL",Illinois,"4 (Tract 714, Cook, IL)","714 (Cook, IL)","Cook County, IL",Illinois,4.918918918918919,9.86398516163222,17,UIUC1,"3.01 (Champaign, IL)",1900-01-01 18:25:04.135135134,18,7.5,Chicago2_ord,"9800 (Cook, IL)",15.332666666666666,70,82.41891891891892,10,125.19665182829888,145,3.0,90.36,0,1,0
1658467819329089851,"5 (Tract 58, Champaign, IL)","58 (Champaign, IL)","Champaign County, IL",Illinois,"1 (Tract 1612, Cook, IL)","1612 (Cook, IL)","Cook County, IL",Illinois,private_auto,recreation,home,1900-01-01 06:37:00,1900-01-01 09:18:40,161,145.8,unknown_vehicle_type,other_non_bev,,,,single_family,single_family,open_space,open_space,14735963491800765303,17917680037477654798,41.0,female,white_not_hispanic_or_latino,employed,in_person,18115.0,private_auto,2.0,42269.0,two,core,naics54,mobile,not_attending_school,high_school,owner,english,"5 (Tract 58, Champaign, IL)","58 (Champaign, IL)","Champaign County, IL",Illinois,"1 (Tract 2, McLean, IL)","2 (McLean, IL)","McLean County, IL",Illinois,2.8181818181818183,7.336166484118292,6,UIUC1,"3.01 (Champaign, IL)",1900-01-01 07:59:49.090909092,7,23.0,Chicago2_ord,"9800 (Cook, IL)",31.4,70,95.81818181818181,10,138.73616648411829,161,3.0,87.48,1,0,0
9002407950381176598,"1 (Tract 3.01, Champaign, IL)","3.01 (Champaign, IL)","Champaign County, IL",Illinois,"1 (Tract 9800, Cook, IL)","9800 (Cook, IL)","Cook County, IL",Illinois,private_auto,social,eat,1900-01-01 13:26:55,1900-01-01 15:54:20,147,150.9,unknown_vehicle_type,other_non_bev,,,,retail,retail,retail,retail,15163245670129927518,796389125097331793,19.0,female,white_not_hispanic_or_latino,employed,remote,651.0,worked_from_home,1.0,0.0,unknown_num_vehicles,core,naics611310,GQ_structure,undergraduate,some_college,GQ,GQ_language,"1 (Tract 4.01, Champaign, IL)","4.01 (Champaign, IL)","Champaign County, IL",Illinois,"2 (Tract 4.01, Champaign, IL)","4.01 (Champaign, IL)","Champaign County, IL",Illinois,0.9701492537313432,4.9846449668867,13,UIUC1,"3.01 (Champaign, IL)",1900-01-01 14:47:53.208955222,14,21.21005917159763,Chicago2_ord,"9800 (Cook, IL)",16.263327694989908,70,92.18020842532898,10,121.24797266187662,147,3.0,90.54,1,0,0
15412398407849820831,"2 (Tract 59.02, Champaign, IL)","59.02 (Champaign, IL)","Champaign County, IL",Illinois,"4 (Tract 1202, Cook, IL)","1202 (Cook, IL)","Cook County, IL",Illinois,private_auto,social,eat,1900-01-01 11:15:00,1900-01-01 13:50:27,155,146.1,unknown_vehicle_type,other_non_bev,,,,retail,retail,single_family,single_family,7435072527521939493,8601611468170321656,38.0,female,white_not_hispanic_or_latino,employed,remote,99631.0,worked_from_home,2.0,501195.0,two,core,naics52,single_family,not_attending_school,some_college,owner,english,"2 (Tract 13.01, Champaign, IL)","13.01 (Champaign, IL)","Champaign County, IL",Illinois,"2 (Tract 13.01, Champaign, IL)","13.01 (Champaign, IL)","Champaign County, IL",Illinois,2.135135135135135,6.146532930041956,11,UIUC1,"3.01 (Champaign, IL)",1900-01-01 12:37:08.108108106,12,19.666666666666668,Chicago2_ord,"9800 (Cook, IL)",28.22,70,91.8018018018018,10,134.36653293004196,155,3.0,87.66,0,1,0
9612241559744997320,"2 (Tract 59.02, Champaign, IL)","59.02 (Champaign, IL)","Champaign County, IL",Illinois,"2 (Tract 1711, Cook, IL)","1711 (Cook, IL)","Cook County, IL",Illinois,private_auto,home,recreation,1900-01-01 11:03:43,1900-01-01 13:51:45,168,140.6,unknown_vehicle_type,other_non_bev,,,,office,office,single_family,single_family,4924955788013251770,17343038647769598660,50.0,female,white_not_hispanic_or_latino,employed,remote,78351.0,worked_from_home,4.0,105655.0,two,core,naics53,single_family,not_attending_school,bachelors_degree,owner,spanish,"2 (Tract 1711, Cook, IL)","1711 (Cook, IL)","Cook County, IL",Illinois,"2 (Tract 1711, Cook, IL)","1711 (Cook, IL)","Cook County, IL",Illinois,2.135135135135135,6.146532930041956,11,UIUC1,"3.01 (Champaign, IL)",1900-01-01 12:25:51.108108106,12,20.166666666666664,Chicago2_ord,"9800 (Cook, IL)",26.037692307692303,70,92.30180180180179,10,132.18422523773427,168,3.0,84.36,0,1,0
17201763257029338670,"2 (Tract 59.02, Champaign, IL)","59.02 (Champaign, IL)","Champaign County, IL",Illinois,"1 (Tract 9800, Cook, IL)","9800 (Cook, IL)","Cook County, IL",Illinois,private_auto,eat,home,1900-01-01 17:24:00,1900-01-01 19:50:12,146,151.3,unknown_vehicle_type,other_non_bev,,,,education,education,retail,retail,8957811723913834245,9096164979643266089,18.0,female,asian_not_hispanic_or_latino,employed,remote,3798.0,worked_from_home,1.0,0.0,unknown_num_vehicles,core,naics72,GQ_structure,undergraduate,some_college,GQ,GQ_language,"2 (Tract 59.02, Champaign, IL)","59.02 (Champaign, IL)","Champaign County, IL",Illinois,"2 (Tract 59.02, Champaign, IL)","59.02 (Champaign, IL)","Champaign County, IL",Illinois,2.0245901639344264,6.100104042137658,17,UIUC1,"3.01 (Champaign, IL)",1900-01-01 18:46:01.475409834,18,21.051987767584095,Chicago2_ord,"9800 (Cook, IL)",16.196937705304222,70,93.07657793151851,10,122.29704174744188,146,3.0,90.78,1,0,0
14312215986643497804,"1 (Tract 8, Champaign, IL)","8 (Champaign, IL)","Champaign County, IL",Illinois,"1 (Tract 9800, Cook, IL)","9800 (Cook, IL)","Cook County, IL",Illinois,auto_passenger,region_departure,eat,1900-01-01 19:45:34,1900-01-01 22:43:37,178,139.5,unknown_vehicle_type,unknown_fuel_type,,,,retail,retail,transportation_utilities,transportation_utilities,6333038877554546046,6840401148101118640,46.0,male,white_not_hispanic_or_latino,employed,remote,86938.0,worked_from_home,3.0,213290.0,two,core,naics31_33,single_family,not_attending_school,bachelors_degree,owner,english,"2 (Tract 8458.02, DuPage, IL)","8458.02 (DuPage, IL)","DuPage County, IL",Illinois,"2 (Tract 8458.02, DuPage, IL)","8458.02 (DuPage, IL)","DuPage County, IL",Illinois,6.630434782608695,11.997008757105547,19,UIUC1,"3.01 (Champaign, IL)",1900-01-01 21:12:11.826086956,21,19.76315789473684,Chicago2_ord,"9800 (Cook, IL)",15.655629158708376,70,96.39359267734552,10,127.65263791581393,178,3.0,83.7,0,1,0
11105548615213221794,"2 (Tract 14, Champaign, IL)","14 (Champaign, IL)","Champaign County, IL",Illinois,"3 (Tract 1508, Cook, IL)","1508 (Cook, IL)","Cook County, IL",Illinois,private_auto,home,social,1900-01-01 20:18:58,1900-01-01 22:59:27,160,138.0,unknown_vehicle_type,other_non_bev,,,,retail,retail,single_family,single_family,7126757216457798147,5314222204155929959,37.0,male,asian_not_hispanic_or_latino,employed,remote,83099.0,worked_from_home,4.0,165012.0,two,core,naics51,single_family,not_attending_school,bachelors_degree,owner,english,"3 (Tract 1508, Cook, IL)","1508 (Cook, IL)","Cook County, IL",Illinois,"5 (Tract 1508, Cook, IL)","1508 (Cook, IL)","Cook County, IL",Illinois,2.859375,7.377591296653796,20,UIUC1,"3.01 (Champaign, IL)",1900-01-01 21:41:49.562500000,21,14.0,Chicago2_ord,"9800 (Cook, IL)",26.530769230769234,70,86.859375,10,133.908360527423,160,3.0,82.8,0,1,0
17290635814507935361,"1 (Tract 8, Champaign, IL)","8 (Champaign, IL)","Champaign County, IL",Illinois,"2 (Tract 1710, Cook, IL)","1710 (Cook, IL)","Cook County, IL",Illinois,private_auto,social,eat,1900-01-01 13:52:00,1900-01-01 16:36:55,164,137.6,unknown_vehicle_type,other_non_bev,,,,retail,retail,single_family,single_family,12392389329259276906,14110264325771701248,42.0,female,hispanic_or_latino_origin,employed,remote,13023.0,worked_from_home,6.0,148470.0,one,core,naics81,several_units,not_attending_school,bachelors_degree,owner,spanish,"3 (Tract 1607, Cook, IL)","1607 (Cook, IL)","Cook County, IL",Illinois,"4 (Tract 1607, Cook, IL)","1607 (Cook, IL)","Cook County, IL",Illinois,7.186440677966102,12.230531233155657,13,UIUC1,"3.01 (Champaign, IL)",1900-01-01 15:19:11.186440680,15,30.666666666666668,Chicago2_ord,"9800 (Cook, IL)",30.06,70,107.85310734463278,10,142.29053123315566,164,3.0,82.55999999999999,1,0,0
1343042426404055834,"1 (Tract 8, Champaign, IL)","8 (Champaign, IL)","Champaign County, IL",Illinois,"2 (Tract 1710, Cook, IL)","1710 (Cook, IL)","Cook County, IL",Illinois,private_auto,social,shop,1900-01-01 14:35:00,1900-01-01 17:16:42,161,137.2,unknown_vehicle_type,other_non_bev,,,,retail,retail,single_family,single_family,12476900712148141359,14830219297626014570,32.0,female,white_not_hispanic_or_latino,employed,remote,97764.0,worked_from_home,1.0,97764.0,one,core,naics31_33,multiple_units,not_attending_school,bachelors_degree,renter,english,"3 (Tract 1607, Cook, IL)","1607 (Cook, IL)","Cook County, IL",Illinois,"4 (Tract 1607, Cook, IL)","1607 (Cook, IL)","Cook County, IL",Illinois,6.981132075471698,12.144301620108008,14,UIUC1,"3.01 (Champaign, IL)",1900-01-01 16:01:58.867924530,16,19.0,Chicago2_ord,"9800 (Cook, IL)",25.16,70,95.98113207547169,10,137.30430162010802,161,3.0,82.32,0,1,0
16815209777753403635,"3 (Tract 3.01, Champaign, IL)","3.01 (Champaign, IL)","Champaign County, IL",Illinois,"5 (Tract 1503, Cook, IL)","1503 (Cook, IL)","Cook County, IL",Illinois,private_auto,maintenance,home,1900-01-01 11:28:06,1900-01-01 14:23:56,175,138.2,unknown_vehicle_type,other_non_bev,,,,single_family,single_family,mixed_use,office,2270988164726847628,5542120266353103551,31.0,female,two_races_not_hispanic_or_latino,employed,remote,144345.0,worked_from_home,1.0,144345.0,one,core,naics62,single_family,not_attending_school,advanced_degree,owner,english,"3 (Tract 3.01, Champaign, IL)","3.01 (Champaign, IL)","Champaign County, IL",Illinois,"2 (Tract 3.01, Champaign, IL)","3.01 (Champaign, IL)","Champaign County, IL",Illinois,0.8873239436619719,4.949858336657564,11,UIUC1,"3.01 (Champaign, IL)",1900-01-01 12:48:59.239436622,12,20.08695652173913,Chicago2_ord,"9800 (Cook, IL)",26.442568250758338,70,90.9742804654011,10,131.3924265874159,175,3.0,82.91999999999999,0,1,0
10123091541914365230,"3 (Tract 3.01, Champaign, IL)","3.01 (Champaign, IL)","Champaign County, IL",Illinois,"5 (Tract 1503, Cook, IL)","1503 (Cook, IL)","Cook County, IL",Illinois,auto_passenger,maintenance,home,1900-01-01 08:08:00,1900-01-01 10:42:05,154,148.3,unknown_vehicle_type,unknown_fuel_type,,,,multi_family,multi_family,mixed_use,office,7948626531107939845,8256320831032796839,20.0,female,asian_not_hispanic_or_latino,employed,remote,6511.0,worked_from_home,3.0,24962.0,zero,core,naics61,multiple_units,undergraduate,high_school,renter,asian_pacific,"3 (Tract 3.01, Champaign, IL)","3.01 (Champaign, IL)","Champaign County, IL",Illinois,"1 (Tract 3.01, Champaign, IL)","3.01 (Champaign, IL)","Champaign County, IL",Illinois,0.8157894736842105,4.919813859266903,8,UIUC1,"3.01 (Champaign, IL)",1900-01-01 09:28:48.947368422,9,17.674418604651162,Chicago2_ord,"9800 (Cook, IL)",25.429302325581393,70,88.49020807833537,10,130.3491161848483,154,3.0,88.98,1,0,0
14566171511135181005,"3 (Tract 3.01, Champaign, IL)","3.01 (Champaign, IL)","Champaign County, IL",Illinois,"1 (Tract 1504.02, Cook, IL)","1504.02 (Cook, IL)","Cook County, IL",Illinois,private_auto,shop,home,1900-01-01 08:15:00,1900-01-01 10:50:12,155,148.7,unknown_vehicle_type,other_non_bev,,,,multi_family,multi_family,retail,retail,7787843779206376183,16943591434643476166,20.0,male,white_not_hispanic_or_latino,employed,remote,2170.0,worked_from_home,4.0,58172.0,two,core,naics48_49,multiple_units,undergraduate,high_school,renter,indo_european,"3 (Tract 3.01, Champaign, IL)","3.01 (Champaign, IL)","Champaign County, IL",Illinois,"1 (Tract 3.01, Champaign, IL)","3.01 (Champaign, IL)","Champaign County, IL",Illinois,0.8157894736842105,4.919813859266903,8,UIUC1,"3.01 (Champaign, IL)",1900-01-01 09:35:48.947368422,9,18.90909090909091,Chicago2_ord,"9800 (Cook, IL)",25.99439202148063,70,89.72488038277511,10,130.91420588074755,155,3.0,89.21999999999998,1,0,0
6172611334154436462,"3 (Tract 3.01, Champaign, IL)","3.01 (Champaign, IL)","Champaign County, IL",Illinois,"5 (Tract 1503, Cook, IL)","1503 (Cook, IL)","Cook County, IL",Illinois,auto_passenger,maintenance,social,1900-01-01 07:08:00,1900-01-01 09:53:20,165,140.6,unknown_vehicle_type,unknown_fuel_type,,,,multi_family,multi_family,mixed_use,office,2270988164726847628,5542120266353103551,31.0,female,two_races_not_hispanic_or_latino,employed,remote,144345.0,worked_from_home,1.0,144345.0,one,core,naics62,single_family,not_attending_school,advanced_degree,owner,english,"3 (Tract 3.01, Champaign, IL)","3.01 (Champaign, IL)","Champaign County, IL",Illinois,"2 (Tract 3.01, Champaign, IL)","3.01 (Champaign, IL)","Champaign County, IL",Illinois,0.9473684210526316,4.975077017161641,7,UIUC1,"3.01 (Champaign, IL)",1900-01-01 08:28:56.842105266,8,21.33333333333333,Chicago2_ord,"9800 (Cook, IL)",26.966046511627905,70,92.28070175438596,10,131.94112352878955,165,3.0,84.36,0,1,0
1974991415900794999,"3 (Tract 3.01, Champaign, IL)","3.01 (Champaign, IL)","Champaign County, IL",Illinois,"6 (Tract 1503, Cook, IL)","1503 (Cook, IL)","Cook County, IL",Illinois,private_auto,shop,home,1900-01-01 08:19:00,1900-01-01 10:55:49,156,145.9,unknown_vehicle_type,other_non_bev,,,,multi_family,multi_family,retail,retail,8447020227898934903,15382053784451323857,20.0,female,white_not_hispanic_or_latino,employed,remote,579.0,worked_from_home,2.0,6375.0,one,core,naics61,multiple_units,undergraduate,some_college,renter,english,"3 (Tract 3.01, Champaign, IL)","3.01 (Champaign, IL)","Champaign County, IL",Illinois,"1 (Tract 3.01, Champaign, IL)","3.01 (Champaign, IL)","Champaign County, IL",Illinois,0.8157894736842105,4.919813859266903,8,UIUC1,"3.01 (Champaign, IL)",1900-01-01 09:39:48.947368422,9,17.674418604651162,Chicago2_ord,"9800 (Cook, IL)",25.429302325581393,70,88.49020807833537,10,130.3491161848483,156,3.0,87.54,1,0,0
3212565790356978756,"1 (Tract 3.01, Champaign, IL)","3.01 (Champaign, IL)","Champaign County, IL",Illinois,"4 (Tract 1003, Cook, IL)","1003 (Cook, IL)","Cook County, IL",Illinois,private_auto,home,shop,1900-01-01 17:34:35,1900-01-01 20:05:39,151,149.1,unknown_vehicle_type,other_non_bev,,,,retail,retail,single_family,single_family,1314300277154152288,3016584743381866575,59.0,male,white_not_hispanic_or_latino,employed,remote,115918.0,worked_from_home,4.0,231836.0,two,core,naics611110,single_family,not_attending_school,advanced_degree,owner,english,"4 (Tract 1003, Cook, IL)","1003 (Cook, IL)","Cook County, IL",Illinois,"4 (Tract 1003, Cook, IL)","1003 (Cook, IL)","Cook County, IL",Illinois,0.8970588235294118,4.953946986201888,17,UIUC1,"3.01 (Champaign, IL)",1900-01-01 18:55:28.823529410,18,16.2,Chicago2_ord,"9800 (Cook, IL)",21.277714285714286,70,87.09705882352941,10,126.23166127191617,151,3.0,89.46,0,1,0
628324568811489752,"1 (Tract 3.01, Champaign, IL)","3.01 (Champaign, IL)","Champaign County, IL",Illinois,"4 (Tract 1003, Cook, IL)","1003 (Cook, IL)","Cook County, IL",Illinois,private_auto,home,shop,1900-01-01 00:55:20,1900-01-01 03:17:19,141,146.9,unknown_vehicle_type,other_non_bev,,,,retail,retail,single_family,single_family,1314300277154152288,3016584743381866575,59.0,male,white_not_hispanic_or_latino,employed,remote,115918.0,worked_from_home,4.0,231836.0,two,core,naics611110,single_family,not_attending_school,advanced_degree,owner,english,"4 (Tract 1003, Cook, IL)","1003 (Cook, IL)","Cook County, IL",Illinois,"4 (Tract 1003, Cook, IL)","1003 (Cook, IL)","Cook County, IL",Illinois,1.0,4.997182280319535,0,UIUC1,"3.01 (Champaign, IL)",1900-01-01 02:16:20.000000000,2,19.0,Chicago2_ord,"9800 (Cook, IL)",22.453714285714288,70,90.0,10,127.45089656603382,141,3.0,88.14,0,1,0
15543288842556169698,"1 (Tract 3.01, Champaign, IL)","3.01 (Champaign, IL)","Champaign County, IL",Illinois,"4 (Tract 1003, Cook, IL)","1003 (Cook, IL)","Cook County, IL",Illinois,private_auto,home,shop,1900-01-01 12:45:00,1900-01-01 15:26:15,161,149.0,unknown_vehicle_type,other_non_bev,,,,retail,retail,single_family,single_family,1401843998980916888,3016584743381866575,54.0,female,white_not_hispanic_or_latino,employed,remote,115918.0,worked_from_home,4.0,231836.0,two,core,naics92,single_family,not_attending_school,advanced_degree,owner,english,"4 (Tract 1003, Cook, IL)","1003 (Cook, IL)","Cook County, IL",Illinois,"4 (Tract 1003, Cook, IL)","1003 (Cook, IL)","Cook County, IL",Illinois,1.1690140845070425,5.068168195812493,12,UIUC1,"3.01 (Champaign, IL)",1900-01-01 14:06:10.140845070,14,13.0,Chicago2_ord,"9800 (Cook, IL)",19.933714285714284,70,84.16901408450704,10,125.00188248152678,161,3.0,89.39999999999999,0,1,0
12016869059279979243,"1 (Tract 59.01, Champaign, IL)","59.01 (Champaign, IL)","Champaign County, IL",Illinois,"1 (Tract 1002, Cook, IL)","1002 (Cook, IL)","Cook County, IL",Illinois,private_auto,home,eat,1900-01-01 12:45:19,1900-01-01 15:29:41,164,151.3,unknown_vehicle_type,other_non_bev,,,,retail,retail,single_family,single_family,11788150447888549802,1690374998700275396,18.0,male,hispanic_or_latino_origin,not_in_labor_force,unemployed_under_16_not_in_labor_force,10704.0,other_travel_mode,3.0,71876.0,one,core,not_working,single_family,school,k_12,owner,english,"1 (Tract 1002, Cook, IL)","1002 (Cook, IL)","Cook County, IL",Illinois,"1 (Tract 1003, Cook, IL)","1003 (Cook, IL)","Cook County, IL",Illinois,2.6333333333333333,6.739714285714286,12,UIUC1,"3.01 (Champaign, IL)",1900-01-01 14:07:56.999999998,14,15.333333333333334,Chicago2_ord,"9800 (Cook, IL)",22.172,70,87.96666666666667,10,128.91171428571428,164,3.0,90.78,1,0,0
9217544872972923226,"1 (Tract 59.01, Champaign, IL)","59.01 (Champaign, IL)","Champaign County, IL",Illinois,"1 (Tract 1002, Cook, IL)","1002 (Cook, IL)","Cook County, IL",Illinois,private_auto,home,eat,1900-01-01 08:46:17,1900-01-01 11:23:36,157,151.3,unknown_vehicle_type,other_non_bev,,,,retail,retail,single_family,single_family,11788150447888549802,1690374998700275396,18.0,male,hispanic_or_latino_origin,not_in_labor_force,unemployed_under_16_not_in_labor_force,10704.0,other_travel_mode,3.0,71876.0,one,core,not_working,single_family,school,k_12,owner,english,"1 (Tract 1002, Cook, IL)","1002 (Cook, IL)","Cook County, IL",Illinois,"1 (Tract 1003, Cook, IL)","1003 (Cook, IL)","Cook County, IL",Illinois,2.25,6.578714285714286,8,UIUC1,"3.01 (Champaign, IL)",1900-01-01 10:08:32.000000000,10,13.0,Chicago2_ord,"9800 (Cook, IL)",21.192,70,85.25,10,127.77071428571429,157,3.0,90.78,1,0,0
6931244318817674560,"3 (Tract 8, Champaign, IL)","8 (Champaign, IL)","Champaign County, IL",Illinois,"1 (Tract 1004, Cook, IL)","1004 (Cook, IL)","Cook County, IL",Illinois,private_auto,home,shop,1900-01-01 19:09:08,1900-01-01 21:30:58,141,137.9,,,,,,retail,retail,single_family,single_family,14212825270685270933,6093032958959891978,69.0,female,asian_not_hispanic_or_latino,not_in_labor_force,unemployed_under_16_not_in_labor_force,62405.0,other_travel_mode,3.0,88018.0,two,core,not_working,single_family,not_attending_school,bachelors_degree,owner,asian_pacific,"1 (Tract 1004, Cook, IL)","1004 (Cook, IL)","Cook County, IL",Illinois,Does not have work/school location,Does not have work/school location,Does not have work/school location,Does not have work/school location,6.630434782608695,11.997008757105547,19,UIUC1,"3.01 (Champaign, IL)",1900-01-01 20:35:45.826086956,20,17.6,Chicago2_ord,"9800 (Cook, IL)",20.769894736842105,70,94.23043478260868,10,132.76690349394767,141,3.0,82.74,0,1,0
11041509193229630033,"1 (Tract 13.01, Champaign, IL)","13.01 (Champaign, IL)","Champaign County, IL",Illinois,"1 (Tract 9800, Cook, IL)","9800 (Cook, IL)","Cook County, IL",Illinois,auto_passenger,social,maintenance,1900-01-01 08:47:00,1900-01-01 11:16:54,149,152.5,unknown_vehicle_type,unknown_fuel_type,,,,mixed_use,office,retail,retail,5261655866527742569,11090158159342823783,29.0,male,hispanic_or_latino_origin,not_in_labor_force,unemployed_under_16_not_in_labor_force,25270.0,other_travel_mode,1.0,25270.0,zero,core,naics62,multiple_units,graduate,advanced_degree,renter,english,"1 (Tract 13.01, Champaign, IL)","13.01 (Champaign, IL)","Champaign County, IL",Illinois,"2 (Tract 14, Champaign, IL)","14 (Champaign, IL)","Champaign County, IL",Illinois,6.371428571428571,10.474039215686274,8,UIUC1,"3.01 (Champaign, IL)",1900-01-01 10:13:22.285714284,10,20.56338028169014,Chicago2_ord,"9800 (Cook, IL)",15.991722561228762,70,96.93480885311871,10,126.46576177691503,149,3.0,91.5,1,0,0
7953259911076299559,"2 (Tract 4.01, Champaign, IL)","4.01 (Champaign, IL)","Champaign County, IL",Illinois,"4 (Tract 1203, Cook, IL)","1203 (Cook, IL)","Cook County, IL",Illinois,private_auto,recreation,social,1900-01-01 12:50:00,1900-01-01 15:48:09,178,149.2,unknown_vehicle_type,other_non_bev,,,,multi_family,multi_family,non_retail_attraction,non_retail_attraction,7389380660175241253,13665886395840218187,71.0,male,asian_not_hispanic_or_latino,not_in_labor_force,unemployed_under_16_not_in_labor_force,47475.0,other_travel_mode,2.0,64262.0,two,core,not_working,single_family,not_attending_school,advanced_degree,owner,asian_pacific,"1 (Tract 13.02, Champaign, IL)","13.02 (Champaign, IL)","Champaign County, IL",Illinois,Does not have work/school location,Does not have work/school location,Does not have work/school location,Does not have work/school location,1.6071428571428572,5.377834138486312,12,UIUC1,"3.01 (Champaign, IL)",1900-01-01 14:11:36.428571426,14,24.6,Chicago2_ord,"9800 (Cook, IL)",31.32984615384616,70,96.20714285714286,10,136.70768029233247,178,3.0,89.52,0,1,0
11714622926105298555,"1 (Tract 3.01, Champaign, IL)","3.01 (Champaign, IL)","Champaign County, IL",Illinois,"1 (Tract 9800, Cook, IL)","9800 (Cook, IL)","Cook County, IL",Illinois,auto_passenger,eat,home,1900-01-01 14:30:00,1900-01-01 16:58:55,148,150.9,unknown_vehicle_type,unknown_fuel_type,,,,multi_family,multi_family,retail,retail,1052605635505605853,132722855095761019,19.0,female,hispanic_or_latino_origin,not_in_labor_force,unemployed_under_16_not_in_labor_force,0.0,other_travel_mode,2.0,6077.0,zero,core,not_working,multiple_units,undergraduate,some_college,renter,asian_pacific,"1 (Tract 3.01, Champaign, IL)","3.01 (Champaign, IL)","Champaign County, IL",Illinois,"1 (Tract 59.02, Champaign, IL)","59.02 (Champaign, IL)","Champaign County, IL",Illinois,0.9285714285714286,4.967182280319536,14,UIUC1,"3.01 (Champaign, IL)",1900-01-01 15:50:55.714285716,15,20.053311793214863,Chicago2_ord,"9800 (Cook, IL)",15.777493796069148,70,90.98188322178629,10,120.74467607638869,148,3.0,90.54,1,0,0
618124584525075935,"1 (Tract 3.01, Champaign, IL)","3.01 (Champaign, IL)","Champaign County, IL",Illinois,"1 (Tract 9800, Cook, IL)","9800 (Cook, IL)","Cook County, IL",Illinois,private_auto,social,home,1900-01-01 14:14:00,1900-01-01 16:43:02,149,150.8,unknown_vehicle_type,other_non_bev,,,,multi_family,multi_family,retail,retail,8725772531868429286,5462879995484568014,21.0,female,white_not_hispanic_or_latino,not_in_labor_force,unemployed_under_16_not_in_labor_force,0.0,other_travel_mode,3.0,0.0,two,core,not_working,multiple_units,undergraduate,some_college,renter,english,"1 (Tract 3.01, Champaign, IL)","3.01 (Champaign, IL)","Champaign County, IL",Illinois,"2 (Tract 59.02, Champaign, IL)","59.02 (Champaign, IL)","Champaign County, IL",Illinois,0.9285714285714286,4.967182280319536,14,UIUC1,"3.01 (Champaign, IL)",1900-01-01 15:34:55.714285716,15,20.053311793214863,Chicago2_ord,"9800 (Cook, IL)",15.777493796069148,70,90.98188322178629,10,120.74467607638869,149,3.0,90.48,1,0,0
13411712970239047164,"1 (Tract 4.01, Champaign, IL)","4.01 (Champaign, IL)","Champaign County, IL",Illinois,"1 (Tract 9800, Cook, IL)","9800 (Cook, IL)","Cook County, IL",Illinois,auto_passenger,social,home,1900-01-01 14:36:00,1900-01-01 17:47:42,191,141.9,unknown_vehicle_type,unknown_fuel_type,,,,education,education,retail,retail,12890799663923232070,12840934707937501137,19.0,female,hispanic_or_latino_origin,not_in_labor_force,unemployed_under_16_not_in_labor_force,0.0,other_travel_mode,1.0,0.0,unknown_num_vehicles,core,not_working,GQ_structure,undergraduate,some_college,GQ,GQ_language,"1 (Tract 4.01, Champaign, IL)","4.01 (Champaign, IL)","Champaign County, IL",Illinois,"2 (Tract 111, Champaign, IL)","111 (Champaign, IL)","Champaign County, IL",Illinois,1.7826086956521738,5.451529790660225,14,UIUC1,"3.01 (Champaign, IL)",1900-01-01 15:57:46.956521742,15,20.053311793214863,Chicago2_ord,"9800 (Cook, IL)",15.777493796069148,70,91.83592048886703,10,121.22902358672938,191,3.0,85.14,1,0,0
8203041040053863932,"2 (Tract 59.02, Champaign, IL)","59.02 (Champaign, IL)","Champaign County, IL",Illinois,"2 (Tract 1002, Cook, IL)","1002 (Cook, IL)","Cook County, IL",Illinois,private_auto,home,shop,1900-01-01 21:43:09,1900-01-01 00:06:40,143,146.9,unknown_vehicle_type,other_non_bev,,,,retail,retail,single_family,single_family,17489561701085670813,18370175923685088269,18.0,female,white_not_hispanic_or_latino,not_in_labor_force,unemployed_under_16_not_in_labor_force,0.0,other_travel_mode,5.0,167871.0,two,core,not_working,single_family,school,k_12,owner,english,"2 (Tract 1002, Cook, IL)","1002 (Cook, IL)","Cook County, IL",Illinois,"1 (Tract 1003, Cook, IL)","1003 (Cook, IL)","Cook County, IL",Illinois,2.1724137931034484,6.162189966388647,21,UIUC1,"3.01 (Champaign, IL)",1900-01-01 23:05:19.344827586,23,12.0,Chicago2_ord,"9800 (Cook, IL)",20.772000000000002,70,84.17241379310344,10,126.93418996638866,143,3.0,88.14,1,0,0
14312320444237134716,"1 (Tract 56.02, Champaign, IL)","56.02 (Champaign, IL)","Champaign County, IL",Illinois,"1 (Tract 9800, Cook, IL)","9800 (Cook, IL)","Cook County, IL",Illinois,auto_passenger,eat,recreation,1900-01-01 07:57:42,1900-01-01 10:52:26,174,157.0,unknown_vehicle_type,unknown_fuel_type,,,,open_space,open_space,retail,retail,18050241856210901504,3346993937556020751,50.0,male,white_not_hispanic_or_latino,not_in_labor_force,unemployed_under_16_not_in_labor_force,11594.0,other_travel_mode,4.0,71858.0,three_plus,core,not_working,single_family,not_attending_school,bachelors_degree,owner,english,"2 (Tract 108, Champaign, IL)","108 (Champaign, IL)","Champaign County, IL",Illinois,Does not have work/school location,Does not have work/school location,Does not have work/school location,Does not have work/school location,8.166666666666666,13.932748091603052,7,UIUC1,"3.01 (Champaign, IL)",1900-01-01 09:25:52.000000002,9,22.4282982791587,Chicago2_ord,"9800 (Cook, IL)",16.774988120165556,70,100.59496494582537,10,130.7077362117686,174,3.0,94.2,1,0,0
16170348890444341723,"2 (Tract 11, Champaign, IL)","11 (Champaign, IL)","Champaign County, IL",Illinois,"1 (Tract 9800, Cook, IL)","9800 (Cook, IL)","Cook County, IL",Illinois,private_auto,other_activity_type,home,1900-01-01 14:16:00,1900-01-01 17:16:02,180,141.9,unknown_vehicle_type,other_non_bev,,,,single_family,single_family,transportation_utilities,transportation_utilities,11781346758661979771,57282421859419827,70.0,male,white_not_hispanic_or_latino,not_in_labor_force,unemployed_under_16_not_in_labor_force,18778.0,other_travel_mode,2.0,36862.0,two,core,not_working,single_family,not_attending_school,some_college,owner,english,"2 (Tract 11, Champaign, IL)","11 (Champaign, IL)","Champaign County, IL",Illinois,Does not have work/school location,Does not have work/school location,Does not have work/school location,Does not have work/school location,3.8333333333333335,9.063246753246753,14,UIUC1,"3.01 (Champaign, IL)",1900-01-01 15:39:49.999999998,15,20.053311793214863,Chicago2_ord,"9800 (Cook, IL)",15.777493796069148,70,93.88664512654819,10,124.84074054931591,180,3.0,85.14,1,0,0
13244825694377073634,"2 (Tract 11, Champaign, IL)","11 (Champaign, IL)","Champaign County, IL",Illinois,"1 (Tract 9800, Cook, IL)","9800 (Cook, IL)","Cook County, IL",Illinois,private_auto,social,home,1900-01-01 11:36:00,1900-01-01 14:44:54,188,142.6,unknown_vehicle_type,other_non_bev,,,,single_family,single_family,retail,retail,11623238602288477634,6017473154606771272,49.0,male,white_not_hispanic_or_latino,not_in_labor_force,unemployed_under_16_not_in_labor_force,9767.0,other_travel_mode,5.0,115042.0,three_plus,core,not_working,single_family,not_attending_school,k_12,owner,english,"2 (Tract 11, Champaign, IL)","11 (Champaign, IL)","Champaign County, IL",Illinois,Does not have work/school location,Does not have work/school location,Does not have work/school location,Does not have work/school location,5.0,9.553246753246754,11,UIUC1,"3.01 (Champaign, IL)",1900-01-01 13:01:00.000000000,13,20.77119784656797,Chicago2_ord,"9800 (Cook, IL)",16.07900593847745,70,95.77119784656797,10,125.6322526917242,188,3.0,85.55999999999999,1,0,0
12750175847117511349,"2 (Tract 14, Champaign, IL)","14 (Champaign, IL)","Champaign County, IL",Illinois,"7 (Tract 1503, Cook, IL)","1503 (Cook, IL)","Cook County, IL",Illinois,private_auto,shop,home,1900-01-01 21:07:00,1900-01-01 23:34:55,147,149.3,unknown_vehicle_type,other_non_bev,,,,education,education,retail,retail,7234048971158297848,9809739024182794738,18.0,female,white_not_hispanic_or_latino,not_in_labor_force,unemployed_under_16_not_in_labor_force,0.0,other_travel_mode,1.0,0.0,unknown_num_vehicles,core,not_working,GQ_structure,undergraduate,some_college,GQ,GQ_language,"2 (Tract 14, Champaign, IL)","14 (Champaign, IL)","Champaign County, IL",Illinois,Does not have work/school location,Does not have work/school location,Does not have work/school location,Does not have work/school location,2.7142857142857144,7.316653796653797,21,UIUC1,"3.01 (Champaign, IL)",1900-01-01 22:29:42.857142858,22,12.5,Chicago2_ord,"9800 (Cook, IL)",23.256046511627908,70,85.21428571428571,10,130.5727003082817,147,3.0,89.58,1,0,0
2582463728117256301,"3 (Tract 13.02, Champaign, IL)","13.02 (Champaign, IL)","Champaign County, IL",Illinois,"2 (Tract 1105.02, Cook, IL)","1105.02 (Cook, IL)","Cook County, IL",Illinois,private_auto,eat,work,1900-01-01 19:15:21,1900-01-01 21:57:00,161,152.7,unknown_vehicle_type,other_non_bev,,,,office,office,retail,retail,590315063515099220,7612140043108546608,18.0,female,hispanic_or_latino_origin,unemployed,unemployed_under_16_not_in_labor_force,0.0,other_travel_mode,4.0,96266.0,one,core,not_working,single_family,school,k_12,renter,spanish,"2 (Tract 1502, Cook, IL)","1502 (Cook, IL)","Cook County, IL",Illinois,Does not have work/school location,Does not have work/school location,Does not have work/school location,Does not have work/school location,8.0,13.344682926829268,19,UIUC1,"3.01 (Champaign, IL)",1900-01-01 20:43:21.000000000,20,14.8,Chicago2_ord,"9800 (Cook, IL)",23.91636036036036,70,92.8,10,137.26104328718964,161,3.0,91.61999999999999,1,0,0
4593437694512810568,"3 (Tract 13.02, Champaign, IL)","13.02 (Champaign, IL)","Champaign County, IL",Illinois,"2 (Tract 1502, Cook, IL)","1502 (Cook, IL)","Cook County, IL",Illinois,auto_passenger,home,work,1900-01-01 15:52:04,1900-01-01 18:22:30,150,148.9,unknown_vehicle_type,unknown_fuel_type,,,,office,office,single_family,single_family,1091539134640599208,9722684996361579562,47.0,female,white_not_hispanic_or_latino,not_in_labor_force,unemployed_under_16_not_in_labor_force,10961.0,other_travel_mode,2.0,92468.0,zero,core,not_working,single_family,not_attending_school,high_school,owner,english,"2 (Tract 1502, Cook, IL)","1502 (Cook, IL)","Cook County, IL",Illinois,Does not have work/school location,Does not have work/school location,Does not have work/school location,Does not have work/school location,7.684210526315789,13.2120513478819,15,UIUC1,"3.01 (Champaign, IL)",1900-01-01 17:19:45.052631578,17,27.875,Chicago2_ord,"9800 (Cook, IL)",30.736148648648648,70,105.5592105263158,10,143.94819999653055,150,3.0,89.34,1,0,0
2141643944707390646,"3 (Tract 13.02, Champaign, IL)","13.02 (Champaign, IL)","Champaign County, IL",Illinois,"2 (Tract 1105.01, Cook, IL)","1105.01 (Cook, IL)","Cook County, IL",Illinois,private_auto,social,work,1900-01-01 12:02:33,1900-01-01 14:39:34,157,149.6,unknown_vehicle_type,other_non_bev,,,,office,office,single_family,single_family,590315063515099220,7612140043108546608,18.0,female,hispanic_or_latino_origin,unemployed,unemployed_under_16_not_in_labor_force,0.0,other_travel_mode,4.0,96266.0,one,core,not_working,single_family,school,k_12,renter,spanish,"2 (Tract 1502, Cook, IL)","1502 (Cook, IL)","Cook County, IL",Illinois,Does not have work/school location,Does not have work/school location,Does not have work/school location,Does not have work/school location,7.136363636363637,12.981955654101995,12,UIUC1,"3.01 (Champaign, IL)",1900-01-01 13:29:41.181818183,13,28.0,Chicago2_ord,"9800 (Cook, IL)",28.71904761904762,70,105.13636363636364,10,141.7010032731496,157,3.0,89.75999999999999,1,0,0
8102624598594508129,"2 (Tract 59.02, Champaign, IL)","59.02 (Champaign, IL)","Champaign County, IL",Illinois,"2 (Tract 1711, Cook, IL)","1711 (Cook, IL)","Cook County, IL",Illinois,private_auto,home,other_activity_type,1900-01-01 11:24:00,1900-01-01 14:13:13,169,140.9,unknown_vehicle_type,other_non_bev,,,,education,education,single_family,single_family,4590254924663193929,3043697463823014600,16.0,female,hispanic_or_latino_origin,not_in_labor_force,unemployed_under_16_not_in_labor_force,0.0,other_travel_mode,5.0,86127.0,three_plus,core,not_working,single_family,school,k_12,owner,spanish,"2 (Tract 1711, Cook, IL)","1711 (Cook, IL)","Cook County, IL",Illinois,Does not have work/school location,Does not have work/school location,Does not have work/school location,Does not have work/school location,2.135135135135135,6.146532930041956,11,UIUC1,"3.01 (Champaign, IL)",1900-01-01 12:46:08.108108106,12,20.166666666666664,Chicago2_ord,"9800 (Cook, IL)",26.037692307692303,70,92.30180180180179,10,132.18422523773427,169,3.0,84.54,1,0,0
8831055796280454100,"2 (Tract 59.02, Champaign, IL)","59.02 (Champaign, IL)","Champaign County, IL",Illinois,"2 (Tract 1711, Cook, IL)","1711 (Cook, IL)","Cook County, IL",Illinois,private_auto,home,recreation,1900-01-01 09:15:13,1900-01-01 12:01:13,166,140.1,unknown_vehicle_type,other_non_bev,,,,non_retail_attraction,non_retail_attraction,single_family,single_family,5149398116814174099,4701836578845719104,41.0,female,white_not_hispanic_or_latino,not_in_labor_force,unemployed_under_16_not_in_labor_force,0.0,other_travel_mode,4.0,68374.0,two,core,not_working,single_family,not_attending_school,bachelors_degree,owner,indo_european,"2 (Tract 1711, Cook, IL)","1711 (Cook, IL)","Cook County, IL",Illinois,Does not have work/school location,Does not have work/school location,Does not have work/school location,Does not have work/school location,1.8484848484848484,6.026139809648836,9,UIUC1,"3.01 (Champaign, IL)",1900-01-01 10:37:03.909090910,10,15.0,Chicago2_ord,"9800 (Cook, IL)",23.867692307692305,70,86.84848484848484,10,129.89383211734113,166,3.0,84.05999999999999,1,0,0
16448948967164226761,"2 (Tract 14, Champaign, IL)","14 (Champaign, IL)","Champaign County, IL",Illinois,"2 (Tract 1711, Cook, IL)","1711 (Cook, IL)","Cook County, IL",Illinois,auto_passenger,home,recreation,1900-01-01 16:24:39,1900-01-01 18:58:39,154,146.1,unknown_vehicle_type,unknown_fuel_type,,,,non_retail_attraction,non_retail_attraction,single_family,single_family,4351329852465340364,1623685241539452520,16.0,female,hispanic_or_latino_origin,not_in_labor_force,unemployed_under_16_not_in_labor_force,0.0,other_travel_mode,5.0,86127.0,three_plus,core,not_working,single_family,school,k_12,owner,spanish,"2 (Tract 1711, Cook, IL)","1711 (Cook, IL)","Cook County, IL",Illinois,Does not have work/school location,Does not have work/school location,Does not have work/school location,Does not have work/school location,3.5338345864661656,7.660864322969586,16,UIUC1,"3.01 (Champaign, IL)",1900-01-01 17:48:11.030075190,17,27.916666666666664,Chicago2_ord,"9800 (Cook, IL)",29.292692307692302,70,101.45050125313284,10,136.9535566306619,154,3.0,87.66,1,0,0
7497998806251207192,"2 (Tract 3.01, Champaign, IL)","3.01 (Champaign, IL)","Champaign County, IL",Illinois,"1 (Tract 9800, Cook, IL)","9800 (Cook, IL)","Cook County, IL",Illinois,auto_passenger,eat,home,1900-01-01 17:27:00,1900-01-01 19:51:17,144,150.6,unknown_vehicle_type,unknown_fuel_type,,,,multi_family,multi_family,retail,retail,11448038420203391030,8716914467461735427,22.0,male,asian_not_hispanic_or_latino,not_in_labor_force,unemployed_under_16_not_in_labor_force,14492.0,other_travel_mode,1.0,14492.0,zero,core,naics52,multiple_units,undergraduate,high_school,renter,english,"2 (Tract 3.01, Champaign, IL)","3.01 (Champaign, IL)","Champaign County, IL",Illinois,"1 (Tract 59.01, Champaign, IL)","59.01 (Champaign, IL)","Champaign County, IL",Illinois,0.8970588235294118,4.953946986201888,17,UIUC1,"3.01 (Champaign, IL)",1900-01-01 18:47:53.823529410,18,21.051987767584095,Chicago2_ord,"9800 (Cook, IL)",16.196937705304222,70,91.9490465911135,10,121.1508846915061,144,3.0,90.36,1,0,0
1464291356909678301,"2 (Tract 3.02, Champaign, IL)","3.02 (Champaign, IL)","Champaign County, IL",Illinois,"1 (Tract 9800, Cook, IL)","9800 (Cook, IL)","Cook County, IL",Illinois,private_auto,other_activity_type,home,1900-01-01 06:54:00,1900-01-01 09:43:03,169,151.9,unknown_vehicle_type,other_non_bev,,,,multi_family,multi_family,transportation_utilities,transportation_utilities,9355893484790127095,2715137711630354243,48.0,male,white_not_hispanic_or_latino,not_in_labor_force,unemployed_under_16_not_in_labor_force,0.0,other_travel_mode,1.0,0.0,one,core,not_working,multiple_units,graduate,advanced_degree,renter,english,"2 (Tract 3.02, Champaign, IL)","3.02 (Champaign, IL)","Champaign County, IL",Illinois,Does not have work/school location,Does not have work/school location,Does not have work/school location,Does not have work/school location,1.0,5.094850948509485,6,UIUC1,"3.01 (Champaign, IL)",1900-01-01 08:15:00.000000000,8,19.30958904109589,Chicago2_ord,"9800 (Cook, IL)",15.465130240179178,70,90.30958904109589,10,120.55998118868867,169,3.0,91.14,1,0,0
14966581537902061620,"5 (Tract 58, Champaign, IL)","58 (Champaign, IL)","Champaign County, IL",Illinois,"1 (Tract 1612, Cook, IL)","1612 (Cook, IL)","Cook County, IL",Illinois,private_auto,eat,social,1900-01-01 10:23:00,1900-01-01 12:55:28,152,143.9,unknown_vehicle_type,other_non_bev,,,,single_family,single_family,mixed_use,retail,17054463969661642403,7301199724346633896,18.0,female,white_not_hispanic_or_latino,not_in_labor_force,unemployed_under_16_not_in_labor_force,0.0,other_travel_mode,1.0,0.0,unknown_num_vehicles,core,not_working,GQ_structure,undergraduate,some_college,GQ,GQ_language,"2 (Tract 4.01, Champaign, IL)","4.01 (Champaign, IL)","Champaign County, IL",Illinois,"3 (Tract 12.01, Champaign, IL)","12.01 (Champaign, IL)","Champaign County, IL",Illinois,3.216216216216216,7.5033409312927395,10,UIUC1,"3.01 (Champaign, IL)",1900-01-01 11:46:12.972972972,11,20.375,Chicago2_ord,"9800 (Cook, IL)",30.2975,70,93.59121621621621,10,137.80084093129273,152,3.0,86.34,1,0,0
6357022377183334605,"2 (Tract 59.02, Champaign, IL)","59.02 (Champaign, IL)","Champaign County, IL",Illinois,"1 (Tract 611, Cook, IL)","611 (Cook, IL)","Cook County, IL",Illinois,private_auto,eat,home,1900-01-01 19:50:26,1900-01-01 22:11:29,141,140.7,unknown_vehicle_type,other_non_bev,,,,education,education,mixed_use,retail,8275912907734676505,7730468877325497505,18.0,female,white_not_hispanic_or_latino,not_in_labor_force,unemployed_under_16_not_in_labor_force,0.0,other_travel_mode,1.0,0.0,unknown_num_vehicles,core,not_working,GQ_structure,undergraduate,some_college,GQ,GQ_language,"2 (Tract 59.02, Champaign, IL)","59.02 (Champaign, IL)","Champaign County, IL",Illinois,Does not have work/school location,Does not have work/school location,Does not have work/school location,Does not have work/school location,1.898876404494382,6.0473042631728395,19,UIUC1,"3.01 (Champaign, IL)",1900-01-01 21:12:19.932584270,21,23.0,Chicago2_ord,"9800 (Cook, IL)",37.1888,70,94.89887640449439,10,143.23610426317282,141,3.0,84.41999999999999,1,0,0
8171292403748680402,"2 (Tract 7, Champaign, IL)","7 (Champaign, IL)","Champaign County, IL",Illinois,"1 (Tract 1612, Cook, IL)","1612 (Cook, IL)","Cook County, IL",Illinois,auto_passenger,social,home,1900-01-01 11:31:00,1900-01-01 14:02:00,151,142.0,unknown_vehicle_type,unknown_fuel_type,,,,single_family,single_family,multi_family,multi_family,3362047638566696648,3514079952537601523,34.0,male,black_not_hispanic_or_latino,not_in_labor_force,unemployed_under_16_not_in_labor_force,0.0,other_travel_mode,1.0,0.0,two,core,not_working,single_family,not_attending_school,no_school,renter,english,"2 (Tract 7, Champaign, IL)","7 (Champaign, IL)","Champaign County, IL",Illinois,Does not have work/school location,Does not have work/school location,Does not have work/school location,Does not have work/school location,4.2727272727272725,8.939345454545455,11,UIUC1,"3.01 (Champaign, IL)",1900-01-01 12:55:16.363636362,12,20.0,Chicago2_ord,"9800 (Cook, IL)",30.14,70,94.27272727272727,10,139.07934545454546,151,3.0,85.2,1,0,0
6298069053511218663,"1 (Tract 57.01, Champaign, IL)","57.01 (Champaign, IL)","Champaign County, IL",Illinois,"3 (Tract 1510.02, Cook, IL)","1510.02 (Cook, IL)","Cook County, IL",Illinois,private_auto,work,shop,1900-01-01 19:44:22,1900-01-01 22:17:13,152,147.5,unknown_vehicle_type,other_non_bev,,,,retail,retail,mixed_use,retail,11525905517408504978,7297304404983652578,69.0,female,white_not_hispanic_or_latino,not_in_labor_force,unemployed_under_16_not_in_labor_force,8346.0,other_travel_mode,2.0,22256.0,two,core,not_working,single_family,not_attending_school,high_school,owner,english,"2 (Tract 8811.11, Will, IL)","8811.11 (Will, IL)","Will County, IL",Illinois,Does not have work/school location,Does not have work/school location,Does not have work/school location,Does not have work/school location,6.833333333333333,11.593357664233576,19,UIUC1,"3.01 (Champaign, IL)",1900-01-01 21:11:11.999999998,21,20.0,Chicago2_ord,"9800 (Cook, IL)",28.629411764705882,70,96.83333333333333,10,140.22276942893947,152,3.0,88.5,1,0,0
17866196070598137906,"1 (Tract 53, Champaign, IL)","53 (Champaign, IL)","Champaign County, IL",Illinois,"1 (Tract 9800, Cook, IL)","9800 (Cook, IL)","Cook County, IL",Illinois,auto_passenger,region_departure,maintenance,1900-01-01 15:34:00,1900-01-01 18:27:04,173,148.6,unknown_vehicle_type,unknown_fuel_type,,,,healthcare,healthcare,transportation_utilities,transportation_utilities,10188346730623200874,12968486396921997577,61.0,female,white_not_hispanic_or_latino,not_in_labor_force,unemployed_under_16_not_in_labor_force,13865.0,other_travel_mode,2.0,42819.0,two,core,not_working,single_family,not_attending_school,high_school,owner,english,"2 (Tract 9508, Iroquois, IL)","9508 (Iroquois, IL)","Iroquois County, IL",Illinois,Does not have work/school location,Does not have work/school location,Does not have work/school location,Does not have work/school location,3.4864864864864864,8.009492282980654,15,UIUC1,"3.01 (Champaign, IL)",1900-01-01 16:57:29.189189190,16,19.617511520737327,Chicago2_ord,"9800 (Cook, IL)",15.59445768162858,70,93.10399800722381,10,123.60394996460924,173,3.0,89.16,1,0,0
6700209771741379843,"1 (Tract 3.01, Champaign, IL)","3.01 (Champaign, IL)","Champaign County, IL",Illinois,"3 (Tract 1003, Cook, IL)","1003 (Cook, IL)","Cook County, IL",Illinois,private_auto,home,eat,1900-01-01 14:59:13,1900-01-01 17:52:12,172,142.2,unknown_vehicle_type,other_non_bev,,,,retail,retail,single_family,single_family,14649584333913574114,2109882161988066014,61.0,female,white_not_hispanic_or_latino,not_in_labor_force,unemployed_under_16_not_in_labor_force,2849.0,other_travel_mode,2.0,58644.0,two,core,not_working,single_family,not_attending_school,some_college,owner,english,"3 (Tract 1003, Cook, IL)","1003 (Cook, IL)","Cook County, IL",Illinois,Does not have work/school location,Does not have work/school location,Does not have work/school location,Does not have work/school location,0.9285714285714286,4.967182280319536,14,UIUC1,"3.01 (Champaign, IL)",1900-01-01 16:20:08.714285716,16,20.33333333333333,Chicago2_ord,"9800 (Cook, IL)",23.013714285714283,70,91.26190476190476,10,127.98089656603382,172,3.0,85.32,1,0,0
6672751203711684005,"1 (Tract 58, Champaign, IL)","58 (Champaign, IL)","Champaign County, IL",Illinois,"3 (Tract 310, Cook, IL)","310 (Cook, IL)","Cook County, IL",Illinois,private_auto,social,social,1900-01-01 11:47:00,1900-01-01 14:24:04,157,152.6,unknown_vehicle_type,other_non_bev,,,,single_family,single_family,multi_family,multi_family,5051234965375624594,13690444563235842309,65.0,female,white_not_hispanic_or_latino,not_in_labor_force,unemployed_under_16_not_in_labor_force,75971.0,other_travel_mode,2.0,151943.0,two,core,not_working,single_family,not_attending_school,some_college,owner,english,"3 (Tract 104, Champaign, IL)","104 (Champaign, IL)","Champaign County, IL",Illinois,Does not have work/school location,Does not have work/school location,Does not have work/school location,Does not have work/school location,3.0476190476190474,7.432530120481928,11,UIUC1,"3.01 (Champaign, IL)",1900-01-01 13:10:02.857142856,13,26.5,Chicago2_ord,"9800 (Cook, IL)",36.26428571428572,70,99.54761904761905,10,143.69681583476765,157,3.0,91.55999999999999,0,1,0
3282953573191520319,"1 (Tract 3.01, Champaign, IL)","3.01 (Champaign, IL)","Champaign County, IL",Illinois,"3 (Tract 104, Cook, IL)","104 (Cook, IL)","Cook County, IL",Illinois,auto_passenger,home,eat,1900-01-01 23:04:39,1900-01-01 01:27:38,142,143.8,unknown_vehicle_type,unknown_fuel_type,,,,retail,retail,mixed_use,multi_family,4399762911038793841,1107213766611144968,66.0,male,white_not_hispanic_or_latino,not_in_labor_force,unemployed_under_16_not_in_labor_force,11823.0,other_travel_mode,2.0,23647.0,zero,core,not_working,multiple_units,not_attending_school,high_school,renter,english,"3 (Tract 104, Cook, IL)","104 (Cook, IL)","Cook County, IL",Illinois,Does not have work/school location,Does not have work/school location,Does not have work/school location,Does not have work/school location,1.0714285714285714,5.027182280319535,23,UIUC1,"3.01 (Champaign, IL)",1900-01-02 00:25:43.285714284,0,29.0,Chicago2_ord,"9800 (Cook, IL)",40.016000000000005,70,100.07142857142857,10,145.04318228031954,142,3.0,86.28,1,0,0
18077754206485270724,"1 (Tract 3.01, Champaign, IL)","3.01 (Champaign, IL)","Champaign County, IL",Illinois,"3 (Tract 104, Cook, IL)","104 (Cook, IL)","Cook County, IL",Illinois,private_auto,home,eat,1900-01-01 01:51:51,1900-01-01 04:17:21,145,145.1,unknown_vehicle_type,other_non_bev,,,,retail,retail,education,education,7212256941623431885,16896932284328616404,19.0,female,white_not_hispanic_or_latino,not_in_labor_force,unemployed_under_16_not_in_labor_force,0.0,other_travel_mode,1.0,0.0,unknown_num_vehicles,core,not_working,GQ_structure,undergraduate,some_college,GQ,GQ_language,"3 (Tract 104, Cook, IL)","104 (Cook, IL)","Cook County, IL",Illinois,Does not have work/school location,Does not have work/school location,Does not have work/school location,Does not have work/school location,1.0,4.997182280319535,1,UIUC1,"3.01 (Champaign, IL)",1900-01-01 03:12:51.000000000,3,29.0,Chicago2_ord,"9800 (Cook, IL)",40.016000000000005,70,100.0,10,145.01318228031954,145,3.0,87.05999999999999,1,0,0
13731244728937791148,"2 (Tract 59.02, Champaign, IL)","59.02 (Champaign, IL)","Champaign County, IL",Illinois,"3 (Tract 104, Cook, IL)","104 (Cook, IL)","Cook County, IL",Illinois,auto_passenger,home,eat,1900-01-01 01:16:58,1900-01-01 03:39:58,143,144.5,unknown_vehicle_type,unknown_fuel_type,,,,retail,retail,education,education,3967072940693467991,10913567186168504907,18.0,female,asian_not_hispanic_or_latino,not_in_labor_force,unemployed_under_16_not_in_labor_force,0.0,other_travel_mode,1.0,0.0,unknown_num_vehicles,core,not_working,GQ_structure,undergraduate,some_college,GQ,GQ_language,"3 (Tract 104, Cook, IL)","104 (Cook, IL)","Cook County, IL",Illinois,Does not have work/school location,Does not have work/school location,Does not have work/school location,Does not have work/school location,2.875,6.457276173285199,1,UIUC1,"3.01 (Champaign, IL)",1900-01-01 02:39:50.500000000,2,29.0,Chicago2_ord,"9800 (Cook, IL)",40.016000000000005,70,101.875,10,146.4732761732852,143,3.0,86.7,1,0,0
1111137010947231781,"1 (Tract 8, Champaign, IL)","8 (Champaign, IL)","Champaign County, IL",Illinois,"3 (Tract 104, Cook, IL)","104 (Cook, IL)","Cook County, IL",Illinois,private_auto,home,eat,1900-01-01 00:34:02,1900-01-01 02:53:36,139,141.6,unknown_vehicle_type,other_non_bev,,,,retail,retail,education,education,3988955043486288614,6890374450955964736,19.0,female,white_not_hispanic_or_latino,not_in_labor_force,unemployed_under_16_not_in_labor_force,0.0,other_travel_mode,1.0,0.0,unknown_num_vehicles,core,not_working,GQ_structure,undergraduate,some_college,GQ,GQ_language,"3 (Tract 104, Cook, IL)","104 (Cook, IL)","Cook County, IL",Illinois,Does not have work/school location,Does not have work/school location,Does not have work/school location,Does not have work/school location,6.6,11.984226148409894,0,UIUC1,"3.01 (Champaign, IL)",1900-01-01 02:00:38.000000000,2,29.0,Chicago2_ord,"9800 (Cook, IL)",40.016000000000005,70,105.6,10,152.0002261484099,139,3.0,84.96,1,0,0
11550130779155194023,"2 (Tract 59.02, Champaign, IL)","59.02 (Champaign, IL)","Champaign County, IL",Illinois,"3 (Tract 104, Cook, IL)","104 (Cook, IL)","Cook County, IL",Illinois,auto_passenger,home,eat,1900-01-01 00:44:39,1900-01-01 03:07:47,143,144.7,unknown_vehicle_type,unknown_fuel_type,,,,retail,retail,education,education,6260681998355863846,7849249682689695875,62.0,female,white_not_hispanic_or_latino,not_in_labor_force,unemployed_under_16_not_in_labor_force,0.0,other_travel_mode,1.0,0.0,unknown_num_vehicles,core,not_working,GQ_structure,not_attending_school,bachelors_degree,GQ,GQ_language,"3 (Tract 104, Cook, IL)","104 (Cook, IL)","Cook County, IL",Illinois,Does not have work/school location,Does not have work/school location,Does not have work/school location,Does not have work/school location,1.75,5.984776173285199,0,UIUC1,"3.01 (Champaign, IL)",1900-01-01 02:06:24.000000000,2,29.0,Chicago2_ord,"9800 (Cook, IL)",40.016000000000005,70,100.75,10,146.0007761732852,143,3.0,86.82,1,0,0
5391154983516754067,"2 (Tract 14, Champaign, IL)","14 (Champaign, IL)","Champaign County, IL",Illinois,"3 (Tract 1711, Cook, IL)","1711 (Cook, IL)","Cook County, IL",Illinois,private_auto,home,recreation,1900-01-01 12:18:00,1900-01-01 15:06:46,168,140.8,unknown_vehicle_type,other_non_bev,,,,non_retail_attraction,non_retail_attraction,single_family,single_family,5151080712767700296,16498527492023191276,80.0,female,white_not_hispanic_or_latino,not_in_labor_force,unemployed_under_16_not_in_labor_force,6763.0,other_travel_mode,1.0,6763.0,three_plus,core,not_working,single_family,not_attending_school,high_school,owner,indo_european,"3 (Tract 1711, Cook, IL)","1711 (Cook, IL)","Cook County, IL",Illinois,Does not have work/school location,Does not have work/school location,Does not have work/school location,Does not have work/school location,3.0521739130434784,7.4585668401320575,12,UIUC1,"3.01 (Champaign, IL)",1900-01-01 13:41:03.130434780,13,25.33333333333333,Chicago2_ord,"9800 (Cook, IL)",28.2076923076923,70,98.3855072463768,10,135.66625914782435,168,3.0,84.48,1,0,0
4840106878746759114,"3 (Tract 3.01, Champaign, IL)","3.01 (Champaign, IL)","Champaign County, IL",Illinois,"3 (Tract 1504.02, Cook, IL)","1504.02 (Cook, IL)","Cook County, IL",Illinois,auto_passenger,eat,home,1900-01-01 18:15:24,1900-01-01 20:42:18,146,145.4,unknown_vehicle_type,unknown_fuel_type,,,,multi_family,multi_family,retail,retail,8589028146883473640,11055430194038686474,19.0,female,asian_not_hispanic_or_latino,not_in_labor_force,unemployed_under_16_not_in_labor_force,0.0,other_travel_mode,2.0,0.0,zero,core,not_working,multiple_units,undergraduate,some_college,renter,asian_pacific,"3 (Tract 3.01, Champaign, IL)","3.01 (Champaign, IL)","Champaign County, IL",Illinois,Does not have work/school location,Does not have work/school location,Does not have work/school location,Does not have work/school location,0.8979591836734694,4.9543251374623924,18,UIUC1,"3.01 (Champaign, IL)",1900-01-01 19:36:17.877551022,19,25.923076923076923,Chicago2_ord,"9800 (Cook, IL)",28.940266147354752,70,96.82103610675038,10,133.89459128481715,146,3.0,87.24,1,0,0
16973520445020101672,"3 (Tract 3.01, Champaign, IL)","3.01 (Champaign, IL)","Champaign County, IL",Illinois,"6 (Tract 1503, Cook, IL)","1503 (Cook, IL)","Cook County, IL",Illinois,auto_passenger,shop,home,1900-01-01 08:48:00,1900-01-01 11:22:36,154,148.2,unknown_vehicle_type,unknown_fuel_type,,,,multi_family,multi_family,retail,retail,7424318576185983938,10310283315149230196,20.0,male,asian_not_hispanic_or_latino,not_in_labor_force,unemployed_under_16_not_in_labor_force,0.0,other_travel_mode,4.0,0.0,zero,core,not_working,multiple_units,undergraduate,high_school,renter,asian_pacific,"3 (Tract 3.01, Champaign, IL)","3.01 (Champaign, IL)","Champaign County, IL",Illinois,Does not have work/school location,Does not have work/school location,Does not have work/school location,Does not have work/school location,0.8157894736842105,4.919813859266903,8,UIUC1,"3.01 (Champaign, IL)",1900-01-01 10:08:48.947368422,10,19.772727272727277,Chicago2_ord,"9800 (Cook, IL)",26.310591966173366,70,90.58851674641149,10,131.23040582544027,154,3.0,88.91999999999999,1,0,0
10261042151800046426,"1 (Tract 3.02, Champaign, IL)","3.02 (Champaign, IL)","Champaign County, IL",Illinois,"6 (Tract 1503, Cook, IL)","1503 (Cook, IL)","Cook County, IL",Illinois,private_auto,shop,shop,1900-01-01 08:41:00,1900-01-01 11:14:45,153,144.0,unknown_vehicle_type,other_non_bev,,,,retail,retail,retail,retail,8839409879361431771,6630948152779923710,61.0,female,white_not_hispanic_or_latino,not_in_labor_force,unemployed_under_16_not_in_labor_force,36682.0,other_travel_mode,1.0,36682.0,one,core,not_working,multiple_units,not_attending_school,some_college,renter,english,"3 (Tract 3.01, Champaign, IL)","3.01 (Champaign, IL)","Champaign County, IL",Illinois,Does not have work/school location,Does not have work/school location,Does not have work/school location,Does not have work/school location,1.0,5.094850948509485,8,UIUC1,"3.01 (Champaign, IL)",1900-01-01 10:02:00.000000000,10,19.772727272727277,Chicago2_ord,"9800 (Cook, IL)",26.310591966173366,70,90.77272727272728,10,131.40544291468285,153,3.0,86.39999999999999,1,0,0
3472886242886796310,"3 (Tract 3.01, Champaign, IL)","3.01 (Champaign, IL)","Champaign County, IL",Illinois,"5 (Tract 1503, Cook, IL)","1503 (Cook, IL)","Cook County, IL",Illinois,auto_passenger,maintenance,home,1900-01-01 22:27:14,1900-01-01 00:51:13,143,148.4,unknown_vehicle_type,unknown_fuel_type,,,,multi_family,multi_family,mixed_use,office,8480378807205723079,7796200974922759488,64.0,male,white_not_hispanic_or_latino,not_in_labor_force,unemployed_under_16_not_in_labor_force,15292.0,other_travel_mode,1.0,15292.0,zero,core,not_working,multiple_units,not_attending_school,high_school,renter,english,"3 (Tract 3.01, Champaign, IL)","3.01 (Champaign, IL)","Champaign County, IL",Illinois,Does not have work/school location,Does not have work/school location,Does not have work/school location,Does not have work/school location,1.0,4.997182280319535,22,UIUC1,"3.01 (Champaign, IL)",1900-01-01 23:48:14.000000000,23,12.5,Chicago2_ord,"9800 (Cook, IL)",23.256046511627908,70,83.5,10,128.25322879194744,143,3.0,89.04,1,0,0
13250840364265701010,"3 (Tract 3.01, Champaign, IL)","3.01 (Champaign, IL)","Champaign County, IL",Illinois,"6 (Tract 1503, Cook, IL)","1503 (Cook, IL)","Cook County, IL",Illinois,private_auto,eat,home,1900-01-01 10:27:00,1900-01-01 13:03:20,156,148.9,unknown_vehicle_type,other_non_bev,,,,multi_family,multi_family,mixed_use,retail,8774591461963975789,15117554223743142037,43.0,female,hispanic_or_latino_origin,not_in_labor_force,unemployed_under_16_not_in_labor_force,0.0,other_travel_mode,3.0,10195.0,two,core,not_working,multiple_units,not_attending_school,some_college,renter,spanish,"3 (Tract 3.01, Champaign, IL)","3.01 (Champaign, IL)","Champaign County, IL",Illinois,Does not have work/school location,Does not have work/school location,Does not have work/school location,Does not have work/school location,0.927536231884058,4.9667474977108395,10,UIUC1,"3.01 (Champaign, IL)",1900-01-01 11:47:55.652173914,11,20.5625,Chicago2_ord,"9800 (Cook, IL)",26.642296511627908,70,91.49003623188406,10,131.60904400933876,156,3.0,89.34,1,0,0
9177272068044043745,"3 (Tract 3.01, Champaign, IL)","3.01 (Champaign, IL)","Champaign County, IL",Illinois,"6 (Tract 1503, Cook, IL)","1503 (Cook, IL)","Cook County, IL",Illinois,private_auto,shop,home,1900-01-01 09:48:00,1900-01-01 12:23:45,155,148.2,unknown_vehicle_type,other_non_bev,,,,multi_family,multi_family,mixed_use,office,9091856433220118592,86271941343068664,23.0,female,asian_not_hispanic_or_latino,not_in_labor_force,unemployed_under_16_not_in_labor_force,25583.0,other_travel_mode,2.0,31379.0,two,core,naics54,multiple_units,not_attending_school,bachelors_degree,renter,asian_pacific,"3 (Tract 3.01, Champaign, IL)","3.01 (Champaign, IL)","Champaign County, IL",Illinois,Does not have work/school location,Does not have work/school location,Does not have work/school location,Does not have work/school location,0.868421052631579,4.941919122424799,9,UIUC1,"3.01 (Champaign, IL)",1900-01-01 11:08:52.105263156,11,20.5625,Chicago2_ord,"9800 (Cook, IL)",26.642296511627908,70,91.43092105263158,10,131.5842156340527,155,3.0,88.91999999999999,1,0,0
15376587171285424420,"3 (Tract 3.01, Champaign, IL)","3.01 (Champaign, IL)","Champaign County, IL",Illinois,"1 (Tract 1505.01, Cook, IL)","1505.01 (Cook, IL)","Cook County, IL",Illinois,auto_passenger,social,home,1900-01-01 08:34:00,1900-01-01 11:01:30,147,153.1,unknown_vehicle_type,unknown_fuel_type,,,,multi_family,multi_family,multi_family,multi_family,8589028146883473640,11055430194038686474,19.0,female,asian_not_hispanic_or_latino,not_in_labor_force,unemployed_under_16_not_in_labor_force,0.0,other_travel_mode,2.0,0.0,zero,core,not_working,multiple_units,undergraduate,some_college,renter,asian_pacific,"3 (Tract 3.01, Champaign, IL)","3.01 (Champaign, IL)","Champaign County, IL",Illinois,Does not have work/school location,Does not have work/school location,Does not have work/school location,Does not have work/school location,0.8157894736842105,4.919813859266903,8,UIUC1,"3.01 (Champaign, IL)",1900-01-01 09:54:48.947368422,9,15.125,Chicago2_ord,"9800 (Cook, IL)",23.413452380952382,70,85.9407894736842,10,128.3332662402193,147,3.0,91.86,1,0,0
16105916034280983922,"3 (Tract 3.01, Champaign, IL)","3.01 (Champaign, IL)","Champaign County, IL",Illinois,"3 (Tract 1504.02, Cook, IL)","1504.02 (Cook, IL)","Cook County, IL",Illinois,auto_passenger,shop,home,1900-01-01 15:46:51,1900-01-01 18:23:11,156,148.4,unknown_vehicle_type,unknown_fuel_type,,,,multi_family,multi_family,retail,retail,8507748275527624621,17746629997028293729,64.0,male,white_not_hispanic_or_latino,not_in_labor_force,unemployed_under_16_not_in_labor_force,13910.0,other_travel_mode,3.0,51004.0,two,core,not_working,multiple_units,not_attending_school,high_school,renter,english,"3 (Tract 3.01, Champaign, IL)","3.01 (Champaign, IL)","Champaign County, IL",Illinois,Does not have work/school location,Does not have work/school location,Does not have work/school location,Does not have work/school location,0.958904109589041,4.979922006346933,15,UIUC1,"3.01 (Champaign, IL)",1900-01-01 17:07:48.534246576,17,25.18918918918919,Chicago2_ord,"9800 (Cook, IL)",28.632033299121904,70,96.14809329877824,10,133.61195530546885,156,3.0,89.04,1,0,0
11927510018462295152,"3 (Tract 3.01, Champaign, IL)","3.01 (Champaign, IL)","Champaign County, IL",Illinois,"6 (Tract 1503, Cook, IL)","1503 (Cook, IL)","Cook County, IL",Illinois,auto_passenger,shop,home,1900-01-01 12:18:48,1900-01-01 15:07:39,168,138.3,unknown_vehicle_type,unknown_fuel_type,,,,multi_family,multi_family,retail,retail,8839409879361431771,6630948152779923710,61.0,female,white_not_hispanic_or_latino,not_in_labor_force,unemployed_under_16_not_in_labor_force,36682.0,other_travel_mode,1.0,36682.0,one,core,not_working,multiple_units,not_attending_school,some_college,renter,english,"3 (Tract 3.01, Champaign, IL)","3.01 (Champaign, IL)","Champaign County, IL",Illinois,Does not have work/school location,Does not have work/school location,Does not have work/school location,Does not have work/school location,1.1690140845070425,5.068168195812493,12,UIUC1,"3.01 (Champaign, IL)",1900-01-01 13:39:58.140845070,13,22.074074074074076,Chicago2_ord,"9800 (Cook, IL)",27.277157622739015,70,93.24308815858112,10,132.34532581855152,168,3.0,82.98,1,0,0
8964767777935369166,"3 (Tract 3.01, Champaign, IL)","3.01 (Champaign, IL)","Champaign County, IL",Illinois,"3 (Tract 1504.02, Cook, IL)","1504.02 (Cook, IL)","Cook County, IL",Illinois,private_auto,shop,home,1900-01-01 11:06:08,1900-01-01 13:45:45,159,148.4,unknown_vehicle_type,other_non_bev,,,,multi_family,multi_family,retail,retail,8507748275527624621,17746629997028293729,64.0,male,white_not_hispanic_or_latino,not_in_labor_force,unemployed_under_16_not_in_labor_force,13910.0,other_travel_mode,3.0,51004.0,two,core,not_working,multiple_units,not_attending_school,high_school,renter,english,"3 (Tract 3.01, Champaign, IL)","3.01 (Champaign, IL)","Champaign County, IL",Illinois,Does not have work/school location,Does not have work/school location,Does not have work/school location,Does not have work/school location,0.8873239436619719,4.949858336657564,11,UIUC1,"3.01 (Champaign, IL)",1900-01-01 12:27:01.239436622,12,16.96875,Chicago2_ord,"9800 (Cook, IL)",25.179448839662445,70,87.85607394366197,10,130.12930717632003,159,3.0,89.04,1,0,0
11062767919762846160,"3 (Tract 3.01, Champaign, IL)","3.01 (Champaign, IL)","Champaign County, IL",Illinois,"6 (Tract 1503, Cook, IL)","1503 (Cook, IL)","Cook County, IL",Illinois,auto_passenger,eat,home,1900-01-01 16:22:00,1900-01-01 18:53:49,151,145.4,unknown_vehicle_type,unknown_fuel_type,,,,multi_family,multi_family,mixed_use,retail,8774591461963975789,15117554223743142037,43.0,female,hispanic_or_latino_origin,not_in_labor_force,unemployed_under_16_not_in_labor_force,0.0,other_travel_mode,3.0,10195.0,two,core,not_working,multiple_units,not_attending_school,some_college,renter,spanish,"3 (Tract 3.01, Champaign, IL)","3.01 (Champaign, IL)","Champaign County, IL",Illinois,Does not have work/school location,Does not have work/school location,Does not have work/school location,Does not have work/school location,0.9019607843137256,4.9560058097313,16,UIUC1,"3.01 (Champaign, IL)",1900-01-01 17:42:54.117647058,17,28.4,Chicago2_ord,"9800 (Cook, IL)",29.93404651162791,70,99.30196078431374,10,134.8900523213592,151,3.0,87.24,1,0,0
7791256239407594452,"3 (Tract 3.01, Champaign, IL)","3.01 (Champaign, IL)","Champaign County, IL",Illinois,"3 (Tract 1504.02, Cook, IL)","1504.02 (Cook, IL)","Cook County, IL",Illinois,private_auto,shop,home,1900-01-01 07:54:00,1900-01-01 10:31:59,157,148.4,unknown_vehicle_type,other_non_bev,,,,multi_family,multi_family,retail,retail,8507748275527624621,17746629997028293729,64.0,male,white_not_hispanic_or_latino,not_in_labor_force,unemployed_under_16_not_in_labor_force,13910.0,other_travel_mode,3.0,51004.0,two,core,not_working,multiple_units,not_attending_school,high_school,renter,english,"3 (Tract 3.01, Champaign, IL)","3.01 (Champaign, IL)","Champaign County, IL",Illinois,Does not have work/school location,Does not have work/school location,Does not have work/school location,Does not have work/school location,0.9473684210526316,4.975077017161641,7,UIUC1,"3.01 (Champaign, IL)",1900-01-01 09:14:56.842105266,9,18.90909090909091,Chicago2_ord,"9800 (Cook, IL)",25.99439202148063,70,89.85645933014354,10,130.96946903864227,157,3.0,89.04,1,0,0
10577549979838052642,"2 (Tract 3.02, Champaign, IL)","3.02 (Champaign, IL)","Champaign County, IL",Illinois,"1 (Tract 9800, Cook, IL)","9800 (Cook, IL)","Cook County, IL",Illinois,auto_passenger,eat,social,1900-01-01 12:00:00,1900-01-01 14:27:06,147,150.8,unknown_vehicle_type,unknown_fuel_type,,,,multi_family,multi_family,retail,retail,9529199946875454926,17860329966059336353,24.0,male,hispanic_or_latino_origin,not_in_labor_force,unemployed_under_16_not_in_labor_force,0.0,other_travel_mode,1.0,0.0,one,core,not_working,multiple_units,undergraduate,some_college,renter,spanish,"3 (Tract 3.02, Champaign, IL)","3.02 (Champaign, IL)","Champaign County, IL",Illinois,"1 (Tract 4.01, Champaign, IL)","4.01 (Champaign, IL)","Champaign County, IL",Illinois,1.1,5.136850948509485,12,UIUC1,"3.01 (Champaign, IL)",1900-01-01 13:21:06.000000000,13,20.77119784656797,Chicago2_ord,"9800 (Cook, IL)",16.07900593847745,70,91.87119784656797,10,121.21585688698694,147,3.0,90.48,1,0,0
15024627637558091259,"3 (Tract 55, Champaign, IL)","55 (Champaign, IL)","Champaign County, IL",Illinois,"1 (Tract 9800, Cook, IL)","9800 (Cook, IL)","Cook County, IL",Illinois,private_auto,other_activity_type,home,1900-01-01 19:24:00,1900-01-01 22:05:24,161,158.0,unknown_vehicle_type,other_non_bev,,,,education,education,transportation_utilities,transportation_utilities,14253229444394261434,14196508150123087447,89.0,male,white_not_hispanic_or_latino,not_in_labor_force,unemployed_under_16_not_in_labor_force,22024.0,other_travel_mode,1.0,0.0,unknown_num_vehicles,core,not_working,GQ_structure,not_attending_school,bachelors_degree,GQ,GQ_language,"3 (Tract 55, Champaign, IL)","55 (Champaign, IL)","Champaign County, IL",Illinois,Does not have work/school location,Does not have work/school location,Does not have work/school location,Does not have work/school location,5.583333333333333,10.36457894736842,19,UIUC1,"3.01 (Champaign, IL)",1900-01-01 20:49:34.999999998,20,21.420289855072465,Chicago2_ord,"9800 (Cook, IL)",16.35162458204934,70,97.0036231884058,10,126.71620352941775,161,3.0,94.8,1,0,0
17128206628503289328,"3 (Tract 55, Champaign, IL)","55 (Champaign, IL)","Champaign County, IL",Illinois,"1 (Tract 9800, Cook, IL)","9800 (Cook, IL)","Cook County, IL",Illinois,private_auto,other_activity_type,home,1900-01-01 08:52:00,1900-01-01 11:22:44,150,154.3,unknown_vehicle_type,other_non_bev,,,,education,education,transportation_utilities,transportation_utilities,14253229444394261434,14196508150123087447,89.0,male,white_not_hispanic_or_latino,not_in_labor_force,unemployed_under_16_not_in_labor_force,22024.0,other_travel_mode,1.0,0.0,unknown_num_vehicles,core,not_working,GQ_structure,not_attending_school,bachelors_degree,GQ,GQ_language,"3 (Tract 55, Champaign, IL)","55 (Champaign, IL)","Champaign County, IL",Illinois,Does not have work/school location,Does not have work/school location,Does not have work/school location,Does not have work/school location,5.4,10.28757894736842,8,UIUC1,"3.01 (Champaign, IL)",1900-01-01 10:17:24.000000000,10,20.56338028169014,Chicago2_ord,"9800 (Cook, IL)",15.991722561228762,70,95.96338028169015,10,126.27930150859717,150,3.0,92.58,1,0,0
12039914220015629126,"1 (Tract 8, Champaign, IL)","8 (Champaign, IL)","Champaign County, IL",Illinois,"1 (Tract 9800, Cook, IL)","9800 (Cook, IL)","Cook County, IL",Illinois,private_auto,region_departure,shop,1900-01-01 20:47:50,1900-01-01 23:25:40,157,151.7,unknown_vehicle_type,other_non_bev,,,,retail,retail,transportation_utilities,transportation_utilities,7058900020933924036,6097109972015002845,28.0,female,black_not_hispanic_or_latino,not_in_labor_force,unemployed_under_16_not_in_labor_force,0.0,other_travel_mode,3.0,43477.0,one,core,naics62,multiple_units,undergraduate,high_school,renter,english,"3 (Tract 8067, Cook, IL)","8067 (Cook, IL)","Cook County, IL",Illinois,Does not have work/school location,Does not have work/school location,Does not have work/school location,Does not have work/school location,6.67741935483871,12.016742277442152,20,UIUC1,"3.01 (Champaign, IL)",1900-01-01 22:14:30.645161288,22,18.94117647058824,Chicago2_ord,"9800 (Cook, IL)",15.310396960565964,70,95.61859582542695,10,127.32713923800812,157,3.0,91.02,1,0,0
9076418038431089478,"1 (Tract 59.01, Champaign, IL)","59.01 (Champaign, IL)","Champaign County, IL",Illinois,"1 (Tract 9800, Cook, IL)","9800 (Cook, IL)","Cook County, IL",Illinois,private_auto,social,work,1900-01-01 19:08:00,1900-01-01 21:34:18,146,151.7,unknown_vehicle_type,other_non_bev,,,,education,education,retail,retail,15388222307632942622,12812083580904606006,34.0,female,white_not_hispanic_or_latino,unemployed,unemployed_under_16_not_in_labor_force,6117.0,other_travel_mode,4.0,70346.0,two,core,naics71,single_family,not_attending_school,some_college,owner,english,"3 (Tract 9.02, Champaign, IL)","9.02 (Champaign, IL)","Champaign County, IL",Illinois,"1 (Tract 59.01, Champaign, IL)","59.01 (Champaign, IL)","Champaign County, IL",Illinois,2.325,6.610214285714286,19,UIUC1,"3.01 (Champaign, IL)",1900-01-01 20:30:19.500000000,20,21.420289855072465,Chicago2_ord,"9800 (Cook, IL)",16.35162458204934,70,93.74528985507247,10,122.96183886776363,146,3.0,91.02,1,0,0
5889298505843615395,"2 (Tract 110.02, Champaign, IL)","110.02 (Champaign, IL)","Champaign County, IL",Illinois,"1 (Tract 9800, Cook, IL)","9800 (Cook, IL)","Cook County, IL",Illinois,auto_passenger,region_departure,recreation,1900-01-01 10:52:00,1900-01-01 14:00:59,188,140.9,unknown_vehicle_type,unknown_fuel_type,,,,non_retail_attraction,non_retail_attraction,transportation_utilities,transportation_utilities,4542736697251253280,15034423335570592545,74.0,female,white_not_hispanic_or_latino,not_in_labor_force,unemployed_under_16_not_in_labor_force,1627.0,other_travel_mode,3.0,50683.0,two,core,not_working,single_family,not_attending_school,advanced_degree,owner,english,"3 (Tract 9618, Ford, IL)","9618 (Ford, IL)","Ford County, IL",Illinois,Does not have work/school location,Does not have work/school location,Does not have work/school location,Does not have work/school location,2.090909090909091,6.307245857590686,10,UIUC1,"3.01 (Champaign, IL)",1900-01-01 12:14:05.454545454,12,21.58333333333333,Chicago2_ord,"9800 (Cook, IL)",16.4201028429189,70,93.67424242424242,10,122.7273487005096,188,3.0,84.54,1,0,0
14178868931727050204,"1 (Tract 8, Champaign, IL)","8 (Champaign, IL)","Champaign County, IL",Illinois,"1 (Tract 9800, Cook, IL)","9800 (Cook, IL)","Cook County, IL",Illinois,auto_passenger,region_departure,shop,1900-01-01 19:04:30,1900-01-01 21:52:19,167,150.4,unknown_vehicle_type,unknown_fuel_type,,,,office,office,transportation_utilities,transportation_utilities,9719084981601081769,18344543093339516081,32.0,male,white_not_hispanic_or_latino,not_in_labor_force,unemployed_under_16_not_in_labor_force,0.0,other_travel_mode,3.0,139925.0,two,core,not_working,single_family,undergraduate,some_college,owner,english,"4 (Tract 8427.04, DuPage, IL)","8427.04 (DuPage, IL)","DuPage County, IL",Illinois,"1 (Tract 8419.02, DuPage, IL)","8419.02 (DuPage, IL)","DuPage County, IL",Illinois,6.630434782608695,11.997008757105547,19,UIUC1,"3.01 (Champaign, IL)",1900-01-01 20:31:07.826086956,20,21.420289855072465,Chicago2_ord,"9800 (Cook, IL)",16.35162458204934,70,98.05072463768116,10,128.3486333391549,167,3.0,90.24,1,0,0
