trip_id,origin_block_group,origin_tract,origin_county,origin_st_2020,destination_block_group,destination_tract,destination_county,destination_st_2020,mode,trip_purpose,previous_trip_purpose,start_time,end_time,duration_min,distance_mi,vehicle_type,vehicle_fuel_type,transit_submode,transit_agency,transit_route,origin_land_use,origin_building_use,destination_land_use,destination_building_use,user_id,trip_taker_household_id,user_age,trip_taker_sex,trip_taker_race_ethnicity,user_employment,trip_taker_wfh,user_income,trip_taker_commute_mode,trip_taker_household_size,trip_taker_household_income,trip_taker_available_vehicles,trip_taker_resident_type,trip_taker_industry,trip_taker_building_type,trip_taker_school_grade_attending,trip_taker_education,trip_taker_tenure,trip_taker_language,trip_taker_home_bgrp_2020,user_home_tract,trip_taker_home_cty_2020,trip_taker_home_st_2020,trip_taker_work_bgrp_2020,user_work_tract,trip_taker_work_cty_2020,trip_taker_work_st_2020,FM_duration_min,FM_fare_USD,depart_hour,origin_vertiport_id,origin_vertiport_tract,arrival_time_at_dest_vertiport,last_hour,LM_duration_min,dest_vertiport_id,dest_vertiport_tract,LM_fare_USD,MM_duration_min,RAM_IVTT_min,RAM_OVTT_min,RAM_Fare_USD,Driving_IVTT_min,Driving_OVTT_min,Driving_Fare_USD,Income_low,Income_mid,Income_high
17866814841595790584,"1 (Tract 5, Champaign, IL)","5 (Champaign, IL)","Champaign County, IL",Illinois,"1 (Tract 9801, Cook, IL)","9801 (Cook, IL)","Cook County, IL",Illinois,auto_passenger,region_departure,maintenance,1900-01-01 16:47:00,1900-01-01 19:00:27,133,132.3,unknown_vehicle_type,unknown_fuel_type,,,,single_family,single_family,transportation_utilities,transportation_utilities,11267009336886436291,,,,,,,,,,,,visitor,,,,,,,Visitor (no home location),Visitor (no home location),Visitor (no home location),Visitor (no home location),Visitor (no work/school location),Visitor (no work/school location),Visitor (no work/school location),Visitor (no work/school location),2.5806451612903225,6.873379164463247,16,UIUC1,"3.01 (Champaign, IL)",1900-01-01 18:09:34.838709678,18,4.653846153846154,Chicago3_mdw,"9801 (Cook, IL)",8.46744557329463,70,77.23449131513648,10,115.34082473775787,133,3.0,79.38000000000001,0,1,0
10398045603451375609,"4 (Tract 57.01, Champaign, IL)","57.01 (Champaign, IL)","Champaign County, IL",Illinois,"1 (Tract 9801, Cook, IL)","9801 (Cook, IL)","Cook County, IL",Illinois,auto_passenger,region_departure,recreation,1900-01-01 18:37:00,1900-01-01 20:54:52,137,135.8,unknown_vehicle_type,unknown_fuel_type,,,,open_space,open_space,transportation_utilities,transportation_utilities,4167915438551359544,,,,,,,,,,,,visitor,,,,,,,Visitor (no home location),Visitor (no home location),Visitor (no home location),Visitor (no home location),Visitor (no work/school location),Visitor (no work/school location),Visitor (no work/school location),Visitor (no work/school location),6.652173913043479,11.517270707711837,18,UIUC1,"3.01 (Champaign, IL)",1900-01-01 20:03:39.130434780,20,5.92,Chicago3_mdw,"9801 (Cook, IL)",8.999230188679245,70,82.57217391304349,10,120.5165008963911,137,3.0,81.48,0,1,0
13618147092607666511,"1 (Tract 14, Champaign, IL)","14 (Champaign, IL)","Champaign County, IL",Illinois,"1 (Tract 9801, Cook, IL)","9801 (Cook, IL)","Cook County, IL",Illinois,private_auto,region_departure,maintenance,1900-01-01 16:37:00,1900-01-01 19:10:39,153,132.5,unknown_vehicle_type,unknown_fuel_type,,,,single_family,single_family,transportation_utilities,transportation_utilities,4127197138410404561,,,,,,,,,,,,visitor,,,,,,,Visitor (no home location),Visitor (no home location),Visitor (no home location),Visitor (no home location),Visitor (no work/school location),Visitor (no work/school location),Visitor (no work/school location),Visitor (no work/school location),3.5338345864661656,7.660864322969586,16,UIUC1,"3.01 (Champaign, IL)",1900-01-01 18:00:32.030075190,18,4.653846153846154,Chicago3_mdw,"9801 (Cook, IL)",8.46744557329463,70,78.18768074031233,10,116.12830989626421,153,3.0,79.5,0,1,0
17843041827830167107,"1 (Tract 8, Champaign, IL)","8 (Champaign, IL)","Champaign County, IL",Illinois,"1 (Tract 9801, Cook, IL)","9801 (Cook, IL)","Cook County, IL",Illinois,auto_passenger,region_departure,eat,1900-01-01 19:28:00,1900-01-01 21:34:16,126,130.2,unknown_vehicle_type,unknown_fuel_type,,,,retail,retail,transportation_utilities,transportation_utilities,3331424642512767294,,,,,,,,,,,,visitor,,,,,,,Visitor (no home location),Visitor (no home location),Visitor (no home location),Visitor (no home location),Visitor (no work/school location),Visitor (no work/school location),Visitor (no work/school location),Visitor (no work/school location),6.630434782608695,11.997008757105547,19,UIUC1,"3.01 (Champaign, IL)",1900-01-01 20:54:37.826086956,20,5.92,Chicago3_mdw,"9801 (Cook, IL)",8.999230188679245,70,82.55043478260869,10,120.9962389457848,126,3.0,78.11999999999999,0,1,0
15451882354005124525,"1 (Tract 8, Champaign, IL)","8 (Champaign, IL)","Champaign County, IL",Illinois,"1 (Tract 9801, Cook, IL)","9801 (Cook, IL)","Cook County, IL",Illinois,auto_passenger,region_departure,maintenance,1900-01-01 22:58:00,1900-01-01 01:04:27,126,130.2,unknown_vehicle_type,unknown_fuel_type,,,,retail,retail,transportation_utilities,transportation_utilities,5871718023253513632,,,,,,,,,,,,visitor,,,,,,,Visitor (no home location),Visitor (no home location),Visitor (no home location),Visitor (no home location),Visitor (no work/school location),Visitor (no work/school location),Visitor (no work/school location),Visitor (no work/school location),6.266666666666667,11.844226148409895,22,UIUC1,"3.01 (Champaign, IL)",1900-01-02 00:24:16.000000002,0,3.0,Chicago3_mdw,"9801 (Cook, IL)",7.7728301886792455,70,79.26666666666667,10,119.61705633708914,126,3.0,78.11999999999999,0,1,0
5746228446025915417,"1 (Tract 8, Champaign, IL)","8 (Champaign, IL)","Champaign County, IL",Illinois,"1 (Tract 9801, Cook, IL)","9801 (Cook, IL)","Cook County, IL",Illinois,auto_passenger,region_departure,lodging,1900-01-01 08:29:00,1900-01-01 10:39:29,130,130.3,unknown_vehicle_type,unknown_fuel_type,,,,retail,retail,transportation_utilities,transportation_utilities,342976213318473851,,,,,,,,,,,,visitor,,,,,,,Visitor (no home location),Visitor (no home location),Visitor (no home location),Visitor (no home location),Visitor (no work/school location),Visitor (no work/school location),Visitor (no work/school location),Visitor (no work/school location),7.6440677966101696,12.422734622986166,8,UIUC1,"3.01 (Champaign, IL)",1900-01-01 09:56:38.644067796,9,4.908163265306122,Chicago3_mdw,"9801 (Cook, IL)",8.574258760107817,70,82.5522310619163,10,120.99699338309398,130,3.0,78.18,0,1,0
8076577472656536646,"2 (Tract 4.01, Champaign, IL)","4.01 (Champaign, IL)","Champaign County, IL",Illinois,"1 (Tract 9801, Cook, IL)","9801 (Cook, IL)","Cook County, IL",Illinois,private_auto,region_departure,social,1900-01-01 19:15:00,1900-01-01 21:35:51,140,128.5,unknown_vehicle_type,unknown_fuel_type,,,,multi_family,multi_family,transportation_utilities,transportation_utilities,13951487847738195712,,,,,,,,,,,,visitor,,,,,,,Visitor (no home location),Visitor (no home location),Visitor (no home location),Visitor (no home location),Visitor (no work/school location),Visitor (no work/school location),Visitor (no work/school location),Visitor (no work/school location),1.3975903614457832,5.289822090293542,19,UIUC1,"3.01 (Champaign, IL)",1900-01-01 20:36:23.855421684,20,5.92,Chicago3_mdw,"9801 (Cook, IL)",8.999230188679245,70,77.31759036144578,10,114.28905227897279,140,3.0,77.1,0,1,0
6606247144816060847,"1 (Tract 8, Champaign, IL)","8 (Champaign, IL)","Champaign County, IL",Illinois,"1 (Tract 9801, Cook, IL)","9801 (Cook, IL)","Cook County, IL",Illinois,auto_passenger,region_departure,shop,1900-01-01 16:28:00,1900-01-01 18:37:23,129,130.3,unknown_vehicle_type,unknown_fuel_type,,,,office,office,transportation_utilities,transportation_utilities,12204981377692747542,,,,,,,,,,,,visitor,,,,,,,Visitor (no home location),Visitor (no home location),Visitor (no home location),Visitor (no home location),Visitor (no work/school location),Visitor (no work/school location),Visitor (no work/school location),Visitor (no work/school location),7.610169491525424,12.408497334850573,16,UIUC1,"3.01 (Champaign, IL)",1900-01-01 17:55:36.610169490,17,5.551724137931035,Chicago3_mdw,"9801 (Cook, IL)",8.844554326610279,70,83.16189362945646,10,121.25305166146086,129,3.0,78.18,0,1,0
14648130374256000563,"5 (Tract 10, Champaign, IL)","10 (Champaign, IL)","Champaign County, IL",Illinois,"1 (Tract 9801, Cook, IL)","9801 (Cook, IL)","Cook County, IL",Illinois,private_auto,region_departure,eat,1900-01-01 21:03:00,1900-01-01 23:13:59,130,127.7,unknown_vehicle_type,unknown_fuel_type,,,,retail,retail,transportation_utilities,transportation_utilities,14938009110092551575,,,,,,,,,,,,visitor,,,,,,,Visitor (no home location),Visitor (no home location),Visitor (no home location),Visitor (no home location),Visitor (no work/school location),Visitor (no work/school location),Visitor (no work/school location),Visitor (no work/school location),6.153846153846154,11.049996550534667,21,UIUC1,"3.01 (Champaign, IL)",1900-01-01 22:29:09.230769228,22,3.333333333333333,Chicago3_mdw,"9801 (Cook, IL)",7.912830188679245,70,79.48717948717949,10,118.96282673921392,130,3.0,76.62,0,1,0
13659369108183350948,"1 (Tract 12.01, Champaign, IL)","12.01 (Champaign, IL)","Champaign County, IL",Illinois,"3 (Tract 6609, Cook, IL)","6609 (Cook, IL)","Cook County, IL",Illinois,auto_passenger,recreation,lodging,1900-01-01 18:46:00,1900-01-01 20:53:00,127,130.3,unknown_vehicle_type,unknown_fuel_type,,,,retail,retail,open_space,open_space,16775556093030602510,,,,,,,,,,,,visitor,,,,,,,Visitor (no home location),Visitor (no home location),Visitor (no home location),Visitor (no home location),Visitor (no work/school location),Visitor (no work/school location),Visitor (no work/school location),Visitor (no work/school location),6.7,12.120092715231788,18,UIUC1,"3.01 (Champaign, IL)",1900-01-01 20:12:42.000000000,20,9.545454545454543,Chicago3_mdw,"9801 (Cook, IL)",13.981023682200151,70,86.24545454545455,10,126.10111639743194,127,3.0,78.18,0,1,0
9455852592990530615,"1 (Tract 12.05, Champaign, IL)","12.05 (Champaign, IL)","Champaign County, IL",Illinois,"1 (Tract 9801, Cook, IL)","9801 (Cook, IL)","Cook County, IL",Illinois,private_auto,region_departure,social,1900-01-01 19:42:00,1900-01-01 22:07:02,145,134.5,unknown_vehicle_type,unknown_fuel_type,,,,single_family,single_family,transportation_utilities,transportation_utilities,571988334584421103,,,,,,,,,,,,visitor,,,,,,,Visitor (no home location),Visitor (no home location),Visitor (no home location),Visitor (no home location),Visitor (no work/school location),Visitor (no work/school location),Visitor (no work/school location),Visitor (no work/school location),12.333333333333334,18.943661971830984,19,UIUC1,"3.01 (Champaign, IL)",1900-01-01 21:14:19.999999998,21,4.333333333333333,Chicago3_mdw,"9801 (Cook, IL)",8.332830188679244,70,86.66666666666666,10,127.27649216051022,145,3.0,80.7,0,1,0
2882592854735918676,"3 (Tract 8, Champaign, IL)","8 (Champaign, IL)","Champaign County, IL",Illinois,"1 (Tract 9801, Cook, IL)","9801 (Cook, IL)","Cook County, IL",Illinois,auto_passenger,region_departure,shop,1900-01-01 16:50:00,1900-01-01 18:58:25,128,130.3,unknown_vehicle_type,unknown_fuel_type,,,,retail,retail,transportation_utilities,transportation_utilities,18091453185411648485,,,,,,,,,,,,visitor,,,,,,,Visitor (no home location),Visitor (no home location),Visitor (no home location),Visitor (no home location),Visitor (no work/school location),Visitor (no work/school location),Visitor (no work/school location),Visitor (no work/school location),7.610169491525424,12.408497334850573,16,UIUC1,"3.01 (Champaign, IL)",1900-01-01 18:17:36.610169490,18,4.653846153846154,Chicago3_mdw,"9801 (Cook, IL)",8.46744557329463,70,82.26401564537159,10,120.8759429081452,128,3.0,78.18,0,1,0
3642638150506538183,"5 (Tract 10, Champaign, IL)","10 (Champaign, IL)","Champaign County, IL",Illinois,"1 (Tract 9801, Cook, IL)","9801 (Cook, IL)","Cook County, IL",Illinois,private_auto,region_departure,shop,1900-01-01 20:59:00,1900-01-01 23:10:24,131,126.3,unknown_vehicle_type,unknown_fuel_type,,,,mixed_use,retail,transportation_utilities,transportation_utilities,13484592828092594289,,,,,,,,,,,,visitor,,,,,,,Visitor (no home location),Visitor (no home location),Visitor (no home location),Visitor (no home location),Visitor (no work/school location),Visitor (no work/school location),Visitor (no work/school location),Visitor (no work/school location),6.375,11.142881165919281,20,UIUC1,"3.01 (Champaign, IL)",1900-01-01 22:25:22.500000000,22,3.333333333333333,Chicago3_mdw,"9801 (Cook, IL)",7.912830188679245,70,79.70833333333333,10,119.05571135459853,131,3.0,75.78,0,1,0
4372136427931378485,"2 (Tract 11, Champaign, IL)","11 (Champaign, IL)","Champaign County, IL",Illinois,"1 (Tract 9801, Cook, IL)","9801 (Cook, IL)","Cook County, IL",Illinois,auto_passenger,region_departure,social,1900-01-01 22:02:00,1900-01-01 00:14:08,132,132.8,unknown_vehicle_type,unknown_fuel_type,,,,single_family,single_family,transportation_utilities,transportation_utilities,8077471583376097872,,,,,,,,,,,,visitor,,,,,,,Visitor (no home location),Visitor (no home location),Visitor (no home location),Visitor (no home location),Visitor (no work/school location),Visitor (no work/school location),Visitor (no work/school location),Visitor (no work/school location),3.0,8.713246753246754,22,UIUC1,"3.01 (Champaign, IL)",1900-01-01 23:25:00.000000000,23,3.0,Chicago3_mdw,"9801 (Cook, IL)",7.7728301886792455,70,76.0,10,116.486076941926,132,3.0,79.68,0,1,0
5682433038599576722,"3 (Tract 55, Champaign, IL)","55 (Champaign, IL)","Champaign County, IL",Illinois,"1 (Tract 9801, Cook, IL)","9801 (Cook, IL)","Cook County, IL",Illinois,auto_passenger,region_departure,maintenance,1900-01-01 16:00:00,1900-01-01 18:17:53,137,134.6,unknown_vehicle_type,unknown_fuel_type,,,,single_family,single_family,transportation_utilities,transportation_utilities,10499930404328055732,,,,,,,,,,,,visitor,,,,,,,Visitor (no home location),Visitor (no home location),Visitor (no home location),Visitor (no home location),Visitor (no work/school location),Visitor (no work/school location),Visitor (no work/school location),Visitor (no work/school location),5.4375,10.30332894736842,16,UIUC1,"3.01 (Champaign, IL)",1900-01-01 17:25:26.250000000,17,5.551724137931035,Chicago3_mdw,"9801 (Cook, IL)",8.844554326610279,70,80.98922413793103,10,119.14788327397869,137,3.0,80.75999999999999,0,1,0
13450898605099195571,"3 (Tract 5, Champaign, IL)","5 (Champaign, IL)","Champaign County, IL",Illinois,"1 (Tract 9801, Cook, IL)","9801 (Cook, IL)","Cook County, IL",Illinois,auto_passenger,region_departure,lodging,1900-01-01 18:44:00,1900-01-01 20:55:08,131,132.4,unknown_vehicle_type,unknown_fuel_type,,,,retail,retail,transportation_utilities,transportation_utilities,2431652145744544944,,,,,,,,,,,,visitor,,,,,,,Visitor (no home location),Visitor (no home location),Visitor (no home location),Visitor (no home location),Visitor (no work/school location),Visitor (no work/school location),Visitor (no work/school location),Visitor (no work/school location),2.333333333333333,6.769508196721312,18,UIUC1,"3.01 (Champaign, IL)",1900-01-01 20:06:19.999999998,20,5.92,Chicago3_mdw,"9801 (Cook, IL)",8.999230188679245,70,78.25333333333333,10,115.76873838540057,131,3.0,79.44,0,1,0
14016154175362130976,"2 (Tract 9.01, Champaign, IL)","9.01 (Champaign, IL)","Champaign County, IL",Illinois,"1 (Tract 9801, Cook, IL)","9801 (Cook, IL)","Cook County, IL",Illinois,auto_passenger,region_departure,maintenance,1900-01-01 22:16:00,1900-01-01 00:27:20,131,131.4,unknown_vehicle_type,unknown_fuel_type,,,,non_retail_attraction,non_retail_attraction,transportation_utilities,transportation_utilities,5113611303712085855,,,,,,,,,,,,visitor,,,,,,,Visitor (no home location),Visitor (no home location),Visitor (no home location),Visitor (no home location),Visitor (no work/school location),Visitor (no work/school location),Visitor (no work/school location),Visitor (no work/school location),6.0,11.338571428571429,22,UIUC1,"3.01 (Champaign, IL)",1900-01-01 23:42:00.000000000,23,3.0,Chicago3_mdw,"9801 (Cook, IL)",7.7728301886792455,70,79.0,10,119.11140161725068,131,3.0,78.84,0,1,0
1355572777888873069,"1 (Tract 8, Champaign, IL)","8 (Champaign, IL)","Champaign County, IL",Illinois,"1 (Tract 9801, Cook, IL)","9801 (Cook, IL)","Cook County, IL",Illinois,auto_passenger,region_departure,maintenance,1900-01-01 20:35:00,1900-01-01 22:42:31,127,130.5,unknown_vehicle_type,unknown_fuel_type,,,,retail,retail,transportation_utilities,transportation_utilities,13592460086508274434,,,,,,,,,,,,visitor,,,,,,,Visitor (no home location),Visitor (no home location),Visitor (no home location),Visitor (no home location),Visitor (no work/school location),Visitor (no work/school location),Visitor (no work/school location),Visitor (no work/school location),6.67741935483871,12.016742277442152,20,UIUC1,"3.01 (Champaign, IL)",1900-01-01 22:01:40.645161288,22,3.333333333333333,Chicago3_mdw,"9801 (Cook, IL)",7.912830188679245,70,80.01075268817203,10,119.9295724661214,127,3.0,78.3,0,1,0
8604459799150117917,"3 (Tract 111, Champaign, IL)","111 (Champaign, IL)","Champaign County, IL",Illinois,"1 (Tract 9801, Cook, IL)","9801 (Cook, IL)","Cook County, IL",Illinois,auto_passenger,region_departure,maintenance,1900-01-01 16:06:00,1900-01-01 18:18:58,132,132.3,unknown_vehicle_type,unknown_fuel_type,,,,mixed_use,healthcare,transportation_utilities,transportation_utilities,8244232107957930236,,,,,,,,,,,,visitor,,,,,,,Visitor (no home location),Visitor (no home location),Visitor (no home location),Visitor (no home location),Visitor (no work/school location),Visitor (no work/school location),Visitor (no work/school location),Visitor (no work/school location),2.702702702702702,6.991213566507684,16,UIUC1,"3.01 (Champaign, IL)",1900-01-01 17:28:42.162162162,17,5.551724137931035,Chicago3_mdw,"9801 (Cook, IL)",8.844554326610279,70,78.25442684063374,10,115.83576789311796,132,3.0,79.38000000000001,0,1,0
7800224753683246572,"3 (Tract 8, Champaign, IL)","8 (Champaign, IL)","Champaign County, IL",Illinois,"1 (Tract 9801, Cook, IL)","9801 (Cook, IL)","Cook County, IL",Illinois,auto_passenger,region_departure,shop,1900-01-01 14:45:00,1900-01-01 16:55:18,130,130.3,unknown_vehicle_type,unknown_fuel_type,,,,retail,retail,transportation_utilities,transportation_utilities,6806154867149979963,,,,,,,,,,,,visitor,,,,,,,Visitor (no home location),Visitor (no home location),Visitor (no home location),Visitor (no home location),Visitor (no work/school location),Visitor (no work/school location),Visitor (no work/school location),Visitor (no work/school location),6.981132075471698,12.144301620108008,14,UIUC1,"3.01 (Champaign, IL)",1900-01-01 16:11:58.867924530,16,4.228070175438597,Chicago3_mdw,"9801 (Cook, IL)",8.288619662363455,70,81.2092022509103,10,120.43292128247147,130,3.0,78.18,0,1,0
17281029102805544860,"1 (Tract 8, Champaign, IL)","8 (Champaign, IL)","Champaign County, IL",Illinois,"1 (Tract 9801, Cook, IL)","9801 (Cook, IL)","Cook County, IL",Illinois,private_auto,region_departure,maintenance,1900-01-01 22:18:00,1900-01-01 00:24:03,126,129.8,unknown_vehicle_type,unknown_fuel_type,,,,retail,retail,transportation_utilities,transportation_utilities,4055265254620921668,,,,,,,,,,,,visitor,,,,,,,Visitor (no home location),Visitor (no home location),Visitor (no home location),Visitor (no home location),Visitor (no work/school location),Visitor (no work/school location),Visitor (no work/school location),Visitor (no work/school location),6.266666666666667,11.844226148409895,22,UIUC1,"3.01 (Champaign, IL)",1900-01-01 23:44:16.000000002,23,3.0,Chicago3_mdw,"9801 (Cook, IL)",7.7728301886792455,70,79.26666666666667,10,119.61705633708914,126,3.0,77.88000000000001,0,1,0
15955489795514310146,"1 (Tract 8, Champaign, IL)","8 (Champaign, IL)","Champaign County, IL",Illinois,"1 (Tract 9801, Cook, IL)","9801 (Cook, IL)","Cook County, IL",Illinois,auto_passenger,region_departure,maintenance,1900-01-01 18:51:00,1900-01-01 20:58:25,127,130.4,unknown_vehicle_type,unknown_fuel_type,,,,retail,retail,transportation_utilities,transportation_utilities,13190480775999025746,,,,,,,,,,,,visitor,,,,,,,Visitor (no home location),Visitor (no home location),Visitor (no home location),Visitor (no home location),Visitor (no work/school location),Visitor (no work/school location),Visitor (no work/school location),Visitor (no work/school location),7.183098591549296,12.229127556860599,18,UIUC1,"3.01 (Champaign, IL)",1900-01-01 20:18:10.985915490,20,5.92,Chicago3_mdw,"9801 (Cook, IL)",8.999230188679245,70,83.1030985915493,10,121.22835774553985,127,3.0,78.24,0,1,0
18331913770952482588,"3 (Tract 8, Champaign, IL)","8 (Champaign, IL)","Champaign County, IL",Illinois,"1 (Tract 9801, Cook, IL)","9801 (Cook, IL)","Cook County, IL",Illinois,auto_passenger,region_departure,shop,1900-01-01 16:16:00,1900-01-01 18:23:15,127,130.1,unknown_vehicle_type,unknown_fuel_type,,,,office,office,transportation_utilities,transportation_utilities,13476339475354513569,,,,,,,,,,,,visitor,,,,,,,Visitor (no home location),Visitor (no home location),Visitor (no home location),Visitor (no home location),Visitor (no work/school location),Visitor (no work/school location),Visitor (no work/school location),Visitor (no work/school location),7.610169491525424,12.408497334850573,16,UIUC1,"3.01 (Champaign, IL)",1900-01-01 17:43:36.610169490,17,5.551724137931035,Chicago3_mdw,"9801 (Cook, IL)",8.844554326610279,70,83.16189362945646,10,121.25305166146086,127,3.0,78.05999999999999,0,1,0
5010379150737442191,"1 (Tract 8, Champaign, IL)","8 (Champaign, IL)","Champaign County, IL",Illinois,"1 (Tract 9801, Cook, IL)","9801 (Cook, IL)","Cook County, IL",Illinois,auto_passenger,region_departure,maintenance,1900-01-01 10:20:00,1900-01-01 12:29:45,129,130.2,unknown_vehicle_type,unknown_fuel_type,,,,retail,retail,transportation_utilities,transportation_utilities,18228691227891389319,,,,,,,,,,,,visitor,,,,,,,Visitor (no home location),Visitor (no home location),Visitor (no home location),Visitor (no home location),Visitor (no work/school location),Visitor (no work/school location),Visitor (no work/school location),Visitor (no work/school location),7.333333333333333,12.292226148409894,10,UIUC1,"3.01 (Champaign, IL)",1900-01-01 11:47:19.999999998,11,4.945945945945946,Chicago3_mdw,"9801 (Cook, IL)",8.590127485976542,70,82.27927927927928,10,120.88235363438643,129,3.0,78.11999999999999,0,1,0
5674494882443062681,"1 (Tract 109.02, Champaign, IL)","109.02 (Champaign, IL)","Champaign County, IL",Illinois,"1 (Tract 9801, Cook, IL)","9801 (Cook, IL)","Cook County, IL",Illinois,auto_passenger,region_departure,social,1900-01-01 20:40:00,1900-01-01 22:58:09,138,139.8,unknown_vehicle_type,unknown_fuel_type,,,,single_family,single_family,transportation_utilities,transportation_utilities,4342703094427234768,,,,,,,,,,,,visitor,,,,,,,Visitor (no home location),Visitor (no home location),Visitor (no home location),Visitor (no home location),Visitor (no work/school location),Visitor (no work/school location),Visitor (no work/school location),Visitor (no work/school location),9.75,16.528333333333332,20,UIUC1,"3.01 (Champaign, IL)",1900-01-01 22:09:45.000000000,22,3.333333333333333,Chicago3_mdw,"9801 (Cook, IL)",7.912830188679245,70,83.08333333333333,10,124.44116352201259,138,3.0,83.88000000000001,0,1,0
8558389510446082828,"5 (Tract 10, Champaign, IL)","10 (Champaign, IL)","Champaign County, IL",Illinois,"1 (Tract 9801, Cook, IL)","9801 (Cook, IL)","Cook County, IL",Illinois,private_auto,region_departure,eat,1900-01-01 20:30:00,1900-01-01 22:41:03,131,127.7,unknown_vehicle_type,unknown_fuel_type,,,,retail,retail,transportation_utilities,transportation_utilities,16421377756017089402,,,,,,,,,,,,visitor,,,,,,,Visitor (no home location),Visitor (no home location),Visitor (no home location),Visitor (no home location),Visitor (no work/school location),Visitor (no work/school location),Visitor (no work/school location),Visitor (no work/school location),6.375,11.142881165919281,20,UIUC1,"3.01 (Champaign, IL)",1900-01-01 21:56:22.500000000,21,4.333333333333333,Chicago3_mdw,"9801 (Cook, IL)",8.332830188679244,70,80.70833333333333,10,119.47571135459852,131,3.0,76.62,0,1,0
11281618018239550774,"5 (Tract 56.01, Champaign, IL)","56.01 (Champaign, IL)","Champaign County, IL",Illinois,"1 (Tract 9801, Cook, IL)","9801 (Cook, IL)","Cook County, IL",Illinois,auto_passenger,region_departure,lodging,1900-01-01 15:47:00,1900-01-01 18:07:21,140,135.0,unknown_vehicle_type,unknown_fuel_type,,,,civic_institutional,civic_institutional,transportation_utilities,transportation_utilities,12742617840177548563,,,,,,,,,,,,visitor,,,,,,,Visitor (no home location),Visitor (no home location),Visitor (no home location),Visitor (no home location),Visitor (no work/school location),Visitor (no work/school location),Visitor (no work/school location),Visitor (no work/school location),5.6923076923076925,10.712798216276477,15,UIUC1,"3.01 (Champaign, IL)",1900-01-01 17:12:41.538461538,17,5.551724137931035,Chicago3_mdw,"9801 (Cook, IL)",8.844554326610279,70,81.24403183023873,10,119.55735254288676,140,3.0,81.0,0,1,0
16081642769064476866,"1 (Tract 111, Champaign, IL)","111 (Champaign, IL)","Champaign County, IL",Illinois,"1 (Tract 9801, Cook, IL)","9801 (Cook, IL)","Cook County, IL",Illinois,auto_passenger,region_departure,maintenance,1900-01-01 21:50:00,1900-01-01 00:01:34,131,132.3,unknown_vehicle_type,unknown_fuel_type,,,,mixed_use,healthcare,transportation_utilities,transportation_utilities,4488788444924019541,,,,,,,,,,,,visitor,,,,,,,Visitor (no home location),Visitor (no home location),Visitor (no home location),Visitor (no home location),Visitor (no work/school location),Visitor (no work/school location),Visitor (no work/school location),Visitor (no work/school location),4.125,7.588578431372549,21,UIUC1,"3.01 (Champaign, IL)",1900-01-01 23:14:07.500000000,23,3.0,Chicago3_mdw,"9801 (Cook, IL)",7.7728301886792455,70,77.125,10,115.3614086200518,131,3.0,79.38000000000001,0,1,0
5264881522510833314,"3 (Tract 8, Champaign, IL)","8 (Champaign, IL)","Champaign County, IL",Illinois,"1 (Tract 9801, Cook, IL)","9801 (Cook, IL)","Cook County, IL",Illinois,private_auto,region_departure,shop,1900-01-01 20:08:00,1900-01-01 22:23:51,135,126.7,unknown_vehicle_type,unknown_fuel_type,,,,office,office,transportation_utilities,transportation_utilities,1695601700399446508,,,,,,,,,,,,visitor,,,,,,,Visitor (no home location),Visitor (no home location),Visitor (no home location),Visitor (no home location),Visitor (no work/school location),Visitor (no work/school location),Visitor (no work/school location),Visitor (no work/school location),6.67741935483871,12.016742277442152,20,UIUC1,"3.01 (Champaign, IL)",1900-01-01 21:34:40.645161288,21,4.333333333333333,Chicago3_mdw,"9801 (Cook, IL)",8.332830188679244,70,81.01075268817203,10,120.34957246612139,135,3.0,76.02,0,1,0
15977519355344578925,"1 (Tract 60, Champaign, IL)","60 (Champaign, IL)","Champaign County, IL",Illinois,"1 (Tract 9801, Cook, IL)","9801 (Cook, IL)","Cook County, IL",Illinois,auto_passenger,region_departure,shop,1900-01-01 19:49:00,1900-01-01 22:02:18,133,133.2,unknown_vehicle_type,unknown_fuel_type,,,,retail,retail,transportation_utilities,transportation_utilities,9163701337973316973,,,,,,,,,,,,visitor,,,,,,,Visitor (no home location),Visitor (no home location),Visitor (no home location),Visitor (no home location),Visitor (no work/school location),Visitor (no work/school location),Visitor (no work/school location),Visitor (no work/school location),3.272727272727273,7.919632159747767,19,UIUC1,"3.01 (Champaign, IL)",1900-01-01 21:12:16.363636362,21,4.333333333333333,Chicago3_mdw,"9801 (Cook, IL)",8.332830188679244,70,77.6060606060606,10,116.252462348427,133,3.0,79.91999999999999,0,1,0
7589682654157527009,"5 (Tract 10, Champaign, IL)","10 (Champaign, IL)","Champaign County, IL",Illinois,"1 (Tract 9801, Cook, IL)","9801 (Cook, IL)","Cook County, IL",Illinois,auto_passenger,region_departure,lodging,1900-01-01 16:10:00,1900-01-01 18:20:10,130,133.7,unknown_vehicle_type,unknown_fuel_type,,,,mixed_use,retail,transportation_utilities,transportation_utilities,1049617971850333792,,,,,,,,,,,,visitor,,,,,,,Visitor (no home location),Visitor (no home location),Visitor (no home location),Visitor (no home location),Visitor (no work/school location),Visitor (no work/school location),Visitor (no work/school location),Visitor (no work/school location),5.857142857142857,10.925381165919282,16,UIUC1,"3.01 (Champaign, IL)",1900-01-01 17:35:51.428571426,17,5.551724137931035,Chicago3_mdw,"9801 (Cook, IL)",8.844554326610279,70,81.4088669950739,10,119.76993549252956,130,3.0,80.21999999999998,0,1,0
12348916417382845111,"3 (Tract 8, Champaign, IL)","8 (Champaign, IL)","Champaign County, IL",Illinois,"1 (Tract 9801, Cook, IL)","9801 (Cook, IL)","Cook County, IL",Illinois,private_auto,region_departure,shop,1900-01-01 19:35:00,1900-01-01 21:50:42,135,126.8,unknown_vehicle_type,unknown_fuel_type,,,,retail,retail,transportation_utilities,transportation_utilities,2207181115145735035,,,,,,,,,,,,visitor,,,,,,,Visitor (no home location),Visitor (no home location),Visitor (no home location),Visitor (no home location),Visitor (no work/school location),Visitor (no work/school location),Visitor (no work/school location),Visitor (no work/school location),6.630434782608695,11.997008757105547,19,UIUC1,"3.01 (Champaign, IL)",1900-01-01 21:01:37.826086956,21,4.333333333333333,Chicago3_mdw,"9801 (Cook, IL)",8.332830188679244,70,80.96376811594202,10,120.32983894578479,135,3.0,76.08,0,1,0
6576776023588755088,"1 (Tract 8, Champaign, IL)","8 (Champaign, IL)","Champaign County, IL",Illinois,"1 (Tract 9801, Cook, IL)","9801 (Cook, IL)","Cook County, IL",Illinois,auto_passenger,region_departure,eat,1900-01-01 18:30:00,1900-01-01 20:36:17,126,130.2,unknown_vehicle_type,unknown_fuel_type,,,,retail,retail,transportation_utilities,transportation_utilities,2206693199335803337,,,,,,,,,,,,visitor,,,,,,,Visitor (no home location),Visitor (no home location),Visitor (no home location),Visitor (no home location),Visitor (no work/school location),Visitor (no work/school location),Visitor (no work/school location),Visitor (no work/school location),7.183098591549296,12.229127556860599,18,UIUC1,"3.01 (Champaign, IL)",1900-01-01 19:57:10.985915490,19,5.05,Chicago3_mdw,"9801 (Cook, IL)",8.633830188679244,70,82.2330985915493,10,120.86295774553984,126,3.0,78.11999999999999,0,1,0
18059263192364674708,"2 (Tract 7, Champaign, IL)","7 (Champaign, IL)","Champaign County, IL",Illinois,"1 (Tract 9801, Cook, IL)","9801 (Cook, IL)","Cook County, IL",Illinois,auto_passenger,region_departure,maintenance,1900-01-01 16:40:00,1900-01-01 18:51:21,131,131.2,unknown_vehicle_type,unknown_fuel_type,,,,mixed_use,open_space,transportation_utilities,transportation_utilities,4580703443645438637,,,,,,,,,,,,visitor,,,,,,,Visitor (no home location),Visitor (no home location),Visitor (no home location),Visitor (no home location),Visitor (no work/school location),Visitor (no work/school location),Visitor (no work/school location),Visitor (no work/school location),4.166666666666667,8.8948,16,UIUC1,"3.01 (Champaign, IL)",1900-01-01 18:04:10.000000002,18,4.653846153846154,Chicago3_mdw,"9801 (Cook, IL)",8.46744557329463,70,78.82051282051283,10,117.36224557329463,131,3.0,78.71999999999998,0,1,0
5295835171141763817,"1 (Tract 13.02, Champaign, IL)","13.02 (Champaign, IL)","Champaign County, IL",Illinois,"1 (Tract 9801, Cook, IL)","9801 (Cook, IL)","Cook County, IL",Illinois,private_auto,region_departure,maintenance,1900-01-01 13:33:00,1900-01-01 16:06:00,153,130.9,unknown_vehicle_type,unknown_fuel_type,,,,mixed_use,healthcare,transportation_utilities,transportation_utilities,5226339857976626723,,,,,,,,,,,,visitor,,,,,,,Visitor (no home location),Visitor (no home location),Visitor (no home location),Visitor (no home location),Visitor (no work/school location),Visitor (no work/school location),Visitor (no work/school location),Visitor (no work/school location),8.6,13.596682926829267,13,UIUC1,"3.01 (Champaign, IL)",1900-01-01 15:01:36.000000000,15,5.063291139240507,Chicago3_mdw,"9801 (Cook, IL)",8.639412467160257,70,83.6632911392405,10,122.23609539398952,153,3.0,78.54,0,1,0
7689024630260134511,"1 (Tract 8, Champaign, IL)","8 (Champaign, IL)","Champaign County, IL",Illinois,"1 (Tract 9801, Cook, IL)","9801 (Cook, IL)","Cook County, IL",Illinois,auto_passenger,region_departure,shop,1900-01-01 23:25:00,1900-01-01 01:32:13,127,130.3,unknown_vehicle_type,unknown_fuel_type,,,,retail,retail,transportation_utilities,transportation_utilities,18212785102877703297,,,,,,,,,,,,visitor,,,,,,,Visitor (no home location),Visitor (no home location),Visitor (no home location),Visitor (no home location),Visitor (no work/school location),Visitor (no work/school location),Visitor (no work/school location),Visitor (no work/school location),7.0,12.152226148409895,23,UIUC1,"3.01 (Champaign, IL)",1900-01-02 00:52:00.000000000,0,3.0,Chicago3_mdw,"9801 (Cook, IL)",7.7728301886792455,70,80.0,10,119.92505633708915,127,3.0,78.18,0,1,0
2853247798581019836,"1 (Tract 111, Champaign, IL)","111 (Champaign, IL)","Champaign County, IL",Illinois,"1 (Tract 9801, Cook, IL)","9801 (Cook, IL)","Cook County, IL",Illinois,auto_passenger,region_departure,eat,1900-01-01 12:19:00,1900-01-01 14:35:34,136,132.9,unknown_vehicle_type,unknown_fuel_type,,,,retail,retail,transportation_utilities,transportation_utilities,1654770757975157566,,,,,,,,,,,,visitor,,,,,,,Visitor (no home location),Visitor (no home location),Visitor (no home location),Visitor (no home location),Visitor (no work/school location),Visitor (no work/school location),Visitor (no work/school location),Visitor (no work/school location),2.833333333333333,7.046078431372549,12,UIUC1,"3.01 (Champaign, IL)",1900-01-01 13:41:49.999999998,13,5.015151515151516,Chicago3_mdw,"9801 (Cook, IL)",8.619193825042881,70,77.84848484848484,10,115.66527225641543,136,3.0,79.74,0,1,0
11733332858062947149,"1 (Tract 58, Champaign, IL)","58 (Champaign, IL)","Champaign County, IL",Illinois,"1 (Tract 9801, Cook, IL)","9801 (Cook, IL)","Cook County, IL",Illinois,auto_passenger,region_departure,social,1900-01-01 21:05:00,1900-01-01 23:20:04,135,127.4,unknown_vehicle_type,unknown_fuel_type,,,,single_family,single_family,transportation_utilities,transportation_utilities,17591808938375253905,,,,,,,,,,,,visitor,,,,,,,Visitor (no home location),Visitor (no home location),Visitor (no home location),Visitor (no home location),Visitor (no work/school location),Visitor (no work/school location),Visitor (no work/school location),Visitor (no work/school location),4.0,7.832530120481928,21,UIUC1,"3.01 (Champaign, IL)",1900-01-01 22:29:00.000000000,22,3.333333333333333,Chicago3_mdw,"9801 (Cook, IL)",7.912830188679245,70,77.33333333333333,10,115.74536030916119,135,3.0,76.44,0,1,0
6462754811275344180,"5 (Tract 12.01, Champaign, IL)","12.01 (Champaign, IL)","Champaign County, IL",Illinois,"1 (Tract 9801, Cook, IL)","9801 (Cook, IL)","Cook County, IL",Illinois,auto_passenger,region_departure,recreation,1900-01-01 22:43:00,1900-01-01 00:54:15,131,132.1,unknown_vehicle_type,unknown_fuel_type,,,,non_retail_attraction,non_retail_attraction,transportation_utilities,transportation_utilities,9068971800720237571,,,,,,,,,,,,visitor,,,,,,,Visitor (no home location),Visitor (no home location),Visitor (no home location),Visitor (no home location),Visitor (no work/school location),Visitor (no work/school location),Visitor (no work/school location),Visitor (no work/school location),6.9375,12.219842715231788,22,UIUC1,"3.01 (Champaign, IL)",1900-01-02 00:09:56.250000000,0,3.0,Chicago3_mdw,"9801 (Cook, IL)",7.7728301886792455,70,79.9375,10,119.99267290391104,131,3.0,79.25999999999999,0,1,0
15219269902078023230,"5 (Tract 10, Champaign, IL)","10 (Champaign, IL)","Champaign County, IL",Illinois,"1 (Tract 9801, Cook, IL)","9801 (Cook, IL)","Cook County, IL",Illinois,auto_passenger,region_departure,eat,1900-01-01 12:50:00,1900-01-01 15:03:46,133,133.4,unknown_vehicle_type,unknown_fuel_type,,,,retail,retail,transportation_utilities,transportation_utilities,11890717303709562430,,,,,,,,,,,,visitor,,,,,,,Visitor (no home location),Visitor (no home location),Visitor (no home location),Visitor (no home location),Visitor (no work/school location),Visitor (no work/school location),Visitor (no work/school location),Visitor (no work/school location),6.384615384615385,11.146919627457743,12,UIUC1,"3.01 (Champaign, IL)",1900-01-01 14:16:23.076923076,14,5.041322314049586,Chicago3_mdw,"9801 (Cook, IL)",8.63018556058007,70,81.42593769866497,10,119.77710518803782,133,3.0,80.04,0,1,0
14149950777611683443,"3 (Tract 3.02, Champaign, IL)","3.02 (Champaign, IL)","Champaign County, IL",Illinois,"1 (Tract 9801, Cook, IL)","9801 (Cook, IL)","Cook County, IL",Illinois,auto_passenger,region_departure,social,1900-01-01 20:47:00,1900-01-01 22:56:51,129,131.4,unknown_vehicle_type,unknown_fuel_type,,,,single_family,single_family,transportation_utilities,transportation_utilities,1601011744898136766,,,,,,,,,,,,visitor,,,,,,,Visitor (no home location),Visitor (no home location),Visitor (no home location),Visitor (no home location),Visitor (no work/school location),Visitor (no work/school location),Visitor (no work/school location),Visitor (no work/school location),1.1764705882352942,5.168968595568309,20,UIUC1,"3.01 (Champaign, IL)",1900-01-01 22:08:10.588235292,22,3.333333333333333,Chicago3_mdw,"9801 (Cook, IL)",7.912830188679245,70,74.50980392156862,10,113.08179878424757,129,3.0,78.84,0,1,0
1792415298187379689,"1 (Tract 8, Champaign, IL)","8 (Champaign, IL)","Champaign County, IL",Illinois,"1 (Tract 9801, Cook, IL)","9801 (Cook, IL)","Cook County, IL",Illinois,private_auto,region_departure,shop,1900-01-01 19:51:00,1900-01-01 22:06:38,135,126.1,unknown_vehicle_type,unknown_fuel_type,,,,office,office,transportation_utilities,transportation_utilities,11584995169285367917,,,,,,,,,,,,visitor,,,,,,,Visitor (no home location),Visitor (no home location),Visitor (no home location),Visitor (no home location),Visitor (no work/school location),Visitor (no work/school location),Visitor (no work/school location),Visitor (no work/school location),6.630434782608695,11.997008757105547,19,UIUC1,"3.01 (Champaign, IL)",1900-01-01 21:17:37.826086956,21,4.333333333333333,Chicago3_mdw,"9801 (Cook, IL)",8.332830188679244,70,80.96376811594202,10,120.32983894578479,135,3.0,75.66,0,1,0
12958451124744977027,"1 (Tract 12.05, Champaign, IL)","12.05 (Champaign, IL)","Champaign County, IL",Illinois,"1 (Tract 9801, Cook, IL)","9801 (Cook, IL)","Cook County, IL",Illinois,auto_passenger,region_departure,social,1900-01-01 19:12:00,1900-01-01 21:26:43,134,138.1,unknown_vehicle_type,unknown_fuel_type,,,,single_family,single_family,transportation_utilities,transportation_utilities,9368140901438349688,,,,,,,,,,,,visitor,,,,,,,Visitor (no home location),Visitor (no home location),Visitor (no home location),Visitor (no home location),Visitor (no work/school location),Visitor (no work/school location),Visitor (no work/school location),Visitor (no work/school location),12.333333333333334,18.943661971830984,19,UIUC1,"3.01 (Champaign, IL)",1900-01-01 20:44:19.999999998,20,5.92,Chicago3_mdw,"9801 (Cook, IL)",8.999230188679245,70,88.25333333333333,10,127.94289216051023,134,3.0,82.86,0,1,0
6873780267888300250,"2 (Tract 10, Champaign, IL)","10 (Champaign, IL)","Champaign County, IL",Illinois,"1 (Tract 9801, Cook, IL)","9801 (Cook, IL)","Cook County, IL",Illinois,auto_passenger,region_departure,recreation,1900-01-01 20:12:00,1900-01-01 22:24:50,132,130.4,unknown_vehicle_type,unknown_fuel_type,,,,mixed_use,open_space,transportation_utilities,transportation_utilities,2259363730125427513,,,,,,,,,,,,visitor,,,,,,,Visitor (no home location),Visitor (no home location),Visitor (no home location),Visitor (no home location),Visitor (no work/school location),Visitor (no work/school location),Visitor (no work/school location),Visitor (no work/school location),6.375,11.142881165919281,20,UIUC1,"3.01 (Champaign, IL)",1900-01-01 21:38:22.500000000,21,4.333333333333333,Chicago3_mdw,"9801 (Cook, IL)",8.332830188679244,70,80.70833333333333,10,119.47571135459852,132,3.0,78.24,0,1,0
15223148498401409352,"1 (Tract 9.02, Champaign, IL)","9.02 (Champaign, IL)","Champaign County, IL",Illinois,"1 (Tract 9801, Cook, IL)","9801 (Cook, IL)","Cook County, IL",Illinois,auto_passenger,region_departure,maintenance,1900-01-01 21:05:00,1900-01-01 23:12:29,127,131.0,unknown_vehicle_type,unknown_fuel_type,,,,retail,retail,transportation_utilities,transportation_utilities,9118099338101636225,,,,,,,,,,,,visitor,,,,,,,Visitor (no home location),Visitor (no home location),Visitor (no home location),Visitor (no home location),Visitor (no work/school location),Visitor (no work/school location),Visitor (no work/school location),Visitor (no work/school location),10.0,15.71774919614148,21,UIUC1,"3.01 (Champaign, IL)",1900-01-01 22:35:00.000000000,22,3.333333333333333,Chicago3_mdw,"9801 (Cook, IL)",7.912830188679245,70,83.33333333333333,10,123.63057938482073,127,3.0,78.6,0,1,0
11318237887047904891,"3 (Tract 8, Champaign, IL)","8 (Champaign, IL)","Champaign County, IL",Illinois,"1 (Tract 9801, Cook, IL)","9801 (Cook, IL)","Cook County, IL",Illinois,auto_passenger,region_departure,eat,1900-01-01 19:01:00,1900-01-01 21:07:16,126,130.3,unknown_vehicle_type,unknown_fuel_type,,,,retail,retail,transportation_utilities,transportation_utilities,3968669021119678482,,,,,,,,,,,,visitor,,,,,,,Visitor (no home location),Visitor (no home location),Visitor (no home location),Visitor (no home location),Visitor (no work/school location),Visitor (no work/school location),Visitor (no work/school location),Visitor (no work/school location),6.630434782608695,11.997008757105547,19,UIUC1,"3.01 (Champaign, IL)",1900-01-01 20:27:37.826086956,20,5.92,Chicago3_mdw,"9801 (Cook, IL)",8.999230188679245,70,82.55043478260869,10,120.9962389457848,126,3.0,78.18,0,1,0
1019750951874827574,"3 (Tract 8, Champaign, IL)","8 (Champaign, IL)","Champaign County, IL",Illinois,"1 (Tract 9801, Cook, IL)","9801 (Cook, IL)","Cook County, IL",Illinois,auto_passenger,region_departure,shop,1900-01-01 16:03:00,1900-01-01 18:15:46,132,128.9,unknown_vehicle_type,unknown_fuel_type,,,,retail,retail,transportation_utilities,transportation_utilities,15927199088372152304,,,,,,,,,,,,visitor,,,,,,,Visitor (no home location),Visitor (no home location),Visitor (no home location),Visitor (no home location),Visitor (no work/school location),Visitor (no work/school location),Visitor (no work/school location),Visitor (no work/school location),7.610169491525424,12.408497334850573,16,UIUC1,"3.01 (Champaign, IL)",1900-01-01 17:30:36.610169490,17,5.551724137931035,Chicago3_mdw,"9801 (Cook, IL)",8.844554326610279,70,83.16189362945646,10,121.25305166146086,132,3.0,77.34,0,1,0
5039698375094002920,"2 (Tract 4.01, Champaign, IL)","4.01 (Champaign, IL)","Champaign County, IL",Illinois,"1 (Tract 9801, Cook, IL)","9801 (Cook, IL)","Cook County, IL",Illinois,private_auto,region_departure,lodging,1900-01-01 21:54:00,1900-01-01 00:05:41,131,132.0,unknown_vehicle_type,unknown_fuel_type,,,,retail,retail,transportation_utilities,transportation_utilities,9860036452954972624,,,,,,,,,,,,visitor,,,,,,,Visitor (no home location),Visitor (no home location),Visitor (no home location),Visitor (no home location),Visitor (no work/school location),Visitor (no work/school location),Visitor (no work/school location),Visitor (no work/school location),1.7428571428571429,5.434834138486313,21,UIUC1,"3.01 (Champaign, IL)",1900-01-01 23:15:44.571428574,23,3.0,Chicago3_mdw,"9801 (Cook, IL)",7.7728301886792455,70,74.74285714285715,10,113.20766432716556,131,3.0,79.2,0,1,0
5389639067386972067,"1 (Tract 8, Champaign, IL)","8 (Champaign, IL)","Champaign County, IL",Illinois,"1 (Tract 9801, Cook, IL)","9801 (Cook, IL)","Cook County, IL",Illinois,auto_passenger,region_departure,social,1900-01-01 13:43:00,1900-01-01 15:54:54,131,130.4,unknown_vehicle_type,unknown_fuel_type,,,,retail,retail,transportation_utilities,transportation_utilities,13394080511285562664,,,,,,,,,,,,visitor,,,,,,,Visitor (no home location),Visitor (no home location),Visitor (no home location),Visitor (no home location),Visitor (no work/school location),Visitor (no work/school location),Visitor (no work/school location),Visitor (no work/school location),7.186440677966102,12.230531233155657,13,UIUC1,"3.01 (Champaign, IL)",1900-01-01 15:10:11.186440680,15,5.063291139240507,Chicago3_mdw,"9801 (Cook, IL)",8.639412467160257,70,82.24973181720661,10,120.86994370031591,131,3.0,78.24,0,1,0
9792256796290475066,"1 (Tract 54.01, Champaign, IL)","54.01 (Champaign, IL)","Champaign County, IL",Illinois,"1 (Tract 9801, Cook, IL)","9801 (Cook, IL)","Cook County, IL",Illinois,private_auto,region_departure,eat,1900-01-01 15:25:00,1900-01-01 17:50:50,145,129.4,unknown_vehicle_type,unknown_fuel_type,,,,retail,retail,transportation_utilities,transportation_utilities,9739515710790715443,,,,,,,,,,,,visitor,,,,,,,Visitor (no home location),Visitor (no home location),Visitor (no home location),Visitor (no home location),Visitor (no work/school location),Visitor (no work/school location),Visitor (no work/school location),Visitor (no work/school location),5.333333333333333,10.187904191616767,15,UIUC1,"3.01 (Champaign, IL)",1900-01-01 16:50:19.999999998,16,4.228070175438597,Chicago3_mdw,"9801 (Cook, IL)",8.288619662363455,70,79.56140350877193,10,118.47652385398023,145,3.0,77.64,0,1,0
11785775894355748177,"2 (Tract 12.03, Champaign, IL)","12.03 (Champaign, IL)","Champaign County, IL",Illinois,"1 (Tract 9801, Cook, IL)","9801 (Cook, IL)","Cook County, IL",Illinois,auto_passenger,region_departure,social,1900-01-01 21:03:00,1900-01-01 23:16:35,133,135.2,unknown_vehicle_type,unknown_fuel_type,,,,single_family,single_family,transportation_utilities,transportation_utilities,1705047685953201696,,,,,,,,,,,,visitor,,,,,,,Visitor (no home location),Visitor (no home location),Visitor (no home location),Visitor (no home location),Visitor (no work/school location),Visitor (no work/school location),Visitor (no work/school location),Visitor (no work/school location),8.0,13.994656488549618,21,UIUC1,"3.01 (Champaign, IL)",1900-01-01 22:31:00.000000000,22,3.333333333333333,Chicago3_mdw,"9801 (Cook, IL)",7.912830188679245,70,81.33333333333333,10,121.90748667722887,133,3.0,81.11999999999999,0,1,0
13652104186323775504,"4 (Tract 56.01, Champaign, IL)","56.01 (Champaign, IL)","Champaign County, IL",Illinois,"1 (Tract 9801, Cook, IL)","9801 (Cook, IL)","Cook County, IL",Illinois,private_auto,region_departure,maintenance,1900-01-01 18:51:00,1900-01-01 21:17:14,146,131.2,unknown_vehicle_type,unknown_fuel_type,,,,single_family,single_family,transportation_utilities,transportation_utilities,6527188563725648350,,,,,,,,,,,,visitor,,,,,,,Visitor (no home location),Visitor (no home location),Visitor (no home location),Visitor (no home location),Visitor (no work/school location),Visitor (no work/school location),Visitor (no work/school location),Visitor (no work/school location),5.533333333333333,10.646028985507247,18,UIUC1,"3.01 (Champaign, IL)",1900-01-01 20:16:31.999999998,20,5.92,Chicago3_mdw,"9801 (Cook, IL)",8.999230188679245,70,81.45333333333333,10,119.64525917418649,146,3.0,78.71999999999998,0,1,0
6532195585402136670,"3 (Tract 111, Champaign, IL)","111 (Champaign, IL)","Champaign County, IL",Illinois,"1 (Tract 9801, Cook, IL)","9801 (Cook, IL)","Cook County, IL",Illinois,auto_passenger,region_departure,maintenance,1900-01-01 16:35:00,1900-01-01 18:48:18,133,132.3,unknown_vehicle_type,unknown_fuel_type,,,,mixed_use,healthcare,transportation_utilities,transportation_utilities,10922459076269034746,,,,,,,,,,,,visitor,,,,,,,Visitor (no home location),Visitor (no home location),Visitor (no home location),Visitor (no home location),Visitor (no work/school location),Visitor (no work/school location),Visitor (no work/school location),Visitor (no work/school location),2.702702702702702,6.991213566507684,16,UIUC1,"3.01 (Champaign, IL)",1900-01-01 17:57:42.162162162,17,5.551724137931035,Chicago3_mdw,"9801 (Cook, IL)",8.844554326610279,70,78.25442684063374,10,115.83576789311796,133,3.0,79.38000000000001,0,1,0
2034722970908241894,"1 (Tract 110.02, Champaign, IL)","110.02 (Champaign, IL)","Champaign County, IL",Illinois,"1 (Tract 9801, Cook, IL)","9801 (Cook, IL)","Cook County, IL",Illinois,private_auto,region_departure,social,1900-01-01 14:28:00,1900-01-01 16:47:22,139,126.3,unknown_vehicle_type,unknown_fuel_type,,,,single_family,single_family,transportation_utilities,transportation_utilities,1348368256731717016,,,,,,,,,,,,visitor,,,,,,,Visitor (no home location),Visitor (no home location),Visitor (no home location),Visitor (no home location),Visitor (no work/school location),Visitor (no work/school location),Visitor (no work/school location),Visitor (no work/school location),1.75,6.164064039408868,14,UIUC1,"3.01 (Champaign, IL)",1900-01-01 15:49:45.000000000,15,5.063291139240507,Chicago3_mdw,"9801 (Cook, IL)",8.639412467160257,70,76.8132911392405,10,114.80347650656913,139,3.0,75.78,0,1,0
9866671364589889839,"1 (Tract 53, Champaign, IL)","53 (Champaign, IL)","Champaign County, IL",Illinois,"1 (Tract 9801, Cook, IL)","9801 (Cook, IL)","Cook County, IL",Illinois,auto_passenger,region_departure,eat,1900-01-01 20:09:00,1900-01-01 22:20:30,131,132.3,unknown_vehicle_type,unknown_fuel_type,,,,retail,retail,transportation_utilities,transportation_utilities,17041104687359144417,,,,,,,,,,,,visitor,,,,,,,Visitor (no home location),Visitor (no home location),Visitor (no home location),Visitor (no home location),Visitor (no work/school location),Visitor (no work/school location),Visitor (no work/school location),Visitor (no work/school location),3.5,8.01516795865633,20,UIUC1,"3.01 (Champaign, IL)",1900-01-01 21:32:30.000000000,21,4.333333333333333,Chicago3_mdw,"9801 (Cook, IL)",8.332830188679244,70,77.83333333333333,10,116.34799814733557,131,3.0,79.38000000000001,0,1,0
14448678184788359343,"1 (Tract 8, Champaign, IL)","8 (Champaign, IL)","Champaign County, IL",Illinois,"1 (Tract 9801, Cook, IL)","9801 (Cook, IL)","Cook County, IL",Illinois,auto_passenger,region_departure,shop,1900-01-01 16:49:00,1900-01-01 18:57:18,128,130.2,unknown_vehicle_type,unknown_fuel_type,,,,retail,retail,transportation_utilities,transportation_utilities,13271350468530459884,,,,,,,,,,,,visitor,,,,,,,Visitor (no home location),Visitor (no home location),Visitor (no home location),Visitor (no home location),Visitor (no work/school location),Visitor (no work/school location),Visitor (no work/school location),Visitor (no work/school location),7.610169491525424,12.408497334850573,16,UIUC1,"3.01 (Champaign, IL)",1900-01-01 18:16:36.610169490,18,4.653846153846154,Chicago3_mdw,"9801 (Cook, IL)",8.46744557329463,70,82.26401564537159,10,120.8759429081452,128,3.0,78.11999999999999,0,1,0
9003463506448414962,"3 (Tract 8, Champaign, IL)","8 (Champaign, IL)","Champaign County, IL",Illinois,"1 (Tract 9801, Cook, IL)","9801 (Cook, IL)","Cook County, IL",Illinois,auto_passenger,region_departure,maintenance,1900-01-01 18:44:00,1900-01-01 20:50:27,126,130.5,unknown_vehicle_type,unknown_fuel_type,,,,retail,retail,transportation_utilities,transportation_utilities,11853334113805742116,,,,,,,,,,,,visitor,,,,,,,Visitor (no home location),Visitor (no home location),Visitor (no home location),Visitor (no home location),Visitor (no work/school location),Visitor (no work/school location),Visitor (no work/school location),Visitor (no work/school location),7.183098591549296,12.229127556860599,18,UIUC1,"3.01 (Champaign, IL)",1900-01-01 20:11:10.985915490,20,5.92,Chicago3_mdw,"9801 (Cook, IL)",8.999230188679245,70,83.1030985915493,10,121.22835774553985,126,3.0,78.3,0,1,0
4302872989334373931,"1 (Tract 56.02, Champaign, IL)","56.02 (Champaign, IL)","Champaign County, IL",Illinois,"1 (Tract 9801, Cook, IL)","9801 (Cook, IL)","Cook County, IL",Illinois,auto_passenger,region_departure,social,1900-01-01 17:25:00,1900-01-01 19:51:26,146,135.9,unknown_vehicle_type,unknown_fuel_type,,,,single_family,single_family,transportation_utilities,transportation_utilities,7346116476711351266,,,,,,,,,,,,visitor,,,,,,,Visitor (no home location),Visitor (no home location),Visitor (no home location),Visitor (no home location),Visitor (no work/school location),Visitor (no work/school location),Visitor (no work/school location),Visitor (no work/school location),8.75,14.177748091603053,17,UIUC1,"3.01 (Champaign, IL)",1900-01-01 18:53:45.000000000,18,4.653846153846154,Chicago3_mdw,"9801 (Cook, IL)",8.46744557329463,70,83.40384615384616,10,122.64519366489768,146,3.0,81.54,0,1,0
7384453307730347554,"1 (Tract 8, Champaign, IL)","8 (Champaign, IL)","Champaign County, IL",Illinois,"1 (Tract 9801, Cook, IL)","9801 (Cook, IL)","Cook County, IL",Illinois,auto_passenger,region_departure,maintenance,1900-01-01 18:13:00,1900-01-01 20:24:38,131,130.1,unknown_vehicle_type,unknown_fuel_type,,,,retail,retail,transportation_utilities,transportation_utilities,18053286140346286341,,,,,,,,,,,,visitor,,,,,,,Visitor (no home location),Visitor (no home location),Visitor (no home location),Visitor (no home location),Visitor (no work/school location),Visitor (no work/school location),Visitor (no work/school location),Visitor (no work/school location),7.183098591549296,12.229127556860599,18,UIUC1,"3.01 (Champaign, IL)",1900-01-01 19:40:10.985915490,19,5.05,Chicago3_mdw,"9801 (Cook, IL)",8.633830188679244,70,82.2330985915493,10,120.86295774553984,131,3.0,78.05999999999999,0,1,0
6333724828854900264,"4 (Tract 57.01, Champaign, IL)","57.01 (Champaign, IL)","Champaign County, IL",Illinois,"1 (Tract 9801, Cook, IL)","9801 (Cook, IL)","Cook County, IL",Illinois,auto_passenger,region_departure,recreation,1900-01-01 18:37:00,1900-01-01 20:54:52,137,135.8,unknown_vehicle_type,unknown_fuel_type,,,,open_space,open_space,transportation_utilities,transportation_utilities,11225822891572571509,,,,,,,,,,,,visitor,,,,,,,Visitor (no home location),Visitor (no home location),Visitor (no home location),Visitor (no home location),Visitor (no work/school location),Visitor (no work/school location),Visitor (no work/school location),Visitor (no work/school location),6.652173913043479,11.517270707711837,18,UIUC1,"3.01 (Champaign, IL)",1900-01-01 20:03:39.130434780,20,5.92,Chicago3_mdw,"9801 (Cook, IL)",8.999230188679245,70,82.57217391304349,10,120.5165008963911,137,3.0,81.48,0,1,0
14681354041711621395,"4 (Tract 13.01, Champaign, IL)","13.01 (Champaign, IL)","Champaign County, IL",Illinois,"1 (Tract 9801, Cook, IL)","9801 (Cook, IL)","Cook County, IL",Illinois,auto_passenger,region_departure,shop,1900-01-01 17:48:00,1900-01-01 20:00:59,132,135.0,unknown_vehicle_type,unknown_fuel_type,,,,retail,retail,transportation_utilities,transportation_utilities,18019347320807889166,,,,,,,,,,,,visitor,,,,,,,Visitor (no home location),Visitor (no home location),Visitor (no home location),Visitor (no home location),Visitor (no work/school location),Visitor (no work/school location),Visitor (no work/school location),Visitor (no work/school location),4.918918918918919,9.86398516163222,17,UIUC1,"3.01 (Champaign, IL)",1900-01-01 19:12:55.135135134,19,5.05,Chicago3_mdw,"9801 (Cook, IL)",8.633830188679244,70,79.96891891891892,10,118.49781535031146,132,3.0,81.0,0,1,0
12011245401535159936,"2 (Tract 110.02, Champaign, IL)","110.02 (Champaign, IL)","Champaign County, IL",Illinois,"1 (Tract 9801, Cook, IL)","9801 (Cook, IL)","Cook County, IL",Illinois,private_auto,region_departure,maintenance,1900-01-01 22:46:00,1900-01-01 00:57:53,131,129.9,unknown_vehicle_type,unknown_fuel_type,,,,office,office,transportation_utilities,transportation_utilities,10442946298935789683,,,,,,,,,,,,visitor,,,,,,,Visitor (no home location),Visitor (no home location),Visitor (no home location),Visitor (no home location),Visitor (no work/school location),Visitor (no work/school location),Visitor (no work/school location),Visitor (no work/school location),2.6666666666666665,6.549064039408868,22,UIUC1,"3.01 (Champaign, IL)",1900-01-02 00:08:40.000000002,0,3.0,Chicago3_mdw,"9801 (Cook, IL)",7.7728301886792455,70,75.66666666666667,10,114.32189422808811,131,3.0,77.94,0,1,0
6581636385564144052,"1 (Tract 3.01, Champaign, IL)","3.01 (Champaign, IL)","Champaign County, IL",Illinois,"1 (Tract 9801, Cook, IL)","9801 (Cook, IL)","Cook County, IL",Illinois,private_auto,region_departure,maintenance,1900-01-01 18:19:00,1900-01-01 20:40:20,141,128.5,unknown_vehicle_type,unknown_fuel_type,,,,retail,retail,transportation_utilities,transportation_utilities,13570356388092509282,,,,,,,,,,,,visitor,,,,,,,Visitor (no home location),Visitor (no home location),Visitor (no home location),Visitor (no home location),Visitor (no work/school location),Visitor (no work/school location),Visitor (no work/school location),Visitor (no work/school location),0.8979591836734694,4.9543251374623924,18,UIUC1,"3.01 (Champaign, IL)",1900-01-01 19:39:53.877551022,19,5.05,Chicago3_mdw,"9801 (Cook, IL)",8.633830188679244,70,75.94795918367346,10,113.58815532614163,141,3.0,77.1,0,1,0
18402024744432445101,"1 (Tract 8, Champaign, IL)","8 (Champaign, IL)","Champaign County, IL",Illinois,"1 (Tract 9801, Cook, IL)","9801 (Cook, IL)","Cook County, IL",Illinois,auto_passenger,region_departure,lodging,1900-01-01 18:22:00,1900-01-01 20:28:58,126,129.6,unknown_vehicle_type,unknown_fuel_type,,,,non_retail_attraction,non_retail_attraction,transportation_utilities,transportation_utilities,3257871705187475150,,,,,,,,,,,,visitor,,,,,,,Visitor (no home location),Visitor (no home location),Visitor (no home location),Visitor (no home location),Visitor (no work/school location),Visitor (no work/school location),Visitor (no work/school location),Visitor (no work/school location),7.183098591549296,12.229127556860599,18,UIUC1,"3.01 (Champaign, IL)",1900-01-01 19:49:10.985915490,19,5.05,Chicago3_mdw,"9801 (Cook, IL)",8.633830188679244,70,82.2330985915493,10,120.86295774553984,126,3.0,77.75999999999999,0,1,0
11650615569235920498,"2 (Tract 12.05, Champaign, IL)","12.05 (Champaign, IL)","Champaign County, IL",Illinois,"1 (Tract 9801, Cook, IL)","9801 (Cook, IL)","Cook County, IL",Illinois,auto_passenger,region_departure,social,1900-01-01 17:31:00,1900-01-01 19:52:05,141,135.9,unknown_vehicle_type,unknown_fuel_type,,,,single_family,single_family,transportation_utilities,transportation_utilities,2266661850042723783,,,,,,,,,,,,visitor,,,,,,,Visitor (no home location),Visitor (no home location),Visitor (no home location),Visitor (no home location),Visitor (no work/school location),Visitor (no work/school location),Visitor (no work/school location),Visitor (no work/school location),13.5,19.433661971830986,17,UIUC1,"3.01 (Champaign, IL)",1900-01-01 19:04:30.000000000,19,5.05,Chicago3_mdw,"9801 (Cook, IL)",8.633830188679244,70,88.55,10,128.06749216051023,141,3.0,81.54,0,1,0
226097984628788336,"3 (Tract 8, Champaign, IL)","8 (Champaign, IL)","Champaign County, IL",Illinois,"1 (Tract 9801, Cook, IL)","9801 (Cook, IL)","Cook County, IL",Illinois,auto_passenger,region_departure,shop,1900-01-01 22:17:00,1900-01-01 00:23:19,126,130.4,unknown_vehicle_type,unknown_fuel_type,,,,office,office,transportation_utilities,transportation_utilities,16162673515075719316,,,,,,,,,,,,visitor,,,,,,,Visitor (no home location),Visitor (no home location),Visitor (no home location),Visitor (no home location),Visitor (no work/school location),Visitor (no work/school location),Visitor (no work/school location),Visitor (no work/school location),6.266666666666667,11.844226148409895,22,UIUC1,"3.01 (Champaign, IL)",1900-01-01 23:43:16.000000002,23,3.0,Chicago3_mdw,"9801 (Cook, IL)",7.7728301886792455,70,79.26666666666667,10,119.61705633708914,126,3.0,78.24,0,1,0
17672350493970119488,"1 (Tract 12.03, Champaign, IL)","12.03 (Champaign, IL)","Champaign County, IL",Illinois,"1 (Tract 9801, Cook, IL)","9801 (Cook, IL)","Cook County, IL",Illinois,private_auto,region_departure,maintenance,1900-01-01 15:49:00,1900-01-01 18:13:28,144,130.2,unknown_vehicle_type,unknown_fuel_type,,,,civic_institutional,civic_institutional,transportation_utilities,transportation_utilities,8301858608342072259,,,,,,,,,,,,visitor,,,,,,,Visitor (no home location),Visitor (no home location),Visitor (no home location),Visitor (no home location),Visitor (no work/school location),Visitor (no work/school location),Visitor (no work/school location),Visitor (no work/school location),8.916666666666666,14.379656488549617,15,UIUC1,"3.01 (Champaign, IL)",1900-01-01 17:17:55.000000002,17,5.551724137931035,Chicago3_mdw,"9801 (Cook, IL)",8.844554326610279,70,84.4683908045977,10,123.22421081515989,144,3.0,78.11999999999999,0,1,0
6442702990766102557,"2 (Tract 11, Champaign, IL)","11 (Champaign, IL)","Champaign County, IL",Illinois,"1 (Tract 9801, Cook, IL)","9801 (Cook, IL)","Cook County, IL",Illinois,auto_passenger,region_departure,social,1900-01-01 22:02:00,1900-01-01 00:14:08,132,132.8,unknown_vehicle_type,unknown_fuel_type,,,,single_family,single_family,transportation_utilities,transportation_utilities,16051475830069516688,,,,,,,,,,,,visitor,,,,,,,Visitor (no home location),Visitor (no home location),Visitor (no home location),Visitor (no home location),Visitor (no work/school location),Visitor (no work/school location),Visitor (no work/school location),Visitor (no work/school location),3.0,8.713246753246754,22,UIUC1,"3.01 (Champaign, IL)",1900-01-01 23:25:00.000000000,23,3.0,Chicago3_mdw,"9801 (Cook, IL)",7.7728301886792455,70,76.0,10,116.486076941926,132,3.0,79.68,0,1,0
15800425778756295983,"1 (Tract 8, Champaign, IL)","8 (Champaign, IL)","Champaign County, IL",Illinois,"1 (Tract 9801, Cook, IL)","9801 (Cook, IL)","Cook County, IL",Illinois,private_auto,region_departure,maintenance,1900-01-01 19:47:00,1900-01-01 22:03:00,136,126.9,unknown_vehicle_type,unknown_fuel_type,,,,retail,retail,transportation_utilities,transportation_utilities,11311234523427162732,,,,,,,,,,,,visitor,,,,,,,Visitor (no home location),Visitor (no home location),Visitor (no home location),Visitor (no home location),Visitor (no work/school location),Visitor (no work/school location),Visitor (no work/school location),Visitor (no work/school location),6.630434782608695,11.997008757105547,19,UIUC1,"3.01 (Champaign, IL)",1900-01-01 21:13:37.826086956,21,4.333333333333333,Chicago3_mdw,"9801 (Cook, IL)",8.332830188679244,70,80.96376811594202,10,120.32983894578479,136,3.0,76.14,0,1,0
1447687458685896641,"2 (Tract 12.03, Champaign, IL)","12.03 (Champaign, IL)","Champaign County, IL",Illinois,"1 (Tract 9801, Cook, IL)","9801 (Cook, IL)","Cook County, IL",Illinois,private_auto,region_departure,social,1900-01-01 18:31:00,1900-01-01 20:56:32,145,130.8,unknown_vehicle_type,unknown_fuel_type,,,,single_family,single_family,transportation_utilities,transportation_utilities,13414217820589024602,,,,,,,,,,,,visitor,,,,,,,Visitor (no home location),Visitor (no home location),Visitor (no home location),Visitor (no home location),Visitor (no work/school location),Visitor (no work/school location),Visitor (no work/school location),Visitor (no work/school location),8.125,14.047156488549618,18,UIUC1,"3.01 (Champaign, IL)",1900-01-01 19:59:07.500000000,19,5.05,Chicago3_mdw,"9801 (Cook, IL)",8.633830188679244,70,83.175,10,122.68098667722886,145,3.0,78.48,0,1,0
15722991516617119338,"3 (Tract 12.01, Champaign, IL)","12.01 (Champaign, IL)","Champaign County, IL",Illinois,"1 (Tract 9801, Cook, IL)","9801 (Cook, IL)","Cook County, IL",Illinois,auto_passenger,region_departure,other_activity_type,1900-01-01 15:26:00,1900-01-01 17:39:56,133,134.4,unknown_vehicle_type,unknown_fuel_type,,,,education,education,transportation_utilities,transportation_utilities,3965511204336311965,,,,,,,,,,,,visitor,,,,,,,Visitor (no home location),Visitor (no home location),Visitor (no home location),Visitor (no home location),Visitor (no work/school location),Visitor (no work/school location),Visitor (no work/school location),Visitor (no work/school location),7.5,12.456092715231787,15,UIUC1,"3.01 (Champaign, IL)",1900-01-01 16:53:30.000000000,16,4.228070175438597,Chicago3_mdw,"9801 (Cook, IL)",8.288619662363455,70,81.7280701754386,10,120.74471237759525,133,3.0,80.64,0,1,0
7043524549686111384,"3 (Tract 8, Champaign, IL)","8 (Champaign, IL)","Champaign County, IL",Illinois,"1 (Tract 9801, Cook, IL)","9801 (Cook, IL)","Cook County, IL",Illinois,auto_passenger,region_departure,maintenance,1900-01-01 20:22:00,1900-01-01 22:29:22,127,128.1,unknown_vehicle_type,unknown_fuel_type,,,,office,office,transportation_utilities,transportation_utilities,3540447421471315164,,,,,,,,,,,,visitor,,,,,,,Visitor (no home location),Visitor (no home location),Visitor (no home location),Visitor (no home location),Visitor (no work/school location),Visitor (no work/school location),Visitor (no work/school location),Visitor (no work/school location),6.67741935483871,12.016742277442152,20,UIUC1,"3.01 (Champaign, IL)",1900-01-01 21:48:40.645161288,21,4.333333333333333,Chicago3_mdw,"9801 (Cook, IL)",8.332830188679244,70,81.01075268817203,10,120.34957246612139,127,3.0,76.86,0,1,0
4397312156049343009,"1 (Tract 8, Champaign, IL)","8 (Champaign, IL)","Champaign County, IL",Illinois,"1 (Tract 9801, Cook, IL)","9801 (Cook, IL)","Cook County, IL",Illinois,private_auto,region_departure,shop,1900-01-01 19:53:00,1900-01-01 22:09:44,136,126.6,unknown_vehicle_type,unknown_fuel_type,,,,retail,retail,transportation_utilities,transportation_utilities,11480909095995622386,,,,,,,,,,,,visitor,,,,,,,Visitor (no home location),Visitor (no home location),Visitor (no home location),Visitor (no home location),Visitor (no work/school location),Visitor (no work/school location),Visitor (no work/school location),Visitor (no work/school location),6.630434782608695,11.997008757105547,19,UIUC1,"3.01 (Champaign, IL)",1900-01-01 21:19:37.826086956,21,4.333333333333333,Chicago3_mdw,"9801 (Cook, IL)",8.332830188679244,70,80.96376811594202,10,120.32983894578479,136,3.0,75.96,0,1,0
17274493982587514365,"3 (Tract 8, Champaign, IL)","8 (Champaign, IL)","Champaign County, IL",Illinois,"1 (Tract 9801, Cook, IL)","9801 (Cook, IL)","Cook County, IL",Illinois,private_auto,region_departure,shop,1900-01-01 19:12:00,1900-01-01 21:27:34,135,126.4,unknown_vehicle_type,unknown_fuel_type,,,,retail,retail,transportation_utilities,transportation_utilities,4986649932916384487,,,,,,,,,,,,visitor,,,,,,,Visitor (no home location),Visitor (no home location),Visitor (no home location),Visitor (no home location),Visitor (no work/school location),Visitor (no work/school location),Visitor (no work/school location),Visitor (no work/school location),6.630434782608695,11.997008757105547,19,UIUC1,"3.01 (Champaign, IL)",1900-01-01 20:38:37.826086956,20,5.92,Chicago3_mdw,"9801 (Cook, IL)",8.999230188679245,70,82.55043478260869,10,120.9962389457848,135,3.0,75.84,0,1,0
9137013390008236163,"1 (Tract 57.01, Champaign, IL)","57.01 (Champaign, IL)","Champaign County, IL",Illinois,"1 (Tract 9801, Cook, IL)","9801 (Cook, IL)","Cook County, IL",Illinois,auto_passenger,region_departure,maintenance,1900-01-01 17:56:00,1900-01-01 20:12:32,136,134.7,unknown_vehicle_type,unknown_fuel_type,,,,mixed_use,civic_institutional,transportation_utilities,transportation_utilities,9263039642379795347,,,,,,,,,,,,visitor,,,,,,,Visitor (no home location),Visitor (no home location),Visitor (no home location),Visitor (no home location),Visitor (no work/school location),Visitor (no work/school location),Visitor (no work/school location),Visitor (no work/school location),6.666666666666667,11.523357664233576,17,UIUC1,"3.01 (Champaign, IL)",1900-01-01 19:22:40.000000002,19,5.05,Chicago3_mdw,"9801 (Cook, IL)",8.633830188679244,70,81.71666666666667,10,120.15718785291281,136,3.0,80.82,0,1,0
13392247881329212326,"3 (Tract 8, Champaign, IL)","8 (Champaign, IL)","Champaign County, IL",Illinois,"1 (Tract 9801, Cook, IL)","9801 (Cook, IL)","Cook County, IL",Illinois,auto_passenger,region_departure,eat,1900-01-01 17:32:00,1900-01-01 19:41:15,129,130.5,unknown_vehicle_type,unknown_fuel_type,,,,retail,retail,transportation_utilities,transportation_utilities,16773038643785230932,,,,,,,,,,,,visitor,,,,,,,Visitor (no home location),Visitor (no home location),Visitor (no home location),Visitor (no home location),Visitor (no work/school location),Visitor (no work/school location),Visitor (no work/school location),Visitor (no work/school location),7.0,12.152226148409895,17,UIUC1,"3.01 (Champaign, IL)",1900-01-01 18:59:00.000000000,18,4.653846153846154,Chicago3_mdw,"9801 (Cook, IL)",8.46744557329463,70,81.65384615384616,10,120.61967172170452,129,3.0,78.3,0,1,0
56224061914421302,"2 (Tract 59.02, Champaign, IL)","59.02 (Champaign, IL)","Champaign County, IL",Illinois,"1 (Tract 9801, Cook, IL)","9801 (Cook, IL)","Cook County, IL",Illinois,auto_passenger,region_departure,shop,1900-01-01 18:36:00,1900-01-01 20:47:28,131,132.2,unknown_vehicle_type,unknown_fuel_type,,,,non_retail_attraction,non_retail_attraction,transportation_utilities,transportation_utilities,5404431477233820143,,,,,,,,,,,,visitor,,,,,,,Visitor (no home location),Visitor (no home location),Visitor (no home location),Visitor (no home location),Visitor (no work/school location),Visitor (no work/school location),Visitor (no work/school location),Visitor (no work/school location),1.9696969696969695,6.0770489005579265,18,UIUC1,"3.01 (Champaign, IL)",1900-01-01 19:57:58.181818182,19,5.05,Chicago3_mdw,"9801 (Cook, IL)",8.633830188679244,70,77.01969696969697,10,114.71087908923717,131,3.0,79.32,0,1,0
10911085238010432602,"1 (Tract 58, Champaign, IL)","58 (Champaign, IL)","Champaign County, IL",Illinois,"1 (Tract 9801, Cook, IL)","9801 (Cook, IL)","Cook County, IL",Illinois,private_auto,region_departure,maintenance,1900-01-01 19:46:00,1900-01-01 22:07:58,141,129.3,unknown_vehicle_type,unknown_fuel_type,,,,retail,retail,transportation_utilities,transportation_utilities,1913105121355635638,,,,,,,,,,,,visitor,,,,,,,Visitor (no home location),Visitor (no home location),Visitor (no home location),Visitor (no home location),Visitor (no work/school location),Visitor (no work/school location),Visitor (no work/school location),Visitor (no work/school location),3.4166666666666665,7.5875301204819285,19,UIUC1,"3.01 (Champaign, IL)",1900-01-01 21:09:25.000000002,21,4.333333333333333,Chicago3_mdw,"9801 (Cook, IL)",8.332830188679244,70,77.75,10,115.92036030916117,141,3.0,77.58,0,1,0
3716723120127074776,"1 (Tract 8, Champaign, IL)","8 (Champaign, IL)","Champaign County, IL",Illinois,"1 (Tract 9801, Cook, IL)","9801 (Cook, IL)","Cook County, IL",Illinois,private_auto,region_departure,shop,1900-01-01 15:40:00,1900-01-01 17:57:48,137,126.1,unknown_vehicle_type,unknown_fuel_type,,,,office,office,transportation_utilities,transportation_utilities,1217952347534590673,,,,,,,,,,,,visitor,,,,,,,Visitor (no home location),Visitor (no home location),Visitor (no home location),Visitor (no home location),Visitor (no work/school location),Visitor (no work/school location),Visitor (no work/school location),Visitor (no work/school location),7.298701298701299,12.27768069386444,15,UIUC1,"3.01 (Champaign, IL)",1900-01-01 17:07:17.922077922,17,5.551724137931035,Chicago3_mdw,"9801 (Cook, IL)",8.844554326610279,70,82.85042543663234,10,121.12223502047472,137,3.0,75.66,0,1,0
18017863549404959004,"5 (Tract 109.01, Champaign, IL)","109.01 (Champaign, IL)","Champaign County, IL",Illinois,"1 (Tract 9801, Cook, IL)","9801 (Cook, IL)","Cook County, IL",Illinois,private_auto,region_departure,recreation,1900-01-01 15:54:00,1900-01-01 18:28:56,154,132.5,unknown_vehicle_type,unknown_fuel_type,,,,open_space,open_space,transportation_utilities,transportation_utilities,3385916651471117965,,,,,,,,,,,,visitor,,,,,,,Visitor (no home location),Visitor (no home location),Visitor (no home location),Visitor (no home location),Visitor (no work/school location),Visitor (no work/school location),Visitor (no work/school location),Visitor (no work/school location),10.0,16.716170212765956,15,UIUC1,"3.01 (Champaign, IL)",1900-01-01 17:24:00.000000000,17,5.551724137931035,Chicago3_mdw,"9801 (Cook, IL)",8.844554326610279,70,85.55172413793103,10,125.56072453937624,154,3.0,79.5,0,1,0
3519911589222155350,"3 (Tract 55, Champaign, IL)","55 (Champaign, IL)","Champaign County, IL",Illinois,"1 (Tract 9801, Cook, IL)","9801 (Cook, IL)","Cook County, IL",Illinois,auto_passenger,region_departure,maintenance,1900-01-01 18:19:00,1900-01-01 20:35:35,136,134.6,unknown_vehicle_type,unknown_fuel_type,,,,open_space,open_space,transportation_utilities,transportation_utilities,17124967821062950262,,,,,,,,,,,,visitor,,,,,,,Visitor (no home location),Visitor (no home location),Visitor (no home location),Visitor (no home location),Visitor (no work/school location),Visitor (no work/school location),Visitor (no work/school location),Visitor (no work/school location),5.8,10.45557894736842,18,UIUC1,"3.01 (Champaign, IL)",1900-01-01 19:44:48.000000000,19,5.05,Chicago3_mdw,"9801 (Cook, IL)",8.633830188679244,70,80.85,10,119.08940913604766,136,3.0,80.75999999999999,0,1,0
14679505892902306452,"4 (Tract 53, Champaign, IL)","53 (Champaign, IL)","Champaign County, IL",Illinois,"1 (Tract 9801, Cook, IL)","9801 (Cook, IL)","Cook County, IL",Illinois,auto_passenger,region_departure,social,1900-01-01 21:27:00,1900-01-01 23:38:40,131,129.9,unknown_vehicle_type,unknown_fuel_type,,,,retail,retail,transportation_utilities,transportation_utilities,4390303862212971957,,,,,,,,,,,,visitor,,,,,,,Visitor (no home location),Visitor (no home location),Visitor (no home location),Visitor (no home location),Visitor (no work/school location),Visitor (no work/school location),Visitor (no work/school location),Visitor (no work/school location),3.2142857142857144,7.895167958656331,21,UIUC1,"3.01 (Champaign, IL)",1900-01-01 22:50:12.857142858,22,3.333333333333333,Chicago3_mdw,"9801 (Cook, IL)",7.912830188679245,70,76.54761904761904,10,115.80799814733558,131,3.0,77.94,0,1,0
11098018600513202365,"3 (Tract 8, Champaign, IL)","8 (Champaign, IL)","Champaign County, IL",Illinois,"1 (Tract 9801, Cook, IL)","9801 (Cook, IL)","Cook County, IL",Illinois,auto_passenger,region_departure,shop,1900-01-01 16:50:00,1900-01-01 18:58:25,128,130.3,unknown_vehicle_type,unknown_fuel_type,,,,retail,retail,transportation_utilities,transportation_utilities,2132400213731170007,,,,,,,,,,,,visitor,,,,,,,Visitor (no home location),Visitor (no home location),Visitor (no home location),Visitor (no home location),Visitor (no work/school location),Visitor (no work/school location),Visitor (no work/school location),Visitor (no work/school location),7.610169491525424,12.408497334850573,16,UIUC1,"3.01 (Champaign, IL)",1900-01-01 18:17:36.610169490,18,4.653846153846154,Chicago3_mdw,"9801 (Cook, IL)",8.46744557329463,70,82.26401564537159,10,120.8759429081452,128,3.0,78.18,0,1,0
4841723154470247838,"3 (Tract 8, Champaign, IL)","8 (Champaign, IL)","Champaign County, IL",Illinois,"1 (Tract 9801, Cook, IL)","9801 (Cook, IL)","Cook County, IL",Illinois,auto_passenger,region_departure,eat,1900-01-01 15:56:00,1900-01-01 18:05:05,129,130.3,unknown_vehicle_type,unknown_fuel_type,,,,retail,retail,transportation_utilities,transportation_utilities,2253387373232711874,,,,,,,,,,,,visitor,,,,,,,Visitor (no home location),Visitor (no home location),Visitor (no home location),Visitor (no home location),Visitor (no work/school location),Visitor (no work/school location),Visitor (no work/school location),Visitor (no work/school location),7.298701298701299,12.27768069386444,15,UIUC1,"3.01 (Champaign, IL)",1900-01-01 17:23:17.922077922,17,5.551724137931035,Chicago3_mdw,"9801 (Cook, IL)",8.844554326610279,70,82.85042543663234,10,121.12223502047472,129,3.0,78.18,0,1,0
7845628545304197388,"1 (Tract 53, Champaign, IL)","53 (Champaign, IL)","Champaign County, IL",Illinois,"1 (Tract 9801, Cook, IL)","9801 (Cook, IL)","Cook County, IL",Illinois,auto_passenger,region_departure,eat,1900-01-01 20:09:00,1900-01-01 22:20:30,131,132.3,unknown_vehicle_type,unknown_fuel_type,,,,retail,retail,transportation_utilities,transportation_utilities,9836243400722778912,,,,,,,,,,,,visitor,,,,,,,Visitor (no home location),Visitor (no home location),Visitor (no home location),Visitor (no home location),Visitor (no work/school location),Visitor (no work/school location),Visitor (no work/school location),Visitor (no work/school location),3.5,8.01516795865633,20,UIUC1,"3.01 (Champaign, IL)",1900-01-01 21:32:30.000000000,21,4.333333333333333,Chicago3_mdw,"9801 (Cook, IL)",8.332830188679244,70,77.83333333333333,10,116.34799814733557,131,3.0,79.38000000000001,0,1,0
9058126068834581743,"3 (Tract 8, Champaign, IL)","8 (Champaign, IL)","Champaign County, IL",Illinois,"1 (Tract 9801, Cook, IL)","9801 (Cook, IL)","Cook County, IL",Illinois,auto_passenger,region_departure,recreation,1900-01-01 18:50:00,1900-01-01 20:56:42,126,130.5,unknown_vehicle_type,unknown_fuel_type,,,,non_retail_attraction,non_retail_attraction,transportation_utilities,transportation_utilities,2515015288438962625,,,,,,,,,,,,visitor,,,,,,,Visitor (no home location),Visitor (no home location),Visitor (no home location),Visitor (no home location),Visitor (no work/school location),Visitor (no work/school location),Visitor (no work/school location),Visitor (no work/school location),7.183098591549296,12.229127556860599,18,UIUC1,"3.01 (Champaign, IL)",1900-01-01 20:17:10.985915490,20,5.92,Chicago3_mdw,"9801 (Cook, IL)",8.999230188679245,70,83.1030985915493,10,121.22835774553985,126,3.0,78.3,0,1,0
14081733731595785472,"5 (Tract 10, Champaign, IL)","10 (Champaign, IL)","Champaign County, IL",Illinois,"1 (Tract 9801, Cook, IL)","9801 (Cook, IL)","Cook County, IL",Illinois,private_auto,region_departure,eat,1900-01-01 21:03:00,1900-01-01 23:13:59,130,127.7,unknown_vehicle_type,unknown_fuel_type,,,,retail,retail,transportation_utilities,transportation_utilities,15481160253230156945,,,,,,,,,,,,visitor,,,,,,,Visitor (no home location),Visitor (no home location),Visitor (no home location),Visitor (no home location),Visitor (no work/school location),Visitor (no work/school location),Visitor (no work/school location),Visitor (no work/school location),6.153846153846154,11.049996550534667,21,UIUC1,"3.01 (Champaign, IL)",1900-01-01 22:29:09.230769228,22,3.333333333333333,Chicago3_mdw,"9801 (Cook, IL)",7.912830188679245,70,79.48717948717949,10,118.96282673921392,130,3.0,76.62,0,1,0
1343526856560676469,"2 (Tract 57.01, Champaign, IL)","57.01 (Champaign, IL)","Champaign County, IL",Illinois,"1 (Tract 8352, Cook, IL)","8352 (Cook, IL)","Cook County, IL",Illinois,auto_passenger,lodging,social,1900-01-01 22:33:00,1900-01-01 00:52:42,139,133.1,unknown_vehicle_type,unknown_fuel_type,,,,single_family,single_family,retail,retail,13026778443182455400,,,,,,,,,,,,visitor,,,,,,,Visitor (no home location),Visitor (no home location),Visitor (no home location),Visitor (no home location),Visitor (no work/school location),Visitor (no work/school location),Visitor (no work/school location),Visitor (no work/school location),6.833333333333334,11.593357664233576,22,UIUC1,"3.01 (Champaign, IL)",1900-01-01 23:59:49.999999998,23,3.5,Chicago3_mdw,"9801 (Cook, IL)",7.688848,70,80.33333333333333,10,119.28220566423357,139,3.0,79.86,0,1,0
12846985999928169834,"3 (Tract 8, Champaign, IL)","8 (Champaign, IL)","Champaign County, IL",Illinois,"1 (Tract 9801, Cook, IL)","9801 (Cook, IL)","Cook County, IL",Illinois,auto_passenger,region_departure,shop,1900-01-01 20:43:00,1900-01-01 22:50:14,127,130.4,unknown_vehicle_type,unknown_fuel_type,,,,retail,retail,transportation_utilities,transportation_utilities,4839050641661674224,,,,,,,,,,,,visitor,,,,,,,Visitor (no home location),Visitor (no home location),Visitor (no home location),Visitor (no home location),Visitor (no work/school location),Visitor (no work/school location),Visitor (no work/school location),Visitor (no work/school location),6.67741935483871,12.016742277442152,20,UIUC1,"3.01 (Champaign, IL)",1900-01-01 22:09:40.645161288,22,3.333333333333333,Chicago3_mdw,"9801 (Cook, IL)",7.912830188679245,70,80.01075268817203,10,119.9295724661214,127,3.0,78.24,0,1,0
94941181121382555,"1 (Tract 13.02, Champaign, IL)","13.02 (Champaign, IL)","Champaign County, IL",Illinois,"1 (Tract 9801, Cook, IL)","9801 (Cook, IL)","Cook County, IL",Illinois,auto_passenger,region_departure,eat,1900-01-01 20:41:00,1900-01-01 22:59:20,138,138.1,unknown_vehicle_type,unknown_fuel_type,,,,retail,retail,transportation_utilities,transportation_utilities,2959115274122609528,,,,,,,,,,,,visitor,,,,,,,Visitor (no home location),Visitor (no home location),Visitor (no home location),Visitor (no home location),Visitor (no work/school location),Visitor (no work/school location),Visitor (no work/school location),Visitor (no work/school location),7.5,13.134682926829267,20,UIUC1,"3.01 (Champaign, IL)",1900-01-01 22:08:30.000000000,22,3.333333333333333,Chicago3_mdw,"9801 (Cook, IL)",7.912830188679245,70,80.83333333333333,10,121.04751311550852,138,3.0,82.86,0,1,0
8435079428530859967,"2 (Tract 58, Champaign, IL)","58 (Champaign, IL)","Champaign County, IL",Illinois,"1 (Tract 9801, Cook, IL)","9801 (Cook, IL)","Cook County, IL",Illinois,auto_passenger,region_departure,social,1900-01-01 12:40:00,1900-01-01 14:56:41,136,132.9,unknown_vehicle_type,unknown_fuel_type,,,,single_family,single_family,transportation_utilities,transportation_utilities,17269102222637640530,,,,,,,,,,,,visitor,,,,,,,Visitor (no home location),Visitor (no home location),Visitor (no home location),Visitor (no home location),Visitor (no work/school location),Visitor (no work/school location),Visitor (no work/school location),Visitor (no work/school location),3.235294117647059,7.511353649893693,12,UIUC1,"3.01 (Champaign, IL)",1900-01-01 14:03:14.117647056,14,5.041322314049586,Chicago3_mdw,"9801 (Cook, IL)",8.63018556058007,70,78.27661643169664,10,116.14153921047377,136,3.0,79.74,0,1,0
7424890791209555435,"3 (Tract 8, Champaign, IL)","8 (Champaign, IL)","Champaign County, IL",Illinois,"1 (Tract 9801, Cook, IL)","9801 (Cook, IL)","Cook County, IL",Illinois,auto_passenger,region_departure,shop,1900-01-01 23:54:00,1900-01-01 02:00:25,126,130.4,unknown_vehicle_type,unknown_fuel_type,,,,office,office,transportation_utilities,transportation_utilities,1913408211634444089,,,,,,,,,,,,visitor,,,,,,,Visitor (no home location),Visitor (no home location),Visitor (no home location),Visitor (no home location),Visitor (no work/school location),Visitor (no work/school location),Visitor (no work/school location),Visitor (no work/school location),7.0,12.152226148409895,23,UIUC1,"3.01 (Champaign, IL)",1900-01-02 01:21:00.000000000,1,3.0,Chicago3_mdw,"9801 (Cook, IL)",7.7728301886792455,70,80.0,10,119.92505633708915,126,3.0,78.24,0,1,0
5112515148121392938,"2 (Tract 2, Champaign, IL)","2 (Champaign, IL)","Champaign County, IL",Illinois,"1 (Tract 9801, Cook, IL)","9801 (Cook, IL)","Cook County, IL",Illinois,auto_passenger,region_departure,maintenance,1900-01-01 16:48:00,1900-01-01 18:58:56,130,131.0,unknown_vehicle_type,unknown_fuel_type,,,,single_family,single_family,transportation_utilities,transportation_utilities,10513630811242936299,,,,,,,,,,,,visitor,,,,,,,Visitor (no home location),Visitor (no home location),Visitor (no home location),Visitor (no home location),Visitor (no work/school location),Visitor (no work/school location),Visitor (no work/school location),Visitor (no work/school location),2.0,6.236774193548388,16,UIUC1,"3.01 (Champaign, IL)",1900-01-01 18:10:00.000000000,18,4.653846153846154,Chicago3_mdw,"9801 (Cook, IL)",8.46744557329463,70,76.65384615384616,10,114.70421976684301,130,3.0,78.6,0,1,0
5930899104121542362,"2 (Tract 12.03, Champaign, IL)","12.03 (Champaign, IL)","Champaign County, IL",Illinois,"1 (Tract 9801, Cook, IL)","9801 (Cook, IL)","Cook County, IL",Illinois,auto_passenger,region_departure,social,1900-01-01 19:35:00,1900-01-01 21:48:23,133,135.3,unknown_vehicle_type,unknown_fuel_type,,,,single_family,single_family,transportation_utilities,transportation_utilities,6094478373065452091,,,,,,,,,,,,visitor,,,,,,,Visitor (no home location),Visitor (no home location),Visitor (no home location),Visitor (no home location),Visitor (no work/school location),Visitor (no work/school location),Visitor (no work/school location),Visitor (no work/school location),8.5,14.204656488549617,19,UIUC1,"3.01 (Champaign, IL)",1900-01-01 21:03:30.000000000,21,4.333333333333333,Chicago3_mdw,"9801 (Cook, IL)",8.332830188679244,70,82.83333333333333,10,122.53748667722886,133,3.0,81.18,0,1,0
10990230151526487286,"3 (Tract 7, Champaign, IL)","7 (Champaign, IL)","Champaign County, IL",Illinois,"1 (Tract 9801, Cook, IL)","9801 (Cook, IL)","Cook County, IL",Illinois,auto_passenger,region_departure,maintenance,1900-01-01 20:43:00,1900-01-01 22:53:39,130,129.9,unknown_vehicle_type,unknown_fuel_type,,,,mixed_use,industrial,transportation_utilities,transportation_utilities,1125171190457258409,,,,,,,,,,,,visitor,,,,,,,Visitor (no home location),Visitor (no home location),Visitor (no home location),Visitor (no home location),Visitor (no work/school location),Visitor (no work/school location),Visitor (no work/school location),Visitor (no work/school location),4.0,8.8248,20,UIUC1,"3.01 (Champaign, IL)",1900-01-01 22:07:00.000000000,22,3.333333333333333,Chicago3_mdw,"9801 (Cook, IL)",7.912830188679245,70,77.33333333333333,10,116.73763018867925,130,3.0,77.94,0,1,0
2709537289946927853,"1 (Tract 110.02, Champaign, IL)","110.02 (Champaign, IL)","Champaign County, IL",Illinois,"1 (Tract 9801, Cook, IL)","9801 (Cook, IL)","Cook County, IL",Illinois,auto_passenger,region_departure,maintenance,1900-01-01 16:55:00,1900-01-01 19:06:02,131,131.8,unknown_vehicle_type,unknown_fuel_type,,,,civic_institutional,civic_institutional,transportation_utilities,transportation_utilities,3950213052601424863,,,,,,,,,,,,visitor,,,,,,,Visitor (no home location),Visitor (no home location),Visitor (no home location),Visitor (no home location),Visitor (no work/school location),Visitor (no work/school location),Visitor (no work/school location),Visitor (no work/school location),2.2222222222222223,6.362397372742201,16,UIUC1,"3.01 (Champaign, IL)",1900-01-01 18:17:13.333333332,18,4.653846153846154,Chicago3_mdw,"9801 (Cook, IL)",8.46744557329463,70,76.87606837606839,10,114.82984294603683,131,3.0,79.08,0,1,0
279135854835543084,"3 (Tract 12.01, Champaign, IL)","12.01 (Champaign, IL)","Champaign County, IL",Illinois,"3 (Tract 6609, Cook, IL)","6609 (Cook, IL)","Cook County, IL",Illinois,private_auto,recreation,social,1900-01-01 08:00:00,1900-01-01 10:13:18,133,126.8,unknown_vehicle_type,unknown_fuel_type,,,,single_family,single_family,office,office,1408429910927874861,,,,,,,,,,,,visitor,,,,,,,Visitor (no home location),Visitor (no home location),Visitor (no home location),Visitor (no home location),Visitor (no work/school location),Visitor (no work/school location),Visitor (no work/school location),Visitor (no work/school location),7.75,12.561092715231787,8,UIUC1,"3.01 (Champaign, IL)",1900-01-01 09:27:45.000000000,9,10.416666666666666,Chicago3_mdw,"9801 (Cook, IL)",14.346932773109243,70,88.16666666666667,10,126.90802548834102,133,3.0,76.08,0,1,0
2545297556333810905,"1 (Tract 56.01, Champaign, IL)","56.01 (Champaign, IL)","Champaign County, IL",Illinois,"1 (Tract 9801, Cook, IL)","9801 (Cook, IL)","Cook County, IL",Illinois,private_auto,region_departure,maintenance,1900-01-01 17:18:00,1900-01-01 19:46:40,148,131.2,unknown_vehicle_type,unknown_fuel_type,,,,single_family,single_family,transportation_utilities,transportation_utilities,11162555013360207002,,,,,,,,,,,,visitor,,,,,,,Visitor (no home location),Visitor (no home location),Visitor (no home location),Visitor (no home location),Visitor (no work/school location),Visitor (no work/school location),Visitor (no work/school location),Visitor (no work/school location),6.333333333333333,10.982028985507245,17,UIUC1,"3.01 (Champaign, IL)",1900-01-01 18:44:19.999999998,18,4.653846153846154,Chicago3_mdw,"9801 (Cook, IL)",8.46744557329463,70,80.98717948717949,10,119.44947455880187,148,3.0,78.71999999999998,0,1,0
17912965218418898620,"4 (Tract 12.01, Champaign, IL)","12.01 (Champaign, IL)","Champaign County, IL",Illinois,"1 (Tract 9801, Cook, IL)","9801 (Cook, IL)","Cook County, IL",Illinois,auto_passenger,region_departure,social,1900-01-01 19:37:00,1900-01-01 21:47:51,130,134.4,unknown_vehicle_type,unknown_fuel_type,,,,single_family,single_family,transportation_utilities,transportation_utilities,9936940841245545545,,,,,,,,,,,,visitor,,,,,,,Visitor (no home location),Visitor (no home location),Visitor (no home location),Visitor (no home location),Visitor (no work/school location),Visitor (no work/school location),Visitor (no work/school location),Visitor (no work/school location),6.833333333333333,12.176092715231789,19,UIUC1,"3.01 (Champaign, IL)",1900-01-01 21:03:49.999999998,21,4.333333333333333,Chicago3_mdw,"9801 (Cook, IL)",8.332830188679244,70,81.16666666666666,10,120.50892290391103,130,3.0,80.64,0,1,0
12447721941574036016,"3 (Tract 8, Champaign, IL)","8 (Champaign, IL)","Champaign County, IL",Illinois,"1 (Tract 9801, Cook, IL)","9801 (Cook, IL)","Cook County, IL",Illinois,auto_passenger,region_departure,shop,1900-01-01 16:03:00,1900-01-01 18:15:46,132,128.9,unknown_vehicle_type,unknown_fuel_type,,,,retail,retail,transportation_utilities,transportation_utilities,4890362138099916521,,,,,,,,,,,,visitor,,,,,,,Visitor (no home location),Visitor (no home location),Visitor (no home location),Visitor (no home location),Visitor (no work/school location),Visitor (no work/school location),Visitor (no work/school location),Visitor (no work/school location),7.610169491525424,12.408497334850573,16,UIUC1,"3.01 (Champaign, IL)",1900-01-01 17:30:36.610169490,17,5.551724137931035,Chicago3_mdw,"9801 (Cook, IL)",8.844554326610279,70,83.16189362945646,10,121.25305166146086,132,3.0,77.34,0,1,0
9009289643935930740,"1 (Tract 8, Champaign, IL)","8 (Champaign, IL)","Champaign County, IL",Illinois,"1 (Tract 9801, Cook, IL)","9801 (Cook, IL)","Cook County, IL",Illinois,auto_passenger,region_departure,shop,1900-01-01 21:02:00,1900-01-01 23:09:54,127,130.2,unknown_vehicle_type,unknown_fuel_type,,,,retail,retail,transportation_utilities,transportation_utilities,6054253076758133333,,,,,,,,,,,,visitor,,,,,,,Visitor (no home location),Visitor (no home location),Visitor (no home location),Visitor (no home location),Visitor (no work/school location),Visitor (no work/school location),Visitor (no work/school location),Visitor (no work/school location),6.090909090909091,11.770407966591712,21,UIUC1,"3.01 (Champaign, IL)",1900-01-01 22:28:05.454545454,22,3.333333333333333,Chicago3_mdw,"9801 (Cook, IL)",7.912830188679245,70,79.42424242424242,10,119.68323815527096,127,3.0,78.11999999999999,0,1,0
962319348484894685,"3 (Tract 8, Champaign, IL)","8 (Champaign, IL)","Champaign County, IL",Illinois,"1 (Tract 9801, Cook, IL)","9801 (Cook, IL)","Cook County, IL",Illinois,private_auto,region_departure,shop,1900-01-01 21:15:00,1900-01-01 23:23:58,128,124.8,unknown_vehicle_type,unknown_fuel_type,,,,office,office,transportation_utilities,transportation_utilities,8998338439857527051,,,,,,,,,,,,visitor,,,,,,,Visitor (no home location),Visitor (no home location),Visitor (no home location),Visitor (no home location),Visitor (no work/school location),Visitor (no work/school location),Visitor (no work/school location),Visitor (no work/school location),6.090909090909091,11.770407966591712,21,UIUC1,"3.01 (Champaign, IL)",1900-01-01 22:41:05.454545454,22,3.333333333333333,Chicago3_mdw,"9801 (Cook, IL)",7.912830188679245,70,79.42424242424242,10,119.68323815527096,128,3.0,74.88,0,1,0
13877469622880473393,"1 (Tract 9.02, Champaign, IL)","9.02 (Champaign, IL)","Champaign County, IL",Illinois,"1 (Tract 9801, Cook, IL)","9801 (Cook, IL)","Cook County, IL",Illinois,private_auto,region_departure,other_activity_type,1900-01-01 21:59:00,1900-01-01 00:09:25,130,130.1,unknown_vehicle_type,unknown_fuel_type,,,,mixed_use,industrial,transportation_utilities,transportation_utilities,2302539590362144185,,,,,,,,,,,,visitor,,,,,,,Visitor (no home location),Visitor (no home location),Visitor (no home location),Visitor (no home location),Visitor (no work/school location),Visitor (no work/school location),Visitor (no work/school location),Visitor (no work/school location),10.0,15.71774919614148,21,UIUC1,"3.01 (Champaign, IL)",1900-01-01 23:29:00.000000000,23,3.0,Chicago3_mdw,"9801 (Cook, IL)",7.7728301886792455,70,83.0,10,123.49057938482073,130,3.0,78.05999999999999,0,1,0
8812644133011635107,"3 (Tract 8, Champaign, IL)","8 (Champaign, IL)","Champaign County, IL",Illinois,"1 (Tract 9801, Cook, IL)","9801 (Cook, IL)","Cook County, IL",Illinois,auto_passenger,region_departure,recreation,1900-01-01 18:50:00,1900-01-01 20:56:42,126,130.5,unknown_vehicle_type,unknown_fuel_type,,,,non_retail_attraction,non_retail_attraction,transportation_utilities,transportation_utilities,14280074129229230684,,,,,,,,,,,,visitor,,,,,,,Visitor (no home location),Visitor (no home location),Visitor (no home location),Visitor (no home location),Visitor (no work/school location),Visitor (no work/school location),Visitor (no work/school location),Visitor (no work/school location),7.183098591549296,12.229127556860599,18,UIUC1,"3.01 (Champaign, IL)",1900-01-01 20:17:10.985915490,20,5.92,Chicago3_mdw,"9801 (Cook, IL)",8.999230188679245,70,83.1030985915493,10,121.22835774553985,126,3.0,78.3,0,1,0
1737662170724696315,"1 (Tract 5, Champaign, IL)","5 (Champaign, IL)","Champaign County, IL",Illinois,"1 (Tract 9801, Cook, IL)","9801 (Cook, IL)","Cook County, IL",Illinois,private_auto,region_departure,social,1900-01-01 15:41:00,1900-01-01 18:03:31,142,128.6,unknown_vehicle_type,unknown_fuel_type,,,,single_family,single_family,transportation_utilities,transportation_utilities,1464820423098439711,,,,,,,,,,,,visitor,,,,,,,Visitor (no home location),Visitor (no home location),Visitor (no home location),Visitor (no home location),Visitor (no work/school location),Visitor (no work/school location),Visitor (no work/school location),Visitor (no work/school location),2.238805970149253,6.729806704183998,15,UIUC1,"3.01 (Champaign, IL)",1900-01-01 17:03:14.328358206,17,5.551724137931035,Chicago3_mdw,"9801 (Cook, IL)",8.844554326610279,70,77.79053010808029,10,115.57436103079428,142,3.0,77.16,0,1,0
9135014042635214374,"3 (Tract 8, Champaign, IL)","8 (Champaign, IL)","Champaign County, IL",Illinois,"1 (Tract 9801, Cook, IL)","9801 (Cook, IL)","Cook County, IL",Illinois,private_auto,region_departure,maintenance,1900-01-01 20:39:00,1900-01-01 22:49:18,130,125.1,unknown_vehicle_type,unknown_fuel_type,,,,mixed_use,office,transportation_utilities,transportation_utilities,17169957388974794517,,,,,,,,,,,,visitor,,,,,,,Visitor (no home location),Visitor (no home location),Visitor (no home location),Visitor (no home location),Visitor (no work/school location),Visitor (no work/school location),Visitor (no work/school location),Visitor (no work/school location),6.67741935483871,12.016742277442152,20,UIUC1,"3.01 (Champaign, IL)",1900-01-01 22:05:40.645161288,22,3.333333333333333,Chicago3_mdw,"9801 (Cook, IL)",7.912830188679245,70,80.01075268817203,10,119.9295724661214,130,3.0,75.05999999999999,0,1,0
13916941898220728206,"1 (Tract 12.04, Champaign, IL)","12.04 (Champaign, IL)","Champaign County, IL",Illinois,"1 (Tract 9801, Cook, IL)","9801 (Cook, IL)","Cook County, IL",Illinois,private_auto,region_departure,social,1900-01-01 18:57:00,1900-01-01 21:19:23,142,132.9,unknown_vehicle_type,unknown_fuel_type,,,,single_family,single_family,transportation_utilities,transportation_utilities,6938911389321299011,,,,,,,,,,,,visitor,,,,,,,Visitor (no home location),Visitor (no home location),Visitor (no home location),Visitor (no home location),Visitor (no work/school location),Visitor (no work/school location),Visitor (no work/school location),Visitor (no work/school location),10.454545454545457,17.284593301435407,18,UIUC1,"3.01 (Champaign, IL)",1900-01-01 20:27:27.272727270,20,5.92,Chicago3_mdw,"9801 (Cook, IL)",8.999230188679245,70,86.37454545454545,10,126.28382349011466,142,3.0,79.74,0,1,0
5446317700199529869,"1 (Tract 54.02, Champaign, IL)","54.02 (Champaign, IL)","Champaign County, IL",Illinois,"1 (Tract 9801, Cook, IL)","9801 (Cook, IL)","Cook County, IL",Illinois,auto_passenger,region_departure,shop,1900-01-01 16:03:00,1900-01-01 18:17:42,134,133.5,unknown_vehicle_type,unknown_fuel_type,,,,retail,retail,transportation_utilities,transportation_utilities,10414879061169574952,,,,,,,,,,,,visitor,,,,,,,Visitor (no home location),Visitor (no home location),Visitor (no home location),Visitor (no home location),Visitor (no work/school location),Visitor (no work/school location),Visitor (no work/school location),Visitor (no work/school location),9.0,14.659459459459459,16,UIUC1,"3.01 (Champaign, IL)",1900-01-01 17:32:00.000000000,17,5.551724137931035,Chicago3_mdw,"9801 (Cook, IL)",8.844554326610279,70,84.55172413793103,10,123.50401378606973,134,3.0,80.1,0,1,0
2714335968449249160,"5 (Tract 109.01, Champaign, IL)","109.01 (Champaign, IL)","Champaign County, IL",Illinois,"1 (Tract 9801, Cook, IL)","9801 (Cook, IL)","Cook County, IL",Illinois,auto_passenger,region_departure,recreation,1900-01-01 18:58:00,1900-01-01 21:15:58,137,139.8,unknown_vehicle_type,unknown_fuel_type,,,,open_space,open_space,transportation_utilities,transportation_utilities,3617906960732709431,,,,,,,,,,,,visitor,,,,,,,Visitor (no home location),Visitor (no home location),Visitor (no home location),Visitor (no home location),Visitor (no work/school location),Visitor (no work/school location),Visitor (no work/school location),Visitor (no work/school location),10.25,16.821170212765956,18,UIUC1,"3.01 (Champaign, IL)",1900-01-01 20:28:15.000000000,20,5.92,Chicago3_mdw,"9801 (Cook, IL)",8.999230188679245,70,86.17,10,125.82040040144521,137,3.0,83.88000000000001,0,1,0
18023977560705114971,"2 (Tract 12.03, Champaign, IL)","12.03 (Champaign, IL)","Champaign County, IL",Illinois,"1 (Tract 9801, Cook, IL)","9801 (Cook, IL)","Cook County, IL",Illinois,private_auto,region_departure,social,1900-01-01 18:31:00,1900-01-01 20:56:32,145,130.8,unknown_vehicle_type,unknown_fuel_type,,,,single_family,single_family,transportation_utilities,transportation_utilities,11272023507341525862,,,,,,,,,,,,visitor,,,,,,,Visitor (no home location),Visitor (no home location),Visitor (no home location),Visitor (no home location),Visitor (no work/school location),Visitor (no work/school location),Visitor (no work/school location),Visitor (no work/school location),8.125,14.047156488549618,18,UIUC1,"3.01 (Champaign, IL)",1900-01-01 19:59:07.500000000,19,5.05,Chicago3_mdw,"9801 (Cook, IL)",8.633830188679244,70,83.175,10,122.68098667722886,145,3.0,78.48,0,1,0
6002150529435272124,"1 (Tract 59.02, Champaign, IL)","59.02 (Champaign, IL)","Champaign County, IL",Illinois,"2 (Tract 7503, Cook, IL)","7503 (Cook, IL)","Cook County, IL",Illinois,private_auto,lodging,social,1900-01-01 11:28:00,1900-01-01 13:32:45,124,129.9,unknown_vehicle_type,unknown_fuel_type,,,,single_family,single_family,retail,retail,11244830330443916934,,,,,,,,,,,,visitor,,,,,,,Visitor (no home location),Visitor (no home location),Visitor (no home location),Visitor (no home location),Visitor (no work/school location),Visitor (no work/school location),Visitor (no work/school location),Visitor (no work/school location),2.135135135135135,6.146532930041956,11,UIUC1,"3.01 (Champaign, IL)",1900-01-01 12:50:08.108108106,12,23.0,Chicago3_mdw,"9801 (Cook, IL)",30.57333333333333,70,95.13513513513513,10,136.71986626337528,124,3.0,77.94,0,1,0
839308631706825665,"3 (Tract 8, Champaign, IL)","8 (Champaign, IL)","Champaign County, IL",Illinois,"1 (Tract 9801, Cook, IL)","9801 (Cook, IL)","Cook County, IL",Illinois,private_auto,region_departure,shop,1900-01-01 18:26:00,1900-01-01 20:42:18,136,126.3,unknown_vehicle_type,unknown_fuel_type,,,,retail,retail,transportation_utilities,transportation_utilities,14994950982450462792,,,,,,,,,,,,visitor,,,,,,,Visitor (no home location),Visitor (no home location),Visitor (no home location),Visitor (no home location),Visitor (no work/school location),Visitor (no work/school location),Visitor (no work/school location),Visitor (no work/school location),7.183098591549296,12.229127556860599,18,UIUC1,"3.01 (Champaign, IL)",1900-01-01 19:53:10.985915490,19,5.05,Chicago3_mdw,"9801 (Cook, IL)",8.633830188679244,70,82.2330985915493,10,120.86295774553984,136,3.0,75.78,0,1,0
2890014861107426270,"3 (Tract 7, Champaign, IL)","7 (Champaign, IL)","Champaign County, IL",Illinois,"1 (Tract 9801, Cook, IL)","9801 (Cook, IL)","Cook County, IL",Illinois,private_auto,region_departure,shop,1900-01-01 19:06:00,1900-01-01 21:22:26,136,126.7,unknown_vehicle_type,unknown_fuel_type,,,,retail,retail,transportation_utilities,transportation_utilities,18217015319620931472,,,,,,,,,,,,visitor,,,,,,,Visitor (no home location),Visitor (no home location),Visitor (no home location),Visitor (no home location),Visitor (no work/school location),Visitor (no work/school location),Visitor (no work/school location),Visitor (no work/school location),4.142857142857143,8.8848,19,UIUC1,"3.01 (Champaign, IL)",1900-01-01 20:30:08.571428574,20,5.92,Chicago3_mdw,"9801 (Cook, IL)",8.999230188679245,70,80.06285714285714,10,117.88403018867925,136,3.0,76.02,0,1,0
12932277154508612024,"1 (Tract 8, Champaign, IL)","8 (Champaign, IL)","Champaign County, IL",Illinois,"1 (Tract 9801, Cook, IL)","9801 (Cook, IL)","Cook County, IL",Illinois,auto_passenger,region_departure,shop,1900-01-01 13:47:00,1900-01-01 15:57:32,130,130.3,unknown_vehicle_type,unknown_fuel_type,,,,retail,retail,transportation_utilities,transportation_utilities,6239441459372703105,,,,,,,,,,,,visitor,,,,,,,Visitor (no home location),Visitor (no home location),Visitor (no home location),Visitor (no home location),Visitor (no work/school location),Visitor (no work/school location),Visitor (no work/school location),Visitor (no work/school location),7.186440677966102,12.230531233155657,13,UIUC1,"3.01 (Champaign, IL)",1900-01-01 15:14:11.186440680,15,5.063291139240507,Chicago3_mdw,"9801 (Cook, IL)",8.639412467160257,70,82.24973181720661,10,120.86994370031591,130,3.0,78.18,0,1,0
14677534275043810467,"1 (Tract 58, Champaign, IL)","58 (Champaign, IL)","Champaign County, IL",Illinois,"1 (Tract 6202, Cook, IL)","6202 (Cook, IL)","Cook County, IL",Illinois,private_auto,lodging,maintenance,1900-01-01 17:51:00,1900-01-01 20:08:54,137,129.5,unknown_vehicle_type,unknown_fuel_type,,,,office,office,retail,retail,9505408463479594773,,,,,,,,,,,,visitor,,,,,,,Visitor (no home location),Visitor (no home location),Visitor (no home location),Visitor (no home location),Visitor (no work/school location),Visitor (no work/school location),Visitor (no work/school location),Visitor (no work/school location),3.73015873015873,7.7191967871485945,17,UIUC1,"3.01 (Champaign, IL)",1900-01-01 19:14:43.809523812,19,4.5,Chicago3_mdw,"9801 (Cook, IL)",8.895,70,78.23015873015873,10,116.61419678714859,137,3.0,77.7,0,1,0
17406715069729298044,"4 (Tract 58, Champaign, IL)","58 (Champaign, IL)","Champaign County, IL",Illinois,"1 (Tract 9801, Cook, IL)","9801 (Cook, IL)","Cook County, IL",Illinois,auto_passenger,region_departure,social,1900-01-01 23:25:00,1900-01-01 01:38:32,133,133.4,unknown_vehicle_type,unknown_fuel_type,,,,single_family,single_family,transportation_utilities,transportation_utilities,14972311400483946062,,,,,,,,,,,,visitor,,,,,,,Visitor (no home location),Visitor (no home location),Visitor (no home location),Visitor (no home location),Visitor (no work/school location),Visitor (no work/school location),Visitor (no work/school location),Visitor (no work/school location),2.75,7.307530120481929,23,UIUC1,"3.01 (Champaign, IL)",1900-01-02 00:47:45.000000000,0,3.0,Chicago3_mdw,"9801 (Cook, IL)",7.7728301886792455,70,75.75,10,115.08036030916118,133,3.0,80.04,0,1,0
12033317476578173009,"1 (Tract 10, Champaign, IL)","10 (Champaign, IL)","Champaign County, IL",Illinois,"1 (Tract 9801, Cook, IL)","9801 (Cook, IL)","Cook County, IL",Illinois,auto_passenger,region_departure,shop,1900-01-01 21:17:00,1900-01-01 23:26:47,129,133.7,unknown_vehicle_type,unknown_fuel_type,,,,office,office,transportation_utilities,transportation_utilities,10107700160748707200,,,,,,,,,,,,visitor,,,,,,,Visitor (no home location),Visitor (no home location),Visitor (no home location),Visitor (no home location),Visitor (no work/school location),Visitor (no work/school location),Visitor (no work/school location),Visitor (no work/school location),6.153846153846154,11.049996550534667,21,UIUC1,"3.01 (Champaign, IL)",1900-01-01 22:43:09.230769228,22,3.333333333333333,Chicago3_mdw,"9801 (Cook, IL)",7.912830188679245,70,79.48717948717949,10,118.96282673921392,129,3.0,80.21999999999998,0,1,0
1889033572393100855,"3 (Tract 8, Champaign, IL)","8 (Champaign, IL)","Champaign County, IL",Illinois,"1 (Tract 9801, Cook, IL)","9801 (Cook, IL)","Cook County, IL",Illinois,auto_passenger,region_departure,shop,1900-01-01 21:15:00,1900-01-01 23:25:12,130,130.1,unknown_vehicle_type,unknown_fuel_type,,,,office,office,transportation_utilities,transportation_utilities,15582352847292474091,,,,,,,,,,,,visitor,,,,,,,Visitor (no home location),Visitor (no home location),Visitor (no home location),Visitor (no home location),Visitor (no work/school location),Visitor (no work/school location),Visitor (no work/school location),Visitor (no work/school location),6.090909090909091,11.770407966591712,21,UIUC1,"3.01 (Champaign, IL)",1900-01-01 22:41:05.454545454,22,3.333333333333333,Chicago3_mdw,"9801 (Cook, IL)",7.912830188679245,70,79.42424242424242,10,119.68323815527096,130,3.0,78.05999999999999,0,1,0
11367201876121918136,"1 (Tract 12.04, Champaign, IL)","12.04 (Champaign, IL)","Champaign County, IL",Illinois,"1 (Tract 9801, Cook, IL)","9801 (Cook, IL)","Cook County, IL",Illinois,private_auto,region_departure,social,1900-01-01 11:59:35,1900-01-01 14:26:57,147,132.7,unknown_vehicle_type,unknown_fuel_type,,,,single_family,single_family,transportation_utilities,transportation_utilities,17443896859917391999,,,,,,,,,,,,visitor,,,,,,,Visitor (no home location),Visitor (no home location),Visitor (no home location),Visitor (no home location),Visitor (no work/school location),Visitor (no work/school location),Visitor (no work/school location),Visitor (no work/school location),11.571428571428571,17.753684210526316,11,UIUC1,"3.01 (Champaign, IL)",1900-01-01 13:31:09.285714284,13,5.015151515151516,Chicago3_mdw,"9801 (Cook, IL)",8.619193825042881,70,86.58658008658008,10,126.3728780355692,147,3.0,79.61999999999999,0,1,0
4768043985601925433,"1 (Tract 4.02, Champaign, IL)","4.02 (Champaign, IL)","Champaign County, IL",Illinois,"1 (Tract 9801, Cook, IL)","9801 (Cook, IL)","Cook County, IL",Illinois,private_auto,region_departure,social,1900-01-01 16:42:00,1900-01-01 19:05:49,143,128.4,unknown_vehicle_type,unknown_fuel_type,,,,multi_family,multi_family,transportation_utilities,transportation_utilities,16719207101062384192,,,,,,,,,,,,visitor,,,,,,,Visitor (no home location),Visitor (no home location),Visitor (no home location),Visitor (no home location),Visitor (no work/school location),Visitor (no work/school location),Visitor (no work/school location),Visitor (no work/school location),1.7755102040816326,5.72401980561159,16,UIUC1,"3.01 (Champaign, IL)",1900-01-01 18:03:46.530612246,18,4.653846153846154,Chicago3_mdw,"9801 (Cook, IL)",8.46744557329463,70,76.42935635792779,10,114.19146537890622,143,3.0,77.04,0,1,0
3979684442818301450,"3 (Tract 8, Champaign, IL)","8 (Champaign, IL)","Champaign County, IL",Illinois,"1 (Tract 9801, Cook, IL)","9801 (Cook, IL)","Cook County, IL",Illinois,auto_passenger,region_departure,eat,1900-01-01 19:32:00,1900-01-01 21:37:53,125,130.0,unknown_vehicle_type,unknown_fuel_type,,,,retail,retail,transportation_utilities,transportation_utilities,12340431289397300414,,,,,,,,,,,,visitor,,,,,,,Visitor (no home location),Visitor (no home location),Visitor (no home location),Visitor (no home location),Visitor (no work/school location),Visitor (no work/school location),Visitor (no work/school location),Visitor (no work/school location),6.630434782608695,11.997008757105547,19,UIUC1,"3.01 (Champaign, IL)",1900-01-01 20:58:37.826086956,20,5.92,Chicago3_mdw,"9801 (Cook, IL)",8.999230188679245,70,82.55043478260869,10,120.9962389457848,125,3.0,78.0,0,1,0
672148963887435103,"1 (Tract 59.01, Champaign, IL)","59.01 (Champaign, IL)","Champaign County, IL",Illinois,"1 (Tract 9801, Cook, IL)","9801 (Cook, IL)","Cook County, IL",Illinois,auto_passenger,region_departure,maintenance,1900-01-01 14:30:00,1900-01-01 16:45:49,135,132.9,unknown_vehicle_type,unknown_fuel_type,,,,education,education,transportation_utilities,transportation_utilities,12854042448554785413,,,,,,,,,,,,visitor,,,,,,,Visitor (no home location),Visitor (no home location),Visitor (no home location),Visitor (no home location),Visitor (no work/school location),Visitor (no work/school location),Visitor (no work/school location),Visitor (no work/school location),2.46875,6.6705892857142866,14,UIUC1,"3.01 (Champaign, IL)",1900-01-01 15:52:28.125000000,15,5.063291139240507,Chicago3_mdw,"9801 (Cook, IL)",8.639412467160257,70,77.5320411392405,10,115.31000175287454,135,3.0,79.74,0,1,0
223378072236145382,"1 (Tract 59.01, Champaign, IL)","59.01 (Champaign, IL)","Champaign County, IL",Illinois,"1 (Tract 9801, Cook, IL)","9801 (Cook, IL)","Cook County, IL",Illinois,auto_passenger,region_departure,social,1900-01-01 20:18:00,1900-01-01 22:31:36,133,133.3,unknown_vehicle_type,unknown_fuel_type,,,,education,education,transportation_utilities,transportation_utilities,10419339429187974965,,,,,,,,,,,,visitor,,,,,,,Visitor (no home location),Visitor (no home location),Visitor (no home location),Visitor (no home location),Visitor (no work/school location),Visitor (no work/school location),Visitor (no work/school location),Visitor (no work/school location),2.590909090909091,6.721896103896104,20,UIUC1,"3.01 (Champaign, IL)",1900-01-01 21:40:35.454545454,21,4.333333333333333,Chicago3_mdw,"9801 (Cook, IL)",8.332830188679244,70,76.92424242424242,10,115.05472629257534,133,3.0,79.98,0,1,0
12474683910739415861,"1 (Tract 8, Champaign, IL)","8 (Champaign, IL)","Champaign County, IL",Illinois,"1 (Tract 9801, Cook, IL)","9801 (Cook, IL)","Cook County, IL",Illinois,auto_passenger,region_departure,shop,1900-01-01 17:19:00,1900-01-01 19:27:16,128,130.6,unknown_vehicle_type,unknown_fuel_type,,,,office,office,transportation_utilities,transportation_utilities,9816567442236492186,,,,,,,,,,,,visitor,,,,,,,Visitor (no home location),Visitor (no home location),Visitor (no home location),Visitor (no home location),Visitor (no work/school location),Visitor (no work/school location),Visitor (no work/school location),Visitor (no work/school location),7.0,12.152226148409895,17,UIUC1,"3.01 (Champaign, IL)",1900-01-01 18:46:00.000000000,18,4.653846153846154,Chicago3_mdw,"9801 (Cook, IL)",8.46744557329463,70,81.65384615384616,10,120.61967172170452,128,3.0,78.36,0,1,0
6361032551239433571,"1 (Tract 111, Champaign, IL)","111 (Champaign, IL)","Champaign County, IL",Illinois,"1 (Tract 9801, Cook, IL)","9801 (Cook, IL)","Cook County, IL",Illinois,private_auto,region_departure,eat,1900-01-01 19:32:00,1900-01-01 21:54:55,142,129.7,unknown_vehicle_type,unknown_fuel_type,,,,retail,retail,transportation_utilities,transportation_utilities,5007021291047330236,,,,,,,,,,,,visitor,,,,,,,Visitor (no home location),Visitor (no home location),Visitor (no home location),Visitor (no home location),Visitor (no work/school location),Visitor (no work/school location),Visitor (no work/school location),Visitor (no work/school location),2.111111111111111,6.742745098039216,19,UIUC1,"3.01 (Champaign, IL)",1900-01-01 20:54:06.666666666,20,5.92,Chicago3_mdw,"9801 (Cook, IL)",8.999230188679245,70,78.03111111111112,10,115.74197528671847,142,3.0,77.82,0,1,0
10808930705752583743,"2 (Tract 12.03, Champaign, IL)","12.03 (Champaign, IL)","Champaign County, IL",Illinois,"1 (Tract 9801, Cook, IL)","9801 (Cook, IL)","Cook County, IL",Illinois,auto_passenger,region_departure,maintenance,1900-01-01 15:37:00,1900-01-01 17:52:27,135,135.3,unknown_vehicle_type,unknown_fuel_type,,,,single_family,single_family,transportation_utilities,transportation_utilities,9191834479366169989,,,,,,,,,,,,visitor,,,,,,,Visitor (no home location),Visitor (no home location),Visitor (no home location),Visitor (no home location),Visitor (no work/school location),Visitor (no work/school location),Visitor (no work/school location),Visitor (no work/school location),8.916666666666666,14.379656488549617,15,UIUC1,"3.01 (Champaign, IL)",1900-01-01 17:05:55.000000002,17,5.551724137931035,Chicago3_mdw,"9801 (Cook, IL)",8.844554326610279,70,84.4683908045977,10,123.22421081515989,135,3.0,81.18,0,1,0
12297366950605758257,"1 (Tract 53, Champaign, IL)","53 (Champaign, IL)","Champaign County, IL",Illinois,"1 (Tract 9801, Cook, IL)","9801 (Cook, IL)","Cook County, IL",Illinois,private_auto,region_departure,shop,1900-01-01 21:58:00,1900-01-01 00:09:07,131,132.2,unknown_vehicle_type,unknown_fuel_type,,,,retail,retail,transportation_utilities,transportation_utilities,5284545189642664163,,,,,,,,,,,,visitor,,,,,,,Visitor (no home location),Visitor (no home location),Visitor (no home location),Visitor (no home location),Visitor (no work/school location),Visitor (no work/school location),Visitor (no work/school location),Visitor (no work/school location),3.2142857142857144,7.895167958656331,21,UIUC1,"3.01 (Champaign, IL)",1900-01-01 23:21:12.857142858,23,3.0,Chicago3_mdw,"9801 (Cook, IL)",7.7728301886792455,70,76.21428571428571,10,115.66799814733558,131,3.0,79.32,0,1,0
12066511682269544309,"1 (Tract 8, Champaign, IL)","8 (Champaign, IL)","Champaign County, IL",Illinois,"1 (Tract 9801, Cook, IL)","9801 (Cook, IL)","Cook County, IL",Illinois,private_auto,region_departure,eat,1900-01-01 19:31:00,1900-01-01 21:47:03,136,126.6,unknown_vehicle_type,unknown_fuel_type,,,,retail,retail,transportation_utilities,transportation_utilities,4068657520671117815,,,,,,,,,,,,visitor,,,,,,,Visitor (no home location),Visitor (no home location),Visitor (no home location),Visitor (no home location),Visitor (no work/school location),Visitor (no work/school location),Visitor (no work/school location),Visitor (no work/school location),6.630434782608695,11.997008757105547,19,UIUC1,"3.01 (Champaign, IL)",1900-01-01 20:57:37.826086956,20,5.92,Chicago3_mdw,"9801 (Cook, IL)",8.999230188679245,70,82.55043478260869,10,120.9962389457848,136,3.0,75.96,0,1,0
6665551658369773100,"4 (Tract 13.01, Champaign, IL)","13.01 (Champaign, IL)","Champaign County, IL",Illinois,"1 (Tract 9801, Cook, IL)","9801 (Cook, IL)","Cook County, IL",Illinois,auto_passenger,region_departure,shop,1900-01-01 18:25:42,1900-01-01 20:37:06,131,134.9,unknown_vehicle_type,unknown_fuel_type,,,,retail,retail,transportation_utilities,transportation_utilities,12985156568736050984,,,,,,,,,,,,visitor,,,,,,,Visitor (no home location),Visitor (no home location),Visitor (no home location),Visitor (no home location),Visitor (no work/school location),Visitor (no work/school location),Visitor (no work/school location),Visitor (no work/school location),4.909090909090909,9.859857397504456,18,UIUC1,"3.01 (Champaign, IL)",1900-01-01 19:50:36.545454546,19,5.05,Chicago3_mdw,"9801 (Cook, IL)",8.633830188679244,70,79.9590909090909,10,118.4936875861837,131,3.0,80.94,0,1,0
9882720986680579105,"1 (Tract 55, Champaign, IL)","55 (Champaign, IL)","Champaign County, IL",Illinois,"1 (Tract 9801, Cook, IL)","9801 (Cook, IL)","Cook County, IL",Illinois,private_auto,region_departure,maintenance,1900-01-01 18:12:00,1900-01-01 20:35:23,143,129.5,unknown_vehicle_type,unknown_fuel_type,,,,retail,retail,transportation_utilities,transportation_utilities,15490748611476340135,,,,,,,,,,,,visitor,,,,,,,Visitor (no home location),Visitor (no home location),Visitor (no home location),Visitor (no home location),Visitor (no work/school location),Visitor (no work/school location),Visitor (no work/school location),Visitor (no work/school location),5.8,10.45557894736842,18,UIUC1,"3.01 (Champaign, IL)",1900-01-01 19:37:48.000000000,19,5.05,Chicago3_mdw,"9801 (Cook, IL)",8.633830188679244,70,80.85,10,119.08940913604766,143,3.0,77.7,0,1,0
14606794682877834353,"2 (Tract 60, Champaign, IL)","60 (Champaign, IL)","Champaign County, IL",Illinois,"1 (Tract 9801, Cook, IL)","9801 (Cook, IL)","Cook County, IL",Illinois,private_auto,region_departure,social,1900-01-01 23:26:37,1900-01-01 01:42:36,135,134.2,unknown_vehicle_type,unknown_fuel_type,,,,single_family,single_family,transportation_utilities,transportation_utilities,17210082337889693692,,,,,,,,,,,,visitor,,,,,,,Visitor (no home location),Visitor (no home location),Visitor (no home location),Visitor (no home location),Visitor (no work/school location),Visitor (no work/school location),Visitor (no work/school location),Visitor (no work/school location),4.4,8.393086705202311,23,UIUC1,"3.01 (Champaign, IL)",1900-01-02 00:51:01.000000000,0,3.0,Chicago3_mdw,"9801 (Cook, IL)",7.7728301886792455,70,77.4,10,116.16591689388156,135,3.0,80.52,0,1,0
7289963563398981686,"1 (Tract 12.05, Champaign, IL)","12.05 (Champaign, IL)","Champaign County, IL",Illinois,"1 (Tract 9801, Cook, IL)","9801 (Cook, IL)","Cook County, IL",Illinois,auto_passenger,region_departure,social,1900-01-01 20:44:00,1900-01-01 22:59:43,135,138.2,unknown_vehicle_type,unknown_fuel_type,,,,single_family,single_family,transportation_utilities,transportation_utilities,17229052333310779109,,,,,,,,,,,,visitor,,,,,,,Visitor (no home location),Visitor (no home location),Visitor (no home location),Visitor (no home location),Visitor (no work/school location),Visitor (no work/school location),Visitor (no work/school location),Visitor (no work/school location),12.0,18.803661971830987,20,UIUC1,"3.01 (Champaign, IL)",1900-01-01 22:16:00.000000000,22,3.333333333333333,Chicago3_mdw,"9801 (Cook, IL)",7.912830188679245,70,85.33333333333333,10,126.71649216051024,135,3.0,82.91999999999999,0,1,0
8669190027381745209,"1 (Tract 54.01, Champaign, IL)","54.01 (Champaign, IL)","Champaign County, IL",Illinois,"1 (Tract 9801, Cook, IL)","9801 (Cook, IL)","Cook County, IL",Illinois,private_auto,region_departure,social,1900-01-01 13:05:00,1900-01-01 15:24:48,139,127.8,unknown_vehicle_type,unknown_fuel_type,,,,single_family,single_family,transportation_utilities,transportation_utilities,3098278608215383881,,,,,,,,,,,,visitor,,,,,,,Visitor (no home location),Visitor (no home location),Visitor (no home location),Visitor (no home location),Visitor (no work/school location),Visitor (no work/school location),Visitor (no work/school location),Visitor (no work/school location),5.444444444444445,10.234570858283433,13,UIUC1,"3.01 (Champaign, IL)",1900-01-01 14:30:26.666666664,14,5.041322314049586,Chicago3_mdw,"9801 (Cook, IL)",8.63018556058007,70,80.48576675849402,10,118.86475641886351,139,3.0,76.67999999999999,0,1,0
3016263936055397396,"2 (Tract 7, Champaign, IL)","7 (Champaign, IL)","Champaign County, IL",Illinois,"1 (Tract 9801, Cook, IL)","9801 (Cook, IL)","Cook County, IL",Illinois,private_auto,region_departure,other_activity_type,1900-01-01 16:55:00,1900-01-01 19:08:25,133,125.5,unknown_vehicle_type,unknown_fuel_type,,,,mixed_use,transportation_utilities,transportation_utilities,transportation_utilities,12555904165465015247,,,,,,,,,,,,visitor,,,,,,,Visitor (no home location),Visitor (no home location),Visitor (no home location),Visitor (no home location),Visitor (no work/school location),Visitor (no work/school location),Visitor (no work/school location),Visitor (no work/school location),4.166666666666667,8.8948,16,UIUC1,"3.01 (Champaign, IL)",1900-01-01 18:19:10.000000002,18,4.653846153846154,Chicago3_mdw,"9801 (Cook, IL)",8.46744557329463,70,78.82051282051283,10,117.36224557329463,133,3.0,75.3,0,1,0
8903671858256941371,"1 (Tract 13.02, Champaign, IL)","13.02 (Champaign, IL)","Champaign County, IL",Illinois,"1 (Tract 9801, Cook, IL)","9801 (Cook, IL)","Cook County, IL",Illinois,auto_passenger,region_departure,recreation,1900-01-01 21:02:00,1900-01-01 23:18:34,136,132.0,unknown_vehicle_type,unknown_fuel_type,,,,non_retail_attraction,non_retail_attraction,transportation_utilities,transportation_utilities,13200564995040884482,,,,,,,,,,,,visitor,,,,,,,Visitor (no home location),Visitor (no home location),Visitor (no home location),Visitor (no home location),Visitor (no work/school location),Visitor (no work/school location),Visitor (no work/school location),Visitor (no work/school location),7.6,13.176682926829269,21,UIUC1,"3.01 (Champaign, IL)",1900-01-01 22:29:36.000000000,22,3.333333333333333,Chicago3_mdw,"9801 (Cook, IL)",7.912830188679245,70,80.93333333333332,10,121.08951311550852,136,3.0,79.2,0,1,0
4751550881020149008,"3 (Tract 8, Champaign, IL)","8 (Champaign, IL)","Champaign County, IL",Illinois,"1 (Tract 9801, Cook, IL)","9801 (Cook, IL)","Cook County, IL",Illinois,auto_passenger,region_departure,shop,1900-01-01 22:32:00,1900-01-01 00:38:36,126,130.3,unknown_vehicle_type,unknown_fuel_type,,,,retail,retail,transportation_utilities,transportation_utilities,4123361377934021655,,,,,,,,,,,,visitor,,,,,,,Visitor (no home location),Visitor (no home location),Visitor (no home location),Visitor (no home location),Visitor (no work/school location),Visitor (no work/school location),Visitor (no work/school location),Visitor (no work/school location),6.266666666666667,11.844226148409895,22,UIUC1,"3.01 (Champaign, IL)",1900-01-01 23:58:16.000000002,23,3.0,Chicago3_mdw,"9801 (Cook, IL)",7.7728301886792455,70,79.26666666666667,10,119.61705633708914,126,3.0,78.18,0,1,0
8877343874462620404,"4 (Tract 58, Champaign, IL)","58 (Champaign, IL)","Champaign County, IL",Illinois,"1 (Tract 9801, Cook, IL)","9801 (Cook, IL)","Cook County, IL",Illinois,auto_passenger,region_departure,maintenance,1900-01-01 15:49:00,1900-01-01 18:08:53,139,133.1,unknown_vehicle_type,unknown_fuel_type,,,,open_space,open_space,transportation_utilities,transportation_utilities,5977689394268135785,,,,,,,,,,,,visitor,,,,,,,Visitor (no home location),Visitor (no home location),Visitor (no home location),Visitor (no home location),Visitor (no work/school location),Visitor (no work/school location),Visitor (no work/school location),Visitor (no work/school location),3.5,7.622530120481929,15,UIUC1,"3.01 (Champaign, IL)",1900-01-01 17:12:30.000000000,17,5.551724137931035,Chicago3_mdw,"9801 (Cook, IL)",8.844554326610279,70,79.05172413793103,10,116.4670844470922,139,3.0,79.86,0,1,0
9461941565317854115,"3 (Tract 13.02, Champaign, IL)","13.02 (Champaign, IL)","Champaign County, IL",Illinois,"1 (Tract 9801, Cook, IL)","9801 (Cook, IL)","Cook County, IL",Illinois,auto_passenger,region_departure,maintenance,1900-01-01 16:53:00,1900-01-01 19:08:35,135,138.7,unknown_vehicle_type,unknown_fuel_type,,,,retail,retail,transportation_utilities,transportation_utilities,9731685442960904914,,,,,,,,,,,,visitor,,,,,,,Visitor (no home location),Visitor (no home location),Visitor (no home location),Visitor (no home location),Visitor (no work/school location),Visitor (no work/school location),Visitor (no work/school location),Visitor (no work/school location),7.2105263157894735,13.013103979460848,16,UIUC1,"3.01 (Champaign, IL)",1900-01-01 18:20:12.631578948,18,4.653846153846154,Chicago3_mdw,"9801 (Cook, IL)",8.46744557329463,70,81.86437246963564,10,121.48054955275548,135,3.0,83.21999999999998,0,1,0
14599783779572387676,"3 (Tract 8, Champaign, IL)","8 (Champaign, IL)","Champaign County, IL",Illinois,"1 (Tract 9801, Cook, IL)","9801 (Cook, IL)","Cook County, IL",Illinois,auto_passenger,region_departure,lodging,1900-01-01 18:46:00,1900-01-01 20:52:41,126,130.6,unknown_vehicle_type,unknown_fuel_type,,,,retail,retail,transportation_utilities,transportation_utilities,17440071170070238477,,,,,,,,,,,,visitor,,,,,,,Visitor (no home location),Visitor (no home location),Visitor (no home location),Visitor (no home location),Visitor (no work/school location),Visitor (no work/school location),Visitor (no work/school location),Visitor (no work/school location),7.183098591549296,12.229127556860599,18,UIUC1,"3.01 (Champaign, IL)",1900-01-01 20:13:10.985915490,20,5.92,Chicago3_mdw,"9801 (Cook, IL)",8.999230188679245,70,83.1030985915493,10,121.22835774553985,126,3.0,78.36,0,1,0
8026019883323732728,"1 (Tract 4.02, Champaign, IL)","4.02 (Champaign, IL)","Champaign County, IL",Illinois,"1 (Tract 9801, Cook, IL)","9801 (Cook, IL)","Cook County, IL",Illinois,auto_passenger,region_departure,social,1900-01-01 23:20:00,1900-01-01 01:34:00,134,130.3,unknown_vehicle_type,unknown_fuel_type,,,,multi_family,multi_family,transportation_utilities,transportation_utilities,15487961950130413691,,,,,,,,,,,,visitor,,,,,,,Visitor (no home location),Visitor (no home location),Visitor (no home location),Visitor (no home location),Visitor (no work/school location),Visitor (no work/school location),Visitor (no work/school location),Visitor (no work/school location),2.0,5.818305519897304,23,UIUC1,"3.01 (Champaign, IL)",1900-01-02 00:42:00.000000000,0,3.0,Chicago3_mdw,"9801 (Cook, IL)",7.7728301886792455,70,75.0,10,113.59113570857656,134,3.0,78.18,0,1,0
3810662480212300773,"1 (Tract 4.01, Champaign, IL)","4.01 (Champaign, IL)","Champaign County, IL",Illinois,"1 (Tract 9801, Cook, IL)","9801 (Cook, IL)","Cook County, IL",Illinois,auto_passenger,region_departure,maintenance,1900-01-01 14:46:00,1900-01-01 17:01:48,135,132.1,unknown_vehicle_type,unknown_fuel_type,,,,education,education,transportation_utilities,transportation_utilities,3047496912588049281,,,,,,,,,,,,visitor,,,,,,,Visitor (no home location),Visitor (no home location),Visitor (no home location),Visitor (no home location),Visitor (no work/school location),Visitor (no work/school location),Visitor (no work/school location),Visitor (no work/school location),1.7826086956521738,5.451529790660225,14,UIUC1,"3.01 (Champaign, IL)",1900-01-01 16:07:46.956521742,16,4.228070175438597,Chicago3_mdw,"9801 (Cook, IL)",8.288619662363455,70,76.01067887109078,10,113.74014945302369,135,3.0,79.25999999999999,0,1,0
9125358639403110104,"1 (Tract 8, Champaign, IL)","8 (Champaign, IL)","Champaign County, IL",Illinois,"1 (Tract 9801, Cook, IL)","9801 (Cook, IL)","Cook County, IL",Illinois,private_auto,region_departure,maintenance,1900-01-01 20:47:00,1900-01-01 22:57:20,130,125.2,unknown_vehicle_type,unknown_fuel_type,,,,office,office,transportation_utilities,transportation_utilities,425068355654261642,,,,,,,,,,,,visitor,,,,,,,Visitor (no home location),Visitor (no home location),Visitor (no home location),Visitor (no home location),Visitor (no work/school location),Visitor (no work/school location),Visitor (no work/school location),Visitor (no work/school location),6.67741935483871,12.016742277442152,20,UIUC1,"3.01 (Champaign, IL)",1900-01-01 22:13:40.645161288,22,3.333333333333333,Chicago3_mdw,"9801 (Cook, IL)",7.912830188679245,70,80.01075268817203,10,119.9295724661214,130,3.0,75.12,0,1,0
3932038785466766369,"1 (Tract 8, Champaign, IL)","8 (Champaign, IL)","Champaign County, IL",Illinois,"1 (Tract 9801, Cook, IL)","9801 (Cook, IL)","Cook County, IL",Illinois,private_auto,region_departure,recreation,1900-01-01 17:44:00,1900-01-01 20:01:34,137,126.1,unknown_vehicle_type,unknown_fuel_type,,,,non_retail_attraction,non_retail_attraction,transportation_utilities,transportation_utilities,3193174030206916724,,,,,,,,,,,,visitor,,,,,,,Visitor (no home location),Visitor (no home location),Visitor (no home location),Visitor (no home location),Visitor (no work/school location),Visitor (no work/school location),Visitor (no work/school location),Visitor (no work/school location),7.0,12.152226148409895,17,UIUC1,"3.01 (Champaign, IL)",1900-01-01 19:11:00.000000000,19,5.05,Chicago3_mdw,"9801 (Cook, IL)",8.633830188679244,70,82.05,10,120.78605633708914,137,3.0,75.66,0,1,0
2158485760490711032,"3 (Tract 13.02, Champaign, IL)","13.02 (Champaign, IL)","Champaign County, IL",Illinois,"1 (Tract 9801, Cook, IL)","9801 (Cook, IL)","Cook County, IL",Illinois,auto_passenger,region_departure,eat,1900-01-01 17:43:00,1900-01-01 19:59:34,136,139.1,unknown_vehicle_type,unknown_fuel_type,,,,mixed_use,retail,transportation_utilities,transportation_utilities,6255327644937311236,,,,,,,,,,,,visitor,,,,,,,Visitor (no home location),Visitor (no home location),Visitor (no home location),Visitor (no home location),Visitor (no work/school location),Visitor (no work/school location),Visitor (no work/school location),Visitor (no work/school location),7.5625,13.160932926829268,17,UIUC1,"3.01 (Champaign, IL)",1900-01-01 19:10:33.750000000,19,5.05,Chicago3_mdw,"9801 (Cook, IL)",8.633830188679244,70,82.6125,10,121.79476311550852,136,3.0,83.46,0,1,0
11839631009606451621,"1 (Tract 12.04, Champaign, IL)","12.04 (Champaign, IL)","Champaign County, IL",Illinois,"1 (Tract 9801, Cook, IL)","9801 (Cook, IL)","Cook County, IL",Illinois,auto_passenger,region_departure,recreation,1900-01-01 17:15:00,1900-01-01 19:26:45,131,136.6,unknown_vehicle_type,unknown_fuel_type,,,,mixed_use,open_space,transportation_utilities,transportation_utilities,2344847918656270874,,,,,,,,,,,,visitor,,,,,,,Visitor (no home location),Visitor (no home location),Visitor (no home location),Visitor (no home location),Visitor (no work/school location),Visitor (no work/school location),Visitor (no work/school location),Visitor (no work/school location),10.3,17.219684210526317,17,UIUC1,"3.01 (Champaign, IL)",1900-01-01 18:45:18.000000000,18,4.653846153846154,Chicago3_mdw,"9801 (Cook, IL)",8.46744557329463,70,84.95384615384616,10,125.68712978382094,131,3.0,81.96,0,1,0
7278374694098384294,"1 (Tract 8, Champaign, IL)","8 (Champaign, IL)","Champaign County, IL",Illinois,"1 (Tract 9801, Cook, IL)","9801 (Cook, IL)","Cook County, IL",Illinois,auto_passenger,region_departure,eat,1900-01-01 17:50:00,1900-01-01 19:58:50,128,130.3,unknown_vehicle_type,unknown_fuel_type,,,,retail,retail,transportation_utilities,transportation_utilities,17123955363005112069,,,,,,,,,,,,visitor,,,,,,,Visitor (no home location),Visitor (no home location),Visitor (no home location),Visitor (no home location),Visitor (no work/school location),Visitor (no work/school location),Visitor (no work/school location),Visitor (no work/school location),7.0,12.152226148409895,17,UIUC1,"3.01 (Champaign, IL)",1900-01-01 19:17:00.000000000,19,5.05,Chicago3_mdw,"9801 (Cook, IL)",8.633830188679244,70,82.05,10,120.78605633708914,128,3.0,78.18,0,1,0
8524994474942443929,"1 (Tract 9.02, Champaign, IL)","9.02 (Champaign, IL)","Champaign County, IL",Illinois,"1 (Tract 9801, Cook, IL)","9801 (Cook, IL)","Cook County, IL",Illinois,private_auto,region_departure,other_activity_type,1900-01-01 19:31:00,1900-01-01 21:57:28,146,129.6,unknown_vehicle_type,unknown_fuel_type,,,,education,education,transportation_utilities,transportation_utilities,3264232778414892809,,,,,,,,,,,,visitor,,,,,,,Visitor (no home location),Visitor (no home location),Visitor (no home location),Visitor (no home location),Visitor (no work/school location),Visitor (no work/school location),Visitor (no work/school location),Visitor (no work/school location),8.6,15.129749196141479,19,UIUC1,"3.01 (Champaign, IL)",1900-01-01 20:59:36.000000000,20,5.92,Chicago3_mdw,"9801 (Cook, IL)",8.999230188679245,70,84.52,10,124.12897938482072,146,3.0,77.75999999999999,0,1,0
15800595487131269346,"5 (Tract 10, Champaign, IL)","10 (Champaign, IL)","Champaign County, IL",Illinois,"1 (Tract 9801, Cook, IL)","9801 (Cook, IL)","Cook County, IL",Illinois,private_auto,region_departure,shop,1900-01-01 20:59:00,1900-01-01 23:10:24,131,126.3,unknown_vehicle_type,unknown_fuel_type,,,,mixed_use,retail,transportation_utilities,transportation_utilities,14985090546439391908,,,,,,,,,,,,visitor,,,,,,,Visitor (no home location),Visitor (no home location),Visitor (no home location),Visitor (no home location),Visitor (no work/school location),Visitor (no work/school location),Visitor (no work/school location),Visitor (no work/school location),6.375,11.142881165919281,20,UIUC1,"3.01 (Champaign, IL)",1900-01-01 22:25:22.500000000,22,3.333333333333333,Chicago3_mdw,"9801 (Cook, IL)",7.912830188679245,70,79.70833333333333,10,119.05571135459853,131,3.0,75.78,0,1,0
9910804453874413803,"3 (Tract 8, Champaign, IL)","8 (Champaign, IL)","Champaign County, IL",Illinois,"1 (Tract 9801, Cook, IL)","9801 (Cook, IL)","Cook County, IL",Illinois,auto_passenger,region_departure,shop,1900-01-01 17:34:00,1900-01-01 19:42:53,128,130.3,unknown_vehicle_type,unknown_fuel_type,,,,retail,retail,transportation_utilities,transportation_utilities,1051317124373347257,,,,,,,,,,,,visitor,,,,,,,Visitor (no home location),Visitor (no home location),Visitor (no home location),Visitor (no home location),Visitor (no work/school location),Visitor (no work/school location),Visitor (no work/school location),Visitor (no work/school location),7.0,12.152226148409895,17,UIUC1,"3.01 (Champaign, IL)",1900-01-01 19:01:00.000000000,19,5.05,Chicago3_mdw,"9801 (Cook, IL)",8.633830188679244,70,82.05,10,120.78605633708914,128,3.0,78.18,0,1,0
18378312356159245523,"2 (Tract 58, Champaign, IL)","58 (Champaign, IL)","Champaign County, IL",Illinois,"1 (Tract 9801, Cook, IL)","9801 (Cook, IL)","Cook County, IL",Illinois,private_auto,region_departure,social,1900-01-01 15:54:00,1900-01-01 18:20:35,146,129.4,unknown_vehicle_type,unknown_fuel_type,,,,single_family,single_family,transportation_utilities,transportation_utilities,12308897413188457206,,,,,,,,,,,,visitor,,,,,,,Visitor (no home location),Visitor (no home location),Visitor (no home location),Visitor (no home location),Visitor (no work/school location),Visitor (no work/school location),Visitor (no work/school location),Visitor (no work/school location),3.5,7.622530120481929,15,UIUC1,"3.01 (Champaign, IL)",1900-01-01 17:17:30.000000000,17,5.551724137931035,Chicago3_mdw,"9801 (Cook, IL)",8.844554326610279,70,79.05172413793103,10,116.4670844470922,146,3.0,77.64,0,1,0
18014045529220997982,"2 (Tract 110.01, Champaign, IL)","110.01 (Champaign, IL)","Champaign County, IL",Illinois,"1 (Tract 9801, Cook, IL)","9801 (Cook, IL)","Cook County, IL",Illinois,auto_passenger,region_departure,social,1900-01-01 18:12:00,1900-01-01 20:25:36,133,131.4,unknown_vehicle_type,unknown_fuel_type,,,,single_family,single_family,transportation_utilities,transportation_utilities,8987244505452618444,,,,,,,,,,,,visitor,,,,,,,Visitor (no home location),Visitor (no home location),Visitor (no home location),Visitor (no home location),Visitor (no work/school location),Visitor (no work/school location),Visitor (no work/school location),Visitor (no work/school location),3.6,7.9295,18,UIUC1,"3.01 (Champaign, IL)",1900-01-01 19:35:36.000000000,19,5.05,Chicago3_mdw,"9801 (Cook, IL)",8.633830188679244,70,78.64999999999999,10,116.56333018867925,133,3.0,78.84,0,1,0
13699347733053327202,"3 (Tract 13.01, Champaign, IL)","13.01 (Champaign, IL)","Champaign County, IL",Illinois,"1 (Tract 9801, Cook, IL)","9801 (Cook, IL)","Cook County, IL",Illinois,auto_passenger,region_departure,social,1900-01-01 19:09:00,1900-01-01 21:22:37,133,135.9,unknown_vehicle_type,unknown_fuel_type,,,,single_family,single_family,transportation_utilities,transportation_utilities,6577562573336346405,,,,,,,,,,,,visitor,,,,,,,Visitor (no home location),Visitor (no home location),Visitor (no home location),Visitor (no home location),Visitor (no work/school location),Visitor (no work/school location),Visitor (no work/school location),Visitor (no work/school location),4.714285714285714,9.778039215686274,19,UIUC1,"3.01 (Champaign, IL)",1900-01-01 20:33:42.857142858,20,5.92,Chicago3_mdw,"9801 (Cook, IL)",8.999230188679245,70,80.63428571428571,10,118.77726940436553,133,3.0,81.54,0,1,0
5877113297711413209,"2 (Tract 56.01, Champaign, IL)","56.01 (Champaign, IL)","Champaign County, IL",Illinois,"1 (Tract 9801, Cook, IL)","9801 (Cook, IL)","Cook County, IL",Illinois,private_auto,region_departure,lodging,1900-01-01 14:54:00,1900-01-01 17:23:35,149,130.7,unknown_vehicle_type,unknown_fuel_type,,,,single_family,single_family,transportation_utilities,transportation_utilities,8417296615110890192,,,,,,,,,,,,visitor,,,,,,,Visitor (no home location),Visitor (no home location),Visitor (no home location),Visitor (no home location),Visitor (no work/school location),Visitor (no work/school location),Visitor (no work/school location),Visitor (no work/school location),5.571428571428571,10.662028985507245,14,UIUC1,"3.01 (Champaign, IL)",1900-01-01 16:19:34.285714284,16,4.228070175438597,Chicago3_mdw,"9801 (Cook, IL)",8.288619662363455,70,79.79949874686717,10,118.95064864787071,149,3.0,78.41999999999999,0,1,0
1735640189183565643,"1 (Tract 8, Champaign, IL)","8 (Champaign, IL)","Champaign County, IL",Illinois,"1 (Tract 9801, Cook, IL)","9801 (Cook, IL)","Cook County, IL",Illinois,auto_passenger,region_departure,shop,1900-01-01 10:14:00,1900-01-01 12:22:34,128,129.6,unknown_vehicle_type,unknown_fuel_type,,,,office,office,transportation_utilities,transportation_utilities,13935265820742410425,,,,,,,,,,,,visitor,,,,,,,Visitor (no home location),Visitor (no home location),Visitor (no home location),Visitor (no home location),Visitor (no work/school location),Visitor (no work/school location),Visitor (no work/school location),Visitor (no work/school location),7.333333333333333,12.292226148409894,10,UIUC1,"3.01 (Champaign, IL)",1900-01-01 11:41:19.999999998,11,4.945945945945946,Chicago3_mdw,"9801 (Cook, IL)",8.590127485976542,70,82.27927927927928,10,120.88235363438643,128,3.0,77.75999999999999,0,1,0
2273471868746037832,"1 (Tract 8, Champaign, IL)","8 (Champaign, IL)","Champaign County, IL",Illinois,"1 (Tract 9801, Cook, IL)","9801 (Cook, IL)","Cook County, IL",Illinois,private_auto,region_departure,shop,1900-01-01 14:07:00,1900-01-01 16:28:53,141,126.4,unknown_vehicle_type,unknown_fuel_type,,,,retail,retail,transportation_utilities,transportation_utilities,13054690280749725268,,,,,,,,,,,,visitor,,,,,,,Visitor (no home location),Visitor (no home location),Visitor (no home location),Visitor (no home location),Visitor (no work/school location),Visitor (no work/school location),Visitor (no work/school location),Visitor (no work/school location),6.981132075471698,12.144301620108008,14,UIUC1,"3.01 (Champaign, IL)",1900-01-01 15:33:58.867924530,15,5.063291139240507,Chicago3_mdw,"9801 (Cook, IL)",8.639412467160257,70,82.0444232147122,10,120.78371408726827,141,3.0,75.84,0,1,0
908986446416081075,"5 (Tract 12.01, Champaign, IL)","12.01 (Champaign, IL)","Champaign County, IL",Illinois,"1 (Tract 9801, Cook, IL)","9801 (Cook, IL)","Cook County, IL",Illinois,auto_passenger,region_departure,recreation,1900-01-01 22:43:00,1900-01-01 00:54:15,131,132.1,unknown_vehicle_type,unknown_fuel_type,,,,non_retail_attraction,non_retail_attraction,transportation_utilities,transportation_utilities,15922743720835232765,,,,,,,,,,,,visitor,,,,,,,Visitor (no home location),Visitor (no home location),Visitor (no home location),Visitor (no home location),Visitor (no work/school location),Visitor (no work/school location),Visitor (no work/school location),Visitor (no work/school location),6.9375,12.219842715231788,22,UIUC1,"3.01 (Champaign, IL)",1900-01-02 00:09:56.250000000,0,3.0,Chicago3_mdw,"9801 (Cook, IL)",7.7728301886792455,70,79.9375,10,119.99267290391104,131,3.0,79.25999999999999,0,1,0
3297680235307330155,"3 (Tract 12.03, Champaign, IL)","12.03 (Champaign, IL)","Champaign County, IL",Illinois,"1 (Tract 9801, Cook, IL)","9801 (Cook, IL)","Cook County, IL",Illinois,private_auto,region_departure,maintenance,1900-01-01 12:34:00,1900-01-01 14:54:28,140,131.4,unknown_vehicle_type,unknown_fuel_type,,,,office,office,transportation_utilities,transportation_utilities,7127475640588039894,,,,,,,,,,,,visitor,,,,,,,Visitor (no home location),Visitor (no home location),Visitor (no home location),Visitor (no home location),Visitor (no work/school location),Visitor (no work/school location),Visitor (no work/school location),Visitor (no work/school location),9.166666666666666,14.484656488549618,12,UIUC1,"3.01 (Champaign, IL)",1900-01-01 14:03:10.000000002,14,5.041322314049586,Chicago3_mdw,"9801 (Cook, IL)",8.63018556058007,70,84.20798898071625,10,123.11484204912969,140,3.0,78.84,0,1,0
10143644831440324447,"2 (Tract 59.02, Champaign, IL)","59.02 (Champaign, IL)","Champaign County, IL",Illinois,"1 (Tract 9801, Cook, IL)","9801 (Cook, IL)","Cook County, IL",Illinois,private_auto,region_departure,recreation,1900-01-01 12:36:00,1900-01-01 15:03:52,147,128.7,unknown_vehicle_type,unknown_fuel_type,,,,non_retail_attraction,non_retail_attraction,transportation_utilities,transportation_utilities,8576802796096663592,,,,,,,,,,,,visitor,,,,,,,Visitor (no home location),Visitor (no home location),Visitor (no home location),Visitor (no home location),Visitor (no work/school location),Visitor (no work/school location),Visitor (no work/school location),Visitor (no work/school location),2.218390804597701,6.181500311216234,12,UIUC1,"3.01 (Champaign, IL)",1900-01-01 13:58:13.103448276,13,5.015151515151516,Chicago3_mdw,"9801 (Cook, IL)",8.619193825042881,70,77.23354231974922,10,114.80069413625912,147,3.0,77.21999999999998,0,1,0
10423699659721444555,"1 (Tract 10, Champaign, IL)","10 (Champaign, IL)","Champaign County, IL",Illinois,"1 (Tract 9801, Cook, IL)","9801 (Cook, IL)","Cook County, IL",Illinois,auto_passenger,region_departure,lodging,1900-01-01 18:38:00,1900-01-01 20:49:07,131,132.0,unknown_vehicle_type,unknown_fuel_type,,,,non_retail_attraction,non_retail_attraction,transportation_utilities,transportation_utilities,2839461307206134015,,,,,,,,,,,,visitor,,,,,,,Visitor (no home location),Visitor (no home location),Visitor (no home location),Visitor (no home location),Visitor (no work/school location),Visitor (no work/school location),Visitor (no work/school location),Visitor (no work/school location),5.95,10.964381165919281,18,UIUC1,"3.01 (Champaign, IL)",1900-01-01 20:03:57.000000000,20,5.92,Chicago3_mdw,"9801 (Cook, IL)",8.999230188679245,70,81.87,10,119.96361135459853,131,3.0,79.2,0,1,0
11213538181624393386,"1 (Tract 57.01, Champaign, IL)","57.01 (Champaign, IL)","Champaign County, IL",Illinois,"1 (Tract 9801, Cook, IL)","9801 (Cook, IL)","Cook County, IL",Illinois,auto_passenger,region_departure,recreation,1900-01-01 20:15:00,1900-01-01 22:32:04,137,135.0,unknown_vehicle_type,unknown_fuel_type,,,,non_retail_attraction,non_retail_attraction,transportation_utilities,transportation_utilities,9912940637842924599,,,,,,,,,,,,visitor,,,,,,,Visitor (no home location),Visitor (no home location),Visitor (no home location),Visitor (no home location),Visitor (no work/school location),Visitor (no work/school location),Visitor (no work/school location),Visitor (no work/school location),6.4,11.411357664233577,20,UIUC1,"3.01 (Champaign, IL)",1900-01-01 21:41:24.000000000,21,4.333333333333333,Chicago3_mdw,"9801 (Cook, IL)",8.332830188679244,70,80.73333333333333,10,119.74418785291282,137,3.0,81.0,0,1,0
17819034600186156520,"3 (Tract 8, Champaign, IL)","8 (Champaign, IL)","Champaign County, IL",Illinois,"1 (Tract 9801, Cook, IL)","9801 (Cook, IL)","Cook County, IL",Illinois,private_auto,region_departure,shop,1900-01-01 19:26:00,1900-01-01 21:41:55,135,126.8,unknown_vehicle_type,unknown_fuel_type,,,,retail,retail,transportation_utilities,transportation_utilities,17096089326303376106,,,,,,,,,,,,visitor,,,,,,,Visitor (no home location),Visitor (no home location),Visitor (no home location),Visitor (no home location),Visitor (no work/school location),Visitor (no work/school location),Visitor (no work/school location),Visitor (no work/school location),6.630434782608695,11.997008757105547,19,UIUC1,"3.01 (Champaign, IL)",1900-01-01 20:52:37.826086956,20,5.92,Chicago3_mdw,"9801 (Cook, IL)",8.999230188679245,70,82.55043478260869,10,120.9962389457848,135,3.0,76.08,0,1,0
7708760298756364592,"1 (Tract 53, Champaign, IL)","53 (Champaign, IL)","Champaign County, IL",Illinois,"1 (Tract 9801, Cook, IL)","9801 (Cook, IL)","Cook County, IL",Illinois,auto_passenger,region_departure,maintenance,1900-01-01 16:48:00,1900-01-01 19:01:22,133,132.3,unknown_vehicle_type,unknown_fuel_type,,,,healthcare,healthcare,transportation_utilities,transportation_utilities,9246785021640206156,,,,,,,,,,,,visitor,,,,,,,Visitor (no home location),Visitor (no home location),Visitor (no home location),Visitor (no home location),Visitor (no work/school location),Visitor (no work/school location),Visitor (no work/school location),Visitor (no work/school location),3.6666666666666665,8.08516795865633,16,UIUC1,"3.01 (Champaign, IL)",1900-01-01 18:11:40.000000002,18,4.653846153846154,Chicago3_mdw,"9801 (Cook, IL)",8.46744557329463,70,78.32051282051283,10,116.55261353195095,133,3.0,79.38000000000001,0,1,0
3312110131529493805,"1 (Tract 8, Champaign, IL)","8 (Champaign, IL)","Champaign County, IL",Illinois,"1 (Tract 6116, Cook, IL)","6116 (Cook, IL)","Cook County, IL",Illinois,auto_passenger,lodging,eat,1900-01-01 21:48:16,1900-01-01 23:54:42,126,130.1,unknown_vehicle_type,unknown_fuel_type,,,,retail,retail,multi_family,multi_family,13021411755206184918,,,,,,,,,,,,visitor,,,,,,,Visitor (no home location),Visitor (no home location),Visitor (no home location),Visitor (no home location),Visitor (no work/school location),Visitor (no work/school location),Visitor (no work/school location),Visitor (no work/school location),6.090909090909091,11.770407966591712,21,UIUC1,"3.01 (Champaign, IL)",1900-01-01 23:14:21.454545454,23,10.0,Chicago3_mdw,"9801 (Cook, IL)",16.068,70,86.0909090909091,10,127.8384079665917,126,3.0,78.05999999999999,0,1,0
1500974770896040749,"3 (Tract 8, Champaign, IL)","8 (Champaign, IL)","Champaign County, IL",Illinois,"1 (Tract 9801, Cook, IL)","9801 (Cook, IL)","Cook County, IL",Illinois,private_auto,region_departure,shop,1900-01-01 18:26:00,1900-01-01 20:42:18,136,126.3,unknown_vehicle_type,unknown_fuel_type,,,,retail,retail,transportation_utilities,transportation_utilities,15023181594918742031,,,,,,,,,,,,visitor,,,,,,,Visitor (no home location),Visitor (no home location),Visitor (no home location),Visitor (no home location),Visitor (no work/school location),Visitor (no work/school location),Visitor (no work/school location),Visitor (no work/school location),7.183098591549296,12.229127556860599,18,UIUC1,"3.01 (Champaign, IL)",1900-01-01 19:53:10.985915490,19,5.05,Chicago3_mdw,"9801 (Cook, IL)",8.633830188679244,70,82.2330985915493,10,120.86295774553984,136,3.0,75.78,0,1,0
5340426983795505494,"3 (Tract 8, Champaign, IL)","8 (Champaign, IL)","Champaign County, IL",Illinois,"1 (Tract 9801, Cook, IL)","9801 (Cook, IL)","Cook County, IL",Illinois,private_auto,region_departure,maintenance,1900-01-01 12:03:00,1900-01-01 14:25:48,142,126.7,unknown_vehicle_type,unknown_fuel_type,,,,retail,retail,transportation_utilities,transportation_utilities,7428716898409698073,,,,,,,,,,,,visitor,,,,,,,Visitor (no home location),Visitor (no home location),Visitor (no home location),Visitor (no home location),Visitor (no work/school location),Visitor (no work/school location),Visitor (no work/school location),Visitor (no work/school location),7.551724137931035,12.383950286340928,12,UIUC1,"3.01 (Champaign, IL)",1900-01-01 13:30:33.103448273,13,5.015151515151516,Chicago3_mdw,"9801 (Cook, IL)",8.619193825042881,70,82.56687565308255,10,121.00314411138382,142,3.0,76.02,0,1,0
4275055005729616926,"5 (Tract 58, Champaign, IL)","58 (Champaign, IL)","Champaign County, IL",Illinois,"2 (Tract 6604, Cook, IL)","6604 (Cook, IL)","Cook County, IL",Illinois,private_auto,eat,lodging,1900-01-01 19:00:00,1900-01-01 21:19:19,139,143.6,unknown_vehicle_type,unknown_fuel_type,,,,non_retail_attraction,non_retail_attraction,retail,retail,11037526388413257852,,,,,,,,,,,,visitor,,,,,,,Visitor (no home location),Visitor (no home location),Visitor (no home location),Visitor (no home location),Visitor (no work/school location),Visitor (no work/school location),Visitor (no work/school location),Visitor (no work/school location),3.4166666666666665,7.5875301204819285,19,UIUC1,"3.01 (Champaign, IL)",1900-01-01 20:23:25.000000002,20,5.0,Chicago3_mdw,"9801 (Cook, IL)",11.088888888888889,70,78.41666666666667,10,118.67641900937082,139,3.0,86.16,0,1,0
2690523888817199610,"1 (Tract 8, Champaign, IL)","8 (Champaign, IL)","Champaign County, IL",Illinois,"1 (Tract 9801, Cook, IL)","9801 (Cook, IL)","Cook County, IL",Illinois,auto_passenger,region_departure,shop,1900-01-01 18:29:00,1900-01-01 20:36:01,127,130.5,unknown_vehicle_type,unknown_fuel_type,,,,retail,retail,transportation_utilities,transportation_utilities,5112118944602687495,,,,,,,,,,,,visitor,,,,,,,Visitor (no home location),Visitor (no home location),Visitor (no home location),Visitor (no home location),Visitor (no work/school location),Visitor (no work/school location),Visitor (no work/school location),Visitor (no work/school location),7.183098591549296,12.229127556860599,18,UIUC1,"3.01 (Champaign, IL)",1900-01-01 19:56:10.985915490,19,5.05,Chicago3_mdw,"9801 (Cook, IL)",8.633830188679244,70,82.2330985915493,10,120.86295774553984,127,3.0,78.3,0,1,0
1034730764541900479,"1 (Tract 3.02, Champaign, IL)","3.02 (Champaign, IL)","Champaign County, IL",Illinois,"1 (Tract 5705, Cook, IL)","5705 (Cook, IL)","Cook County, IL",Illinois,auto_passenger,eat,recreation,1900-01-01 16:05:00,1900-01-01 18:20:47,135,126.4,,unknown_fuel_type,,,,mixed_use,open_space,retail,retail,16324894146463169681,,,,,,,,,,,,visitor,,,,,,,Visitor (no home location),Visitor (no home location),Visitor (no home location),Visitor (no home location),Visitor (no work/school location),Visitor (no work/school location),Visitor (no work/school location),Visitor (no work/school location),1.206896551724138,5.181747500233623,16,UIUC1,"3.01 (Champaign, IL)",1900-01-01 17:26:12.413793102,17,8.0,Chicago3_mdw,"9801 (Cook, IL)",10.072631578947368,70,79.20689655172414,10,115.25437907918099,135,3.0,75.84,0,1,0
5920107378602175514,"3 (Tract 8, Champaign, IL)","8 (Champaign, IL)","Champaign County, IL",Illinois,"1 (Tract 9801, Cook, IL)","9801 (Cook, IL)","Cook County, IL",Illinois,auto_passenger,region_departure,eat,1900-01-01 21:14:00,1900-01-01 23:23:19,129,129.8,unknown_vehicle_type,unknown_fuel_type,,,,retail,retail,transportation_utilities,transportation_utilities,7752876974316507861,,,,,,,,,,,,visitor,,,,,,,Visitor (no home location),Visitor (no home location),Visitor (no home location),Visitor (no home location),Visitor (no work/school location),Visitor (no work/school location),Visitor (no work/school location),Visitor (no work/school location),6.090909090909091,11.770407966591712,21,UIUC1,"3.01 (Champaign, IL)",1900-01-01 22:40:05.454545454,22,3.333333333333333,Chicago3_mdw,"9801 (Cook, IL)",7.912830188679245,70,79.42424242424242,10,119.68323815527096,129,3.0,77.88000000000001,0,1,0
11824447551505744282,"3 (Tract 7, Champaign, IL)","7 (Champaign, IL)","Champaign County, IL",Illinois,"1 (Tract 9801, Cook, IL)","9801 (Cook, IL)","Cook County, IL",Illinois,auto_passenger,region_departure,maintenance,1900-01-01 20:43:00,1900-01-01 22:53:39,130,129.9,unknown_vehicle_type,unknown_fuel_type,,,,mixed_use,industrial,transportation_utilities,transportation_utilities,16745107971190214680,,,,,,,,,,,,visitor,,,,,,,Visitor (no home location),Visitor (no home location),Visitor (no home location),Visitor (no home location),Visitor (no work/school location),Visitor (no work/school location),Visitor (no work/school location),Visitor (no work/school location),4.0,8.8248,20,UIUC1,"3.01 (Champaign, IL)",1900-01-01 22:07:00.000000000,22,3.333333333333333,Chicago3_mdw,"9801 (Cook, IL)",7.912830188679245,70,77.33333333333333,10,116.73763018867925,130,3.0,77.94,0,1,0
11618290355053725302,"3 (Tract 8, Champaign, IL)","8 (Champaign, IL)","Champaign County, IL",Illinois,"1 (Tract 9801, Cook, IL)","9801 (Cook, IL)","Cook County, IL",Illinois,auto_passenger,region_departure,maintenance,1900-01-01 16:30:00,1900-01-01 18:37:23,127,130.0,unknown_vehicle_type,unknown_fuel_type,,,,retail,retail,transportation_utilities,transportation_utilities,9856313101154436732,,,,,,,,,,,,visitor,,,,,,,Visitor (no home location),Visitor (no home location),Visitor (no home location),Visitor (no home location),Visitor (no work/school location),Visitor (no work/school location),Visitor (no work/school location),Visitor (no work/school location),7.610169491525424,12.408497334850573,16,UIUC1,"3.01 (Champaign, IL)",1900-01-01 17:57:36.610169490,17,5.551724137931035,Chicago3_mdw,"9801 (Cook, IL)",8.844554326610279,70,83.16189362945646,10,121.25305166146086,127,3.0,78.0,0,1,0
7820528476755040543,"1 (Tract 5, Champaign, IL)","5 (Champaign, IL)","Champaign County, IL",Illinois,"1 (Tract 9801, Cook, IL)","9801 (Cook, IL)","Cook County, IL",Illinois,private_auto,region_departure,recreation,1900-01-01 20:59:00,1900-01-01 23:12:32,133,126.4,unknown_vehicle_type,unknown_fuel_type,,,,non_retail_attraction,non_retail_attraction,transportation_utilities,transportation_utilities,15085497939360493948,,,,,,,,,,,,visitor,,,,,,,Visitor (no home location),Visitor (no home location),Visitor (no home location),Visitor (no home location),Visitor (no work/school location),Visitor (no work/school location),Visitor (no work/school location),Visitor (no work/school location),2.230769230769231,6.726431273644389,20,UIUC1,"3.01 (Champaign, IL)",1900-01-01 22:21:13.846153848,22,3.333333333333333,Chicago3_mdw,"9801 (Cook, IL)",7.912830188679245,70,75.56410256410255,10,114.63926146232365,133,3.0,75.84,0,1,0
15550888935547815483,"3 (Tract 8, Champaign, IL)","8 (Champaign, IL)","Champaign County, IL",Illinois,"1 (Tract 9801, Cook, IL)","9801 (Cook, IL)","Cook County, IL",Illinois,auto_passenger,region_departure,shop,1900-01-01 14:07:00,1900-01-01 16:17:58,130,130.4,unknown_vehicle_type,unknown_fuel_type,,,,office,office,transportation_utilities,transportation_utilities,16265168265097038512,,,,,,,,,,,,visitor,,,,,,,Visitor (no home location),Visitor (no home location),Visitor (no home location),Visitor (no home location),Visitor (no work/school location),Visitor (no work/school location),Visitor (no work/school location),Visitor (no work/school location),6.981132075471698,12.144301620108008,14,UIUC1,"3.01 (Champaign, IL)",1900-01-01 15:33:58.867924530,15,5.063291139240507,Chicago3_mdw,"9801 (Cook, IL)",8.639412467160257,70,82.0444232147122,10,120.78371408726827,130,3.0,78.24,0,1,0
11195286868315825692,"5 (Tract 58, Champaign, IL)","58 (Champaign, IL)","Champaign County, IL",Illinois,"5 (Tract 6608, Cook, IL)","6608 (Cook, IL)","Cook County, IL",Illinois,auto_passenger,shop,social,1900-01-01 13:36:00,1900-01-01 15:52:43,136,129.6,unknown_vehicle_type,unknown_fuel_type,,,,single_family,single_family,retail,retail,11434053584512463626,,,,,,,,,,,,visitor,,,,,,,Visitor (no home location),Visitor (no home location),Visitor (no home location),Visitor (no home location),Visitor (no work/school location),Visitor (no work/school location),Visitor (no work/school location),Visitor (no work/school location),3.5121951219512195,7.627652071701441,13,UIUC1,"3.01 (Champaign, IL)",1900-01-01 14:59:30.731707319,14,7.538461538461538,Chicago3_mdw,"9801 (Cook, IL)",13.178153846153846,70,81.05065666041276,10,120.8058059178553,136,3.0,77.75999999999999,0,1,0
2959369400124112879,"3 (Tract 111, Champaign, IL)","111 (Champaign, IL)","Champaign County, IL",Illinois,"1 (Tract 9801, Cook, IL)","9801 (Cook, IL)","Cook County, IL",Illinois,private_auto,region_departure,recreation,1900-01-01 14:47:00,1900-01-01 17:06:50,139,126.9,unknown_vehicle_type,unknown_fuel_type,,,,mixed_use,non_retail_attraction,transportation_utilities,transportation_utilities,7384324455055681032,,,,,,,,,,,,visitor,,,,,,,Visitor (no home location),Visitor (no home location),Visitor (no home location),Visitor (no home location),Visitor (no work/school location),Visitor (no work/school location),Visitor (no work/school location),Visitor (no work/school location),2.88,7.065678431372549,14,UIUC1,"3.01 (Champaign, IL)",1900-01-01 16:09:52.800000000,16,4.228070175438597,Chicago3_mdw,"9801 (Cook, IL)",8.288619662363455,70,77.1080701754386,10,115.354298093736,139,3.0,76.14,0,1,0
3201355171455308753,"1 (Tract 3.01, Champaign, IL)","3.01 (Champaign, IL)","Champaign County, IL",Illinois,"1 (Tract 9801, Cook, IL)","9801 (Cook, IL)","Cook County, IL",Illinois,private_auto,region_departure,shop,1900-01-01 19:51:00,1900-01-01 22:12:41,141,128.6,unknown_vehicle_type,unknown_fuel_type,,,,retail,retail,transportation_utilities,transportation_utilities,1725621149615390438,,,,,,,,,,,,visitor,,,,,,,Visitor (no home location),Visitor (no home location),Visitor (no home location),Visitor (no home location),Visitor (no work/school location),Visitor (no work/school location),Visitor (no work/school location),Visitor (no work/school location),0.903448275862069,4.956630556181604,19,UIUC1,"3.01 (Champaign, IL)",1900-01-01 21:11:54.206896554,21,4.333333333333333,Chicago3_mdw,"9801 (Cook, IL)",8.332830188679244,70,75.2367816091954,10,113.28946074486085,141,3.0,77.16,0,1,0
14643301802184897617,"1 (Tract 60, Champaign, IL)","60 (Champaign, IL)","Champaign County, IL",Illinois,"1 (Tract 9801, Cook, IL)","9801 (Cook, IL)","Cook County, IL",Illinois,private_auto,region_departure,social,1900-01-01 22:16:00,1900-01-01 00:31:05,135,127.7,unknown_vehicle_type,unknown_fuel_type,,,,single_family,single_family,transportation_utilities,transportation_utilities,2283463964320286262,,,,,,,,,,,,visitor,,,,,,,Visitor (no home location),Visitor (no home location),Visitor (no home location),Visitor (no home location),Visitor (no work/school location),Visitor (no work/school location),Visitor (no work/school location),Visitor (no work/school location),3.5,8.015086705202311,22,UIUC1,"3.01 (Champaign, IL)",1900-01-01 23:39:30.000000000,23,3.0,Chicago3_mdw,"9801 (Cook, IL)",7.7728301886792455,70,76.5,10,115.78791689388156,135,3.0,76.62,0,1,0
13362008731225557030,"1 (Tract 8, Champaign, IL)","8 (Champaign, IL)","Champaign County, IL",Illinois,"1 (Tract 9801, Cook, IL)","9801 (Cook, IL)","Cook County, IL",Illinois,auto_passenger,region_departure,lodging,1900-01-01 13:47:00,1900-01-01 15:57:14,130,129.6,unknown_vehicle_type,unknown_fuel_type,,,,non_retail_attraction,non_retail_attraction,transportation_utilities,transportation_utilities,18376539463378091923,,,,,,,,,,,,visitor,,,,,,,Visitor (no home location),Visitor (no home location),Visitor (no home location),Visitor (no home location),Visitor (no work/school location),Visitor (no work/school location),Visitor (no work/school location),Visitor (no work/school location),7.186440677966102,12.230531233155657,13,UIUC1,"3.01 (Champaign, IL)",1900-01-01 15:14:11.186440680,15,5.063291139240507,Chicago3_mdw,"9801 (Cook, IL)",8.639412467160257,70,82.24973181720661,10,120.86994370031591,130,3.0,77.75999999999999,0,1,0
14111694928661048947,"2 (Tract 11, Champaign, IL)","11 (Champaign, IL)","Champaign County, IL",Illinois,"1 (Tract 9801, Cook, IL)","9801 (Cook, IL)","Cook County, IL",Illinois,auto_passenger,region_departure,lodging,1900-01-01 20:23:00,1900-01-01 22:35:12,132,132.8,unknown_vehicle_type,unknown_fuel_type,,,,single_family,single_family,transportation_utilities,transportation_utilities,8045934125150822292,,,,,,,,,,,,visitor,,,,,,,Visitor (no home location),Visitor (no home location),Visitor (no home location),Visitor (no home location),Visitor (no work/school location),Visitor (no work/school location),Visitor (no work/school location),Visitor (no work/school location),4.833333333333334,9.483246753246753,20,UIUC1,"3.01 (Champaign, IL)",1900-01-01 21:47:49.999999998,21,4.333333333333333,Chicago3_mdw,"9801 (Cook, IL)",8.332830188679244,70,79.16666666666666,10,117.816076941926,132,3.0,79.68,0,1,0
17533361741499647459,"2 (Tract 110.02, Champaign, IL)","110.02 (Champaign, IL)","Champaign County, IL",Illinois,"1 (Tract 9801, Cook, IL)","9801 (Cook, IL)","Cook County, IL",Illinois,auto_passenger,region_departure,eat,1900-01-01 20:16:00,1900-01-01 22:27:06,131,132.0,unknown_vehicle_type,unknown_fuel_type,,,,retail,retail,transportation_utilities,transportation_utilities,5865514278382063207,,,,,,,,,,,,visitor,,,,,,,Visitor (no home location),Visitor (no home location),Visitor (no home location),Visitor (no home location),Visitor (no work/school location),Visitor (no work/school location),Visitor (no work/school location),Visitor (no work/school location),2.125,6.321564039408868,20,UIUC1,"3.01 (Champaign, IL)",1900-01-01 21:38:07.500000000,21,4.333333333333333,Chicago3_mdw,"9801 (Cook, IL)",8.332830188679244,70,76.45833333333333,10,114.65439422808811,131,3.0,79.2,0,1,0
10480063902441160937,"3 (Tract 8, Champaign, IL)","8 (Champaign, IL)","Champaign County, IL",Illinois,"1 (Tract 9801, Cook, IL)","9801 (Cook, IL)","Cook County, IL",Illinois,auto_passenger,region_departure,shop,1900-01-01 17:14:00,1900-01-01 19:21:15,127,130.4,unknown_vehicle_type,unknown_fuel_type,,,,office,office,transportation_utilities,transportation_utilities,1412350198364924926,,,,,,,,,,,,visitor,,,,,,,Visitor (no home location),Visitor (no home location),Visitor (no home location),Visitor (no home location),Visitor (no work/school location),Visitor (no work/school location),Visitor (no work/school location),Visitor (no work/school location),7.0,12.152226148409895,17,UIUC1,"3.01 (Champaign, IL)",1900-01-01 18:41:00.000000000,18,4.653846153846154,Chicago3_mdw,"9801 (Cook, IL)",8.46744557329463,70,81.65384615384616,10,120.61967172170452,127,3.0,78.24,0,1,0
9028399087634701102,"3 (Tract 8, Champaign, IL)","8 (Champaign, IL)","Champaign County, IL",Illinois,"1 (Tract 9801, Cook, IL)","9801 (Cook, IL)","Cook County, IL",Illinois,auto_passenger,region_departure,maintenance,1900-01-01 15:45:00,1900-01-01 17:53:40,128,130.3,unknown_vehicle_type,unknown_fuel_type,,,,retail,retail,transportation_utilities,transportation_utilities,1052127724970606065,,,,,,,,,,,,visitor,,,,,,,Visitor (no home location),Visitor (no home location),Visitor (no home location),Visitor (no home location),Visitor (no work/school location),Visitor (no work/school location),Visitor (no work/school location),Visitor (no work/school location),7.298701298701299,12.27768069386444,15,UIUC1,"3.01 (Champaign, IL)",1900-01-01 17:12:17.922077922,17,5.551724137931035,Chicago3_mdw,"9801 (Cook, IL)",8.844554326610279,70,82.85042543663234,10,121.12223502047472,128,3.0,78.18,0,1,0
5890106035626255821,"1 (Tract 110.02, Champaign, IL)","110.02 (Champaign, IL)","Champaign County, IL",Illinois,"1 (Tract 9801, Cook, IL)","9801 (Cook, IL)","Cook County, IL",Illinois,auto_passenger,region_departure,maintenance,1900-01-01 16:55:00,1900-01-01 19:06:02,131,131.8,unknown_vehicle_type,unknown_fuel_type,,,,civic_institutional,civic_institutional,transportation_utilities,transportation_utilities,9571481857752957389,,,,,,,,,,,,visitor,,,,,,,Visitor (no home location),Visitor (no home location),Visitor (no home location),Visitor (no home location),Visitor (no work/school location),Visitor (no work/school location),Visitor (no work/school location),Visitor (no work/school location),2.2222222222222223,6.362397372742201,16,UIUC1,"3.01 (Champaign, IL)",1900-01-01 18:17:13.333333332,18,4.653846153846154,Chicago3_mdw,"9801 (Cook, IL)",8.46744557329463,70,76.87606837606839,10,114.82984294603683,131,3.0,79.08,0,1,0
15075392395818080139,"1 (Tract 54.01, Champaign, IL)","54.01 (Champaign, IL)","Champaign County, IL",Illinois,"1 (Tract 9801, Cook, IL)","9801 (Cook, IL)","Cook County, IL",Illinois,auto_passenger,region_departure,shop,1900-01-01 14:08:00,1900-01-01 16:22:55,134,133.0,unknown_vehicle_type,unknown_fuel_type,,,,retail,retail,transportation_utilities,transportation_utilities,12050313647102105110,,,,,,,,,,,,visitor,,,,,,,Visitor (no home location),Visitor (no home location),Visitor (no home location),Visitor (no home location),Visitor (no work/school location),Visitor (no work/school location),Visitor (no work/school location),Visitor (no work/school location),5.363636363636363,10.200631464344038,14,UIUC1,"3.01 (Champaign, IL)",1900-01-01 15:33:21.818181816,15,5.063291139240507,Chicago3_mdw,"9801 (Cook, IL)",8.639412467160257,70,80.42692750287686,10,118.8400439315043,134,3.0,79.8,0,1,0
15283417875466619750,"1 (Tract 109.02, Champaign, IL)","109.02 (Champaign, IL)","Champaign County, IL",Illinois,"1 (Tract 9801, Cook, IL)","9801 (Cook, IL)","Cook County, IL",Illinois,auto_passenger,region_departure,shop,1900-01-01 16:09:00,1900-01-01 18:27:16,138,140.0,unknown_vehicle_type,unknown_fuel_type,,,,retail,retail,transportation_utilities,transportation_utilities,6746872034444359244,,,,,,,,,,,,visitor,,,,,,,Visitor (no home location),Visitor (no home location),Visitor (no home location),Visitor (no home location),Visitor (no work/school location),Visitor (no work/school location),Visitor (no work/school location),Visitor (no work/school location),9.0,16.213333333333335,16,UIUC1,"3.01 (Champaign, IL)",1900-01-01 17:38:00.000000000,17,5.551724137931035,Chicago3_mdw,"9801 (Cook, IL)",8.844554326610279,70,84.55172413793103,10,125.05788765994362,138,3.0,84.0,0,1,0
11588422110304097384,"3 (Tract 8, Champaign, IL)","8 (Champaign, IL)","Champaign County, IL",Illinois,"1 (Tract 9801, Cook, IL)","9801 (Cook, IL)","Cook County, IL",Illinois,private_auto,region_departure,shop,1900-01-01 19:35:00,1900-01-01 21:50:42,135,126.8,unknown_vehicle_type,unknown_fuel_type,,,,retail,retail,transportation_utilities,transportation_utilities,13350638443120406662,,,,,,,,,,,,visitor,,,,,,,Visitor (no home location),Visitor (no home location),Visitor (no home location),Visitor (no home location),Visitor (no work/school location),Visitor (no work/school location),Visitor (no work/school location),Visitor (no work/school location),6.630434782608695,11.997008757105547,19,UIUC1,"3.01 (Champaign, IL)",1900-01-01 21:01:37.826086956,21,4.333333333333333,Chicago3_mdw,"9801 (Cook, IL)",8.332830188679244,70,80.96376811594202,10,120.32983894578479,135,3.0,76.08,0,1,0
15283968750366401677,"1 (Tract 3.01, Champaign, IL)","3.01 (Champaign, IL)","Champaign County, IL",Illinois,"1 (Tract 9801, Cook, IL)","9801 (Cook, IL)","Cook County, IL",Illinois,auto_passenger,region_departure,eat,1900-01-01 17:53:00,1900-01-01 20:03:28,130,131.8,unknown_vehicle_type,unknown_fuel_type,,,,retail,retail,transportation_utilities,transportation_utilities,10989255344826515082,,,,,,,,,,,,visitor,,,,,,,Visitor (no home location),Visitor (no home location),Visitor (no home location),Visitor (no home location),Visitor (no work/school location),Visitor (no work/school location),Visitor (no work/school location),Visitor (no work/school location),0.8970588235294118,4.953946986201888,17,UIUC1,"3.01 (Champaign, IL)",1900-01-01 19:13:53.823529410,19,5.05,Chicago3_mdw,"9801 (Cook, IL)",8.633830188679244,70,75.9470588235294,10,113.58777717488113,130,3.0,79.08,0,1,0
9407928096137047242,"3 (Tract 8, Champaign, IL)","8 (Champaign, IL)","Champaign County, IL",Illinois,"1 (Tract 9801, Cook, IL)","9801 (Cook, IL)","Cook County, IL",Illinois,private_auto,region_departure,lodging,1900-01-01 19:16:00,1900-01-01 21:32:14,136,127.0,unknown_vehicle_type,unknown_fuel_type,,,,retail,retail,transportation_utilities,transportation_utilities,4067911745157418974,,,,,,,,,,,,visitor,,,,,,,Visitor (no home location),Visitor (no home location),Visitor (no home location),Visitor (no home location),Visitor (no work/school location),Visitor (no work/school location),Visitor (no work/school location),Visitor (no work/school location),6.630434782608695,11.997008757105547,19,UIUC1,"3.01 (Champaign, IL)",1900-01-01 20:42:37.826086956,20,5.92,Chicago3_mdw,"9801 (Cook, IL)",8.999230188679245,70,82.55043478260869,10,120.9962389457848,136,3.0,76.2,0,1,0
31497648410356680,"4 (Tract 12.01, Champaign, IL)","12.01 (Champaign, IL)","Champaign County, IL",Illinois,"1 (Tract 9801, Cook, IL)","9801 (Cook, IL)","Cook County, IL",Illinois,auto_passenger,region_departure,social,1900-01-01 19:37:00,1900-01-01 21:47:51,130,134.4,unknown_vehicle_type,unknown_fuel_type,,,,single_family,single_family,transportation_utilities,transportation_utilities,7009274695699217514,,,,,,,,,,,,visitor,,,,,,,Visitor (no home location),Visitor (no home location),Visitor (no home location),Visitor (no home location),Visitor (no work/school location),Visitor (no work/school location),Visitor (no work/school location),Visitor (no work/school location),6.833333333333333,12.176092715231789,19,UIUC1,"3.01 (Champaign, IL)",1900-01-01 21:03:49.999999998,21,4.333333333333333,Chicago3_mdw,"9801 (Cook, IL)",8.332830188679244,70,81.16666666666666,10,120.50892290391103,130,3.0,80.64,0,1,0
664709574325454703,"3 (Tract 13.02, Champaign, IL)","13.02 (Champaign, IL)","Champaign County, IL",Illinois,"1 (Tract 9801, Cook, IL)","9801 (Cook, IL)","Cook County, IL",Illinois,private_auto,region_departure,lodging,1900-01-01 15:26:00,1900-01-01 17:49:44,143,129.4,unknown_vehicle_type,unknown_fuel_type,,,,retail,retail,transportation_utilities,transportation_utilities,5450195029850969924,,,,,,,,,,,,visitor,,,,,,,Visitor (no home location),Visitor (no home location),Visitor (no home location),Visitor (no home location),Visitor (no work/school location),Visitor (no work/school location),Visitor (no work/school location),Visitor (no work/school location),7.684210526315789,13.2120513478819,15,UIUC1,"3.01 (Champaign, IL)",1900-01-01 16:53:41.052631578,16,4.228070175438597,Chicago3_mdw,"9801 (Cook, IL)",8.288619662363455,70,81.9122807017544,10,121.50067101024536,143,3.0,77.64,0,1,0
13607318631955214729,"1 (Tract 5, Champaign, IL)","5 (Champaign, IL)","Champaign County, IL",Illinois,"1 (Tract 9801, Cook, IL)","9801 (Cook, IL)","Cook County, IL",Illinois,auto_passenger,region_departure,social,1900-01-01 22:01:00,1900-01-01 00:12:21,131,132.2,unknown_vehicle_type,unknown_fuel_type,,,,single_family,single_family,transportation_utilities,transportation_utilities,4807306994569037992,,,,,,,,,,,,visitor,,,,,,,Visitor (no home location),Visitor (no home location),Visitor (no home location),Visitor (no home location),Visitor (no work/school location),Visitor (no work/school location),Visitor (no work/school location),Visitor (no work/school location),2.2,6.713508196721311,22,UIUC1,"3.01 (Champaign, IL)",1900-01-01 23:23:12.000000000,23,3.0,Chicago3_mdw,"9801 (Cook, IL)",7.7728301886792455,70,75.2,10,114.48633838540056,131,3.0,79.32,0,1,0
12274057835920639493,"1 (Tract 11, Champaign, IL)","11 (Champaign, IL)","Champaign County, IL",Illinois,"1 (Tract 9801, Cook, IL)","9801 (Cook, IL)","Cook County, IL",Illinois,auto_passenger,region_departure,social,1900-01-01 20:27:00,1900-01-01 22:38:24,131,134.7,unknown_vehicle_type,unknown_fuel_type,,,,single_family,single_family,transportation_utilities,transportation_utilities,10609130792322457243,,,,,,,,,,,,visitor,,,,,,,Visitor (no home location),Visitor (no home location),Visitor (no home location),Visitor (no home location),Visitor (no work/school location),Visitor (no work/school location),Visitor (no work/school location),Visitor (no work/school location),4.833333333333334,9.483246753246753,20,UIUC1,"3.01 (Champaign, IL)",1900-01-01 21:51:49.999999998,21,4.333333333333333,Chicago3_mdw,"9801 (Cook, IL)",8.332830188679244,70,79.16666666666666,10,117.816076941926,131,3.0,80.82,0,1,0
13546925898783829592,"1 (Tract 56.01, Champaign, IL)","56.01 (Champaign, IL)","Champaign County, IL",Illinois,"1 (Tract 9801, Cook, IL)","9801 (Cook, IL)","Cook County, IL",Illinois,private_auto,region_departure,social,1900-01-01 22:59:00,1900-01-01 01:15:27,136,134.7,unknown_vehicle_type,unknown_fuel_type,,,,single_family,single_family,transportation_utilities,transportation_utilities,18445762919049501154,,,,,,,,,,,,visitor,,,,,,,Visitor (no home location),Visitor (no home location),Visitor (no home location),Visitor (no home location),Visitor (no work/school location),Visitor (no work/school location),Visitor (no work/school location),Visitor (no work/school location),5.25,10.527028985507247,22,UIUC1,"3.01 (Champaign, IL)",1900-01-02 00:24:15.000000000,0,3.0,Chicago3_mdw,"9801 (Cook, IL)",7.7728301886792455,70,78.25,10,118.2998591741865,136,3.0,80.82,0,1,0
2316787513703133956,"2 (Tract 11, Champaign, IL)","11 (Champaign, IL)","Champaign County, IL",Illinois,"1 (Tract 9801, Cook, IL)","9801 (Cook, IL)","Cook County, IL",Illinois,auto_passenger,region_departure,social,1900-01-01 21:02:00,1900-01-01 23:13:57,131,134.8,unknown_vehicle_type,unknown_fuel_type,,,,single_family,single_family,transportation_utilities,transportation_utilities,12066405248514078823,,,,,,,,,,,,visitor,,,,,,,Visitor (no home location),Visitor (no home location),Visitor (no home location),Visitor (no home location),Visitor (no work/school location),Visitor (no work/school location),Visitor (no work/school location),Visitor (no work/school location),4.666666666666667,9.413246753246753,21,UIUC1,"3.01 (Champaign, IL)",1900-01-01 22:26:40.000000002,22,3.333333333333333,Chicago3_mdw,"9801 (Cook, IL)",7.912830188679245,70,78.0,10,117.326076941926,131,3.0,80.88000000000001,0,1,0
1121832714933980267,"2 (Tract 55, Champaign, IL)","55 (Champaign, IL)","Champaign County, IL",Illinois,"1 (Tract 9801, Cook, IL)","9801 (Cook, IL)","Cook County, IL",Illinois,private_auto,region_departure,shop,1900-01-01 19:31:00,1900-01-01 21:58:17,147,132.5,unknown_vehicle_type,unknown_fuel_type,,,,office,office,transportation_utilities,transportation_utilities,11701335096348039839,,,,,,,,,,,,visitor,,,,,,,Visitor (no home location),Visitor (no home location),Visitor (no home location),Visitor (no home location),Visitor (no work/school location),Visitor (no work/school location),Visitor (no work/school location),Visitor (no work/school location),5.583333333333333,10.36457894736842,19,UIUC1,"3.01 (Champaign, IL)",1900-01-01 20:56:34.999999998,20,5.92,Chicago3_mdw,"9801 (Cook, IL)",8.999230188679245,70,81.50333333333333,10,119.36380913604766,147,3.0,79.5,0,1,0
8420255172564539275,"5 (Tract 12.01, Champaign, IL)","12.01 (Champaign, IL)","Champaign County, IL",Illinois,"1 (Tract 9801, Cook, IL)","9801 (Cook, IL)","Cook County, IL",Illinois,auto_passenger,region_departure,recreation,1900-01-01 22:43:00,1900-01-01 00:54:15,131,132.1,unknown_vehicle_type,unknown_fuel_type,,,,non_retail_attraction,non_retail_attraction,transportation_utilities,transportation_utilities,2171679572302847588,,,,,,,,,,,,visitor,,,,,,,Visitor (no home location),Visitor (no home location),Visitor (no home location),Visitor (no home location),Visitor (no work/school location),Visitor (no work/school location),Visitor (no work/school location),Visitor (no work/school location),6.9375,12.219842715231788,22,UIUC1,"3.01 (Champaign, IL)",1900-01-02 00:09:56.250000000,0,3.0,Chicago3_mdw,"9801 (Cook, IL)",7.7728301886792455,70,79.9375,10,119.99267290391104,131,3.0,79.25999999999999,0,1,0
14960565905934278184,"1 (Tract 8, Champaign, IL)","8 (Champaign, IL)","Champaign County, IL",Illinois,"1 (Tract 9801, Cook, IL)","9801 (Cook, IL)","Cook County, IL",Illinois,private_auto,region_departure,shop,1900-01-01 20:05:00,1900-01-01 22:21:33,136,127.1,unknown_vehicle_type,unknown_fuel_type,,,,retail,retail,transportation_utilities,transportation_utilities,9181096340071028347,,,,,,,,,,,,visitor,,,,,,,Visitor (no home location),Visitor (no home location),Visitor (no home location),Visitor (no home location),Visitor (no work/school location),Visitor (no work/school location),Visitor (no work/school location),Visitor (no work/school location),6.67741935483871,12.016742277442152,20,UIUC1,"3.01 (Champaign, IL)",1900-01-01 21:31:40.645161288,21,4.333333333333333,Chicago3_mdw,"9801 (Cook, IL)",8.332830188679244,70,81.01075268817203,10,120.34957246612139,136,3.0,76.25999999999999,0,1,0
8462544628490265616,"3 (Tract 7, Champaign, IL)","7 (Champaign, IL)","Champaign County, IL",Illinois,"1 (Tract 9801, Cook, IL)","9801 (Cook, IL)","Cook County, IL",Illinois,private_auto,region_departure,lodging,1900-01-01 13:26:00,1900-01-01 15:41:48,135,125.1,unknown_vehicle_type,unknown_fuel_type,,,,mixed_use,open_space,transportation_utilities,transportation_utilities,7796244552285470732,,,,,,,,,,,,visitor,,,,,,,Visitor (no home location),Visitor (no home location),Visitor (no home location),Visitor (no home location),Visitor (no work/school location),Visitor (no work/school location),Visitor (no work/school location),Visitor (no work/school location),4.222222222222222,8.918133333333333,13,UIUC1,"3.01 (Champaign, IL)",1900-01-01 14:50:13.333333332,14,5.041322314049586,Chicago3_mdw,"9801 (Cook, IL)",8.63018556058007,70,79.26354453627181,10,117.5483188939134,135,3.0,75.05999999999999,0,1,0
15509592637806091004,"5 (Tract 10, Champaign, IL)","10 (Champaign, IL)","Champaign County, IL",Illinois,"1 (Tract 9801, Cook, IL)","9801 (Cook, IL)","Cook County, IL",Illinois,auto_passenger,region_departure,shop,1900-01-01 19:48:00,1900-01-01 21:56:30,128,133.2,unknown_vehicle_type,unknown_fuel_type,,,,retail,retail,transportation_utilities,transportation_utilities,685451464522134646,,,,,,,,,,,,visitor,,,,,,,Visitor (no home location),Visitor (no home location),Visitor (no home location),Visitor (no home location),Visitor (no work/school location),Visitor (no work/school location),Visitor (no work/school location),Visitor (no work/school location),6.0,10.985381165919282,19,UIUC1,"3.01 (Champaign, IL)",1900-01-01 21:14:00.000000000,21,4.333333333333333,Chicago3_mdw,"9801 (Cook, IL)",8.332830188679244,70,80.33333333333333,10,119.31821135459852,128,3.0,79.91999999999999,0,1,0
2173436219674728473,"3 (Tract 8, Champaign, IL)","8 (Champaign, IL)","Champaign County, IL",Illinois,"1 (Tract 9801, Cook, IL)","9801 (Cook, IL)","Cook County, IL",Illinois,auto_passenger,region_departure,eat,1900-01-01 20:59:00,1900-01-01 23:05:56,126,130.3,unknown_vehicle_type,unknown_fuel_type,,,,retail,retail,transportation_utilities,transportation_utilities,18389513402727604271,,,,,,,,,,,,visitor,,,,,,,Visitor (no home location),Visitor (no home location),Visitor (no home location),Visitor (no home location),Visitor (no work/school location),Visitor (no work/school location),Visitor (no work/school location),Visitor (no work/school location),6.67741935483871,12.016742277442152,20,UIUC1,"3.01 (Champaign, IL)",1900-01-01 22:25:40.645161288,22,3.333333333333333,Chicago3_mdw,"9801 (Cook, IL)",7.912830188679245,70,80.01075268817203,10,119.9295724661214,126,3.0,78.18,0,1,0
17212146622984751027,"3 (Tract 8, Champaign, IL)","8 (Champaign, IL)","Champaign County, IL",Illinois,"1 (Tract 9801, Cook, IL)","9801 (Cook, IL)","Cook County, IL",Illinois,auto_passenger,region_departure,shop,1900-01-01 20:33:00,1900-01-01 22:41:06,128,128.3,unknown_vehicle_type,unknown_fuel_type,,,,retail,retail,transportation_utilities,transportation_utilities,235951206189168829,,,,,,,,,,,,visitor,,,,,,,Visitor (no home location),Visitor (no home location),Visitor (no home location),Visitor (no home location),Visitor (no work/school location),Visitor (no work/school location),Visitor (no work/school location),Visitor (no work/school location),6.67741935483871,12.016742277442152,20,UIUC1,"3.01 (Champaign, IL)",1900-01-01 21:59:40.645161288,21,4.333333333333333,Chicago3_mdw,"9801 (Cook, IL)",8.332830188679244,70,81.01075268817203,10,120.34957246612139,128,3.0,76.98,0,1,0
14128712254325383200,"2 (Tract 56.01, Champaign, IL)","56.01 (Champaign, IL)","Champaign County, IL",Illinois,"1 (Tract 9801, Cook, IL)","9801 (Cook, IL)","Cook County, IL",Illinois,auto_passenger,region_departure,social,1900-01-01 21:03:00,1900-01-01 23:18:56,135,134.4,unknown_vehicle_type,unknown_fuel_type,,,,single_family,single_family,transportation_utilities,transportation_utilities,1678733940145538126,,,,,,,,,,,,visitor,,,,,,,Visitor (no home location),Visitor (no home location),Visitor (no home location),Visitor (no home location),Visitor (no work/school location),Visitor (no work/school location),Visitor (no work/school location),Visitor (no work/school location),5.25,10.527028985507247,21,UIUC1,"3.01 (Champaign, IL)",1900-01-01 22:28:15.000000000,22,3.333333333333333,Chicago3_mdw,"9801 (Cook, IL)",7.912830188679245,70,78.58333333333333,10,118.4398591741865,135,3.0,80.64,0,1,0
5679777886294105882,"2 (Tract 60, Champaign, IL)","60 (Champaign, IL)","Champaign County, IL",Illinois,"1 (Tract 9801, Cook, IL)","9801 (Cook, IL)","Cook County, IL",Illinois,auto_passenger,region_departure,social,1900-01-01 14:31:00,1900-01-01 16:51:01,140,134.2,unknown_vehicle_type,unknown_fuel_type,,,,single_family,single_family,transportation_utilities,transportation_utilities,6796652673118896645,,,,,,,,,,,,visitor,,,,,,,Visitor (no home location),Visitor (no home location),Visitor (no home location),Visitor (no home location),Visitor (no work/school location),Visitor (no work/school location),Visitor (no work/school location),Visitor (no work/school location),4.0,8.225086705202312,14,UIUC1,"3.01 (Champaign, IL)",1900-01-01 15:55:00.000000000,15,5.063291139240507,Chicago3_mdw,"9801 (Cook, IL)",8.639412467160257,70,79.0632911392405,10,116.86449917236257,140,3.0,80.52,0,1,0
16835698157311399387,"1 (Tract 10, Champaign, IL)","10 (Champaign, IL)","Champaign County, IL",Illinois,"1 (Tract 9801, Cook, IL)","9801 (Cook, IL)","Cook County, IL",Illinois,auto_passenger,region_departure,social,1900-01-01 21:21:00,1900-01-01 23:32:13,131,132.1,unknown_vehicle_type,unknown_fuel_type,,,,single_family,single_family,transportation_utilities,transportation_utilities,15369689380076092018,,,,,,,,,,,,visitor,,,,,,,Visitor (no home location),Visitor (no home location),Visitor (no home location),Visitor (no home location),Visitor (no work/school location),Visitor (no work/school location),Visitor (no work/school location),Visitor (no work/school location),6.153846153846154,11.049996550534667,21,UIUC1,"3.01 (Champaign, IL)",1900-01-01 22:47:09.230769228,22,3.333333333333333,Chicago3_mdw,"9801 (Cook, IL)",7.912830188679245,70,79.48717948717949,10,118.96282673921392,131,3.0,79.25999999999999,0,1,0
2751064454113200139,"1 (Tract 9.02, Champaign, IL)","9.02 (Champaign, IL)","Champaign County, IL",Illinois,"1 (Tract 9801, Cook, IL)","9801 (Cook, IL)","Cook County, IL",Illinois,auto_passenger,region_departure,maintenance,1900-01-01 21:05:00,1900-01-01 23:12:29,127,131.0,unknown_vehicle_type,unknown_fuel_type,,,,retail,retail,transportation_utilities,transportation_utilities,9655808838093518966,,,,,,,,,,,,visitor,,,,,,,Visitor (no home location),Visitor (no home location),Visitor (no home location),Visitor (no home location),Visitor (no work/school location),Visitor (no work/school location),Visitor (no work/school location),Visitor (no work/school location),10.0,15.71774919614148,21,UIUC1,"3.01 (Champaign, IL)",1900-01-01 22:35:00.000000000,22,3.333333333333333,Chicago3_mdw,"9801 (Cook, IL)",7.912830188679245,70,83.33333333333333,10,123.63057938482073,127,3.0,78.6,0,1,0
11501401223270606609,"1 (Tract 4.02, Champaign, IL)","4.02 (Champaign, IL)","Champaign County, IL",Illinois,"1 (Tract 9801, Cook, IL)","9801 (Cook, IL)","Cook County, IL",Illinois,auto_passenger,region_departure,social,1900-01-01 22:02:00,1900-01-01 00:13:07,131,131.9,unknown_vehicle_type,unknown_fuel_type,,,,multi_family,multi_family,transportation_utilities,transportation_utilities,7857675491701893081,,,,,,,,,,,,visitor,,,,,,,Visitor (no home location),Visitor (no home location),Visitor (no home location),Visitor (no home location),Visitor (no work/school location),Visitor (no work/school location),Visitor (no work/school location),Visitor (no work/school location),1.0,5.3983055198973044,22,UIUC1,"3.01 (Champaign, IL)",1900-01-01 23:23:00.000000000,23,3.0,Chicago3_mdw,"9801 (Cook, IL)",7.7728301886792455,70,74.0,10,113.17113570857656,131,3.0,79.14,0,1,0
2149174834686352040,"3 (Tract 8, Champaign, IL)","8 (Champaign, IL)","Champaign County, IL",Illinois,"1 (Tract 9801, Cook, IL)","9801 (Cook, IL)","Cook County, IL",Illinois,private_auto,region_departure,maintenance,1900-01-01 17:16:00,1900-01-01 19:34:16,138,126.5,unknown_vehicle_type,unknown_fuel_type,,,,retail,retail,transportation_utilities,transportation_utilities,11783119337962504294,,,,,,,,,,,,visitor,,,,,,,Visitor (no home location),Visitor (no home location),Visitor (no home location),Visitor (no home location),Visitor (no work/school location),Visitor (no work/school location),Visitor (no work/school location),Visitor (no work/school location),7.0,12.152226148409895,17,UIUC1,"3.01 (Champaign, IL)",1900-01-01 18:43:00.000000000,18,4.653846153846154,Chicago3_mdw,"9801 (Cook, IL)",8.46744557329463,70,81.65384615384616,10,120.61967172170452,138,3.0,75.89999999999999,0,1,0
605003366529086998,"5 (Tract 10, Champaign, IL)","10 (Champaign, IL)","Champaign County, IL",Illinois,"1 (Tract 9801, Cook, IL)","9801 (Cook, IL)","Cook County, IL",Illinois,auto_passenger,region_departure,eat,1900-01-01 12:50:00,1900-01-01 15:03:46,133,133.4,unknown_vehicle_type,unknown_fuel_type,,,,retail,retail,transportation_utilities,transportation_utilities,4046569121169212891,,,,,,,,,,,,visitor,,,,,,,Visitor (no home location),Visitor (no home location),Visitor (no home location),Visitor (no home location),Visitor (no work/school location),Visitor (no work/school location),Visitor (no work/school location),Visitor (no work/school location),6.384615384615385,11.146919627457743,12,UIUC1,"3.01 (Champaign, IL)",1900-01-01 14:16:23.076923076,14,5.041322314049586,Chicago3_mdw,"9801 (Cook, IL)",8.63018556058007,70,81.42593769866497,10,119.77710518803782,133,3.0,80.04,0,1,0
6253968339701599850,"2 (Tract 110.02, Champaign, IL)","110.02 (Champaign, IL)","Champaign County, IL",Illinois,"1 (Tract 9801, Cook, IL)","9801 (Cook, IL)","Cook County, IL",Illinois,private_auto,region_departure,shop,1900-01-01 18:07:00,1900-01-01 20:21:22,134,131.4,unknown_vehicle_type,unknown_fuel_type,,,,retail,retail,transportation_utilities,transportation_utilities,11960245408950670830,,,,,,,,,,,,visitor,,,,,,,Visitor (no home location),Visitor (no home location),Visitor (no home location),Visitor (no home location),Visitor (no work/school location),Visitor (no work/school location),Visitor (no work/school location),Visitor (no work/school location),2.032258064516129,6.282612426505642,18,UIUC1,"3.01 (Champaign, IL)",1900-01-01 19:29:01.935483870,19,5.05,Chicago3_mdw,"9801 (Cook, IL)",8.633830188679244,70,77.08225806451613,10,114.91644261518488,134,3.0,78.84,0,1,0
16708885235795701126,"5 (Tract 10, Champaign, IL)","10 (Champaign, IL)","Champaign County, IL",Illinois,"1 (Tract 9801, Cook, IL)","9801 (Cook, IL)","Cook County, IL",Illinois,auto_passenger,region_departure,maintenance,1900-01-01 17:23:00,1900-01-01 19:31:55,128,133.3,unknown_vehicle_type,unknown_fuel_type,,,,mixed_use,civic_institutional,transportation_utilities,transportation_utilities,10355414129390016356,,,,,,,,,,,,visitor,,,,,,,Visitor (no home location),Visitor (no home location),Visitor (no home location),Visitor (no home location),Visitor (no work/school location),Visitor (no work/school location),Visitor (no work/school location),Visitor (no work/school location),6.153846153846154,11.049996550534667,17,UIUC1,"3.01 (Champaign, IL)",1900-01-01 18:49:09.230769228,18,4.653846153846154,Chicago3_mdw,"9801 (Cook, IL)",8.46744557329463,70,80.80769230769232,10,119.5174421238293,128,3.0,79.98,0,1,0
5133214277281446026,"1 (Tract 14, Champaign, IL)","14 (Champaign, IL)","Champaign County, IL",Illinois,"1 (Tract 9801, Cook, IL)","9801 (Cook, IL)","Cook County, IL",Illinois,auto_passenger,region_departure,social,1900-01-01 21:42:00,1900-01-01 23:59:58,137,135.4,unknown_vehicle_type,unknown_fuel_type,,,,single_family,single_family,transportation_utilities,transportation_utilities,15864616091022189729,,,,,,,,,,,,visitor,,,,,,,Visitor (no home location),Visitor (no home location),Visitor (no home location),Visitor (no home location),Visitor (no work/school location),Visitor (no work/school location),Visitor (no work/school location),Visitor (no work/school location),2.7142857142857144,7.316653796653797,21,UIUC1,"3.01 (Champaign, IL)",1900-01-01 23:04:42.857142858,23,3.0,Chicago3_mdw,"9801 (Cook, IL)",7.7728301886792455,70,75.71428571428571,10,115.08948398533305,137,3.0,81.24,0,1,0
13024595373981002297,"1 (Tract 8, Champaign, IL)","8 (Champaign, IL)","Champaign County, IL",Illinois,"1 (Tract 9801, Cook, IL)","9801 (Cook, IL)","Cook County, IL",Illinois,auto_passenger,region_departure,shop,1900-01-01 17:19:00,1900-01-01 19:27:16,128,130.6,unknown_vehicle_type,unknown_fuel_type,,,,office,office,transportation_utilities,transportation_utilities,133388633729235247,,,,,,,,,,,,visitor,,,,,,,Visitor (no home location),Visitor (no home location),Visitor (no home location),Visitor (no home location),Visitor (no work/school location),Visitor (no work/school location),Visitor (no work/school location),Visitor (no work/school location),7.0,12.152226148409895,17,UIUC1,"3.01 (Champaign, IL)",1900-01-01 18:46:00.000000000,18,4.653846153846154,Chicago3_mdw,"9801 (Cook, IL)",8.46744557329463,70,81.65384615384616,10,120.61967172170452,128,3.0,78.36,0,1,0
16209097739020921923,"1 (Tract 8, Champaign, IL)","8 (Champaign, IL)","Champaign County, IL",Illinois,"1 (Tract 9801, Cook, IL)","9801 (Cook, IL)","Cook County, IL",Illinois,private_auto,region_departure,eat,1900-01-01 19:42:00,1900-01-01 21:58:06,136,126.6,unknown_vehicle_type,unknown_fuel_type,,,,retail,retail,transportation_utilities,transportation_utilities,15436903553310872195,,,,,,,,,,,,visitor,,,,,,,Visitor (no home location),Visitor (no home location),Visitor (no home location),Visitor (no home location),Visitor (no work/school location),Visitor (no work/school location),Visitor (no work/school location),Visitor (no work/school location),6.630434782608695,11.997008757105547,19,UIUC1,"3.01 (Champaign, IL)",1900-01-01 21:08:37.826086956,21,4.333333333333333,Chicago3_mdw,"9801 (Cook, IL)",8.332830188679244,70,80.96376811594202,10,120.32983894578479,136,3.0,75.96,0,1,0
9466839404439180021,"3 (Tract 8, Champaign, IL)","8 (Champaign, IL)","Champaign County, IL",Illinois,"1 (Tract 9801, Cook, IL)","9801 (Cook, IL)","Cook County, IL",Illinois,private_auto,region_departure,eat,1900-01-01 18:45:00,1900-01-01 21:02:06,137,127.0,unknown_vehicle_type,unknown_fuel_type,,,,retail,retail,transportation_utilities,transportation_utilities,17647357236634733925,,,,,,,,,,,,visitor,,,,,,,Visitor (no home location),Visitor (no home location),Visitor (no home location),Visitor (no home location),Visitor (no work/school location),Visitor (no work/school location),Visitor (no work/school location),Visitor (no work/school location),7.183098591549296,12.229127556860599,18,UIUC1,"3.01 (Champaign, IL)",1900-01-01 20:12:10.985915490,20,5.92,Chicago3_mdw,"9801 (Cook, IL)",8.999230188679245,70,83.1030985915493,10,121.22835774553985,137,3.0,76.2,0,1,0
14966935293556113671,"4 (Tract 5, Champaign, IL)","5 (Champaign, IL)","Champaign County, IL",Illinois,"1 (Tract 9801, Cook, IL)","9801 (Cook, IL)","Cook County, IL",Illinois,auto_passenger,region_departure,maintenance,1900-01-01 16:00:00,1900-01-01 18:16:29,136,132.9,unknown_vehicle_type,unknown_fuel_type,,,,single_family,single_family,transportation_utilities,transportation_utilities,14257064493639697060,,,,,,,,,,,,visitor,,,,,,,Visitor (no home location),Visitor (no home location),Visitor (no home location),Visitor (no home location),Visitor (no work/school location),Visitor (no work/school location),Visitor (no work/school location),Visitor (no work/school location),2.5806451612903225,6.873379164463247,16,UIUC1,"3.01 (Champaign, IL)",1900-01-01 17:22:34.838709678,17,5.551724137931035,Chicago3_mdw,"9801 (Cook, IL)",8.844554326610279,70,78.13236929922135,10,115.71793349107352,136,3.0,79.74,0,1,0
2912001741871675393,"3 (Tract 9.01, Champaign, IL)","9.01 (Champaign, IL)","Champaign County, IL",Illinois,"1 (Tract 9801, Cook, IL)","9801 (Cook, IL)","Cook County, IL",Illinois,auto_passenger,region_departure,social,1900-01-01 22:41:00,1900-01-01 00:51:11,130,129.9,unknown_vehicle_type,unknown_fuel_type,,,,single_family,single_family,transportation_utilities,transportation_utilities,5723086699377663221,,,,,,,,,,,,visitor,,,,,,,Visitor (no home location),Visitor (no home location),Visitor (no home location),Visitor (no home location),Visitor (no work/school location),Visitor (no work/school location),Visitor (no work/school location),Visitor (no work/school location),6.0,11.338571428571429,22,UIUC1,"3.01 (Champaign, IL)",1900-01-02 00:07:00.000000000,0,3.0,Chicago3_mdw,"9801 (Cook, IL)",7.7728301886792455,70,79.0,10,119.11140161725068,130,3.0,77.94,0,1,0
10286280868749062543,"5 (Tract 58, Champaign, IL)","58 (Champaign, IL)","Champaign County, IL",Illinois,"3 (Tract 6609, Cook, IL)","6609 (Cook, IL)","Cook County, IL",Illinois,auto_passenger,recreation,maintenance,1900-01-01 12:36:00,1900-01-01 14:53:11,137,129.4,unknown_vehicle_type,unknown_fuel_type,,,,single_family,single_family,open_space,open_space,7535132236988707142,,,,,,,,,,,,visitor,,,,,,,Visitor (no home location),Visitor (no home location),Visitor (no home location),Visitor (no home location),Visitor (no work/school location),Visitor (no work/school location),Visitor (no work/school location),Visitor (no work/school location),3.235294117647059,7.511353649893693,12,UIUC1,"3.01 (Champaign, IL)",1900-01-01 13:59:14.117647056,13,11.8125,Chicago3_mdw,"9801 (Cook, IL)",14.933182773109243,70,85.04779411764706,10,122.44453642300293,137,3.0,77.64,0,1,0
7480984462570904801,"2 (Tract 57.01, Champaign, IL)","57.01 (Champaign, IL)","Champaign County, IL",Illinois,"1 (Tract 9801, Cook, IL)","9801 (Cook, IL)","Cook County, IL",Illinois,auto_passenger,region_departure,social,1900-01-01 22:23:00,1900-01-01 00:40:09,137,135.2,unknown_vehicle_type,unknown_fuel_type,,,,single_family,single_family,transportation_utilities,transportation_utilities,15836669934586021831,,,,,,,,,,,,visitor,,,,,,,Visitor (no home location),Visitor (no home location),Visitor (no home location),Visitor (no home location),Visitor (no work/school location),Visitor (no work/school location),Visitor (no work/school location),Visitor (no work/school location),6.833333333333334,11.593357664233576,22,UIUC1,"3.01 (Champaign, IL)",1900-01-01 23:49:49.999999998,23,3.0,Chicago3_mdw,"9801 (Cook, IL)",7.7728301886792455,70,79.83333333333333,10,119.36618785291283,137,3.0,81.11999999999999,0,1,0
12021382282159371850,"1 (Tract 10, Champaign, IL)","10 (Champaign, IL)","Champaign County, IL",Illinois,"1 (Tract 9801, Cook, IL)","9801 (Cook, IL)","Cook County, IL",Illinois,auto_passenger,region_departure,shop,1900-01-01 18:28:00,1900-01-01 20:37:08,129,133.5,unknown_vehicle_type,unknown_fuel_type,,,,retail,retail,transportation_utilities,transportation_utilities,12305282286835131440,,,,,,,,,,,,visitor,,,,,,,Visitor (no home location),Visitor (no home location),Visitor (no home location),Visitor (no home location),Visitor (no work/school location),Visitor (no work/school location),Visitor (no work/school location),Visitor (no work/school location),5.95,10.964381165919281,18,UIUC1,"3.01 (Champaign, IL)",1900-01-01 19:53:57.000000000,19,5.05,Chicago3_mdw,"9801 (Cook, IL)",8.633830188679244,70,81.0,10,119.59821135459852,129,3.0,80.1,0,1,0
16414705821264257712,"3 (Tract 8, Champaign, IL)","8 (Champaign, IL)","Champaign County, IL",Illinois,"1 (Tract 9801, Cook, IL)","9801 (Cook, IL)","Cook County, IL",Illinois,private_auto,region_departure,shop,1900-01-01 19:12:00,1900-01-01 21:27:34,135,126.4,unknown_vehicle_type,unknown_fuel_type,,,,retail,retail,transportation_utilities,transportation_utilities,12711381034001232230,,,,,,,,,,,,visitor,,,,,,,Visitor (no home location),Visitor (no home location),Visitor (no home location),Visitor (no home location),Visitor (no work/school location),Visitor (no work/school location),Visitor (no work/school location),Visitor (no work/school location),6.630434782608695,11.997008757105547,19,UIUC1,"3.01 (Champaign, IL)",1900-01-01 20:38:37.826086956,20,5.92,Chicago3_mdw,"9801 (Cook, IL)",8.999230188679245,70,82.55043478260869,10,120.9962389457848,135,3.0,75.84,0,1,0
1231764018957622171,"3 (Tract 8, Champaign, IL)","8 (Champaign, IL)","Champaign County, IL",Illinois,"1 (Tract 9801, Cook, IL)","9801 (Cook, IL)","Cook County, IL",Illinois,auto_passenger,region_departure,maintenance,1900-01-01 18:44:00,1900-01-01 20:50:27,126,130.5,unknown_vehicle_type,unknown_fuel_type,,,,retail,retail,transportation_utilities,transportation_utilities,4643906752708436282,,,,,,,,,,,,visitor,,,,,,,Visitor (no home location),Visitor (no home location),Visitor (no home location),Visitor (no home location),Visitor (no work/school location),Visitor (no work/school location),Visitor (no work/school location),Visitor (no work/school location),7.183098591549296,12.229127556860599,18,UIUC1,"3.01 (Champaign, IL)",1900-01-01 20:11:10.985915490,20,5.92,Chicago3_mdw,"9801 (Cook, IL)",8.999230188679245,70,83.1030985915493,10,121.22835774553985,126,3.0,78.3,0,1,0
12871142453985312358,"1 (Tract 4.01, Champaign, IL)","4.01 (Champaign, IL)","Champaign County, IL",Illinois,"1 (Tract 9801, Cook, IL)","9801 (Cook, IL)","Cook County, IL",Illinois,auto_passenger,region_departure,social,1900-01-01 21:02:00,1900-01-01 23:14:10,132,132.3,unknown_vehicle_type,unknown_fuel_type,,,,education,education,transportation_utilities,transportation_utilities,15901862667919464391,,,,,,,,,,,,visitor,,,,,,,Visitor (no home location),Visitor (no home location),Visitor (no home location),Visitor (no home location),Visitor (no work/school location),Visitor (no work/school location),Visitor (no work/school location),Visitor (no work/school location),1.7428571428571429,5.434834138486313,21,UIUC1,"3.01 (Champaign, IL)",1900-01-01 22:23:44.571428574,22,3.333333333333333,Chicago3_mdw,"9801 (Cook, IL)",7.912830188679245,70,75.07619047619048,10,113.34766432716556,132,3.0,79.38000000000001,0,1,0
3184328071695974332,"2 (Tract 54.01, Champaign, IL)","54.01 (Champaign, IL)","Champaign County, IL",Illinois,"1 (Tract 9801, Cook, IL)","9801 (Cook, IL)","Cook County, IL",Illinois,private_auto,region_departure,shop,1900-01-01 18:40:00,1900-01-01 21:00:54,140,129.4,unknown_vehicle_type,unknown_fuel_type,,,,retail,retail,transportation_utilities,transportation_utilities,7404295548988986826,,,,,,,,,,,,visitor,,,,,,,Visitor (no home location),Visitor (no home location),Visitor (no home location),Visitor (no home location),Visitor (no work/school location),Visitor (no work/school location),Visitor (no work/school location),Visitor (no work/school location),5.428571428571429,10.227904191616766,18,UIUC1,"3.01 (Champaign, IL)",1900-01-01 20:05:25.714285716,20,5.92,Chicago3_mdw,"9801 (Cook, IL)",8.999230188679245,70,81.34857142857143,10,119.22713438029602,140,3.0,77.64,0,1,0
17944332362983397288,"1 (Tract 4.01, Champaign, IL)","4.01 (Champaign, IL)","Champaign County, IL",Illinois,"1 (Tract 9801, Cook, IL)","9801 (Cook, IL)","Cook County, IL",Illinois,auto_passenger,region_departure,maintenance,1900-01-01 15:33:00,1900-01-01 17:48:07,135,132.3,unknown_vehicle_type,unknown_fuel_type,,,,non_retail_attraction,non_retail_attraction,transportation_utilities,transportation_utilities,5640723659336997618,,,,,,,,,,,,visitor,,,,,,,Visitor (no home location),Visitor (no home location),Visitor (no home location),Visitor (no home location),Visitor (no work/school location),Visitor (no work/school location),Visitor (no work/school location),Visitor (no work/school location),1.1333333333333333,5.178834138486312,15,UIUC1,"3.01 (Champaign, IL)",1900-01-01 16:54:07.999999998,16,4.228070175438597,Chicago3_mdw,"9801 (Cook, IL)",8.288619662363455,70,75.36140350877194,10,113.46745380084977,135,3.0,79.38000000000001,0,1,0
5641859794003987128,"1 (Tract 14, Champaign, IL)","14 (Champaign, IL)","Champaign County, IL",Illinois,"1 (Tract 9801, Cook, IL)","9801 (Cook, IL)","Cook County, IL",Illinois,auto_passenger,region_departure,social,1900-01-01 21:42:00,1900-01-01 23:59:58,137,135.4,unknown_vehicle_type,unknown_fuel_type,,,,single_family,single_family,transportation_utilities,transportation_utilities,14120408078231216089,,,,,,,,,,,,visitor,,,,,,,Visitor (no home location),Visitor (no home location),Visitor (no home location),Visitor (no home location),Visitor (no work/school location),Visitor (no work/school location),Visitor (no work/school location),Visitor (no work/school location),2.7142857142857144,7.316653796653797,21,UIUC1,"3.01 (Champaign, IL)",1900-01-01 23:04:42.857142858,23,3.0,Chicago3_mdw,"9801 (Cook, IL)",7.7728301886792455,70,75.71428571428571,10,115.08948398533305,137,3.0,81.24,0,1,0
6698334627487826973,"2 (Tract 14, Champaign, IL)","14 (Champaign, IL)","Champaign County, IL",Illinois,"1 (Tract 9801, Cook, IL)","9801 (Cook, IL)","Cook County, IL",Illinois,auto_passenger,region_departure,lodging,1900-01-01 16:34:00,1900-01-01 18:48:45,134,132.5,unknown_vehicle_type,unknown_fuel_type,,,,education,education,transportation_utilities,transportation_utilities,7218711429785366288,,,,,,,,,,,,visitor,,,,,,,Visitor (no home location),Visitor (no home location),Visitor (no home location),Visitor (no home location),Visitor (no work/school location),Visitor (no work/school location),Visitor (no work/school location),Visitor (no work/school location),3.5338345864661656,7.660864322969586,16,UIUC1,"3.01 (Champaign, IL)",1900-01-01 17:57:32.030075190,17,5.551724137931035,Chicago3_mdw,"9801 (Cook, IL)",8.844554326610279,70,79.0855587243972,10,116.50541864957987,134,3.0,79.5,0,1,0
10769500521597193392,"4 (Tract 53, Champaign, IL)","53 (Champaign, IL)","Champaign County, IL",Illinois,"1 (Tract 9801, Cook, IL)","9801 (Cook, IL)","Cook County, IL",Illinois,auto_passenger,region_departure,lodging,1900-01-01 14:10:00,1900-01-01 16:23:51,133,131.6,unknown_vehicle_type,unknown_fuel_type,,,,retail,retail,transportation_utilities,transportation_utilities,12143790506490183095,,,,,,,,,,,,visitor,,,,,,,Visitor (no home location),Visitor (no home location),Visitor (no home location),Visitor (no home location),Visitor (no work/school location),Visitor (no work/school location),Visitor (no work/school location),Visitor (no work/school location),4.166666666666667,8.29516795865633,14,UIUC1,"3.01 (Champaign, IL)",1900-01-01 15:34:10.000000002,15,5.063291139240507,Chicago3_mdw,"9801 (Cook, IL)",8.639412467160257,70,79.22995780590718,10,116.93458042581659,133,3.0,78.96,0,1,0
11797131440187389626,"3 (Tract 8, Champaign, IL)","8 (Champaign, IL)","Champaign County, IL",Illinois,"1 (Tract 9801, Cook, IL)","9801 (Cook, IL)","Cook County, IL",Illinois,private_auto,region_departure,maintenance,1900-01-01 12:03:00,1900-01-01 14:18:08,135,124.8,unknown_vehicle_type,unknown_fuel_type,,,,retail,retail,transportation_utilities,transportation_utilities,18021377318598266378,,,,,,,,,,,,visitor,,,,,,,Visitor (no home location),Visitor (no home location),Visitor (no home location),Visitor (no home location),Visitor (no work/school location),Visitor (no work/school location),Visitor (no work/school location),Visitor (no work/school location),7.551724137931035,12.383950286340928,12,UIUC1,"3.01 (Champaign, IL)",1900-01-01 13:30:33.103448273,13,5.015151515151516,Chicago3_mdw,"9801 (Cook, IL)",8.619193825042881,70,82.56687565308255,10,121.00314411138382,135,3.0,74.88,0,1,0
4606623247388441597,"1 (Tract 11, Champaign, IL)","11 (Champaign, IL)","Champaign County, IL",Illinois,"1 (Tract 9801, Cook, IL)","9801 (Cook, IL)","Cook County, IL",Illinois,auto_passenger,region_departure,social,1900-01-01 20:27:00,1900-01-01 22:38:24,131,134.7,unknown_vehicle_type,unknown_fuel_type,,,,single_family,single_family,transportation_utilities,transportation_utilities,9958379606999494771,,,,,,,,,,,,visitor,,,,,,,Visitor (no home location),Visitor (no home location),Visitor (no home location),Visitor (no home location),Visitor (no work/school location),Visitor (no work/school location),Visitor (no work/school location),Visitor (no work/school location),4.833333333333334,9.483246753246753,20,UIUC1,"3.01 (Champaign, IL)",1900-01-01 21:51:49.999999998,21,4.333333333333333,Chicago3_mdw,"9801 (Cook, IL)",8.332830188679244,70,79.16666666666666,10,117.816076941926,131,3.0,80.82,0,1,0
6023551651465714419,"1 (Tract 8, Champaign, IL)","8 (Champaign, IL)","Champaign County, IL",Illinois,"1 (Tract 9801, Cook, IL)","9801 (Cook, IL)","Cook County, IL",Illinois,auto_passenger,region_departure,maintenance,1900-01-01 16:01:00,1900-01-01 18:10:04,129,130.0,unknown_vehicle_type,unknown_fuel_type,,,,retail,retail,transportation_utilities,transportation_utilities,5923118971009284814,,,,,,,,,,,,visitor,,,,,,,Visitor (no home location),Visitor (no home location),Visitor (no home location),Visitor (no home location),Visitor (no work/school location),Visitor (no work/school location),Visitor (no work/school location),Visitor (no work/school location),7.610169491525424,12.408497334850573,16,UIUC1,"3.01 (Champaign, IL)",1900-01-01 17:28:36.610169490,17,5.551724137931035,Chicago3_mdw,"9801 (Cook, IL)",8.844554326610279,70,83.16189362945646,10,121.25305166146086,129,3.0,78.0,0,1,0
13111920465178837127,"3 (Tract 8, Champaign, IL)","8 (Champaign, IL)","Champaign County, IL",Illinois,"1 (Tract 9801, Cook, IL)","9801 (Cook, IL)","Cook County, IL",Illinois,auto_passenger,region_departure,shop,1900-01-01 17:34:00,1900-01-01 19:42:53,128,130.3,unknown_vehicle_type,unknown_fuel_type,,,,retail,retail,transportation_utilities,transportation_utilities,12372396345681853031,,,,,,,,,,,,visitor,,,,,,,Visitor (no home location),Visitor (no home location),Visitor (no home location),Visitor (no home location),Visitor (no work/school location),Visitor (no work/school location),Visitor (no work/school location),Visitor (no work/school location),7.0,12.152226148409895,17,UIUC1,"3.01 (Champaign, IL)",1900-01-01 19:01:00.000000000,19,5.05,Chicago3_mdw,"9801 (Cook, IL)",8.633830188679244,70,82.05,10,120.78605633708914,128,3.0,78.18,0,1,0
2094271295235345773,"2 (Tract 12.01, Champaign, IL)","12.01 (Champaign, IL)","Champaign County, IL",Illinois,"1 (Tract 9801, Cook, IL)","9801 (Cook, IL)","Cook County, IL",Illinois,private_auto,region_departure,maintenance,1900-01-01 20:06:00,1900-01-01 22:26:41,140,131.0,unknown_vehicle_type,unknown_fuel_type,,,,mixed_use,civic_institutional,transportation_utilities,transportation_utilities,12339764524121456306,,,,,,,,,,,,visitor,,,,,,,Visitor (no home location),Visitor (no home location),Visitor (no home location),Visitor (no home location),Visitor (no work/school location),Visitor (no work/school location),Visitor (no work/school location),Visitor (no work/school location),7.25,12.351092715231788,20,UIUC1,"3.01 (Champaign, IL)",1900-01-01 21:33:15.000000000,21,4.333333333333333,Chicago3_mdw,"9801 (Cook, IL)",8.332830188679244,70,81.58333333333333,10,120.68392290391103,140,3.0,78.6,0,1,0
990863689986478794,"3 (Tract 8, Champaign, IL)","8 (Champaign, IL)","Champaign County, IL",Illinois,"1 (Tract 9801, Cook, IL)","9801 (Cook, IL)","Cook County, IL",Illinois,private_auto,region_departure,eat,1900-01-01 19:48:27,1900-01-01 22:03:40,135,126.4,unknown_vehicle_type,unknown_fuel_type,,,,retail,retail,transportation_utilities,transportation_utilities,3021253614678308256,,,,,,,,,,,,visitor,,,,,,,Visitor (no home location),Visitor (no home location),Visitor (no home location),Visitor (no home location),Visitor (no work/school location),Visitor (no work/school location),Visitor (no work/school location),Visitor (no work/school location),6.630434782608695,11.997008757105547,19,UIUC1,"3.01 (Champaign, IL)",1900-01-01 21:15:04.826086956,21,4.333333333333333,Chicago3_mdw,"9801 (Cook, IL)",8.332830188679244,70,80.96376811594202,10,120.32983894578479,135,3.0,75.84,0,1,0
15560203865495158583,"1 (Tract 58, Champaign, IL)","58 (Champaign, IL)","Champaign County, IL",Illinois,"1 (Tract 9801, Cook, IL)","9801 (Cook, IL)","Cook County, IL",Illinois,auto_passenger,region_departure,maintenance,1900-01-01 21:49:00,1900-01-01 00:01:47,132,132.9,unknown_vehicle_type,unknown_fuel_type,,,,retail,retail,transportation_utilities,transportation_utilities,16344257458133147608,,,,,,,,,,,,visitor,,,,,,,Visitor (no home location),Visitor (no home location),Visitor (no home location),Visitor (no home location),Visitor (no work/school location),Visitor (no work/school location),Visitor (no work/school location),Visitor (no work/school location),4.0,7.832530120481928,21,UIUC1,"3.01 (Champaign, IL)",1900-01-01 23:13:00.000000000,23,3.0,Chicago3_mdw,"9801 (Cook, IL)",7.7728301886792455,70,77.0,10,115.60536030916118,132,3.0,79.74,0,1,0
5777602510773468355,"4 (Tract 5, Champaign, IL)","5 (Champaign, IL)","Champaign County, IL",Illinois,"1 (Tract 9801, Cook, IL)","9801 (Cook, IL)","Cook County, IL",Illinois,private_auto,region_departure,maintenance,1900-01-01 10:19:00,1900-01-01 12:35:41,136,133.3,unknown_vehicle_type,unknown_fuel_type,,,,single_family,single_family,transportation_utilities,transportation_utilities,5324857267665088255,,,,,,,,,,,,visitor,,,,,,,Visitor (no home location),Visitor (no home location),Visitor (no home location),Visitor (no home location),Visitor (no work/school location),Visitor (no work/school location),Visitor (no work/school location),Visitor (no work/school location),2.5945945945945947,6.879237926451041,10,UIUC1,"3.01 (Champaign, IL)",1900-01-01 11:41:35.675675676,11,4.945945945945946,Chicago3_mdw,"9801 (Cook, IL)",8.590127485976542,70,77.54054054054055,10,115.46936541242758,136,3.0,79.98,0,1,0
2536874756743827579,"1 (Tract 56.01, Champaign, IL)","56.01 (Champaign, IL)","Champaign County, IL",Illinois,"1 (Tract 9801, Cook, IL)","9801 (Cook, IL)","Cook County, IL",Illinois,private_auto,region_departure,social,1900-01-01 21:08:00,1900-01-01 23:25:41,137,135.4,unknown_vehicle_type,unknown_fuel_type,,,,single_family,single_family,transportation_utilities,transportation_utilities,8599803628718946937,,,,,,,,,,,,visitor,,,,,,,Visitor (no home location),Visitor (no home location),Visitor (no home location),Visitor (no home location),Visitor (no work/school location),Visitor (no work/school location),Visitor (no work/school location),Visitor (no work/school location),5.25,10.527028985507247,21,UIUC1,"3.01 (Champaign, IL)",1900-01-01 22:33:15.000000000,22,3.333333333333333,Chicago3_mdw,"9801 (Cook, IL)",7.912830188679245,70,78.58333333333333,10,118.4398591741865,137,3.0,81.24,0,1,0
833078603789541156,"1 (Tract 59.01, Champaign, IL)","59.01 (Champaign, IL)","Champaign County, IL",Illinois,"1 (Tract 9801, Cook, IL)","9801 (Cook, IL)","Cook County, IL",Illinois,private_auto,region_departure,social,1900-01-01 15:49:00,1900-01-01 18:13:47,144,129.7,unknown_vehicle_type,unknown_fuel_type,,,,education,education,transportation_utilities,transportation_utilities,3892001577611086725,,,,,,,,,,,,visitor,,,,,,,Visitor (no home location),Visitor (no home location),Visitor (no home location),Visitor (no home location),Visitor (no work/school location),Visitor (no work/school location),Visitor (no work/school location),Visitor (no work/school location),2.6041666666666665,6.727464285714286,15,UIUC1,"3.01 (Champaign, IL)",1900-01-01 17:11:36.250000002,17,5.551724137931035,Chicago3_mdw,"9801 (Cook, IL)",8.844554326610279,70,78.1558908045977,10,115.57201861232457,144,3.0,77.82,0,1,0
3452956724552777330,"2 (Tract 59.02, Champaign, IL)","59.02 (Champaign, IL)","Champaign County, IL",Illinois,"1 (Tract 9801, Cook, IL)","9801 (Cook, IL)","Cook County, IL",Illinois,private_auto,region_departure,recreation,1900-01-01 19:48:00,1900-01-01 22:09:09,141,128.7,unknown_vehicle_type,unknown_fuel_type,,,,non_retail_attraction,non_retail_attraction,transportation_utilities,transportation_utilities,6788518059103177762,,,,,,,,,,,,visitor,,,,,,,Visitor (no home location),Visitor (no home location),Visitor (no home location),Visitor (no home location),Visitor (no work/school location),Visitor (no work/school location),Visitor (no work/school location),Visitor (no work/school location),1.898876404494382,6.0473042631728395,19,UIUC1,"3.01 (Champaign, IL)",1900-01-01 21:09:53.932584270,21,4.333333333333333,Chicago3_mdw,"9801 (Cook, IL)",8.332830188679244,70,76.23220973782772,10,114.38013445185207,141,3.0,77.21999999999998,0,1,0
11732718487267430889,"1 (Tract 8, Champaign, IL)","8 (Champaign, IL)","Champaign County, IL",Illinois,"1 (Tract 9801, Cook, IL)","9801 (Cook, IL)","Cook County, IL",Illinois,private_auto,region_departure,maintenance,1900-01-01 16:28:00,1900-01-01 18:47:36,139,125.9,unknown_vehicle_type,unknown_fuel_type,,,,office,office,transportation_utilities,transportation_utilities,6087169595934664142,,,,,,,,,,,,visitor,,,,,,,Visitor (no home location),Visitor (no home location),Visitor (no home location),Visitor (no home location),Visitor (no work/school location),Visitor (no work/school location),Visitor (no work/school location),Visitor (no work/school location),7.610169491525424,12.408497334850573,16,UIUC1,"3.01 (Champaign, IL)",1900-01-01 17:55:36.610169490,17,5.551724137931035,Chicago3_mdw,"9801 (Cook, IL)",8.844554326610279,70,83.16189362945646,10,121.25305166146086,139,3.0,75.54,0,1,0
7486260972162702863,"5 (Tract 10, Champaign, IL)","10 (Champaign, IL)","Champaign County, IL",Illinois,"1 (Tract 9801, Cook, IL)","9801 (Cook, IL)","Cook County, IL",Illinois,auto_passenger,region_departure,shop,1900-01-01 09:45:00,1900-01-01 11:55:34,130,133.2,unknown_vehicle_type,unknown_fuel_type,,,,retail,retail,transportation_utilities,transportation_utilities,3019672965724439979,,,,,,,,,,,,visitor,,,,,,,Visitor (no home location),Visitor (no home location),Visitor (no home location),Visitor (no home location),Visitor (no work/school location),Visitor (no work/school location),Visitor (no work/school location),Visitor (no work/school location),6.0,10.985381165919282,9,UIUC1,"3.01 (Champaign, IL)",1900-01-01 11:11:00.000000000,11,4.945945945945946,Chicago3_mdw,"9801 (Cook, IL)",8.590127485976542,70,80.94594594594595,10,119.57550865189582,130,3.0,79.91999999999999,0,1,0
9029034761545780615,"3 (Tract 55, Champaign, IL)","55 (Champaign, IL)","Champaign County, IL",Illinois,"1 (Tract 9801, Cook, IL)","9801 (Cook, IL)","Cook County, IL",Illinois,auto_passenger,region_departure,recreation,1900-01-01 20:14:00,1900-01-01 22:30:58,136,134.6,unknown_vehicle_type,unknown_fuel_type,,,,non_retail_attraction,non_retail_attraction,transportation_utilities,transportation_utilities,16494140712012302894,,,,,,,,,,,,visitor,,,,,,,Visitor (no home location),Visitor (no home location),Visitor (no home location),Visitor (no home location),Visitor (no work/school location),Visitor (no work/school location),Visitor (no work/school location),Visitor (no work/school location),8.333333333333334,11.51957894736842,20,UIUC1,"3.01 (Champaign, IL)",1900-01-01 21:42:19.999999998,21,4.333333333333333,Chicago3_mdw,"9801 (Cook, IL)",8.332830188679244,70,82.66666666666666,10,119.85240913604765,136,3.0,80.75999999999999,0,1,0
16684986340290476175,"2 (Tract 59.02, Champaign, IL)","59.02 (Champaign, IL)","Champaign County, IL",Illinois,"1 (Tract 9801, Cook, IL)","9801 (Cook, IL)","Cook County, IL",Illinois,auto_passenger,region_departure,shop,1900-01-01 18:28:00,1900-01-01 20:39:33,131,132.2,unknown_vehicle_type,unknown_fuel_type,,,,retail,retail,transportation_utilities,transportation_utilities,4036695176379211007,,,,,,,,,,,,visitor,,,,,,,Visitor (no home location),Visitor (no home location),Visitor (no home location),Visitor (no home location),Visitor (no work/school location),Visitor (no work/school location),Visitor (no work/school location),Visitor (no work/school location),1.9696969696969695,6.0770489005579265,18,UIUC1,"3.01 (Champaign, IL)",1900-01-01 19:49:58.181818182,19,5.05,Chicago3_mdw,"9801 (Cook, IL)",8.633830188679244,70,77.01969696969697,10,114.71087908923717,131,3.0,79.32,0,1,0
7881493039248012180,"3 (Tract 8, Champaign, IL)","8 (Champaign, IL)","Champaign County, IL",Illinois,"1 (Tract 9801, Cook, IL)","9801 (Cook, IL)","Cook County, IL",Illinois,auto_passenger,region_departure,lodging,1900-01-01 18:54:00,1900-01-01 21:00:01,126,130.0,unknown_vehicle_type,unknown_fuel_type,,,,retail,retail,transportation_utilities,transportation_utilities,3067647327948446408,,,,,,,,,,,,visitor,,,,,,,Visitor (no home location),Visitor (no home location),Visitor (no home location),Visitor (no home location),Visitor (no work/school location),Visitor (no work/school location),Visitor (no work/school location),Visitor (no work/school location),7.183098591549296,12.229127556860599,18,UIUC1,"3.01 (Champaign, IL)",1900-01-01 20:21:10.985915490,20,5.92,Chicago3_mdw,"9801 (Cook, IL)",8.999230188679245,70,83.1030985915493,10,121.22835774553985,126,3.0,78.0,0,1,0
8037968834918476289,"4 (Tract 12.01, Champaign, IL)","12.01 (Champaign, IL)","Champaign County, IL",Illinois,"1 (Tract 9801, Cook, IL)","9801 (Cook, IL)","Cook County, IL",Illinois,auto_passenger,region_departure,social,1900-01-01 14:45:00,1900-01-01 16:59:45,134,134.6,unknown_vehicle_type,unknown_fuel_type,,,,single_family,single_family,transportation_utilities,transportation_utilities,16581104687818913933,,,,,,,,,,,,visitor,,,,,,,Visitor (no home location),Visitor (no home location),Visitor (no home location),Visitor (no home location),Visitor (no work/school location),Visitor (no work/school location),Visitor (no work/school location),Visitor (no work/school location),7.388888888888889,12.409426048565122,14,UIUC1,"3.01 (Champaign, IL)",1900-01-01 16:12:23.333333334,16,4.228070175438597,Chicago3_mdw,"9801 (Cook, IL)",8.288619662363455,70,81.61695906432749,10,120.69804571092858,134,3.0,80.75999999999999,0,1,0
11101289621557288080,"3 (Tract 8, Champaign, IL)","8 (Champaign, IL)","Champaign County, IL",Illinois,"1 (Tract 9801, Cook, IL)","9801 (Cook, IL)","Cook County, IL",Illinois,auto_passenger,region_departure,shop,1900-01-01 18:10:00,1900-01-01 20:16:45,126,130.3,unknown_vehicle_type,unknown_fuel_type,,,,retail,retail,transportation_utilities,transportation_utilities,4980822540832461383,,,,,,,,,,,,visitor,,,,,,,Visitor (no home location),Visitor (no home location),Visitor (no home location),Visitor (no home location),Visitor (no work/school location),Visitor (no work/school location),Visitor (no work/school location),Visitor (no work/school location),7.183098591549296,12.229127556860599,18,UIUC1,"3.01 (Champaign, IL)",1900-01-01 19:37:10.985915490,19,5.05,Chicago3_mdw,"9801 (Cook, IL)",8.633830188679244,70,82.2330985915493,10,120.86295774553984,126,3.0,78.18,0,1,0
15621437363620513474,"1 (Tract 3.01, Champaign, IL)","3.01 (Champaign, IL)","Champaign County, IL",Illinois,"1 (Tract 9801, Cook, IL)","9801 (Cook, IL)","Cook County, IL",Illinois,auto_passenger,region_departure,social,1900-01-01 18:22:00,1900-01-01 20:32:24,130,131.8,unknown_vehicle_type,unknown_fuel_type,,,,multi_family,multi_family,transportation_utilities,transportation_utilities,16943407924377547588,,,,,,,,,,,,visitor,,,,,,,Visitor (no home location),Visitor (no home location),Visitor (no home location),Visitor (no home location),Visitor (no work/school location),Visitor (no work/school location),Visitor (no work/school location),Visitor (no work/school location),0.8979591836734694,4.9543251374623924,18,UIUC1,"3.01 (Champaign, IL)",1900-01-01 19:42:53.877551022,19,5.05,Chicago3_mdw,"9801 (Cook, IL)",8.633830188679244,70,75.94795918367346,10,113.58815532614163,130,3.0,79.08,0,1,0
10267379581607485334,"1 (Tract 8, Champaign, IL)","8 (Champaign, IL)","Champaign County, IL",Illinois,"1 (Tract 9801, Cook, IL)","9801 (Cook, IL)","Cook County, IL",Illinois,private_auto,region_departure,shop,1900-01-01 19:00:00,1900-01-01 21:16:10,136,126.7,unknown_vehicle_type,unknown_fuel_type,,,,retail,retail,transportation_utilities,transportation_utilities,10623006203587506611,,,,,,,,,,,,visitor,,,,,,,Visitor (no home location),Visitor (no home location),Visitor (no home location),Visitor (no home location),Visitor (no work/school location),Visitor (no work/school location),Visitor (no work/school location),Visitor (no work/school location),6.630434782608695,11.997008757105547,19,UIUC1,"3.01 (Champaign, IL)",1900-01-01 20:26:37.826086956,20,5.92,Chicago3_mdw,"9801 (Cook, IL)",8.999230188679245,70,82.55043478260869,10,120.9962389457848,136,3.0,76.02,0,1,0
10855913138217282191,"2 (Tract 14, Champaign, IL)","14 (Champaign, IL)","Champaign County, IL",Illinois,"1 (Tract 9801, Cook, IL)","9801 (Cook, IL)","Cook County, IL",Illinois,auto_passenger,region_departure,shop,1900-01-01 21:50:00,1900-01-01 00:04:10,134,133.1,unknown_vehicle_type,unknown_fuel_type,,,,retail,retail,transportation_utilities,transportation_utilities,16085593212766280032,,,,,,,,,,,,visitor,,,,,,,Visitor (no home location),Visitor (no home location),Visitor (no home location),Visitor (no home location),Visitor (no work/school location),Visitor (no work/school location),Visitor (no work/school location),Visitor (no work/school location),2.7142857142857144,7.316653796653797,21,UIUC1,"3.01 (Champaign, IL)",1900-01-01 23:12:42.857142858,23,3.0,Chicago3_mdw,"9801 (Cook, IL)",7.7728301886792455,70,75.71428571428571,10,115.08948398533305,134,3.0,79.86,0,1,0
403942151073906232,"1 (Tract 56.01, Champaign, IL)","56.01 (Champaign, IL)","Champaign County, IL",Illinois,"1 (Tract 9801, Cook, IL)","9801 (Cook, IL)","Cook County, IL",Illinois,private_auto,region_departure,maintenance,1900-01-01 16:18:00,1900-01-01 18:46:40,148,131.2,unknown_vehicle_type,unknown_fuel_type,,,,single_family,single_family,transportation_utilities,transportation_utilities,8895458005594583687,,,,,,,,,,,,visitor,,,,,,,Visitor (no home location),Visitor (no home location),Visitor (no home location),Visitor (no home location),Visitor (no work/school location),Visitor (no work/school location),Visitor (no work/school location),Visitor (no work/school location),6.0,10.842028985507246,16,UIUC1,"3.01 (Champaign, IL)",1900-01-01 17:44:00.000000000,17,5.551724137931035,Chicago3_mdw,"9801 (Cook, IL)",8.844554326610279,70,81.55172413793103,10,119.68658331211752,148,3.0,78.71999999999998,0,1,0
6700870208281066089,"4 (Tract 13.01, Champaign, IL)","13.01 (Champaign, IL)","Champaign County, IL",Illinois,"1 (Tract 9801, Cook, IL)","9801 (Cook, IL)","Cook County, IL",Illinois,auto_passenger,region_departure,shop,1900-01-01 19:15:00,1900-01-01 21:27:03,132,135.2,unknown_vehicle_type,unknown_fuel_type,,,,retail,retail,transportation_utilities,transportation_utilities,853382089770727917,,,,,,,,,,,,visitor,,,,,,,Visitor (no home location),Visitor (no home location),Visitor (no home location),Visitor (no home location),Visitor (no work/school location),Visitor (no work/school location),Visitor (no work/school location),Visitor (no work/school location),4.714285714285714,9.778039215686274,19,UIUC1,"3.01 (Champaign, IL)",1900-01-01 20:39:42.857142858,20,5.92,Chicago3_mdw,"9801 (Cook, IL)",8.999230188679245,70,80.63428571428571,10,118.77726940436553,132,3.0,81.11999999999999,0,1,0
4289700256957169248,"3 (Tract 8, Champaign, IL)","8 (Champaign, IL)","Champaign County, IL",Illinois,"1 (Tract 9801, Cook, IL)","9801 (Cook, IL)","Cook County, IL",Illinois,auto_passenger,region_departure,eat,1900-01-01 19:32:00,1900-01-01 21:37:53,125,130.0,unknown_vehicle_type,unknown_fuel_type,,,,retail,retail,transportation_utilities,transportation_utilities,11944933386770124851,,,,,,,,,,,,visitor,,,,,,,Visitor (no home location),Visitor (no home location),Visitor (no home location),Visitor (no home location),Visitor (no work/school location),Visitor (no work/school location),Visitor (no work/school location),Visitor (no work/school location),6.630434782608695,11.997008757105547,19,UIUC1,"3.01 (Champaign, IL)",1900-01-01 20:58:37.826086956,20,5.92,Chicago3_mdw,"9801 (Cook, IL)",8.999230188679245,70,82.55043478260869,10,120.9962389457848,125,3.0,78.0,0,1,0
7935419479980590672,"5 (Tract 10, Champaign, IL)","10 (Champaign, IL)","Champaign County, IL",Illinois,"1 (Tract 9801, Cook, IL)","9801 (Cook, IL)","Cook County, IL",Illinois,auto_passenger,region_departure,shop,1900-01-01 18:21:00,1900-01-01 20:30:47,129,131.5,unknown_vehicle_type,unknown_fuel_type,,,,retail,retail,transportation_utilities,transportation_utilities,1764414971085009396,,,,,,,,,,,,visitor,,,,,,,Visitor (no home location),Visitor (no home location),Visitor (no home location),Visitor (no home location),Visitor (no work/school location),Visitor (no work/school location),Visitor (no work/school location),Visitor (no work/school location),5.95,10.964381165919281,18,UIUC1,"3.01 (Champaign, IL)",1900-01-01 19:46:57.000000000,19,5.05,Chicago3_mdw,"9801 (Cook, IL)",8.633830188679244,70,81.0,10,119.59821135459852,129,3.0,78.89999999999999,0,1,0
9535358473266307003,"2 (Tract 7, Champaign, IL)","7 (Champaign, IL)","Champaign County, IL",Illinois,"1 (Tract 9801, Cook, IL)","9801 (Cook, IL)","Cook County, IL",Illinois,auto_passenger,region_departure,maintenance,1900-01-01 16:40:00,1900-01-01 18:51:21,131,131.2,unknown_vehicle_type,unknown_fuel_type,,,,mixed_use,open_space,transportation_utilities,transportation_utilities,3815912666477537846,,,,,,,,,,,,visitor,,,,,,,Visitor (no home location),Visitor (no home location),Visitor (no home location),Visitor (no home location),Visitor (no work/school location),Visitor (no work/school location),Visitor (no work/school location),Visitor (no work/school location),4.166666666666667,8.8948,16,UIUC1,"3.01 (Champaign, IL)",1900-01-01 18:04:10.000000002,18,4.653846153846154,Chicago3_mdw,"9801 (Cook, IL)",8.46744557329463,70,78.82051282051283,10,117.36224557329463,131,3.0,78.71999999999998,0,1,0
1237658861952572432,"3 (Tract 13.01, Champaign, IL)","13.01 (Champaign, IL)","Champaign County, IL",Illinois,"1 (Tract 9801, Cook, IL)","9801 (Cook, IL)","Cook County, IL",Illinois,private_auto,region_departure,lodging,1900-01-01 23:16:00,1900-01-01 01:31:08,135,134.0,unknown_vehicle_type,unknown_fuel_type,,,,single_family,single_family,transportation_utilities,transportation_utilities,199865644093881796,,,,,,,,,,,,visitor,,,,,,,Visitor (no home location),Visitor (no home location),Visitor (no home location),Visitor (no home location),Visitor (no work/school location),Visitor (no work/school location),Visitor (no work/school location),Visitor (no work/school location),3.0,9.058039215686273,23,UIUC1,"3.01 (Champaign, IL)",1900-01-02 00:39:00.000000000,0,3.0,Chicago3_mdw,"9801 (Cook, IL)",7.7728301886792455,70,76.0,10,116.83086940436553,135,3.0,80.39999999999999,0,1,0
4979178024058447876,"1 (Tract 11, Champaign, IL)","11 (Champaign, IL)","Champaign County, IL",Illinois,"1 (Tract 9801, Cook, IL)","9801 (Cook, IL)","Cook County, IL",Illinois,private_auto,region_departure,maintenance,1900-01-01 16:18:00,1900-01-01 18:46:19,148,129.7,unknown_vehicle_type,unknown_fuel_type,,,,single_family,single_family,transportation_utilities,transportation_utilities,13944488314712435104,,,,,,,,,,,,visitor,,,,,,,Visitor (no home location),Visitor (no home location),Visitor (no home location),Visitor (no home location),Visitor (no work/school location),Visitor (no work/school location),Visitor (no work/school location),Visitor (no work/school location),5.4,9.721246753246753,16,UIUC1,"3.01 (Champaign, IL)",1900-01-01 17:43:24.000000000,17,5.551724137931035,Chicago3_mdw,"9801 (Cook, IL)",8.844554326610279,70,80.95172413793104,10,118.56580107985704,148,3.0,77.82,0,1,0
4996016064993735586,"3 (Tract 8, Champaign, IL)","8 (Champaign, IL)","Champaign County, IL",Illinois,"1 (Tract 9801, Cook, IL)","9801 (Cook, IL)","Cook County, IL",Illinois,private_auto,region_departure,maintenance,1900-01-01 23:51:00,1900-01-01 01:57:15,126,130.1,unknown_vehicle_type,unknown_fuel_type,,,,retail,retail,transportation_utilities,transportation_utilities,8666520637122415195,,,,,,,,,,,,visitor,,,,,,,Visitor (no home location),Visitor (no home location),Visitor (no home location),Visitor (no home location),Visitor (no work/school location),Visitor (no work/school location),Visitor (no work/school location),Visitor (no work/school location),7.0,12.152226148409895,23,UIUC1,"3.01 (Champaign, IL)",1900-01-02 01:18:00.000000000,1,3.0,Chicago3_mdw,"9801 (Cook, IL)",7.7728301886792455,70,80.0,10,119.92505633708915,126,3.0,78.05999999999999,0,1,0
14383752601858698171,"1 (Tract 2, Champaign, IL)","2 (Champaign, IL)","Champaign County, IL",Illinois,"1 (Tract 9801, Cook, IL)","9801 (Cook, IL)","Cook County, IL",Illinois,auto_passenger,region_departure,recreation,1900-01-01 16:23:00,1900-01-01 18:33:03,130,130.8,unknown_vehicle_type,unknown_fuel_type,,,,mixed_use,open_space,transportation_utilities,transportation_utilities,4002196799203280416,,,,,,,,,,,,visitor,,,,,,,Visitor (no home location),Visitor (no home location),Visitor (no home location),Visitor (no home location),Visitor (no work/school location),Visitor (no work/school location),Visitor (no work/school location),Visitor (no work/school location),2.0,6.236774193548388,16,UIUC1,"3.01 (Champaign, IL)",1900-01-01 17:45:00.000000000,17,5.551724137931035,Chicago3_mdw,"9801 (Cook, IL)",8.844554326610279,70,77.55172413793103,10,115.08132852015866,130,3.0,78.48,0,1,0
3920568269310305577,"1 (Tract 9.02, Champaign, IL)","9.02 (Champaign, IL)","Champaign County, IL",Illinois,"1 (Tract 9801, Cook, IL)","9801 (Cook, IL)","Cook County, IL",Illinois,private_auto,region_departure,other_activity_type,1900-01-01 21:59:00,1900-01-01 00:09:25,130,130.1,unknown_vehicle_type,unknown_fuel_type,,,,mixed_use,industrial,transportation_utilities,transportation_utilities,8637893781711787774,,,,,,,,,,,,visitor,,,,,,,Visitor (no home location),Visitor (no home location),Visitor (no home location),Visitor (no home location),Visitor (no work/school location),Visitor (no work/school location),Visitor (no work/school location),Visitor (no work/school location),10.0,15.71774919614148,21,UIUC1,"3.01 (Champaign, IL)",1900-01-01 23:29:00.000000000,23,3.0,Chicago3_mdw,"9801 (Cook, IL)",7.7728301886792455,70,83.0,10,123.49057938482073,130,3.0,78.05999999999999,0,1,0
9352245755847578066,"1 (Tract 55, Champaign, IL)","55 (Champaign, IL)","Champaign County, IL",Illinois,"1 (Tract 9801, Cook, IL)","9801 (Cook, IL)","Cook County, IL",Illinois,private_auto,region_departure,maintenance,1900-01-01 16:07:00,1900-01-01 18:32:40,145,129.5,unknown_vehicle_type,unknown_fuel_type,,,,retail,retail,transportation_utilities,transportation_utilities,9644873738073983480,,,,,,,,,,,,visitor,,,,,,,Visitor (no home location),Visitor (no home location),Visitor (no home location),Visitor (no home location),Visitor (no work/school location),Visitor (no work/school location),Visitor (no work/school location),Visitor (no work/school location),5.4375,10.30332894736842,16,UIUC1,"3.01 (Champaign, IL)",1900-01-01 17:32:26.250000000,17,5.551724137931035,Chicago3_mdw,"9801 (Cook, IL)",8.844554326610279,70,80.98922413793103,10,119.14788327397869,145,3.0,77.7,0,1,0
13270294886941716343,"1 (Tract 13.02, Champaign, IL)","13.02 (Champaign, IL)","Champaign County, IL",Illinois,"1 (Tract 9801, Cook, IL)","9801 (Cook, IL)","Cook County, IL",Illinois,auto_passenger,region_departure,recreation,1900-01-01 15:10:00,1900-01-01 17:26:41,136,138.1,unknown_vehicle_type,unknown_fuel_type,,,,non_retail_attraction,non_retail_attraction,transportation_utilities,transportation_utilities,832927952478051584,,,,,,,,,,,,visitor,,,,,,,Visitor (no home location),Visitor (no home location),Visitor (no home location),Visitor (no home location),Visitor (no work/school location),Visitor (no work/school location),Visitor (no work/school location),Visitor (no work/school location),7.684210526315789,13.2120513478819,15,UIUC1,"3.01 (Champaign, IL)",1900-01-01 16:37:41.052631578,16,4.228070175438597,Chicago3_mdw,"9801 (Cook, IL)",8.288619662363455,70,81.9122807017544,10,121.50067101024536,136,3.0,82.86,0,1,0
16542240081492191146,"3 (Tract 7, Champaign, IL)","7 (Champaign, IL)","Champaign County, IL",Illinois,"1 (Tract 9801, Cook, IL)","9801 (Cook, IL)","Cook County, IL",Illinois,private_auto,region_departure,recreation,1900-01-01 09:34:00,1900-01-01 11:45:10,131,130.6,unknown_vehicle_type,unknown_fuel_type,,,,mixed_use,open_space,transportation_utilities,transportation_utilities,909935010777468343,,,,,,,,,,,,visitor,,,,,,,Visitor (no home location),Visitor (no home location),Visitor (no home location),Visitor (no home location),Visitor (no work/school location),Visitor (no work/school location),Visitor (no work/school location),Visitor (no work/school location),4.416666666666667,8.999799999999999,9,UIUC1,"3.01 (Champaign, IL)",1900-01-01 10:58:25.000000002,10,5.180851063829787,Chicago3_mdw,"9801 (Cook, IL)",8.688787635487756,70,79.59751773049646,10,117.68858763548775,131,3.0,78.36,0,1,0
4947319150025554751,"3 (Tract 8, Champaign, IL)","8 (Champaign, IL)","Champaign County, IL",Illinois,"1 (Tract 9801, Cook, IL)","9801 (Cook, IL)","Cook County, IL",Illinois,auto_passenger,region_departure,lodging,1900-01-01 15:45:00,1900-01-01 17:52:42,127,129.8,unknown_vehicle_type,unknown_fuel_type,,,,retail,retail,transportation_utilities,transportation_utilities,5405766612115435893,,,,,,,,,,,,visitor,,,,,,,Visitor (no home location),Visitor (no home location),Visitor (no home location),Visitor (no home location),Visitor (no work/school location),Visitor (no work/school location),Visitor (no work/school location),Visitor (no work/school location),7.298701298701299,12.27768069386444,15,UIUC1,"3.01 (Champaign, IL)",1900-01-01 17:12:17.922077922,17,5.551724137931035,Chicago3_mdw,"9801 (Cook, IL)",8.844554326610279,70,82.85042543663234,10,121.12223502047472,127,3.0,77.88000000000001,0,1,0
448218696183966226,"3 (Tract 8, Champaign, IL)","8 (Champaign, IL)","Champaign County, IL",Illinois,"1 (Tract 9801, Cook, IL)","9801 (Cook, IL)","Cook County, IL",Illinois,auto_passenger,region_departure,shop,1900-01-01 17:14:00,1900-01-01 19:23:53,129,128.6,unknown_vehicle_type,unknown_fuel_type,,,,office,office,transportation_utilities,transportation_utilities,3063575404685941437,,,,,,,,,,,,visitor,,,,,,,Visitor (no home location),Visitor (no home location),Visitor (no home location),Visitor (no home location),Visitor (no work/school location),Visitor (no work/school location),Visitor (no work/school location),Visitor (no work/school location),7.0,12.152226148409895,17,UIUC1,"3.01 (Champaign, IL)",1900-01-01 18:41:00.000000000,18,4.653846153846154,Chicago3_mdw,"9801 (Cook, IL)",8.46744557329463,70,81.65384615384616,10,120.61967172170452,129,3.0,77.16,0,1,0
14773881533481711229,"3 (Tract 7, Champaign, IL)","7 (Champaign, IL)","Champaign County, IL",Illinois,"1 (Tract 9801, Cook, IL)","9801 (Cook, IL)","Cook County, IL",Illinois,auto_passenger,region_departure,social,1900-01-01 20:49:00,1900-01-01 22:57:31,128,130.6,unknown_vehicle_type,unknown_fuel_type,,,,single_family,single_family,transportation_utilities,transportation_utilities,7969472067854252045,,,,,,,,,,,,visitor,,,,,,,Visitor (no home location),Visitor (no home location),Visitor (no home location),Visitor (no home location),Visitor (no work/school location),Visitor (no work/school location),Visitor (no work/school location),Visitor (no work/school location),4.0,8.8248,20,UIUC1,"3.01 (Champaign, IL)",1900-01-01 22:13:00.000000000,22,3.333333333333333,Chicago3_mdw,"9801 (Cook, IL)",7.912830188679245,70,77.33333333333333,10,116.73763018867925,128,3.0,78.36,0,1,0
17405804174036908524,"4 (Tract 13.01, Champaign, IL)","13.01 (Champaign, IL)","Champaign County, IL",Illinois,"1 (Tract 9801, Cook, IL)","9801 (Cook, IL)","Cook County, IL",Illinois,auto_passenger,region_departure,shop,1900-01-01 16:26:43,1900-01-01 18:40:01,133,135.0,unknown_vehicle_type,unknown_fuel_type,,,,retail,retail,transportation_utilities,transportation_utilities,9225561606036033745,,,,,,,,,,,,visitor,,,,,,,Visitor (no home location),Visitor (no home location),Visitor (no home location),Visitor (no home location),Visitor (no work/school location),Visitor (no work/school location),Visitor (no work/school location),Visitor (no work/school location),4.956521739130435,9.879778346121057,16,UIUC1,"3.01 (Champaign, IL)",1900-01-01 17:51:40.391304346,17,5.551724137931035,Chicago3_mdw,"9801 (Cook, IL)",8.844554326610279,70,80.50824587706147,10,118.72433267273134,133,3.0,81.0,0,1,0
12911552526885182765,"1 (Tract 12.04, Champaign, IL)","12.04 (Champaign, IL)","Champaign County, IL",Illinois,"1 (Tract 9801, Cook, IL)","9801 (Cook, IL)","Cook County, IL",Illinois,auto_passenger,region_departure,maintenance,1900-01-01 19:39:00,1900-01-01 21:51:22,132,136.9,unknown_vehicle_type,unknown_fuel_type,,,,office,office,transportation_utilities,transportation_utilities,14506624033809322695,,,,,,,,,,,,visitor,,,,,,,Visitor (no home location),Visitor (no home location),Visitor (no home location),Visitor (no home location),Visitor (no work/school location),Visitor (no work/school location),Visitor (no work/school location),Visitor (no work/school location),10.285714285714286,17.213684210526317,19,UIUC1,"3.01 (Champaign, IL)",1900-01-01 21:09:17.142857142,21,4.333333333333333,Chicago3_mdw,"9801 (Cook, IL)",8.332830188679244,70,84.61904761904762,10,125.54651439920555,132,3.0,82.14,0,1,0
15970532778978367265,"3 (Tract 55, Champaign, IL)","55 (Champaign, IL)","Champaign County, IL",Illinois,"1 (Tract 9801, Cook, IL)","9801 (Cook, IL)","Cook County, IL",Illinois,auto_passenger,region_departure,maintenance,1900-01-01 15:59:00,1900-01-01 18:17:43,138,134.5,unknown_vehicle_type,unknown_fuel_type,,,,civic_institutional,civic_institutional,transportation_utilities,transportation_utilities,1511568726725575627,,,,,,,,,,,,visitor,,,,,,,Visitor (no home location),Visitor (no home location),Visitor (no home location),Visitor (no home location),Visitor (no work/school location),Visitor (no work/school location),Visitor (no work/school location),Visitor (no work/school location),6.111111111111111,10.586245614035086,15,UIUC1,"3.01 (Champaign, IL)",1900-01-01 17:25:06.666666666,17,5.551724137931035,Chicago3_mdw,"9801 (Cook, IL)",8.844554326610279,70,81.66283524904215,10,119.43079994064536,138,3.0,80.7,0,1,0
12902817304330601840,"1 (Tract 12.01, Champaign, IL)","12.01 (Champaign, IL)","Champaign County, IL",Illinois,"5 (Tract 6608, Cook, IL)","6608 (Cook, IL)","Cook County, IL",Illinois,auto_passenger,social,recreation,1900-01-01 19:41:00,1900-01-01 21:48:36,127,130.4,unknown_vehicle_type,unknown_fuel_type,,,,non_retail_attraction,non_retail_attraction,multi_family,multi_family,1813228318557221948,,,,,,,,,,,,visitor,,,,,,,Visitor (no home location),Visitor (no home location),Visitor (no home location),Visitor (no home location),Visitor (no work/school location),Visitor (no work/school location),Visitor (no work/school location),Visitor (no work/school location),6.833333333333333,12.176092715231789,19,UIUC1,"3.01 (Champaign, IL)",1900-01-01 21:07:49.999999998,21,7.8,Chicago3_mdw,"9801 (Cook, IL)",13.288,70,84.63333333333333,10,125.46409271523179,127,3.0,78.24,0,1,0
15782211727080212060,"1 (Tract 59.01, Champaign, IL)","59.01 (Champaign, IL)","Champaign County, IL",Illinois,"1 (Tract 9801, Cook, IL)","9801 (Cook, IL)","Cook County, IL",Illinois,private_auto,region_departure,social,1900-01-01 17:19:00,1900-01-01 19:43:47,144,129.7,unknown_vehicle_type,unknown_fuel_type,,,,education,education,transportation_utilities,transportation_utilities,1849233300467750656,,,,,,,,,,,,visitor,,,,,,,Visitor (no home location),Visitor (no home location),Visitor (no home location),Visitor (no home location),Visitor (no work/school location),Visitor (no work/school location),Visitor (no work/school location),Visitor (no work/school location),2.4657534246575343,6.66933072407045,17,UIUC1,"3.01 (Champaign, IL)",1900-01-01 18:41:27.945205482,18,4.653846153846154,Chicago3_mdw,"9801 (Cook, IL)",8.46744557329463,70,77.1195995785037,10,115.13677629736507,144,3.0,77.82,0,1,0
10867644805733983649,"3 (Tract 8, Champaign, IL)","8 (Champaign, IL)","Champaign County, IL",Illinois,"1 (Tract 9801, Cook, IL)","9801 (Cook, IL)","Cook County, IL",Illinois,auto_passenger,region_departure,recreation,1900-01-01 19:52:00,1900-01-01 22:01:38,129,129.1,unknown_vehicle_type,unknown_fuel_type,,,,non_retail_attraction,non_retail_attraction,transportation_utilities,transportation_utilities,5066142543053430769,,,,,,,,,,,,visitor,,,,,,,Visitor (no home location),Visitor (no home location),Visitor (no home location),Visitor (no home location),Visitor (no work/school location),Visitor (no work/school location),Visitor (no work/school location),Visitor (no work/school location),6.630434782608695,11.997008757105547,19,UIUC1,"3.01 (Champaign, IL)",1900-01-01 21:18:37.826086956,21,4.333333333333333,Chicago3_mdw,"9801 (Cook, IL)",8.332830188679244,70,80.96376811594202,10,120.32983894578479,129,3.0,77.46,0,1,0
3812925062893633577,"5 (Tract 58, Champaign, IL)","58 (Champaign, IL)","Champaign County, IL",Illinois,"2 (Tract 6605, Cook, IL)","6605 (Cook, IL)","Cook County, IL",Illinois,auto_passenger,social,social,1900-01-01 14:27:00,1900-01-01 16:43:22,136,129.8,unknown_vehicle_type,unknown_fuel_type,,,,single_family,single_family,multi_family,multi_family,753577416547052514,,,,,,,,,,,,visitor,,,,,,,Visitor (no home location),Visitor (no home location),Visitor (no home location),Visitor (no home location),Visitor (no work/school location),Visitor (no work/school location),Visitor (no work/school location),Visitor (no work/school location),3.4482758620689653,7.600805982550894,14,UIUC1,"3.01 (Champaign, IL)",1900-01-01 15:50:26.896551726,15,7.6,Chicago3_mdw,"9801 (Cook, IL)",12.890991596638656,70,81.04827586206896,10,120.49179757918955,136,3.0,77.88000000000001,0,1,0
13307250924375816428,"1 (Tract 59.01, Champaign, IL)","59.01 (Champaign, IL)","Champaign County, IL",Illinois,"1 (Tract 9801, Cook, IL)","9801 (Cook, IL)","Cook County, IL",Illinois,private_auto,region_departure,social,1900-01-01 16:49:00,1900-01-01 19:07:00,138,127.8,unknown_vehicle_type,unknown_fuel_type,,,,education,education,transportation_utilities,transportation_utilities,2553542032493210212,,,,,,,,,,,,visitor,,,,,,,Visitor (no home location),Visitor (no home location),Visitor (no home location),Visitor (no home location),Visitor (no work/school location),Visitor (no work/school location),Visitor (no work/school location),Visitor (no work/school location),2.588235294117647,6.720773109243697,16,UIUC1,"3.01 (Champaign, IL)",1900-01-01 18:11:35.294117646,18,4.653846153846154,Chicago3_mdw,"9801 (Cook, IL)",8.46744557329463,70,77.24208144796381,10,115.18821868253832,138,3.0,76.67999999999999,0,1,0
9052316955350731631,"3 (Tract 8, Champaign, IL)","8 (Champaign, IL)","Champaign County, IL",Illinois,"1 (Tract 9801, Cook, IL)","9801 (Cook, IL)","Cook County, IL",Illinois,private_auto,region_departure,maintenance,1900-01-01 23:51:00,1900-01-01 01:57:15,126,130.1,unknown_vehicle_type,unknown_fuel_type,,,,retail,retail,transportation_utilities,transportation_utilities,2322605082977430831,,,,,,,,,,,,visitor,,,,,,,Visitor (no home location),Visitor (no home location),Visitor (no home location),Visitor (no home location),Visitor (no work/school location),Visitor (no work/school location),Visitor (no work/school location),Visitor (no work/school location),7.0,12.152226148409895,23,UIUC1,"3.01 (Champaign, IL)",1900-01-02 01:18:00.000000000,1,3.0,Chicago3_mdw,"9801 (Cook, IL)",7.7728301886792455,70,80.0,10,119.92505633708915,126,3.0,78.05999999999999,0,1,0
12707843681066388710,"3 (Tract 8, Champaign, IL)","8 (Champaign, IL)","Champaign County, IL",Illinois,"1 (Tract 9801, Cook, IL)","9801 (Cook, IL)","Cook County, IL",Illinois,auto_passenger,region_departure,eat,1900-01-01 20:30:00,1900-01-01 22:36:35,126,130.1,unknown_vehicle_type,unknown_fuel_type,,,,retail,retail,transportation_utilities,transportation_utilities,7721628528924091481,,,,,,,,,,,,visitor,,,,,,,Visitor (no home location),Visitor (no home location),Visitor (no home location),Visitor (no home location),Visitor (no work/school location),Visitor (no work/school location),Visitor (no work/school location),Visitor (no work/school location),6.67741935483871,12.016742277442152,20,UIUC1,"3.01 (Champaign, IL)",1900-01-01 21:56:40.645161288,21,4.333333333333333,Chicago3_mdw,"9801 (Cook, IL)",8.332830188679244,70,81.01075268817203,10,120.34957246612139,126,3.0,78.05999999999999,0,1,0
4027887211076653097,"2 (Tract 55, Champaign, IL)","55 (Champaign, IL)","Champaign County, IL",Illinois,"1 (Tract 9801, Cook, IL)","9801 (Cook, IL)","Cook County, IL",Illinois,auto_passenger,region_departure,recreation,1900-01-01 19:29:00,1900-01-01 21:44:47,135,135.0,unknown_vehicle_type,unknown_fuel_type,,,,mixed_use,non_retail_attraction,transportation_utilities,transportation_utilities,442711839187849615,,,,,,,,,,,,visitor,,,,,,,Visitor (no home location),Visitor (no home location),Visitor (no home location),Visitor (no home location),Visitor (no work/school location),Visitor (no work/school location),Visitor (no work/school location),Visitor (no work/school location),5.583333333333333,10.36457894736842,19,UIUC1,"3.01 (Champaign, IL)",1900-01-01 20:54:34.999999998,20,5.92,Chicago3_mdw,"9801 (Cook, IL)",8.999230188679245,70,81.50333333333333,10,119.36380913604766,135,3.0,81.0,0,1,0
15350121739038443700,"1 (Tract 8, Champaign, IL)","8 (Champaign, IL)","Champaign County, IL",Illinois,"1 (Tract 9801, Cook, IL)","9801 (Cook, IL)","Cook County, IL",Illinois,auto_passenger,region_departure,maintenance,1900-01-01 20:19:00,1900-01-01 22:28:45,129,128.7,unknown_vehicle_type,unknown_fuel_type,,,,retail,retail,transportation_utilities,transportation_utilities,15579786109234290520,,,,,,,,,,,,visitor,,,,,,,Visitor (no home location),Visitor (no home location),Visitor (no home location),Visitor (no home location),Visitor (no work/school location),Visitor (no work/school location),Visitor (no work/school location),Visitor (no work/school location),6.67741935483871,12.016742277442152,20,UIUC1,"3.01 (Champaign, IL)",1900-01-01 21:45:40.645161288,21,4.333333333333333,Chicago3_mdw,"9801 (Cook, IL)",8.332830188679244,70,81.01075268817203,10,120.34957246612139,129,3.0,77.21999999999998,0,1,0
10742178694486055816,"1 (Tract 56.02, Champaign, IL)","56.02 (Champaign, IL)","Champaign County, IL",Illinois,"1 (Tract 9801, Cook, IL)","9801 (Cook, IL)","Cook County, IL",Illinois,auto_passenger,region_departure,maintenance,1900-01-01 20:24:00,1900-01-01 22:42:06,138,134.5,unknown_vehicle_type,unknown_fuel_type,,,,retail,retail,transportation_utilities,transportation_utilities,14328237606117731524,,,,,,,,,,,,visitor,,,,,,,Visitor (no home location),Visitor (no home location),Visitor (no home location),Visitor (no home location),Visitor (no work/school location),Visitor (no work/school location),Visitor (no work/school location),Visitor (no work/school location),8.333333333333334,14.002748091603053,20,UIUC1,"3.01 (Champaign, IL)",1900-01-01 21:52:19.999999998,21,4.333333333333333,Chicago3_mdw,"9801 (Cook, IL)",8.332830188679244,70,82.66666666666666,10,122.33557828028229,138,3.0,80.7,0,1,0
10671263691063071093,"1 (Tract 8, Champaign, IL)","8 (Champaign, IL)","Champaign County, IL",Illinois,"1 (Tract 9801, Cook, IL)","9801 (Cook, IL)","Cook County, IL",Illinois,auto_passenger,region_departure,shop,1900-01-01 22:28:00,1900-01-01 00:35:00,127,130.6,unknown_vehicle_type,unknown_fuel_type,,,,office,office,transportation_utilities,transportation_utilities,11893418268962338078,,,,,,,,,,,,visitor,,,,,,,Visitor (no home location),Visitor (no home location),Visitor (no home location),Visitor (no home location),Visitor (no work/school location),Visitor (no work/school location),Visitor (no work/school location),Visitor (no work/school location),6.266666666666667,11.844226148409895,22,UIUC1,"3.01 (Champaign, IL)",1900-01-01 23:54:16.000000002,23,3.0,Chicago3_mdw,"9801 (Cook, IL)",7.7728301886792455,70,79.26666666666667,10,119.61705633708914,127,3.0,78.36,0,1,0
9480638909375391968,"1 (Tract 9.02, Champaign, IL)","9.02 (Champaign, IL)","Champaign County, IL",Illinois,"1 (Tract 9801, Cook, IL)","9801 (Cook, IL)","Cook County, IL",Illinois,private_auto,region_departure,maintenance,1900-01-01 20:48:00,1900-01-01 22:59:54,131,126.4,unknown_vehicle_type,unknown_fuel_type,,,,office,office,transportation_utilities,transportation_utilities,3620080728394247676,,,,,,,,,,,,visitor,,,,,,,Visitor (no home location),Visitor (no home location),Visitor (no home location),Visitor (no home location),Visitor (no work/school location),Visitor (no work/school location),Visitor (no work/school location),Visitor (no work/school location),9.363636363636363,15.45047646886875,20,UIUC1,"3.01 (Champaign, IL)",1900-01-01 22:17:21.818181816,22,3.333333333333333,Chicago3_mdw,"9801 (Cook, IL)",7.912830188679245,70,82.69696969696969,10,123.363306657548,131,3.0,75.84,0,1,0
4562527421738208301,"5 (Tract 10, Champaign, IL)","10 (Champaign, IL)","Champaign County, IL",Illinois,"1 (Tract 9801, Cook, IL)","9801 (Cook, IL)","Cook County, IL",Illinois,auto_passenger,region_departure,eat,1900-01-01 12:50:00,1900-01-01 15:03:46,133,133.4,unknown_vehicle_type,unknown_fuel_type,,,,retail,retail,transportation_utilities,transportation_utilities,5364932081215117705,,,,,,,,,,,,visitor,,,,,,,Visitor (no home location),Visitor (no home location),Visitor (no home location),Visitor (no home location),Visitor (no work/school location),Visitor (no work/school location),Visitor (no work/school location),Visitor (no work/school location),6.384615384615385,11.146919627457743,12,UIUC1,"3.01 (Champaign, IL)",1900-01-01 14:16:23.076923076,14,5.041322314049586,Chicago3_mdw,"9801 (Cook, IL)",8.63018556058007,70,81.42593769866497,10,119.77710518803782,133,3.0,80.04,0,1,0
2151626028095039441,"1 (Tract 8, Champaign, IL)","8 (Champaign, IL)","Champaign County, IL",Illinois,"1 (Tract 9801, Cook, IL)","9801 (Cook, IL)","Cook County, IL",Illinois,auto_passenger,region_departure,shop,1900-01-01 10:14:00,1900-01-01 12:22:34,128,129.6,unknown_vehicle_type,unknown_fuel_type,,,,office,office,transportation_utilities,transportation_utilities,16237302833606149426,,,,,,,,,,,,visitor,,,,,,,Visitor (no home location),Visitor (no home location),Visitor (no home location),Visitor (no home location),Visitor (no work/school location),Visitor (no work/school location),Visitor (no work/school location),Visitor (no work/school location),7.333333333333333,12.292226148409894,10,UIUC1,"3.01 (Champaign, IL)",1900-01-01 11:41:19.999999998,11,4.945945945945946,Chicago3_mdw,"9801 (Cook, IL)",8.590127485976542,70,82.27927927927928,10,120.88235363438643,128,3.0,77.75999999999999,0,1,0
12005443267474461709,"1 (Tract 12.05, Champaign, IL)","12.05 (Champaign, IL)","Champaign County, IL",Illinois,"1 (Tract 9801, Cook, IL)","9801 (Cook, IL)","Cook County, IL",Illinois,auto_passenger,region_departure,social,1900-01-01 19:12:00,1900-01-01 21:26:43,134,138.1,unknown_vehicle_type,unknown_fuel_type,,,,single_family,single_family,transportation_utilities,transportation_utilities,17245669394832106852,,,,,,,,,,,,visitor,,,,,,,Visitor (no home location),Visitor (no home location),Visitor (no home location),Visitor (no home location),Visitor (no work/school location),Visitor (no work/school location),Visitor (no work/school location),Visitor (no work/school location),12.333333333333334,18.943661971830984,19,UIUC1,"3.01 (Champaign, IL)",1900-01-01 20:44:19.999999998,20,5.92,Chicago3_mdw,"9801 (Cook, IL)",8.999230188679245,70,88.25333333333333,10,127.94289216051023,134,3.0,82.86,0,1,0
14267531651189181628,"3 (Tract 8, Champaign, IL)","8 (Champaign, IL)","Champaign County, IL",Illinois,"1 (Tract 9801, Cook, IL)","9801 (Cook, IL)","Cook County, IL",Illinois,auto_passenger,region_departure,eat,1900-01-01 20:23:00,1900-01-01 22:29:57,126,130.3,unknown_vehicle_type,unknown_fuel_type,,,,retail,retail,transportation_utilities,transportation_utilities,1569554811967042135,,,,,,,,,,,,visitor,,,,,,,Visitor (no home location),Visitor (no home location),Visitor (no home location),Visitor (no home location),Visitor (no work/school location),Visitor (no work/school location),Visitor (no work/school location),Visitor (no work/school location),6.67741935483871,12.016742277442152,20,UIUC1,"3.01 (Champaign, IL)",1900-01-01 21:49:40.645161288,21,4.333333333333333,Chicago3_mdw,"9801 (Cook, IL)",8.332830188679244,70,81.01075268817203,10,120.34957246612139,126,3.0,78.18,0,1,0
2810053746113575262,"1 (Tract 9.01, Champaign, IL)","9.01 (Champaign, IL)","Champaign County, IL",Illinois,"1 (Tract 9801, Cook, IL)","9801 (Cook, IL)","Cook County, IL",Illinois,auto_passenger,region_departure,lodging,1900-01-01 18:40:00,1900-01-01 20:48:41,128,131.1,unknown_vehicle_type,unknown_fuel_type,,,,retail,retail,transportation_utilities,transportation_utilities,5057386289599735409,,,,,,,,,,,,visitor,,,,,,,Visitor (no home location),Visitor (no home location),Visitor (no home location),Visitor (no home location),Visitor (no work/school location),Visitor (no work/school location),Visitor (no work/school location),Visitor (no work/school location),6.142857142857143,11.39857142857143,18,UIUC1,"3.01 (Champaign, IL)",1900-01-01 20:06:08.571428574,20,5.92,Chicago3_mdw,"9801 (Cook, IL)",8.999230188679245,70,82.06285714285714,10,120.39780161725068,128,3.0,78.66,0,1,0
3322308800626264834,"3 (Tract 8, Champaign, IL)","8 (Champaign, IL)","Champaign County, IL",Illinois,"1 (Tract 9801, Cook, IL)","9801 (Cook, IL)","Cook County, IL",Illinois,private_auto,region_departure,shop,1900-01-01 19:35:00,1900-01-01 21:50:42,135,126.8,unknown_vehicle_type,unknown_fuel_type,,,,retail,retail,transportation_utilities,transportation_utilities,2326168471238827226,,,,,,,,,,,,visitor,,,,,,,Visitor (no home location),Visitor (no home location),Visitor (no home location),Visitor (no home location),Visitor (no work/school location),Visitor (no work/school location),Visitor (no work/school location),Visitor (no work/school location),6.630434782608695,11.997008757105547,19,UIUC1,"3.01 (Champaign, IL)",1900-01-01 21:01:37.826086956,21,4.333333333333333,Chicago3_mdw,"9801 (Cook, IL)",8.332830188679244,70,80.96376811594202,10,120.32983894578479,135,3.0,76.08,0,1,0
9529631642594202341,"4 (Tract 57.01, Champaign, IL)","57.01 (Champaign, IL)","Champaign County, IL",Illinois,"1 (Tract 9801, Cook, IL)","9801 (Cook, IL)","Cook County, IL",Illinois,auto_passenger,region_departure,shop,1900-01-01 18:04:00,1900-01-01 20:21:30,137,134.8,unknown_vehicle_type,unknown_fuel_type,,,,mixed_use,retail,transportation_utilities,transportation_utilities,12610209361011572450,,,,,,,,,,,,visitor,,,,,,,Visitor (no home location),Visitor (no home location),Visitor (no home location),Visitor (no home location),Visitor (no work/school location),Visitor (no work/school location),Visitor (no work/school location),Visitor (no work/school location),6.652173913043479,11.517270707711837,18,UIUC1,"3.01 (Champaign, IL)",1900-01-01 19:30:39.130434780,19,5.05,Chicago3_mdw,"9801 (Cook, IL)",8.633830188679244,70,81.70217391304348,10,120.15110089639109,137,3.0,80.88000000000001,0,1,0
4082722407438599883,"4 (Tract 5, Champaign, IL)","5 (Champaign, IL)","Champaign County, IL",Illinois,"1 (Tract 9801, Cook, IL)","9801 (Cook, IL)","Cook County, IL",Illinois,auto_passenger,region_departure,maintenance,1900-01-01 20:09:00,1900-01-01 22:20:52,131,132.3,unknown_vehicle_type,unknown_fuel_type,,,,retail,retail,transportation_utilities,transportation_utilities,4540951335287751291,,,,,,,,,,,,visitor,,,,,,,Visitor (no home location),Visitor (no home location),Visitor (no home location),Visitor (no home location),Visitor (no work/school location),Visitor (no work/school location),Visitor (no work/school location),Visitor (no work/school location),2.230769230769231,6.726431273644389,20,UIUC1,"3.01 (Champaign, IL)",1900-01-01 21:31:13.846153848,21,4.333333333333333,Chicago3_mdw,"9801 (Cook, IL)",8.332830188679244,70,76.56410256410255,10,115.05926146232363,131,3.0,79.38000000000001,0,1,0
15018177549245545816,"1 (Tract 9.01, Champaign, IL)","9.01 (Champaign, IL)","Champaign County, IL",Illinois,"1 (Tract 9801, Cook, IL)","9801 (Cook, IL)","Cook County, IL",Illinois,auto_passenger,region_departure,lodging,1900-01-01 18:40:00,1900-01-01 20:48:41,128,131.1,unknown_vehicle_type,unknown_fuel_type,,,,retail,retail,transportation_utilities,transportation_utilities,8503033442592614367,,,,,,,,,,,,visitor,,,,,,,Visitor (no home location),Visitor (no home location),Visitor (no home location),Visitor (no home location),Visitor (no work/school location),Visitor (no work/school location),Visitor (no work/school location),Visitor (no work/school location),6.142857142857143,11.39857142857143,18,UIUC1,"3.01 (Champaign, IL)",1900-01-01 20:06:08.571428574,20,5.92,Chicago3_mdw,"9801 (Cook, IL)",8.999230188679245,70,82.06285714285714,10,120.39780161725068,128,3.0,78.66,0,1,0
8619042511489351571,"1 (Tract 8, Champaign, IL)","8 (Champaign, IL)","Champaign County, IL",Illinois,"1 (Tract 9801, Cook, IL)","9801 (Cook, IL)","Cook County, IL",Illinois,private_auto,region_departure,maintenance,1900-01-01 16:14:00,1900-01-01 18:27:32,133,125.1,unknown_vehicle_type,unknown_fuel_type,,,,retail,retail,transportation_utilities,transportation_utilities,4213757893732799299,,,,,,,,,,,,visitor,,,,,,,Visitor (no home location),Visitor (no home location),Visitor (no home location),Visitor (no home location),Visitor (no work/school location),Visitor (no work/school location),Visitor (no work/school location),Visitor (no work/school location),7.610169491525424,12.408497334850573,16,UIUC1,"3.01 (Champaign, IL)",1900-01-01 17:41:36.610169490,17,5.551724137931035,Chicago3_mdw,"9801 (Cook, IL)",8.844554326610279,70,83.16189362945646,10,121.25305166146086,133,3.0,75.05999999999999,0,1,0
14239272199785866523,"1 (Tract 3.02, Champaign, IL)","3.02 (Champaign, IL)","Champaign County, IL",Illinois,"1 (Tract 6202, Cook, IL)","6202 (Cook, IL)","Cook County, IL",Illinois,auto_passenger,lodging,social,1900-01-01 17:13:00,1900-01-01 19:25:30,132,125.5,,unknown_fuel_type,,,,multi_family,multi_family,mixed_use,retail,16937335851106284567,,,,,,,,,,,,visitor,,,,,,,Visitor (no home location),Visitor (no home location),Visitor (no home location),Visitor (no home location),Visitor (no work/school location),Visitor (no work/school location),Visitor (no work/school location),Visitor (no work/school location),1.15625,5.160475948509485,17,UIUC1,"3.01 (Champaign, IL)",1900-01-01 18:34:09.375000000,18,6.0,Chicago3_mdw,"9801 (Cook, IL)",9.525,70,77.15625,10,114.68547594850949,132,3.0,75.3,0,1,0
13408849070383137176,"3 (Tract 8, Champaign, IL)","8 (Champaign, IL)","Champaign County, IL",Illinois,"1 (Tract 9801, Cook, IL)","9801 (Cook, IL)","Cook County, IL",Illinois,private_auto,region_departure,eat,1900-01-01 18:39:00,1900-01-01 20:56:08,137,126.8,unknown_vehicle_type,unknown_fuel_type,,,,retail,retail,transportation_utilities,transportation_utilities,10023632060643285380,,,,,,,,,,,,visitor,,,,,,,Visitor (no home location),Visitor (no home location),Visitor (no home location),Visitor (no home location),Visitor (no work/school location),Visitor (no work/school location),Visitor (no work/school location),Visitor (no work/school location),7.183098591549296,12.229127556860599,18,UIUC1,"3.01 (Champaign, IL)",1900-01-01 20:06:10.985915490,20,5.92,Chicago3_mdw,"9801 (Cook, IL)",8.999230188679245,70,83.1030985915493,10,121.22835774553985,137,3.0,76.08,0,1,0
10024981375309608718,"2 (Tract 11, Champaign, IL)","11 (Champaign, IL)","Champaign County, IL",Illinois,"1 (Tract 9801, Cook, IL)","9801 (Cook, IL)","Cook County, IL",Illinois,auto_passenger,region_departure,social,1900-01-01 22:02:00,1900-01-01 00:14:08,132,132.8,unknown_vehicle_type,unknown_fuel_type,,,,single_family,single_family,transportation_utilities,transportation_utilities,13503855770001108909,,,,,,,,,,,,visitor,,,,,,,Visitor (no home location),Visitor (no home location),Visitor (no home location),Visitor (no home location),Visitor (no work/school location),Visitor (no work/school location),Visitor (no work/school location),Visitor (no work/school location),3.0,8.713246753246754,22,UIUC1,"3.01 (Champaign, IL)",1900-01-01 23:25:00.000000000,23,3.0,Chicago3_mdw,"9801 (Cook, IL)",7.7728301886792455,70,76.0,10,116.486076941926,132,3.0,79.68,0,1,0
6174831152641442943,"5 (Tract 10, Champaign, IL)","10 (Champaign, IL)","Champaign County, IL",Illinois,"1 (Tract 9801, Cook, IL)","9801 (Cook, IL)","Cook County, IL",Illinois,auto_passenger,region_departure,shop,1900-01-01 19:48:00,1900-01-01 21:56:30,128,133.2,unknown_vehicle_type,unknown_fuel_type,,,,retail,retail,transportation_utilities,transportation_utilities,862273497343643742,,,,,,,,,,,,visitor,,,,,,,Visitor (no home location),Visitor (no home location),Visitor (no home location),Visitor (no home location),Visitor (no work/school location),Visitor (no work/school location),Visitor (no work/school location),Visitor (no work/school location),6.0,10.985381165919282,19,UIUC1,"3.01 (Champaign, IL)",1900-01-01 21:14:00.000000000,21,4.333333333333333,Chicago3_mdw,"9801 (Cook, IL)",8.332830188679244,70,80.33333333333333,10,119.31821135459852,128,3.0,79.91999999999999,0,1,0
6465544767994889466,"1 (Tract 9.02, Champaign, IL)","9.02 (Champaign, IL)","Champaign County, IL",Illinois,"1 (Tract 9801, Cook, IL)","9801 (Cook, IL)","Cook County, IL",Illinois,private_auto,region_departure,other_activity_type,1900-01-01 21:59:00,1900-01-01 00:09:25,130,130.1,unknown_vehicle_type,unknown_fuel_type,,,,mixed_use,industrial,transportation_utilities,transportation_utilities,557768444410853818,,,,,,,,,,,,visitor,,,,,,,Visitor (no home location),Visitor (no home location),Visitor (no home location),Visitor (no home location),Visitor (no work/school location),Visitor (no work/school location),Visitor (no work/school location),Visitor (no work/school location),10.0,15.71774919614148,21,UIUC1,"3.01 (Champaign, IL)",1900-01-01 23:29:00.000000000,23,3.0,Chicago3_mdw,"9801 (Cook, IL)",7.7728301886792455,70,83.0,10,123.49057938482073,130,3.0,78.05999999999999,0,1,0
9265491205500551136,"3 (Tract 8, Champaign, IL)","8 (Champaign, IL)","Champaign County, IL",Illinois,"1 (Tract 9801, Cook, IL)","9801 (Cook, IL)","Cook County, IL",Illinois,auto_passenger,region_departure,shop,1900-01-01 19:54:00,1900-01-01 22:00:29,126,130.1,unknown_vehicle_type,unknown_fuel_type,,,,retail,retail,transportation_utilities,transportation_utilities,12779824593570637672,,,,,,,,,,,,visitor,,,,,,,Visitor (no home location),Visitor (no home location),Visitor (no home location),Visitor (no home location),Visitor (no work/school location),Visitor (no work/school location),Visitor (no work/school location),Visitor (no work/school location),6.630434782608695,11.997008757105547,19,UIUC1,"3.01 (Champaign, IL)",1900-01-01 21:20:37.826086956,21,4.333333333333333,Chicago3_mdw,"9801 (Cook, IL)",8.332830188679244,70,80.96376811594202,10,120.32983894578479,126,3.0,78.05999999999999,0,1,0
14268424557333330320,"1 (Tract 8, Champaign, IL)","8 (Champaign, IL)","Champaign County, IL",Illinois,"1 (Tract 9801, Cook, IL)","9801 (Cook, IL)","Cook County, IL",Illinois,private_auto,region_departure,lodging,1900-01-01 14:00:00,1900-01-01 16:22:17,142,126.7,unknown_vehicle_type,unknown_fuel_type,,,,retail,retail,transportation_utilities,transportation_utilities,657677334933971660,,,,,,,,,,,,visitor,,,,,,,Visitor (no home location),Visitor (no home location),Visitor (no home location),Visitor (no home location),Visitor (no work/school location),Visitor (no work/school location),Visitor (no work/school location),Visitor (no work/school location),6.981132075471698,12.144301620108008,14,UIUC1,"3.01 (Champaign, IL)",1900-01-01 15:26:58.867924530,15,5.063291139240507,Chicago3_mdw,"9801 (Cook, IL)",8.639412467160257,70,82.0444232147122,10,120.78371408726827,142,3.0,76.02,0,1,0
13365699805407161760,"1 (Tract 4.01, Champaign, IL)","4.01 (Champaign, IL)","Champaign County, IL",Illinois,"1 (Tract 9801, Cook, IL)","9801 (Cook, IL)","Cook County, IL",Illinois,auto_passenger,region_departure,maintenance,1900-01-01 15:33:00,1900-01-01 17:48:07,135,132.3,unknown_vehicle_type,unknown_fuel_type,,,,non_retail_attraction,non_retail_attraction,transportation_utilities,transportation_utilities,4113460006507602474,,,,,,,,,,,,visitor,,,,,,,Visitor (no home location),Visitor (no home location),Visitor (no home location),Visitor (no home location),Visitor (no work/school location),Visitor (no work/school location),Visitor (no work/school location),Visitor (no work/school location),1.1333333333333333,5.178834138486312,15,UIUC1,"3.01 (Champaign, IL)",1900-01-01 16:54:07.999999998,16,4.228070175438597,Chicago3_mdw,"9801 (Cook, IL)",8.288619662363455,70,75.36140350877194,10,113.46745380084977,135,3.0,79.38000000000001,0,1,0
14515095251952175880,"1 (Tract 9.01, Champaign, IL)","9.01 (Champaign, IL)","Champaign County, IL",Illinois,"1 (Tract 9801, Cook, IL)","9801 (Cook, IL)","Cook County, IL",Illinois,private_auto,region_departure,shop,1900-01-01 19:10:00,1900-01-01 21:26:54,136,127.8,unknown_vehicle_type,unknown_fuel_type,,,,retail,retail,transportation_utilities,transportation_utilities,4097012793277834041,,,,,,,,,,,,visitor,,,,,,,Visitor (no home location),Visitor (no home location),Visitor (no home location),Visitor (no home location),Visitor (no work/school location),Visitor (no work/school location),Visitor (no work/school location),Visitor (no work/school location),5.941176470588236,11.313865546218487,19,UIUC1,"3.01 (Champaign, IL)",1900-01-01 20:35:56.470588236,20,5.92,Chicago3_mdw,"9801 (Cook, IL)",8.999230188679245,70,81.86117647058823,10,120.31309573489774,136,3.0,76.67999999999999,0,1,0
7703373151350191498,"2 (Tract 12.01, Champaign, IL)","12.01 (Champaign, IL)","Champaign County, IL",Illinois,"1 (Tract 9801, Cook, IL)","9801 (Cook, IL)","Cook County, IL",Illinois,private_auto,region_departure,maintenance,1900-01-01 20:06:00,1900-01-01 22:26:41,140,131.0,unknown_vehicle_type,unknown_fuel_type,,,,mixed_use,civic_institutional,transportation_utilities,transportation_utilities,5297377553691775728,,,,,,,,,,,,visitor,,,,,,,Visitor (no home location),Visitor (no home location),Visitor (no home location),Visitor (no home location),Visitor (no work/school location),Visitor (no work/school location),Visitor (no work/school location),Visitor (no work/school location),7.25,12.351092715231788,20,UIUC1,"3.01 (Champaign, IL)",1900-01-01 21:33:15.000000000,21,4.333333333333333,Chicago3_mdw,"9801 (Cook, IL)",8.332830188679244,70,81.58333333333333,10,120.68392290391103,140,3.0,78.6,0,1,0
12875040197989754311,"1 (Tract 8, Champaign, IL)","8 (Champaign, IL)","Champaign County, IL",Illinois,"1 (Tract 9801, Cook, IL)","9801 (Cook, IL)","Cook County, IL",Illinois,private_auto,region_departure,shop,1900-01-01 20:19:00,1900-01-01 22:35:28,136,127.1,unknown_vehicle_type,unknown_fuel_type,,,,retail,retail,transportation_utilities,transportation_utilities,510097333704215094,,,,,,,,,,,,visitor,,,,,,,Visitor (no home location),Visitor (no home location),Visitor (no home location),Visitor (no home location),Visitor (no work/school location),Visitor (no work/school location),Visitor (no work/school location),Visitor (no work/school location),6.67741935483871,12.016742277442152,20,UIUC1,"3.01 (Champaign, IL)",1900-01-01 21:45:40.645161288,21,4.333333333333333,Chicago3_mdw,"9801 (Cook, IL)",8.332830188679244,70,81.01075268817203,10,120.34957246612139,136,3.0,76.25999999999999,0,1,0
10925696400616217747,"1 (Tract 13.01, Champaign, IL)","13.01 (Champaign, IL)","Champaign County, IL",Illinois,"1 (Tract 9801, Cook, IL)","9801 (Cook, IL)","Cook County, IL",Illinois,auto_passenger,region_departure,maintenance,1900-01-01 13:42:00,1900-01-01 16:00:26,138,133.5,unknown_vehicle_type,unknown_fuel_type,,,,mixed_use,retail,transportation_utilities,transportation_utilities,10712945972658222661,,,,,,,,,,,,visitor,,,,,,,Visitor (no home location),Visitor (no home location),Visitor (no home location),Visitor (no home location),Visitor (no work/school location),Visitor (no work/school location),Visitor (no work/school location),Visitor (no work/school location),6.0,10.318039215686275,13,UIUC1,"3.01 (Champaign, IL)",1900-01-01 15:08:00.000000000,15,5.063291139240507,Chicago3_mdw,"9801 (Cook, IL)",8.639412467160257,70,81.0632911392405,10,118.95745168284652,138,3.0,80.1,0,1,0
8274332594869093564,"1 (Tract 8, Champaign, IL)","8 (Champaign, IL)","Champaign County, IL",Illinois,"1 (Tract 9801, Cook, IL)","9801 (Cook, IL)","Cook County, IL",Illinois,auto_passenger,region_departure,eat,1900-01-01 14:34:00,1900-01-01 16:45:21,131,130.3,unknown_vehicle_type,unknown_fuel_type,,,,retail,retail,transportation_utilities,transportation_utilities,4105054114081694182,,,,,,,,,,,,visitor,,,,,,,Visitor (no home location),Visitor (no home location),Visitor (no home location),Visitor (no home location),Visitor (no work/school location),Visitor (no work/school location),Visitor (no work/school location),Visitor (no work/school location),6.981132075471698,12.144301620108008,14,UIUC1,"3.01 (Champaign, IL)",1900-01-01 16:00:58.867924530,16,4.228070175438597,Chicago3_mdw,"9801 (Cook, IL)",8.288619662363455,70,81.2092022509103,10,120.43292128247147,131,3.0,78.18,0,1,0
14289323668323242365,"1 (Tract 60, Champaign, IL)","60 (Champaign, IL)","Champaign County, IL",Illinois,"1 (Tract 9801, Cook, IL)","9801 (Cook, IL)","Cook County, IL",Illinois,auto_passenger,region_departure,shop,1900-01-01 19:49:00,1900-01-01 22:02:18,133,133.2,unknown_vehicle_type,unknown_fuel_type,,,,retail,retail,transportation_utilities,transportation_utilities,10827624233031189010,,,,,,,,,,,,visitor,,,,,,,Visitor (no home location),Visitor (no home location),Visitor (no home location),Visitor (no home location),Visitor (no work/school location),Visitor (no work/school location),Visitor (no work/school location),Visitor (no work/school location),3.272727272727273,7.919632159747767,19,UIUC1,"3.01 (Champaign, IL)",1900-01-01 21:12:16.363636362,21,4.333333333333333,Chicago3_mdw,"9801 (Cook, IL)",8.332830188679244,70,77.6060606060606,10,116.252462348427,133,3.0,79.91999999999999,0,1,0
1817477373369258778,"5 (Tract 10, Champaign, IL)","10 (Champaign, IL)","Champaign County, IL",Illinois,"1 (Tract 9801, Cook, IL)","9801 (Cook, IL)","Cook County, IL",Illinois,auto_passenger,region_departure,shop,1900-01-01 21:59:00,1900-01-01 00:09:28,130,131.6,unknown_vehicle_type,unknown_fuel_type,,,,retail,retail,transportation_utilities,transportation_utilities,11673097801082758296,,,,,,,,,,,,visitor,,,,,,,Visitor (no home location),Visitor (no home location),Visitor (no home location),Visitor (no home location),Visitor (no work/school location),Visitor (no work/school location),Visitor (no work/school location),Visitor (no work/school location),6.153846153846154,11.049996550534667,21,UIUC1,"3.01 (Champaign, IL)",1900-01-01 23:25:09.230769228,23,3.0,Chicago3_mdw,"9801 (Cook, IL)",7.7728301886792455,70,79.15384615384616,10,118.82282673921392,130,3.0,78.96,0,1,0
8828673846312713496,"1 (Tract 59.01, Champaign, IL)","59.01 (Champaign, IL)","Champaign County, IL",Illinois,"1 (Tract 9801, Cook, IL)","9801 (Cook, IL)","Cook County, IL",Illinois,private_auto,region_departure,social,1900-01-01 15:34:00,1900-01-01 17:58:47,144,129.7,unknown_vehicle_type,unknown_fuel_type,,,,education,education,transportation_utilities,transportation_utilities,9556461070836042270,,,,,,,,,,,,visitor,,,,,,,Visitor (no home location),Visitor (no home location),Visitor (no home location),Visitor (no home location),Visitor (no work/school location),Visitor (no work/school location),Visitor (no work/school location),Visitor (no work/school location),2.6041666666666665,6.727464285714286,15,UIUC1,"3.01 (Champaign, IL)",1900-01-01 16:56:36.250000002,16,4.228070175438597,Chicago3_mdw,"9801 (Cook, IL)",8.288619662363455,70,76.83223684210527,10,115.01608394807775,144,3.0,77.82,0,1,0
6194092152781608536,"1 (Tract 59.01, Champaign, IL)","59.01 (Champaign, IL)","Champaign County, IL",Illinois,"1 (Tract 9801, Cook, IL)","9801 (Cook, IL)","Cook County, IL",Illinois,private_auto,region_departure,social,1900-01-01 15:34:00,1900-01-01 17:58:47,144,129.7,unknown_vehicle_type,unknown_fuel_type,,,,education,education,transportation_utilities,transportation_utilities,2725029195826683699,,,,,,,,,,,,visitor,,,,,,,Visitor (no home location),Visitor (no home location),Visitor (no home location),Visitor (no home location),Visitor (no work/school location),Visitor (no work/school location),Visitor (no work/school location),Visitor (no work/school location),2.6041666666666665,6.727464285714286,15,UIUC1,"3.01 (Champaign, IL)",1900-01-01 16:56:36.250000002,16,4.228070175438597,Chicago3_mdw,"9801 (Cook, IL)",8.288619662363455,70,76.83223684210527,10,115.01608394807775,144,3.0,77.82,0,1,0
8461055219527403619,"5 (Tract 10, Champaign, IL)","10 (Champaign, IL)","Champaign County, IL",Illinois,"1 (Tract 9801, Cook, IL)","9801 (Cook, IL)","Cook County, IL",Illinois,auto_passenger,region_departure,eat,1900-01-01 12:50:00,1900-01-01 15:03:46,133,133.4,unknown_vehicle_type,unknown_fuel_type,,,,retail,retail,transportation_utilities,transportation_utilities,4601810659954412205,,,,,,,,,,,,visitor,,,,,,,Visitor (no home location),Visitor (no home location),Visitor (no home location),Visitor (no home location),Visitor (no work/school location),Visitor (no work/school location),Visitor (no work/school location),Visitor (no work/school location),6.384615384615385,11.146919627457743,12,UIUC1,"3.01 (Champaign, IL)",1900-01-01 14:16:23.076923076,14,5.041322314049586,Chicago3_mdw,"9801 (Cook, IL)",8.63018556058007,70,81.42593769866497,10,119.77710518803782,133,3.0,80.04,0,1,0
11878748264853987901,"3 (Tract 8, Champaign, IL)","8 (Champaign, IL)","Champaign County, IL",Illinois,"1 (Tract 9801, Cook, IL)","9801 (Cook, IL)","Cook County, IL",Illinois,auto_passenger,region_departure,eat,1900-01-01 20:23:00,1900-01-01 22:29:57,126,130.3,unknown_vehicle_type,unknown_fuel_type,,,,retail,retail,transportation_utilities,transportation_utilities,6615620282869422191,,,,,,,,,,,,visitor,,,,,,,Visitor (no home location),Visitor (no home location),Visitor (no home location),Visitor (no home location),Visitor (no work/school location),Visitor (no work/school location),Visitor (no work/school location),Visitor (no work/school location),6.67741935483871,12.016742277442152,20,UIUC1,"3.01 (Champaign, IL)",1900-01-01 21:49:40.645161288,21,4.333333333333333,Chicago3_mdw,"9801 (Cook, IL)",8.332830188679244,70,81.01075268817203,10,120.34957246612139,126,3.0,78.18,0,1,0
11948755681063100679,"1 (Tract 12.05, Champaign, IL)","12.05 (Champaign, IL)","Champaign County, IL",Illinois,"1 (Tract 9801, Cook, IL)","9801 (Cook, IL)","Cook County, IL",Illinois,auto_passenger,region_departure,social,1900-01-01 17:45:00,1900-01-01 20:01:08,136,138.2,unknown_vehicle_type,unknown_fuel_type,,,,single_family,single_family,transportation_utilities,transportation_utilities,1389030591309848073,,,,,,,,,,,,visitor,,,,,,,Visitor (no home location),Visitor (no home location),Visitor (no home location),Visitor (no home location),Visitor (no work/school location),Visitor (no work/school location),Visitor (no work/school location),Visitor (no work/school location),13.5,19.433661971830986,17,UIUC1,"3.01 (Champaign, IL)",1900-01-01 19:18:30.000000000,19,5.05,Chicago3_mdw,"9801 (Cook, IL)",8.633830188679244,70,88.55,10,128.06749216051023,136,3.0,82.91999999999999,0,1,0
9401287160538485130,"1 (Tract 8, Champaign, IL)","8 (Champaign, IL)","Champaign County, IL",Illinois,"1 (Tract 9801, Cook, IL)","9801 (Cook, IL)","Cook County, IL",Illinois,auto_passenger,region_departure,eat,1900-01-01 17:50:00,1900-01-01 19:58:50,128,130.3,unknown_vehicle_type,unknown_fuel_type,,,,retail,retail,transportation_utilities,transportation_utilities,9448921027213473921,,,,,,,,,,,,visitor,,,,,,,Visitor (no home location),Visitor (no home location),Visitor (no home location),Visitor (no home location),Visitor (no work/school location),Visitor (no work/school location),Visitor (no work/school location),Visitor (no work/school location),7.0,12.152226148409895,17,UIUC1,"3.01 (Champaign, IL)",1900-01-01 19:17:00.000000000,19,5.05,Chicago3_mdw,"9801 (Cook, IL)",8.633830188679244,70,82.05,10,120.78605633708914,128,3.0,78.18,0,1,0
12122086559320438249,"1 (Tract 53, Champaign, IL)","53 (Champaign, IL)","Champaign County, IL",Illinois,"1 (Tract 9801, Cook, IL)","9801 (Cook, IL)","Cook County, IL",Illinois,auto_passenger,region_departure,maintenance,1900-01-01 16:48:00,1900-01-01 19:01:22,133,132.3,unknown_vehicle_type,unknown_fuel_type,,,,healthcare,healthcare,transportation_utilities,transportation_utilities,14613497200114272685,,,,,,,,,,,,visitor,,,,,,,Visitor (no home location),Visitor (no home location),Visitor (no home location),Visitor (no home location),Visitor (no work/school location),Visitor (no work/school location),Visitor (no work/school location),Visitor (no work/school location),3.6666666666666665,8.08516795865633,16,UIUC1,"3.01 (Champaign, IL)",1900-01-01 18:11:40.000000002,18,4.653846153846154,Chicago3_mdw,"9801 (Cook, IL)",8.46744557329463,70,78.32051282051283,10,116.55261353195095,133,3.0,79.38000000000001,0,1,0
4516125436716963822,"1 (Tract 8, Champaign, IL)","8 (Champaign, IL)","Champaign County, IL",Illinois,"1 (Tract 9801, Cook, IL)","9801 (Cook, IL)","Cook County, IL",Illinois,auto_passenger,region_departure,eat,1900-01-01 21:46:00,1900-01-01 23:55:13,129,125.1,unknown_vehicle_type,unknown_fuel_type,,,,retail,retail,transportation_utilities,transportation_utilities,1303508795160985710,,,,,,,,,,,,visitor,,,,,,,Visitor (no home location),Visitor (no home location),Visitor (no home location),Visitor (no home location),Visitor (no work/school location),Visitor (no work/school location),Visitor (no work/school location),Visitor (no work/school location),6.090909090909091,11.770407966591712,21,UIUC1,"3.01 (Champaign, IL)",1900-01-01 23:12:05.454545454,23,3.0,Chicago3_mdw,"9801 (Cook, IL)",7.7728301886792455,70,79.0909090909091,10,119.54323815527096,129,3.0,75.05999999999999,0,1,0
13051318219941465576,"3 (Tract 8, Champaign, IL)","8 (Champaign, IL)","Champaign County, IL",Illinois,"1 (Tract 9801, Cook, IL)","9801 (Cook, IL)","Cook County, IL",Illinois,auto_passenger,region_departure,eat,1900-01-01 21:14:00,1900-01-01 23:23:19,129,129.8,unknown_vehicle_type,unknown_fuel_type,,,,retail,retail,transportation_utilities,transportation_utilities,10700336039749349881,,,,,,,,,,,,visitor,,,,,,,Visitor (no home location),Visitor (no home location),Visitor (no home location),Visitor (no home location),Visitor (no work/school location),Visitor (no work/school location),Visitor (no work/school location),Visitor (no work/school location),6.090909090909091,11.770407966591712,21,UIUC1,"3.01 (Champaign, IL)",1900-01-01 22:40:05.454545454,22,3.333333333333333,Chicago3_mdw,"9801 (Cook, IL)",7.912830188679245,70,79.42424242424242,10,119.68323815527096,129,3.0,77.88000000000001,0,1,0
15048282588062491925,"3 (Tract 8, Champaign, IL)","8 (Champaign, IL)","Champaign County, IL",Illinois,"1 (Tract 9801, Cook, IL)","9801 (Cook, IL)","Cook County, IL",Illinois,private_auto,region_departure,lodging,1900-01-01 16:53:00,1900-01-01 19:11:19,138,126.9,unknown_vehicle_type,unknown_fuel_type,,,,retail,retail,transportation_utilities,transportation_utilities,13218123214987035641,,,,,,,,,,,,visitor,,,,,,,Visitor (no home location),Visitor (no home location),Visitor (no home location),Visitor (no home location),Visitor (no work/school location),Visitor (no work/school location),Visitor (no work/school location),Visitor (no work/school location),7.610169491525424,12.408497334850573,16,UIUC1,"3.01 (Champaign, IL)",1900-01-01 18:20:36.610169490,18,4.653846153846154,Chicago3_mdw,"9801 (Cook, IL)",8.46744557329463,70,82.26401564537159,10,120.8759429081452,138,3.0,76.14,0,1,0
3537084284099693281,"1 (Tract 58, Champaign, IL)","58 (Champaign, IL)","Champaign County, IL",Illinois,"1 (Tract 6202, Cook, IL)","6202 (Cook, IL)","Cook County, IL",Illinois,auto_passenger,shop,lodging,1900-01-01 07:14:00,1900-01-01 09:29:36,135,126.9,,unknown_fuel_type,,,,office,office,retail,retail,5466515233579052972,,,,,,,,,,,,visitor,,,,,,,Visitor (no home location),Visitor (no home location),Visitor (no home location),Visitor (no home location),Visitor (no work/school location),Visitor (no work/school location),Visitor (no work/school location),Visitor (no work/school location),3.230769230769231,7.509453197405006,7,UIUC1,"3.01 (Champaign, IL)",1900-01-01 08:37:13.846153848,8,6.0,Chicago3_mdw,"9801 (Cook, IL)",9.525,70,79.23076923076923,10,117.03445319740501,135,3.0,76.14,0,1,0
37712335691051338,"4 (Tract 56.01, Champaign, IL)","56.01 (Champaign, IL)","Champaign County, IL",Illinois,"1 (Tract 9801, Cook, IL)","9801 (Cook, IL)","Cook County, IL",Illinois,auto_passenger,region_departure,social,1900-01-01 15:22:00,1900-01-01 17:41:09,139,134.3,unknown_vehicle_type,unknown_fuel_type,,,,single_family,single_family,transportation_utilities,transportation_utilities,14653134324989002305,,,,,,,,,,,,visitor,,,,,,,Visitor (no home location),Visitor (no home location),Visitor (no home location),Visitor (no home location),Visitor (no work/school location),Visitor (no work/school location),Visitor (no work/school location),Visitor (no work/school location),5.6923076923076925,10.712798216276477,15,UIUC1,"3.01 (Champaign, IL)",1900-01-01 16:47:41.538461538,16,4.228070175438597,Chicago3_mdw,"9801 (Cook, IL)",8.288619662363455,70,79.9203778677463,10,119.00141787863994,139,3.0,80.58,0,1,0
9483727041503004516,"3 (Tract 7, Champaign, IL)","7 (Champaign, IL)","Champaign County, IL",Illinois,"1 (Tract 9801, Cook, IL)","9801 (Cook, IL)","Cook County, IL",Illinois,private_auto,region_departure,maintenance,1900-01-01 22:09:00,1900-01-01 00:19:10,130,125.1,unknown_vehicle_type,unknown_fuel_type,,,,retail,retail,transportation_utilities,transportation_utilities,7014508375966651678,,,,,,,,,,,,visitor,,,,,,,Visitor (no home location),Visitor (no home location),Visitor (no home location),Visitor (no home location),Visitor (no work/school location),Visitor (no work/school location),Visitor (no work/school location),Visitor (no work/school location),4.25,8.9298,22,UIUC1,"3.01 (Champaign, IL)",1900-01-01 23:33:15.000000000,23,3.0,Chicago3_mdw,"9801 (Cook, IL)",7.7728301886792455,70,77.25,10,116.70263018867925,130,3.0,75.05999999999999,0,1,0
9607150911060945944,"1 (Tract 8, Champaign, IL)","8 (Champaign, IL)","Champaign County, IL",Illinois,"1 (Tract 9801, Cook, IL)","9801 (Cook, IL)","Cook County, IL",Illinois,private_auto,region_departure,shop,1900-01-01 19:40:48,1900-01-01 21:57:09,136,126.8,unknown_vehicle_type,unknown_fuel_type,,,,office,office,transportation_utilities,transportation_utilities,16856046896187237193,,,,,,,,,,,,visitor,,,,,,,Visitor (no home location),Visitor (no home location),Visitor (no home location),Visitor (no home location),Visitor (no work/school location),Visitor (no work/school location),Visitor (no work/school location),Visitor (no work/school location),6.630434782608695,11.997008757105547,19,UIUC1,"3.01 (Champaign, IL)",1900-01-01 21:07:25.826086956,21,4.333333333333333,Chicago3_mdw,"9801 (Cook, IL)",8.332830188679244,70,80.96376811594202,10,120.32983894578479,136,3.0,76.08,0,1,0
14935813234164036965,"2 (Tract 11, Champaign, IL)","11 (Champaign, IL)","Champaign County, IL",Illinois,"1 (Tract 9801, Cook, IL)","9801 (Cook, IL)","Cook County, IL",Illinois,auto_passenger,region_departure,social,1900-01-01 21:28:00,1900-01-01 23:39:42,131,134.8,unknown_vehicle_type,unknown_fuel_type,,,,single_family,single_family,transportation_utilities,transportation_utilities,17061785232540875831,,,,,,,,,,,,visitor,,,,,,,Visitor (no home location),Visitor (no home location),Visitor (no home location),Visitor (no home location),Visitor (no work/school location),Visitor (no work/school location),Visitor (no work/school location),Visitor (no work/school location),4.666666666666667,9.413246753246753,21,UIUC1,"3.01 (Champaign, IL)",1900-01-01 22:52:40.000000002,22,3.333333333333333,Chicago3_mdw,"9801 (Cook, IL)",7.912830188679245,70,78.0,10,117.326076941926,131,3.0,80.88000000000001,0,1,0
2132521736661370351,"1 (Tract 9.02, Champaign, IL)","9.02 (Champaign, IL)","Champaign County, IL",Illinois,"1 (Tract 9801, Cook, IL)","9801 (Cook, IL)","Cook County, IL",Illinois,private_auto,region_departure,recreation,1900-01-01 13:09:00,1900-01-01 15:29:13,140,126.4,unknown_vehicle_type,unknown_fuel_type,,,,mixed_use,open_space,transportation_utilities,transportation_utilities,16295605499733281776,,,,,,,,,,,,visitor,,,,,,,Visitor (no home location),Visitor (no home location),Visitor (no home location),Visitor (no home location),Visitor (no work/school location),Visitor (no work/school location),Visitor (no work/school location),Visitor (no work/school location),10.090909090909092,15.755931014323297,13,UIUC1,"3.01 (Champaign, IL)",1900-01-01 14:39:05.454545454,14,5.041322314049586,Chicago3_mdw,"9801 (Cook, IL)",8.63018556058007,70,85.13223140495867,10,124.38611657490337,140,3.0,75.84,0,1,0
11491151618127705999,"3 (Tract 8, Champaign, IL)","8 (Champaign, IL)","Champaign County, IL",Illinois,"1 (Tract 9801, Cook, IL)","9801 (Cook, IL)","Cook County, IL",Illinois,private_auto,region_departure,recreation,1900-01-01 20:08:00,1900-01-01 22:24:15,136,126.9,unknown_vehicle_type,unknown_fuel_type,,,,non_retail_attraction,non_retail_attraction,transportation_utilities,transportation_utilities,11625301424985844014,,,,,,,,,,,,visitor,,,,,,,Visitor (no home location),Visitor (no home location),Visitor (no home location),Visitor (no home location),Visitor (no work/school location),Visitor (no work/school location),Visitor (no work/school location),Visitor (no work/school location),6.67741935483871,12.016742277442152,20,UIUC1,"3.01 (Champaign, IL)",1900-01-01 21:34:40.645161288,21,4.333333333333333,Chicago3_mdw,"9801 (Cook, IL)",8.332830188679244,70,81.01075268817203,10,120.34957246612139,136,3.0,76.14,0,1,0
4245241159913062807,"1 (Tract 12.05, Champaign, IL)","12.05 (Champaign, IL)","Champaign County, IL",Illinois,"1 (Tract 9801, Cook, IL)","9801 (Cook, IL)","Cook County, IL",Illinois,auto_passenger,region_departure,social,1900-01-01 19:12:00,1900-01-01 21:26:43,134,138.1,unknown_vehicle_type,unknown_fuel_type,,,,single_family,single_family,transportation_utilities,transportation_utilities,12824533046183634483,,,,,,,,,,,,visitor,,,,,,,Visitor (no home location),Visitor (no home location),Visitor (no home location),Visitor (no home location),Visitor (no work/school location),Visitor (no work/school location),Visitor (no work/school location),Visitor (no work/school location),12.333333333333334,18.943661971830984,19,UIUC1,"3.01 (Champaign, IL)",1900-01-01 20:44:19.999999998,20,5.92,Chicago3_mdw,"9801 (Cook, IL)",8.999230188679245,70,88.25333333333333,10,127.94289216051023,134,3.0,82.86,0,1,0
2929790350760768672,"5 (Tract 56.01, Champaign, IL)","56.01 (Champaign, IL)","Champaign County, IL",Illinois,"1 (Tract 9801, Cook, IL)","9801 (Cook, IL)","Cook County, IL",Illinois,auto_passenger,region_departure,lodging,1900-01-01 15:47:00,1900-01-01 18:07:21,140,135.0,unknown_vehicle_type,unknown_fuel_type,,,,civic_institutional,civic_institutional,transportation_utilities,transportation_utilities,6463928830372102046,,,,,,,,,,,,visitor,,,,,,,Visitor (no home location),Visitor (no home location),Visitor (no home location),Visitor (no home location),Visitor (no work/school location),Visitor (no work/school location),Visitor (no work/school location),Visitor (no work/school location),5.6923076923076925,10.712798216276477,15,UIUC1,"3.01 (Champaign, IL)",1900-01-01 17:12:41.538461538,17,5.551724137931035,Chicago3_mdw,"9801 (Cook, IL)",8.844554326610279,70,81.24403183023873,10,119.55735254288676,140,3.0,81.0,0,1,0
17301098138502105797,"2 (Tract 55, Champaign, IL)","55 (Champaign, IL)","Champaign County, IL",Illinois,"1 (Tract 9801, Cook, IL)","9801 (Cook, IL)","Cook County, IL",Illinois,auto_passenger,region_departure,maintenance,1900-01-01 20:45:00,1900-01-01 23:02:06,137,135.6,unknown_vehicle_type,unknown_fuel_type,,,,retail,retail,transportation_utilities,transportation_utilities,1670104707527877697,,,,,,,,,,,,visitor,,,,,,,Visitor (no home location),Visitor (no home location),Visitor (no home location),Visitor (no home location),Visitor (no work/school location),Visitor (no work/school location),Visitor (no work/school location),Visitor (no work/school location),8.333333333333334,11.51957894736842,20,UIUC1,"3.01 (Champaign, IL)",1900-01-01 22:13:19.999999998,22,3.333333333333333,Chicago3_mdw,"9801 (Cook, IL)",7.912830188679245,70,81.66666666666666,10,119.43240913604767,137,3.0,81.36,0,1,0
17451849672800436731,"5 (Tract 12.01, Champaign, IL)","12.01 (Champaign, IL)","Champaign County, IL",Illinois,"1 (Tract 9801, Cook, IL)","9801 (Cook, IL)","Cook County, IL",Illinois,auto_passenger,region_departure,lodging,1900-01-01 20:40:00,1900-01-01 22:53:03,133,133.5,unknown_vehicle_type,unknown_fuel_type,,,,retail,retail,transportation_utilities,transportation_utilities,13579070965508212312,,,,,,,,,,,,visitor,,,,,,,Visitor (no home location),Visitor (no home location),Visitor (no home location),Visitor (no home location),Visitor (no work/school location),Visitor (no work/school location),Visitor (no work/school location),Visitor (no work/school location),7.25,12.351092715231788,20,UIUC1,"3.01 (Champaign, IL)",1900-01-01 22:07:15.000000000,22,3.333333333333333,Chicago3_mdw,"9801 (Cook, IL)",7.912830188679245,70,80.58333333333333,10,120.26392290391104,133,3.0,80.1,0,1,0
5488928040918961562,"1 (Tract 12.01, Champaign, IL)","12.01 (Champaign, IL)","Champaign County, IL",Illinois,"1 (Tract 9801, Cook, IL)","9801 (Cook, IL)","Cook County, IL",Illinois,auto_passenger,region_departure,recreation,1900-01-01 21:08:00,1900-01-01 23:19:42,131,134.6,unknown_vehicle_type,unknown_fuel_type,,,,open_space,open_space,transportation_utilities,transportation_utilities,6681689229502052743,,,,,,,,,,,,visitor,,,,,,,Visitor (no home location),Visitor (no home location),Visitor (no home location),Visitor (no home location),Visitor (no work/school location),Visitor (no work/school location),Visitor (no work/school location),Visitor (no work/school location),6.875,12.193592715231787,21,UIUC1,"3.01 (Champaign, IL)",1900-01-01 22:34:52.500000000,22,3.333333333333333,Chicago3_mdw,"9801 (Cook, IL)",7.912830188679245,70,80.20833333333333,10,120.10642290391104,131,3.0,80.75999999999999,0,1,0
9905820180442815866,"2 (Tract 11, Champaign, IL)","11 (Champaign, IL)","Champaign County, IL",Illinois,"1 (Tract 9801, Cook, IL)","9801 (Cook, IL)","Cook County, IL",Illinois,auto_passenger,region_departure,social,1900-01-01 22:02:00,1900-01-01 00:14:08,132,132.8,unknown_vehicle_type,unknown_fuel_type,,,,single_family,single_family,transportation_utilities,transportation_utilities,8993395330963467699,,,,,,,,,,,,visitor,,,,,,,Visitor (no home location),Visitor (no home location),Visitor (no home location),Visitor (no home location),Visitor (no work/school location),Visitor (no work/school location),Visitor (no work/school location),Visitor (no work/school location),3.0,8.713246753246754,22,UIUC1,"3.01 (Champaign, IL)",1900-01-01 23:25:00.000000000,23,3.0,Chicago3_mdw,"9801 (Cook, IL)",7.7728301886792455,70,76.0,10,116.486076941926,132,3.0,79.68,0,1,0
804903497953058634,"1 (Tract 10, Champaign, IL)","10 (Champaign, IL)","Champaign County, IL",Illinois,"1 (Tract 9801, Cook, IL)","9801 (Cook, IL)","Cook County, IL",Illinois,auto_passenger,region_departure,shop,1900-01-01 12:15:00,1900-01-01 14:26:55,131,133.3,unknown_vehicle_type,unknown_fuel_type,,,,retail,retail,transportation_utilities,transportation_utilities,1588487366573149989,,,,,,,,,,,,visitor,,,,,,,Visitor (no home location),Visitor (no home location),Visitor (no home location),Visitor (no home location),Visitor (no work/school location),Visitor (no work/school location),Visitor (no work/school location),Visitor (no work/school location),6.384615384615385,11.146919627457743,12,UIUC1,"3.01 (Champaign, IL)",1900-01-01 13:41:23.076923076,13,5.015151515151516,Chicago3_mdw,"9801 (Cook, IL)",8.619193825042881,70,81.3997668997669,10,119.76611345250063,131,3.0,79.98,0,1,0
1798785773678459896,"4 (Tract 56.01, Champaign, IL)","56.01 (Champaign, IL)","Champaign County, IL",Illinois,"1 (Tract 9801, Cook, IL)","9801 (Cook, IL)","Cook County, IL",Illinois,auto_passenger,region_departure,maintenance,1900-01-01 16:08:00,1900-01-01 18:25:39,137,134.9,unknown_vehicle_type,unknown_fuel_type,,,,single_family,single_family,transportation_utilities,transportation_utilities,9712874318420829548,,,,,,,,,,,,visitor,,,,,,,Visitor (no home location),Visitor (no home location),Visitor (no home location),Visitor (no home location),Visitor (no work/school location),Visitor (no work/school location),Visitor (no work/school location),Visitor (no work/school location),6.0,10.842028985507246,16,UIUC1,"3.01 (Champaign, IL)",1900-01-01 17:34:00.000000000,17,5.551724137931035,Chicago3_mdw,"9801 (Cook, IL)",8.844554326610279,70,81.55172413793103,10,119.68658331211752,137,3.0,80.94,0,1,0
7201360070468285600,"3 (Tract 8, Champaign, IL)","8 (Champaign, IL)","Champaign County, IL",Illinois,"1 (Tract 9801, Cook, IL)","9801 (Cook, IL)","Cook County, IL",Illinois,auto_passenger,region_departure,shop,1900-01-01 22:42:00,1900-01-01 00:48:41,126,130.3,unknown_vehicle_type,unknown_fuel_type,,,,retail,retail,transportation_utilities,transportation_utilities,11168810962038710505,,,,,,,,,,,,visitor,,,,,,,Visitor (no home location),Visitor (no home location),Visitor (no home location),Visitor (no home location),Visitor (no work/school location),Visitor (no work/school location),Visitor (no work/school location),Visitor (no work/school location),6.266666666666667,11.844226148409895,22,UIUC1,"3.01 (Champaign, IL)",1900-01-02 00:08:16.000000002,0,3.0,Chicago3_mdw,"9801 (Cook, IL)",7.7728301886792455,70,79.26666666666667,10,119.61705633708914,126,3.0,78.18,0,1,0
1809046528149276449,"3 (Tract 8, Champaign, IL)","8 (Champaign, IL)","Champaign County, IL",Illinois,"1 (Tract 9801, Cook, IL)","9801 (Cook, IL)","Cook County, IL",Illinois,auto_passenger,region_departure,shop,1900-01-01 23:09:00,1900-01-01 01:18:08,129,124.9,unknown_vehicle_type,unknown_fuel_type,,,,retail,retail,transportation_utilities,transportation_utilities,1364034207681778828,,,,,,,,,,,,visitor,,,,,,,Visitor (no home location),Visitor (no home location),Visitor (no home location),Visitor (no home location),Visitor (no work/school location),Visitor (no work/school location),Visitor (no work/school location),Visitor (no work/school location),7.0,12.152226148409895,23,UIUC1,"3.01 (Champaign, IL)",1900-01-02 00:36:00.000000000,0,3.0,Chicago3_mdw,"9801 (Cook, IL)",7.7728301886792455,70,80.0,10,119.92505633708915,129,3.0,74.94,0,1,0
16549929386580207873,"3 (Tract 7, Champaign, IL)","7 (Champaign, IL)","Champaign County, IL",Illinois,"1 (Tract 9801, Cook, IL)","9801 (Cook, IL)","Cook County, IL",Illinois,private_auto,region_departure,lodging,1900-01-01 14:41:00,1900-01-01 17:04:59,143,127.0,unknown_vehicle_type,unknown_fuel_type,,,,mixed_use,open_space,transportation_utilities,transportation_utilities,14491095507936616558,,,,,,,,,,,,visitor,,,,,,,Visitor (no home location),Visitor (no home location),Visitor (no home location),Visitor (no home location),Visitor (no work/school location),Visitor (no work/school location),Visitor (no work/school location),Visitor (no work/school location),4.222222222222222,8.918133333333333,14,UIUC1,"3.01 (Champaign, IL)",1900-01-01 16:05:13.333333332,16,4.228070175438597,Chicago3_mdw,"9801 (Cook, IL)",8.288619662363455,70,78.45029239766083,10,117.20675299569679,143,3.0,76.2,0,1,0
9695371571819223948,"2 (Tract 13.02, Champaign, IL)","13.02 (Champaign, IL)","Champaign County, IL",Illinois,"1 (Tract 9801, Cook, IL)","9801 (Cook, IL)","Cook County, IL",Illinois,auto_passenger,region_departure,maintenance,1900-01-01 16:22:00,1900-01-01 18:36:42,134,137.8,unknown_vehicle_type,unknown_fuel_type,,,,mixed_use,office,transportation_utilities,transportation_utilities,12377922745007789335,,,,,,,,,,,,visitor,,,,,,,Visitor (no home location),Visitor (no home location),Visitor (no home location),Visitor (no home location),Visitor (no work/school location),Visitor (no work/school location),Visitor (no work/school location),Visitor (no work/school location),7.2105263157894735,13.013103979460848,16,UIUC1,"3.01 (Champaign, IL)",1900-01-01 17:49:12.631578948,17,5.551724137931035,Chicago3_mdw,"9801 (Cook, IL)",8.844554326610279,70,82.76225045372051,10,121.85765830607113,134,3.0,82.68,0,1,0
12212676543312977242,"1 (Tract 56.02, Champaign, IL)","56.02 (Champaign, IL)","Champaign County, IL",Illinois,"1 (Tract 9801, Cook, IL)","9801 (Cook, IL)","Cook County, IL",Illinois,auto_passenger,region_departure,maintenance,1900-01-01 18:07:00,1900-01-01 20:24:07,137,135.2,unknown_vehicle_type,unknown_fuel_type,,,,retail,retail,transportation_utilities,transportation_utilities,15715826741562942251,,,,,,,,,,,,visitor,,,,,,,Visitor (no home location),Visitor (no home location),Visitor (no home location),Visitor (no home location),Visitor (no work/school location),Visitor (no work/school location),Visitor (no work/school location),Visitor (no work/school location),8.4,14.030748091603053,18,UIUC1,"3.01 (Champaign, IL)",1900-01-01 19:35:24.000000000,19,5.05,Chicago3_mdw,"9801 (Cook, IL)",8.633830188679244,70,83.45,10,122.6645782802823,137,3.0,81.11999999999999,0,1,0
16287274607369953678,"3 (Tract 7, Champaign, IL)","7 (Champaign, IL)","Champaign County, IL",Illinois,"1 (Tract 9801, Cook, IL)","9801 (Cook, IL)","Cook County, IL",Illinois,private_auto,region_departure,maintenance,1900-01-01 14:47:00,1900-01-01 17:10:05,143,126.7,unknown_vehicle_type,unknown_fuel_type,,,,civic_institutional,civic_institutional,transportation_utilities,transportation_utilities,12412415854836627572,,,,,,,,,,,,visitor,,,,,,,Visitor (no home location),Visitor (no home location),Visitor (no home location),Visitor (no home location),Visitor (no work/school location),Visitor (no work/school location),Visitor (no work/school location),Visitor (no work/school location),4.222222222222222,8.918133333333333,14,UIUC1,"3.01 (Champaign, IL)",1900-01-01 16:11:13.333333332,16,4.228070175438597,Chicago3_mdw,"9801 (Cook, IL)",8.288619662363455,70,78.45029239766083,10,117.20675299569679,143,3.0,76.02,0,1,0
10793243925953971128,"5 (Tract 10, Champaign, IL)","10 (Champaign, IL)","Champaign County, IL",Illinois,"1 (Tract 9801, Cook, IL)","9801 (Cook, IL)","Cook County, IL",Illinois,private_auto,region_departure,eat,1900-01-01 20:30:00,1900-01-01 22:41:03,131,127.7,unknown_vehicle_type,unknown_fuel_type,,,,retail,retail,transportation_utilities,transportation_utilities,13084308108055251427,,,,,,,,,,,,visitor,,,,,,,Visitor (no home location),Visitor (no home location),Visitor (no home location),Visitor (no home location),Visitor (no work/school location),Visitor (no work/school location),Visitor (no work/school location),Visitor (no work/school location),6.375,11.142881165919281,20,UIUC1,"3.01 (Champaign, IL)",1900-01-01 21:56:22.500000000,21,4.333333333333333,Chicago3_mdw,"9801 (Cook, IL)",8.332830188679244,70,80.70833333333333,10,119.47571135459852,131,3.0,76.62,0,1,0
15054124470537657533,"1 (Tract 109.02, Champaign, IL)","109.02 (Champaign, IL)","Champaign County, IL",Illinois,"1 (Tract 9801, Cook, IL)","9801 (Cook, IL)","Cook County, IL",Illinois,auto_passenger,region_departure,shop,1900-01-01 16:55:00,1900-01-01 19:13:03,138,140.0,unknown_vehicle_type,unknown_fuel_type,,,,retail,retail,transportation_utilities,transportation_utilities,380460803150259862,,,,,,,,,,,,visitor,,,,,,,Visitor (no home location),Visitor (no home location),Visitor (no home location),Visitor (no home location),Visitor (no work/school location),Visitor (no work/school location),Visitor (no work/school location),Visitor (no work/school location),9.0,16.213333333333335,16,UIUC1,"3.01 (Champaign, IL)",1900-01-01 18:24:00.000000000,18,4.653846153846154,Chicago3_mdw,"9801 (Cook, IL)",8.46744557329463,70,83.65384615384616,10,124.68077890662796,138,3.0,84.0,0,1,0
17723230535987006694,"4 (Tract 8, Champaign, IL)","8 (Champaign, IL)","Champaign County, IL",Illinois,"1 (Tract 9801, Cook, IL)","9801 (Cook, IL)","Cook County, IL",Illinois,private_auto,region_departure,shop,1900-01-01 18:37:00,1900-01-01 20:53:18,136,125.9,unknown_vehicle_type,unknown_fuel_type,,,,mixed_use,office,transportation_utilities,transportation_utilities,12500308475775787192,,,,,,,,,,,,visitor,,,,,,,Visitor (no home location),Visitor (no home location),Visitor (no home location),Visitor (no home location),Visitor (no work/school location),Visitor (no work/school location),Visitor (no work/school location),Visitor (no work/school location),7.183098591549296,12.229127556860599,18,UIUC1,"3.01 (Champaign, IL)",1900-01-01 20:04:10.985915490,20,5.92,Chicago3_mdw,"9801 (Cook, IL)",8.999230188679245,70,83.1030985915493,10,121.22835774553985,136,3.0,75.54,0,1,0
1118722467123288361,"5 (Tract 10, Champaign, IL)","10 (Champaign, IL)","Champaign County, IL",Illinois,"1 (Tract 9801, Cook, IL)","9801 (Cook, IL)","Cook County, IL",Illinois,private_auto,region_departure,recreation,1900-01-01 20:45:00,1900-01-01 22:57:55,132,128.5,unknown_vehicle_type,unknown_fuel_type,,,,mixed_use,open_space,transportation_utilities,transportation_utilities,1458333718978781713,,,,,,,,,,,,visitor,,,,,,,Visitor (no home location),Visitor (no home location),Visitor (no home location),Visitor (no home location),Visitor (no work/school location),Visitor (no work/school location),Visitor (no work/school location),Visitor (no work/school location),6.375,11.142881165919281,20,UIUC1,"3.01 (Champaign, IL)",1900-01-01 22:11:22.500000000,22,3.333333333333333,Chicago3_mdw,"9801 (Cook, IL)",7.912830188679245,70,79.70833333333333,10,119.05571135459853,132,3.0,77.1,0,1,0
9728285805329086332,"1 (Tract 8, Champaign, IL)","8 (Champaign, IL)","Champaign County, IL",Illinois,"1 (Tract 9801, Cook, IL)","9801 (Cook, IL)","Cook County, IL",Illinois,auto_passenger,region_departure,recreation,1900-01-01 17:10:00,1900-01-01 19:16:59,126,129.8,unknown_vehicle_type,unknown_fuel_type,,,,non_retail_attraction,non_retail_attraction,transportation_utilities,transportation_utilities,15415820457634199119,,,,,,,,,,,,visitor,,,,,,,Visitor (no home location),Visitor (no home location),Visitor (no home location),Visitor (no home location),Visitor (no work/school location),Visitor (no work/school location),Visitor (no work/school location),Visitor (no work/school location),7.0,12.152226148409895,17,UIUC1,"3.01 (Champaign, IL)",1900-01-01 18:37:00.000000000,18,4.653846153846154,Chicago3_mdw,"9801 (Cook, IL)",8.46744557329463,70,81.65384615384616,10,120.61967172170452,126,3.0,77.88000000000001,0,1,0
15024287311466265656,"1 (Tract 8, Champaign, IL)","8 (Champaign, IL)","Champaign County, IL",Illinois,"1 (Tract 9801, Cook, IL)","9801 (Cook, IL)","Cook County, IL",Illinois,private_auto,region_departure,maintenance,1900-01-01 21:23:00,1900-01-01 23:32:05,129,124.9,unknown_vehicle_type,unknown_fuel_type,,,,retail,retail,transportation_utilities,transportation_utilities,4621320969700155341,,,,,,,,,,,,visitor,,,,,,,Visitor (no home location),Visitor (no home location),Visitor (no home location),Visitor (no home location),Visitor (no work/school location),Visitor (no work/school location),Visitor (no work/school location),Visitor (no work/school location),6.090909090909091,11.770407966591712,21,UIUC1,"3.01 (Champaign, IL)",1900-01-01 22:49:05.454545454,22,3.333333333333333,Chicago3_mdw,"9801 (Cook, IL)",7.912830188679245,70,79.42424242424242,10,119.68323815527096,129,3.0,74.94,0,1,0
5349828805072103810,"3 (Tract 7, Champaign, IL)","7 (Champaign, IL)","Champaign County, IL",Illinois,"1 (Tract 9801, Cook, IL)","9801 (Cook, IL)","Cook County, IL",Illinois,auto_passenger,region_departure,recreation,1900-01-01 11:46:00,1900-01-01 13:57:01,131,130.6,unknown_vehicle_type,unknown_fuel_type,,,,mixed_use,open_space,transportation_utilities,transportation_utilities,7008860206080390212,,,,,,,,,,,,visitor,,,,,,,Visitor (no home location),Visitor (no home location),Visitor (no home location),Visitor (no home location),Visitor (no work/school location),Visitor (no work/school location),Visitor (no work/school location),Visitor (no work/school location),4.2727272727272725,8.939345454545455,11,UIUC1,"3.01 (Champaign, IL)",1900-01-01 13:10:16.363636362,13,5.015151515151516,Chicago3_mdw,"9801 (Cook, IL)",8.619193825042881,70,79.28787878787878,10,117.55853927958835,131,3.0,78.36,0,1,0
11060066112031906006,"1 (Tract 111, Champaign, IL)","111 (Champaign, IL)","Champaign County, IL",Illinois,"1 (Tract 9801, Cook, IL)","9801 (Cook, IL)","Cook County, IL",Illinois,auto_passenger,region_departure,social,1900-01-01 20:05:00,1900-01-01 22:17:59,132,133.1,unknown_vehicle_type,unknown_fuel_type,,,,retail,retail,transportation_utilities,transportation_utilities,10352245506496470732,,,,,,,,,,,,visitor,,,,,,,Visitor (no home location),Visitor (no home location),Visitor (no home location),Visitor (no home location),Visitor (no work/school location),Visitor (no work/school location),Visitor (no work/school location),Visitor (no work/school location),3.0,7.116078431372549,20,UIUC1,"3.01 (Champaign, IL)",1900-01-01 21:28:00.000000000,21,4.333333333333333,Chicago3_mdw,"9801 (Cook, IL)",8.332830188679244,70,77.33333333333333,10,115.44890862005178,132,3.0,79.86,0,1,0
1666852857380934318,"1 (Tract 8, Champaign, IL)","8 (Champaign, IL)","Champaign County, IL",Illinois,"1 (Tract 9801, Cook, IL)","9801 (Cook, IL)","Cook County, IL",Illinois,private_auto,region_departure,maintenance,1900-01-01 16:58:00,1900-01-01 19:10:06,132,124.0,unknown_vehicle_type,unknown_fuel_type,,,,office,office,transportation_utilities,transportation_utilities,568077858539697401,,,,,,,,,,,,visitor,,,,,,,Visitor (no home location),Visitor (no home location),Visitor (no home location),Visitor (no home location),Visitor (no work/school location),Visitor (no work/school location),Visitor (no work/school location),Visitor (no work/school location),7.610169491525424,12.408497334850573,16,UIUC1,"3.01 (Champaign, IL)",1900-01-01 18:25:36.610169490,18,4.653846153846154,Chicago3_mdw,"9801 (Cook, IL)",8.46744557329463,70,82.26401564537159,10,120.8759429081452,132,3.0,74.39999999999999,0,1,0
2426870585929054237,"2 (Tract 7, Champaign, IL)","7 (Champaign, IL)","Champaign County, IL",Illinois,"1 (Tract 9801, Cook, IL)","9801 (Cook, IL)","Cook County, IL",Illinois,private_auto,region_departure,other_activity_type,1900-01-01 17:25:00,1900-01-01 19:45:15,140,127.5,unknown_vehicle_type,unknown_fuel_type,,,,mixed_use,transportation_utilities,transportation_utilities,transportation_utilities,15788077347229772103,,,,,,,,,,,,visitor,,,,,,,Visitor (no home location),Visitor (no home location),Visitor (no home location),Visitor (no home location),Visitor (no work/school location),Visitor (no work/school location),Visitor (no work/school location),Visitor (no work/school location),4.545454545454546,9.053890909090908,17,UIUC1,"3.01 (Champaign, IL)",1900-01-01 18:49:32.727272730,18,4.653846153846154,Chicago3_mdw,"9801 (Cook, IL)",8.46744557329463,70,79.19930069930071,10,117.52133648238554,140,3.0,76.5,0,1,0
8351986503475440221,"3 (Tract 111, Champaign, IL)","111 (Champaign, IL)","Champaign County, IL",Illinois,"1 (Tract 9801, Cook, IL)","9801 (Cook, IL)","Cook County, IL",Illinois,private_auto,region_departure,recreation,1900-01-01 19:57:00,1900-01-01 22:17:51,140,128.8,unknown_vehicle_type,unknown_fuel_type,,,,mixed_use,non_retail_attraction,transportation_utilities,transportation_utilities,6888276926861029046,,,,,,,,,,,,visitor,,,,,,,Visitor (no home location),Visitor (no home location),Visitor (no home location),Visitor (no home location),Visitor (no work/school location),Visitor (no work/school location),Visitor (no work/school location),Visitor (no work/school location),2.111111111111111,6.742745098039216,19,UIUC1,"3.01 (Champaign, IL)",1900-01-01 21:19:06.666666666,21,4.333333333333333,Chicago3_mdw,"9801 (Cook, IL)",8.332830188679244,70,76.44444444444444,10,115.07557528671846,140,3.0,77.28,0,1,0
16126493816229390923,"3 (Tract 9.01, Champaign, IL)","9.01 (Champaign, IL)","Champaign County, IL",Illinois,"1 (Tract 9801, Cook, IL)","9801 (Cook, IL)","Cook County, IL",Illinois,auto_passenger,region_departure,social,1900-01-01 22:41:00,1900-01-01 00:51:11,130,129.9,unknown_vehicle_type,unknown_fuel_type,,,,single_family,single_family,transportation_utilities,transportation_utilities,705441984238130349,,,,,,,,,,,,visitor,,,,,,,Visitor (no home location),Visitor (no home location),Visitor (no home location),Visitor (no home location),Visitor (no work/school location),Visitor (no work/school location),Visitor (no work/school location),Visitor (no work/school location),6.0,11.338571428571429,22,UIUC1,"3.01 (Champaign, IL)",1900-01-02 00:07:00.000000000,0,3.0,Chicago3_mdw,"9801 (Cook, IL)",7.7728301886792455,70,79.0,10,119.11140161725068,130,3.0,77.94,0,1,0
14700658043420138096,"3 (Tract 12.03, Champaign, IL)","12.03 (Champaign, IL)","Champaign County, IL",Illinois,"1 (Tract 9801, Cook, IL)","9801 (Cook, IL)","Cook County, IL",Illinois,private_auto,region_departure,recreation,1900-01-01 13:10:00,1900-01-01 15:34:06,144,129.5,unknown_vehicle_type,unknown_fuel_type,,,,mixed_use,open_space,transportation_utilities,transportation_utilities,10861767444571677920,,,,,,,,,,,,visitor,,,,,,,Visitor (no home location),Visitor (no home location),Visitor (no home location),Visitor (no home location),Visitor (no work/school location),Visitor (no work/school location),Visitor (no work/school location),Visitor (no work/school location),8.545454545454545,14.223747397640526,13,UIUC1,"3.01 (Champaign, IL)",1900-01-01 14:38:32.727272730,14,5.041322314049586,Chicago3_mdw,"9801 (Cook, IL)",8.63018556058007,70,83.58677685950413,10,122.8539329582206,144,3.0,77.7,0,1,0
12025485044732579344,"1 (Tract 12.03, Champaign, IL)","12.03 (Champaign, IL)","Champaign County, IL",Illinois,"1 (Tract 9801, Cook, IL)","9801 (Cook, IL)","Cook County, IL",Illinois,private_auto,region_departure,maintenance,1900-01-01 23:04:00,1900-01-01 01:18:14,134,128.0,unknown_vehicle_type,unknown_fuel_type,,,,single_family,single_family,transportation_utilities,transportation_utilities,15627683697077050683,,,,,,,,,,,,visitor,,,,,,,Visitor (no home location),Visitor (no home location),Visitor (no home location),Visitor (no home location),Visitor (no work/school location),Visitor (no work/school location),Visitor (no work/school location),Visitor (no work/school location),8.0,13.994656488549618,23,UIUC1,"3.01 (Champaign, IL)",1900-01-02 00:32:00.000000000,0,3.0,Chicago3_mdw,"9801 (Cook, IL)",7.7728301886792455,70,81.0,10,121.76748667722887,134,3.0,76.8,0,1,0
7155875035415215835,"1 (Tract 9.02, Champaign, IL)","9.02 (Champaign, IL)","Champaign County, IL",Illinois,"1 (Tract 9801, Cook, IL)","9801 (Cook, IL)","Cook County, IL",Illinois,private_auto,region_departure,maintenance,1900-01-01 22:18:00,1900-01-01 00:28:16,130,130.0,unknown_vehicle_type,unknown_fuel_type,,,,education,education,transportation_utilities,transportation_utilities,7197145250330408398,,,,,,,,,,,,visitor,,,,,,,Visitor (no home location),Visitor (no home location),Visitor (no home location),Visitor (no home location),Visitor (no work/school location),Visitor (no work/school location),Visitor (no work/school location),Visitor (no work/school location),9.0,15.297749196141478,22,UIUC1,"3.01 (Champaign, IL)",1900-01-01 23:47:00.000000000,23,3.0,Chicago3_mdw,"9801 (Cook, IL)",7.7728301886792455,70,82.0,10,123.07057938482073,130,3.0,78.0,0,1,0
10100691465024699666,"1 (Tract 5, Champaign, IL)","5 (Champaign, IL)","Champaign County, IL",Illinois,"1 (Tract 9801, Cook, IL)","9801 (Cook, IL)","Cook County, IL",Illinois,auto_passenger,region_departure,recreation,1900-01-01 18:08:00,1900-01-01 20:20:00,132,132.2,unknown_vehicle_type,unknown_fuel_type,,,,open_space,open_space,transportation_utilities,transportation_utilities,4833631876396502873,,,,,,,,,,,,visitor,,,,,,,Visitor (no home location),Visitor (no home location),Visitor (no home location),Visitor (no home location),Visitor (no work/school location),Visitor (no work/school location),Visitor (no work/school location),Visitor (no work/school location),2.333333333333333,6.769508196721312,18,UIUC1,"3.01 (Champaign, IL)",1900-01-01 19:30:19.999999998,19,5.05,Chicago3_mdw,"9801 (Cook, IL)",8.633830188679244,70,77.38333333333333,10,115.40333838540056,132,3.0,79.32,0,1,0
7483489344441201810,"1 (Tract 12.01, Champaign, IL)","12.01 (Champaign, IL)","Champaign County, IL",Illinois,"1 (Tract 2212, Cook, IL)","2212 (Cook, IL)","Cook County, IL",Illinois,private_auto,lodging,recreation,1900-01-01 13:54:00,1900-01-01 16:39:41,165,146.5,unknown_vehicle_type,unknown_fuel_type,,,,non_retail_attraction,non_retail_attraction,mixed_use,retail,17282524337028735417,,,,,,,,,,,,visitor,,,,,,,Visitor (no home location),Visitor (no home location),Visitor (no home location),Visitor (no home location),Visitor (no work/school location),Visitor (no work/school location),Visitor (no work/school location),Visitor (no work/school location),7.166666666666667,12.31609271523179,13,UIUC1,"3.01 (Champaign, IL)",1900-01-01 15:21:10.000000002,15,20.0,Chicago3_mdw,"9801 (Cook, IL)",27.500000000000004,70,97.16666666666667,10,139.8160927152318,165,3.0,87.89999999999999,0,1,0
12266973701318069659,"1 (Tract 8, Champaign, IL)","8 (Champaign, IL)","Champaign County, IL",Illinois,"1 (Tract 9801, Cook, IL)","9801 (Cook, IL)","Cook County, IL",Illinois,private_auto,region_departure,eat,1900-01-01 19:31:00,1900-01-01 21:47:03,136,126.6,unknown_vehicle_type,unknown_fuel_type,,,,retail,retail,transportation_utilities,transportation_utilities,6878160010283230654,,,,,,,,,,,,visitor,,,,,,,Visitor (no home location),Visitor (no home location),Visitor (no home location),Visitor (no home location),Visitor (no work/school location),Visitor (no work/school location),Visitor (no work/school location),Visitor (no work/school location),6.630434782608695,11.997008757105547,19,UIUC1,"3.01 (Champaign, IL)",1900-01-01 20:57:37.826086956,20,5.92,Chicago3_mdw,"9801 (Cook, IL)",8.999230188679245,70,82.55043478260869,10,120.9962389457848,136,3.0,75.96,0,1,0
16820246791405363022,"2 (Tract 54.01, Champaign, IL)","54.01 (Champaign, IL)","Champaign County, IL",Illinois,"1 (Tract 9801, Cook, IL)","9801 (Cook, IL)","Cook County, IL",Illinois,private_auto,region_departure,shop,1900-01-01 18:40:00,1900-01-01 21:00:54,140,129.4,unknown_vehicle_type,unknown_fuel_type,,,,retail,retail,transportation_utilities,transportation_utilities,8145633456272939224,,,,,,,,,,,,visitor,,,,,,,Visitor (no home location),Visitor (no home location),Visitor (no home location),Visitor (no home location),Visitor (no work/school location),Visitor (no work/school location),Visitor (no work/school location),Visitor (no work/school location),5.428571428571429,10.227904191616766,18,UIUC1,"3.01 (Champaign, IL)",1900-01-01 20:05:25.714285716,20,5.92,Chicago3_mdw,"9801 (Cook, IL)",8.999230188679245,70,81.34857142857143,10,119.22713438029602,140,3.0,77.64,0,1,0
829132883626297226,"3 (Tract 8, Champaign, IL)","8 (Champaign, IL)","Champaign County, IL",Illinois,"1 (Tract 9801, Cook, IL)","9801 (Cook, IL)","Cook County, IL",Illinois,private_auto,region_departure,shop,1900-01-01 19:31:00,1900-01-01 21:47:04,136,126.8,unknown_vehicle_type,unknown_fuel_type,,,,office,office,transportation_utilities,transportation_utilities,18407827247578184503,,,,,,,,,,,,visitor,,,,,,,Visitor (no home location),Visitor (no home location),Visitor (no home location),Visitor (no home location),Visitor (no work/school location),Visitor (no work/school location),Visitor (no work/school location),Visitor (no work/school location),6.630434782608695,11.997008757105547,19,UIUC1,"3.01 (Champaign, IL)",1900-01-01 20:57:37.826086956,20,5.92,Chicago3_mdw,"9801 (Cook, IL)",8.999230188679245,70,82.55043478260869,10,120.9962389457848,136,3.0,76.08,0,1,0
11078812967368043846,"1 (Tract 8, Champaign, IL)","8 (Champaign, IL)","Champaign County, IL",Illinois,"1 (Tract 9801, Cook, IL)","9801 (Cook, IL)","Cook County, IL",Illinois,private_auto,region_departure,shop,1900-01-01 12:37:00,1900-01-01 14:51:16,134,124.5,unknown_vehicle_type,unknown_fuel_type,,,,mixed_use,office,transportation_utilities,transportation_utilities,12635832950507263888,,,,,,,,,,,,visitor,,,,,,,Visitor (no home location),Visitor (no home location),Visitor (no home location),Visitor (no home location),Visitor (no work/school location),Visitor (no work/school location),Visitor (no work/school location),Visitor (no work/school location),7.551724137931035,12.383950286340928,12,UIUC1,"3.01 (Champaign, IL)",1900-01-01 14:04:33.103448273,14,5.041322314049586,Chicago3_mdw,"9801 (Cook, IL)",8.63018556058007,70,82.59304645198061,10,121.01413584692101,134,3.0,74.7,0,1,0
7298309032059186271,"1 (Tract 8, Champaign, IL)","8 (Champaign, IL)","Champaign County, IL",Illinois,"1 (Tract 9801, Cook, IL)","9801 (Cook, IL)","Cook County, IL",Illinois,auto_passenger,region_departure,eat,1900-01-01 20:54:00,1900-01-01 23:00:49,126,130.2,unknown_vehicle_type,unknown_fuel_type,,,,retail,retail,transportation_utilities,transportation_utilities,7656741466449818612,,,,,,,,,,,,visitor,,,,,,,Visitor (no home location),Visitor (no home location),Visitor (no home location),Visitor (no home location),Visitor (no work/school location),Visitor (no work/school location),Visitor (no work/school location),Visitor (no work/school location),6.67741935483871,12.016742277442152,20,UIUC1,"3.01 (Champaign, IL)",1900-01-01 22:20:40.645161288,22,3.333333333333333,Chicago3_mdw,"9801 (Cook, IL)",7.912830188679245,70,80.01075268817203,10,119.9295724661214,126,3.0,78.11999999999999,0,1,0
7189538393322352440,"1 (Tract 8, Champaign, IL)","8 (Champaign, IL)","Champaign County, IL",Illinois,"1 (Tract 9801, Cook, IL)","9801 (Cook, IL)","Cook County, IL",Illinois,private_auto,region_departure,maintenance,1900-01-01 13:18:00,1900-01-01 15:40:53,142,126.6,unknown_vehicle_type,unknown_fuel_type,,,,retail,retail,transportation_utilities,transportation_utilities,5767070895305459865,,,,,,,,,,,,visitor,,,,,,,Visitor (no home location),Visitor (no home location),Visitor (no home location),Visitor (no home location),Visitor (no work/school location),Visitor (no work/school location),Visitor (no work/school location),Visitor (no work/school location),7.186440677966102,12.230531233155657,13,UIUC1,"3.01 (Champaign, IL)",1900-01-01 14:45:11.186440680,14,5.041322314049586,Chicago3_mdw,"9801 (Cook, IL)",8.63018556058007,70,82.22776299201568,10,120.86071679373573,142,3.0,75.96,0,1,0
3231913359314986849,"1 (Tract 5, Champaign, IL)","5 (Champaign, IL)","Champaign County, IL",Illinois,"1 (Tract 9801, Cook, IL)","9801 (Cook, IL)","Cook County, IL",Illinois,auto_passenger,region_departure,social,1900-01-01 22:42:00,1900-01-01 00:53:05,131,132.2,unknown_vehicle_type,unknown_fuel_type,,,,single_family,single_family,transportation_utilities,transportation_utilities,1129196528010063954,,,,,,,,,,,,visitor,,,,,,,Visitor (no home location),Visitor (no home location),Visitor (no home location),Visitor (no home location),Visitor (no work/school location),Visitor (no work/school location),Visitor (no work/school location),Visitor (no work/school location),2.2,6.713508196721311,22,UIUC1,"3.01 (Champaign, IL)",1900-01-02 00:04:12.000000000,0,3.0,Chicago3_mdw,"9801 (Cook, IL)",7.7728301886792455,70,75.2,10,114.48633838540056,131,3.0,79.32,0,1,0
14923204723792599946,"1 (Tract 3.01, Champaign, IL)","3.01 (Champaign, IL)","Champaign County, IL",Illinois,"1 (Tract 9801, Cook, IL)","9801 (Cook, IL)","Cook County, IL",Illinois,auto_passenger,region_departure,eat,1900-01-01 17:53:00,1900-01-01 20:03:28,130,131.8,unknown_vehicle_type,unknown_fuel_type,,,,retail,retail,transportation_utilities,transportation_utilities,2809148641308200780,,,,,,,,,,,,visitor,,,,,,,Visitor (no home location),Visitor (no home location),Visitor (no home location),Visitor (no home location),Visitor (no work/school location),Visitor (no work/school location),Visitor (no work/school location),Visitor (no work/school location),0.8970588235294118,4.953946986201888,17,UIUC1,"3.01 (Champaign, IL)",1900-01-01 19:13:53.823529410,19,5.05,Chicago3_mdw,"9801 (Cook, IL)",8.633830188679244,70,75.9470588235294,10,113.58777717488113,130,3.0,79.08,0,1,0
15787874801937534656,"3 (Tract 8, Champaign, IL)","8 (Champaign, IL)","Champaign County, IL",Illinois,"1 (Tract 9801, Cook, IL)","9801 (Cook, IL)","Cook County, IL",Illinois,auto_passenger,region_departure,lodging,1900-01-01 20:07:00,1900-01-01 22:12:36,125,127.2,unknown_vehicle_type,unknown_fuel_type,,,,mixed_use,non_retail_attraction,transportation_utilities,transportation_utilities,16528672616063938539,,,,,,,,,,,,visitor,,,,,,,Visitor (no home location),Visitor (no home location),Visitor (no home location),Visitor (no home location),Visitor (no work/school location),Visitor (no work/school location),Visitor (no work/school location),Visitor (no work/school location),6.67741935483871,12.016742277442152,20,UIUC1,"3.01 (Champaign, IL)",1900-01-01 21:33:40.645161288,21,4.333333333333333,Chicago3_mdw,"9801 (Cook, IL)",8.332830188679244,70,81.01075268817203,10,120.34957246612139,125,3.0,76.32,0,1,0
8350746824730919388,"5 (Tract 12.01, Champaign, IL)","12.01 (Champaign, IL)","Champaign County, IL",Illinois,"1 (Tract 9801, Cook, IL)","9801 (Cook, IL)","Cook County, IL",Illinois,private_auto,region_departure,eat,1900-01-01 19:31:00,1900-01-01 21:50:11,139,128.8,unknown_vehicle_type,unknown_fuel_type,,,,retail,retail,transportation_utilities,transportation_utilities,2426976045465514866,,,,,,,,,,,,visitor,,,,,,,Visitor (no home location),Visitor (no home location),Visitor (no home location),Visitor (no home location),Visitor (no work/school location),Visitor (no work/school location),Visitor (no work/school location),Visitor (no work/school location),6.833333333333333,12.176092715231789,19,UIUC1,"3.01 (Champaign, IL)",1900-01-01 20:57:49.999999998,20,5.92,Chicago3_mdw,"9801 (Cook, IL)",8.999230188679245,70,82.75333333333333,10,121.17532290391104,139,3.0,77.28,0,1,0
1060807806899740087,"3 (Tract 8, Champaign, IL)","8 (Champaign, IL)","Champaign County, IL",Illinois,"1 (Tract 9801, Cook, IL)","9801 (Cook, IL)","Cook County, IL",Illinois,auto_passenger,region_departure,recreation,1900-01-01 19:52:00,1900-01-01 22:01:38,129,129.1,unknown_vehicle_type,unknown_fuel_type,,,,non_retail_attraction,non_retail_attraction,transportation_utilities,transportation_utilities,10584476600066872165,,,,,,,,,,,,visitor,,,,,,,Visitor (no home location),Visitor (no home location),Visitor (no home location),Visitor (no home location),Visitor (no work/school location),Visitor (no work/school location),Visitor (no work/school location),Visitor (no work/school location),6.630434782608695,11.997008757105547,19,UIUC1,"3.01 (Champaign, IL)",1900-01-01 21:18:37.826086956,21,4.333333333333333,Chicago3_mdw,"9801 (Cook, IL)",8.332830188679244,70,80.96376811594202,10,120.32983894578479,129,3.0,77.46,0,1,0
11602923605913586808,"1 (Tract 58, Champaign, IL)","58 (Champaign, IL)","Champaign County, IL",Illinois,"1 (Tract 9801, Cook, IL)","9801 (Cook, IL)","Cook County, IL",Illinois,auto_passenger,region_departure,maintenance,1900-01-01 16:21:00,1900-01-01 18:35:31,134,132.9,unknown_vehicle_type,unknown_fuel_type,,,,office,office,transportation_utilities,transportation_utilities,9806909145966123959,,,,,,,,,,,,visitor,,,,,,,Visitor (no home location),Visitor (no home location),Visitor (no home location),Visitor (no home location),Visitor (no work/school location),Visitor (no work/school location),Visitor (no work/school location),Visitor (no work/school location),3.290322580645161,7.534465604352897,16,UIUC1,"3.01 (Champaign, IL)",1900-01-01 17:44:17.419354836,17,5.551724137931035,Chicago3_mdw,"9801 (Cook, IL)",8.844554326610279,70,78.8420467185762,10,116.37901993096318,134,3.0,79.74,0,1,0
10214239155228459502,"2 (Tract 3.01, Champaign, IL)","3.01 (Champaign, IL)","Champaign County, IL",Illinois,"1 (Tract 9801, Cook, IL)","9801 (Cook, IL)","Cook County, IL",Illinois,auto_passenger,region_departure,shop,1900-01-01 19:19:00,1900-01-01 21:29:20,130,131.7,unknown_vehicle_type,unknown_fuel_type,,,,mixed_use,retail,transportation_utilities,transportation_utilities,4896798018687027786,,,,,,,,,,,,visitor,,,,,,,Visitor (no home location),Visitor (no home location),Visitor (no home location),Visitor (no home location),Visitor (no work/school location),Visitor (no work/school location),Visitor (no work/school location),Visitor (no work/school location),0.903448275862069,4.956630556181604,19,UIUC1,"3.01 (Champaign, IL)",1900-01-01 20:39:54.206896554,20,5.92,Chicago3_mdw,"9801 (Cook, IL)",8.999230188679245,70,76.82344827586208,10,113.95586074486086,130,3.0,79.02,0,1,0
7956451568836208576,"2 (Tract 55, Champaign, IL)","55 (Champaign, IL)","Champaign County, IL",Illinois,"1 (Tract 9801, Cook, IL)","9801 (Cook, IL)","Cook County, IL",Illinois,auto_passenger,region_departure,shop,1900-01-01 17:56:00,1900-01-01 20:13:37,137,135.6,unknown_vehicle_type,unknown_fuel_type,,,,transportation_utilities,transportation_utilities,transportation_utilities,transportation_utilities,4324656298032452913,,,,,,,,,,,,visitor,,,,,,,Visitor (no home location),Visitor (no home location),Visitor (no home location),Visitor (no home location),Visitor (no work/school location),Visitor (no work/school location),Visitor (no work/school location),Visitor (no work/school location),5.782608695652174,10.448274599542334,17,UIUC1,"3.01 (Champaign, IL)",1900-01-01 19:21:46.956521742,19,5.05,Chicago3_mdw,"9801 (Cook, IL)",8.633830188679244,70,80.83260869565217,10,119.08210478822157,137,3.0,81.36,0,1,0
11957636614287600981,"3 (Tract 8, Champaign, IL)","8 (Champaign, IL)","Champaign County, IL",Illinois,"1 (Tract 9801, Cook, IL)","9801 (Cook, IL)","Cook County, IL",Illinois,auto_passenger,region_departure,maintenance,1900-01-01 15:03:00,1900-01-01 17:13:17,130,130.3,unknown_vehicle_type,unknown_fuel_type,,,,retail,retail,transportation_utilities,transportation_utilities,5462165306738217557,,,,,,,,,,,,visitor,,,,,,,Visitor (no home location),Visitor (no home location),Visitor (no home location),Visitor (no home location),Visitor (no work/school location),Visitor (no work/school location),Visitor (no work/school location),Visitor (no work/school location),7.298701298701299,12.27768069386444,15,UIUC1,"3.01 (Champaign, IL)",1900-01-01 16:30:17.922077922,16,4.228070175438597,Chicago3_mdw,"9801 (Cook, IL)",8.288619662363455,70,81.5267714741399,10,120.5663003562279,130,3.0,78.18,0,1,0
9196286624830216055,"1 (Tract 14, Champaign, IL)","14 (Champaign, IL)","Champaign County, IL",Illinois,"1 (Tract 9801, Cook, IL)","9801 (Cook, IL)","Cook County, IL",Illinois,auto_passenger,region_departure,lodging,1900-01-01 20:40:00,1900-01-01 22:57:42,137,135.4,unknown_vehicle_type,unknown_fuel_type,,,,single_family,single_family,transportation_utilities,transportation_utilities,14063828084496190301,,,,,,,,,,,,visitor,,,,,,,Visitor (no home location),Visitor (no home location),Visitor (no home location),Visitor (no home location),Visitor (no work/school location),Visitor (no work/school location),Visitor (no work/school location),Visitor (no work/school location),2.859375,7.377591296653796,20,UIUC1,"3.01 (Champaign, IL)",1900-01-01 22:02:51.562500000,22,3.333333333333333,Chicago3_mdw,"9801 (Cook, IL)",7.912830188679245,70,76.19270833333333,10,115.29042148533304,137,3.0,81.24,0,1,0
1760622165038593590,"4 (Tract 13.01, Champaign, IL)","13.01 (Champaign, IL)","Champaign County, IL",Illinois,"1 (Tract 9801, Cook, IL)","9801 (Cook, IL)","Cook County, IL",Illinois,auto_passenger,region_departure,eat,1900-01-01 20:21:00,1900-01-01 22:33:07,132,135.0,unknown_vehicle_type,unknown_fuel_type,,,,retail,retail,transportation_utilities,transportation_utilities,2258547002051422153,,,,,,,,,,,,visitor,,,,,,,Visitor (no home location),Visitor (no home location),Visitor (no home location),Visitor (no home location),Visitor (no work/school location),Visitor (no work/school location),Visitor (no work/school location),Visitor (no work/school location),4.04,9.494839215686273,20,UIUC1,"3.01 (Champaign, IL)",1900-01-01 21:45:02.400000000,21,4.333333333333333,Chicago3_mdw,"9801 (Cook, IL)",8.332830188679244,70,78.37333333333333,10,117.82766940436551,132,3.0,81.0,0,1,0
5282808516707387102,"5 (Tract 58, Champaign, IL)","58 (Champaign, IL)","Champaign County, IL",Illinois,"1 (Tract 9801, Cook, IL)","9801 (Cook, IL)","Cook County, IL",Illinois,auto_passenger,region_departure,social,1900-01-01 21:50:00,1900-01-01 00:04:47,134,133.9,unknown_vehicle_type,unknown_fuel_type,,,,single_family,single_family,transportation_utilities,transportation_utilities,460479562917549312,,,,,,,,,,,,visitor,,,,,,,Visitor (no home location),Visitor (no home location),Visitor (no home location),Visitor (no home location),Visitor (no work/school location),Visitor (no work/school location),Visitor (no work/school location),Visitor (no work/school location),4.0,7.832530120481928,21,UIUC1,"3.01 (Champaign, IL)",1900-01-01 23:14:00.000000000,23,3.0,Chicago3_mdw,"9801 (Cook, IL)",7.7728301886792455,70,77.0,10,115.60536030916118,134,3.0,80.34,0,1,0
10940397834193459295,"1 (Tract 12.01, Champaign, IL)","12.01 (Champaign, IL)","Champaign County, IL",Illinois,"5 (Tract 6608, Cook, IL)","6608 (Cook, IL)","Cook County, IL",Illinois,auto_passenger,lodging,maintenance,1900-01-01 17:22:00,1900-01-01 19:31:54,129,130.5,unknown_vehicle_type,unknown_fuel_type,,,,non_retail_attraction,non_retail_attraction,retail,retail,13506047813479390607,,,,,,,,,,,,visitor,,,,,,,Visitor (no home location),Visitor (no home location),Visitor (no home location),Visitor (no home location),Visitor (no work/school location),Visitor (no work/school location),Visitor (no work/school location),Visitor (no work/school location),7.1,12.288092715231787,17,UIUC1,"3.01 (Champaign, IL)",1900-01-01 18:49:06.000000000,18,8.142857142857142,Chicago3_mdw,"9801 (Cook, IL)",13.431999999999999,70,85.24285714285713,10,125.72009271523179,129,3.0,78.3,0,1,0
9558447988204042906,"1 (Tract 59.02, Champaign, IL)","59.02 (Champaign, IL)","Champaign County, IL",Illinois,"1 (Tract 9801, Cook, IL)","9801 (Cook, IL)","Cook County, IL",Illinois,auto_passenger,region_departure,shop,1900-01-01 19:05:00,1900-01-01 21:19:20,134,126.9,unknown_vehicle_type,unknown_fuel_type,,,,mixed_use,civic_institutional,transportation_utilities,transportation_utilities,1649986496699353777,,,,,,,,,,,,visitor,,,,,,,Visitor (no home location),Visitor (no home location),Visitor (no home location),Visitor (no home location),Visitor (no work/school location),Visitor (no work/school location),Visitor (no work/school location),Visitor (no work/school location),1.898876404494382,6.0473042631728395,19,UIUC1,"3.01 (Champaign, IL)",1900-01-01 20:26:53.932584270,20,5.92,Chicago3_mdw,"9801 (Cook, IL)",8.999230188679245,70,77.81887640449439,10,115.04653445185208,134,3.0,76.14,0,1,0
15706229547920708038,"1 (Tract 9.02, Champaign, IL)","9.02 (Champaign, IL)","Champaign County, IL",Illinois,"1 (Tract 9801, Cook, IL)","9801 (Cook, IL)","Cook County, IL",Illinois,private_auto,region_departure,other_activity_type,1900-01-01 21:59:00,1900-01-01 00:09:25,130,130.1,unknown_vehicle_type,unknown_fuel_type,,,,mixed_use,industrial,transportation_utilities,transportation_utilities,5950019711216464090,,,,,,,,,,,,visitor,,,,,,,Visitor (no home location),Visitor (no home location),Visitor (no home location),Visitor (no home location),Visitor (no work/school location),Visitor (no work/school location),Visitor (no work/school location),Visitor (no work/school location),10.0,15.71774919614148,21,UIUC1,"3.01 (Champaign, IL)",1900-01-01 23:29:00.000000000,23,3.0,Chicago3_mdw,"9801 (Cook, IL)",7.7728301886792455,70,83.0,10,123.49057938482073,130,3.0,78.05999999999999,0,1,0
639574246262396121,"2 (Tract 55, Champaign, IL)","55 (Champaign, IL)","Champaign County, IL",Illinois,"1 (Tract 9801, Cook, IL)","9801 (Cook, IL)","Cook County, IL",Illinois,private_auto,region_departure,shop,1900-01-01 21:30:00,1900-01-01 23:47:30,137,135.6,unknown_vehicle_type,unknown_fuel_type,,,,retail,retail,transportation_utilities,transportation_utilities,4943370381953026280,,,,,,,,,,,,visitor,,,,,,,Visitor (no home location),Visitor (no home location),Visitor (no home location),Visitor (no home location),Visitor (no work/school location),Visitor (no work/school location),Visitor (no work/school location),Visitor (no work/school location),6.666666666666667,10.81957894736842,21,UIUC1,"3.01 (Champaign, IL)",1900-01-01 22:56:40.000000002,22,3.333333333333333,Chicago3_mdw,"9801 (Cook, IL)",7.912830188679245,70,80.0,10,118.73240913604768,137,3.0,81.36,0,1,0
10638107467188385799,"2 (Tract 3.01, Champaign, IL)","3.01 (Champaign, IL)","Champaign County, IL",Illinois,"1 (Tract 9801, Cook, IL)","9801 (Cook, IL)","Cook County, IL",Illinois,auto_passenger,region_departure,eat,1900-01-01 16:22:00,1900-01-01 18:33:52,131,131.6,unknown_vehicle_type,unknown_fuel_type,,,,retail,retail,transportation_utilities,transportation_utilities,9185598181579879939,,,,,,,,,,,,visitor,,,,,,,Visitor (no home location),Visitor (no home location),Visitor (no home location),Visitor (no home location),Visitor (no work/school location),Visitor (no work/school location),Visitor (no work/school location),Visitor (no work/school location),0.9019607843137256,4.9560058097313,16,UIUC1,"3.01 (Champaign, IL)",1900-01-01 17:42:54.117647058,17,5.551724137931035,Chicago3_mdw,"9801 (Cook, IL)",8.844554326610279,70,76.45368492224476,10,113.80056013634157,131,3.0,78.96,0,1,0
18433246307385796628,"5 (Tract 58, Champaign, IL)","58 (Champaign, IL)","Champaign County, IL",Illinois,"1 (Tract 9801, Cook, IL)","9801 (Cook, IL)","Cook County, IL",Illinois,auto_passenger,region_departure,social,1900-01-01 14:42:00,1900-01-01 17:00:00,138,133.7,unknown_vehicle_type,unknown_fuel_type,,,,single_family,single_family,transportation_utilities,transportation_utilities,8770827776830943599,,,,,,,,,,,,visitor,,,,,,,Visitor (no home location),Visitor (no home location),Visitor (no home location),Visitor (no home location),Visitor (no work/school location),Visitor (no work/school location),Visitor (no work/school location),Visitor (no work/school location),3.4482758620689653,7.600805982550894,14,UIUC1,"3.01 (Champaign, IL)",1900-01-01 16:05:26.896551726,16,4.228070175438597,Chicago3_mdw,"9801 (Cook, IL)",8.288619662363455,70,77.67634603750757,10,115.88942564491435,138,3.0,80.21999999999998,0,1,0
2701127026324396146,"1 (Tract 4.02, Champaign, IL)","4.02 (Champaign, IL)","Champaign County, IL",Illinois,"1 (Tract 9801, Cook, IL)","9801 (Cook, IL)","Cook County, IL",Illinois,auto_passenger,region_departure,social,1900-01-01 23:20:00,1900-01-01 01:32:07,132,132.0,unknown_vehicle_type,unknown_fuel_type,,,,multi_family,multi_family,transportation_utilities,transportation_utilities,7462015695486006176,,,,,,,,,,,,visitor,,,,,,,Visitor (no home location),Visitor (no home location),Visitor (no home location),Visitor (no home location),Visitor (no work/school location),Visitor (no work/school location),Visitor (no work/school location),Visitor (no work/school location),2.0,5.818305519897304,23,UIUC1,"3.01 (Champaign, IL)",1900-01-02 00:42:00.000000000,0,3.0,Chicago3_mdw,"9801 (Cook, IL)",7.7728301886792455,70,75.0,10,113.59113570857656,132,3.0,79.2,0,1,0
5717385337436412413,"1 (Tract 8, Champaign, IL)","8 (Champaign, IL)","Champaign County, IL",Illinois,"1 (Tract 9801, Cook, IL)","9801 (Cook, IL)","Cook County, IL",Illinois,private_auto,region_departure,eat,1900-01-01 20:43:00,1900-01-01 22:52:58,129,125.1,unknown_vehicle_type,unknown_fuel_type,,,,retail,retail,transportation_utilities,transportation_utilities,11277122126890668377,,,,,,,,,,,,visitor,,,,,,,Visitor (no home location),Visitor (no home location),Visitor (no home location),Visitor (no home location),Visitor (no work/school location),Visitor (no work/school location),Visitor (no work/school location),Visitor (no work/school location),6.67741935483871,12.016742277442152,20,UIUC1,"3.01 (Champaign, IL)",1900-01-01 22:09:40.645161288,22,3.333333333333333,Chicago3_mdw,"9801 (Cook, IL)",7.912830188679245,70,80.01075268817203,10,119.9295724661214,129,3.0,75.05999999999999,0,1,0
15758516017218890205,"3 (Tract 8, Champaign, IL)","8 (Champaign, IL)","Champaign County, IL",Illinois,"1 (Tract 9801, Cook, IL)","9801 (Cook, IL)","Cook County, IL",Illinois,auto_passenger,region_departure,eat,1900-01-01 20:27:00,1900-01-01 22:37:52,130,130.3,unknown_vehicle_type,unknown_fuel_type,,,,retail,retail,transportation_utilities,transportation_utilities,4521387537980240444,,,,,,,,,,,,visitor,,,,,,,Visitor (no home location),Visitor (no home location),Visitor (no home location),Visitor (no home location),Visitor (no work/school location),Visitor (no work/school location),Visitor (no work/school location),Visitor (no work/school location),6.67741935483871,12.016742277442152,20,UIUC1,"3.01 (Champaign, IL)",1900-01-01 21:53:40.645161288,21,4.333333333333333,Chicago3_mdw,"9801 (Cook, IL)",8.332830188679244,70,81.01075268817203,10,120.34957246612139,130,3.0,78.18,0,1,0
2008491255727299392,"1 (Tract 12.01, Champaign, IL)","12.01 (Champaign, IL)","Champaign County, IL",Illinois,"1 (Tract 9801, Cook, IL)","9801 (Cook, IL)","Cook County, IL",Illinois,auto_passenger,region_departure,lodging,1900-01-01 15:28:00,1900-01-01 17:42:16,134,134.5,unknown_vehicle_type,unknown_fuel_type,,,,non_retail_attraction,non_retail_attraction,transportation_utilities,transportation_utilities,6284142253870215938,,,,,,,,,,,,visitor,,,,,,,Visitor (no home location),Visitor (no home location),Visitor (no home location),Visitor (no home location),Visitor (no work/school location),Visitor (no work/school location),Visitor (no work/school location),Visitor (no work/school location),7.5,12.456092715231787,15,UIUC1,"3.01 (Champaign, IL)",1900-01-01 16:55:30.000000000,16,4.228070175438597,Chicago3_mdw,"9801 (Cook, IL)",8.288619662363455,70,81.7280701754386,10,120.74471237759525,134,3.0,80.7,0,1,0
5269391649745344445,"2 (Tract 56.01, Champaign, IL)","56.01 (Champaign, IL)","Champaign County, IL",Illinois,"1 (Tract 9801, Cook, IL)","9801 (Cook, IL)","Cook County, IL",Illinois,private_auto,region_departure,lodging,1900-01-01 14:24:00,1900-01-01 16:53:35,149,130.7,unknown_vehicle_type,unknown_fuel_type,,,,single_family,single_family,transportation_utilities,transportation_utilities,2480560858685921058,,,,,,,,,,,,visitor,,,,,,,Visitor (no home location),Visitor (no home location),Visitor (no home location),Visitor (no home location),Visitor (no work/school location),Visitor (no work/school location),Visitor (no work/school location),Visitor (no work/school location),5.571428571428571,10.662028985507245,14,UIUC1,"3.01 (Champaign, IL)",1900-01-01 15:49:34.285714284,15,5.063291139240507,Chicago3_mdw,"9801 (Cook, IL)",8.639412467160257,70,80.63471971066907,10,119.3014414526675,149,3.0,78.41999999999999,0,1,0
11381431557133205750,"5 (Tract 10, Champaign, IL)","10 (Champaign, IL)","Champaign County, IL",Illinois,"1 (Tract 9801, Cook, IL)","9801 (Cook, IL)","Cook County, IL",Illinois,auto_passenger,region_departure,eat,1900-01-01 12:50:00,1900-01-01 15:03:46,133,133.4,unknown_vehicle_type,unknown_fuel_type,,,,retail,retail,transportation_utilities,transportation_utilities,3209337509748075423,,,,,,,,,,,,visitor,,,,,,,Visitor (no home location),Visitor (no home location),Visitor (no home location),Visitor (no home location),Visitor (no work/school location),Visitor (no work/school location),Visitor (no work/school location),Visitor (no work/school location),6.384615384615385,11.146919627457743,12,UIUC1,"3.01 (Champaign, IL)",1900-01-01 14:16:23.076923076,14,5.041322314049586,Chicago3_mdw,"9801 (Cook, IL)",8.63018556058007,70,81.42593769866497,10,119.77710518803782,133,3.0,80.04,0,1,0
11629179703391841839,"2 (Tract 4.01, Champaign, IL)","4.01 (Champaign, IL)","Champaign County, IL",Illinois,"1 (Tract 9801, Cook, IL)","9801 (Cook, IL)","Cook County, IL",Illinois,auto_passenger,region_departure,lodging,1900-01-01 19:51:00,1900-01-01 22:02:52,131,132.1,unknown_vehicle_type,unknown_fuel_type,,,,mixed_use,education,transportation_utilities,transportation_utilities,12134173904162241624,,,,,,,,,,,,visitor,,,,,,,Visitor (no home location),Visitor (no home location),Visitor (no home location),Visitor (no home location),Visitor (no work/school location),Visitor (no work/school location),Visitor (no work/school location),Visitor (no work/school location),1.3975903614457832,5.289822090293542,19,UIUC1,"3.01 (Champaign, IL)",1900-01-01 21:12:23.855421684,21,4.333333333333333,Chicago3_mdw,"9801 (Cook, IL)",8.332830188679244,70,75.73092369477911,10,113.62265227897278,131,3.0,79.25999999999999,0,1,0
7021980967942472948,"1 (Tract 5, Champaign, IL)","5 (Champaign, IL)","Champaign County, IL",Illinois,"1 (Tract 9801, Cook, IL)","9801 (Cook, IL)","Cook County, IL",Illinois,auto_passenger,region_departure,maintenance,1900-01-01 16:47:00,1900-01-01 19:00:27,133,132.3,unknown_vehicle_type,unknown_fuel_type,,,,single_family,single_family,transportation_utilities,transportation_utilities,13534311904770331047,,,,,,,,,,,,visitor,,,,,,,Visitor (no home location),Visitor (no home location),Visitor (no home location),Visitor (no home location),Visitor (no work/school location),Visitor (no work/school location),Visitor (no work/school location),Visitor (no work/school location),2.5806451612903225,6.873379164463247,16,UIUC1,"3.01 (Champaign, IL)",1900-01-01 18:09:34.838709678,18,4.653846153846154,Chicago3_mdw,"9801 (Cook, IL)",8.46744557329463,70,77.23449131513648,10,115.34082473775787,133,3.0,79.38000000000001,0,1,0
15675067483913578711,"2 (Tract 58, Champaign, IL)","58 (Champaign, IL)","Champaign County, IL",Illinois,"1 (Tract 9801, Cook, IL)","9801 (Cook, IL)","Cook County, IL",Illinois,private_auto,region_departure,social,1900-01-01 21:59:00,1900-01-01 00:11:25,132,132.8,unknown_vehicle_type,unknown_fuel_type,,,,single_family,single_family,transportation_utilities,transportation_utilities,4061314000897084584,,,,,,,,,,,,visitor,,,,,,,Visitor (no home location),Visitor (no home location),Visitor (no home location),Visitor (no home location),Visitor (no work/school location),Visitor (no work/school location),Visitor (no work/school location),Visitor (no work/school location),4.0,7.832530120481928,21,UIUC1,"3.01 (Champaign, IL)",1900-01-01 23:23:00.000000000,23,3.0,Chicago3_mdw,"9801 (Cook, IL)",7.7728301886792455,70,77.0,10,115.60536030916118,132,3.0,79.68,0,1,0
7769448289560873758,"2 (Tract 60, Champaign, IL)","60 (Champaign, IL)","Champaign County, IL",Illinois,"1 (Tract 9801, Cook, IL)","9801 (Cook, IL)","Cook County, IL",Illinois,private_auto,region_departure,social,1900-01-01 00:03:26,1900-01-01 02:19:08,135,134.2,unknown_vehicle_type,unknown_fuel_type,,,,single_family,single_family,transportation_utilities,transportation_utilities,13117998114745584377,,,,,,,,,,,,visitor,,,,,,,Visitor (no home location),Visitor (no home location),Visitor (no home location),Visitor (no home location),Visitor (no work/school location),Visitor (no work/school location),Visitor (no work/school location),Visitor (no work/school location),4.5,8.43508670520231,0,UIUC1,"3.01 (Champaign, IL)",1900-01-01 01:27:56.000000000,1,3.0,Chicago3_mdw,"9801 (Cook, IL)",7.7728301886792455,70,77.5,10,116.20791689388156,135,3.0,80.52,0,1,0
10851068017919664344,"3 (Tract 13.02, Champaign, IL)","13.02 (Champaign, IL)","Champaign County, IL",Illinois,"1 (Tract 9801, Cook, IL)","9801 (Cook, IL)","Cook County, IL",Illinois,auto_passenger,region_departure,maintenance,1900-01-01 19:37:00,1900-01-01 21:50:06,133,137.2,unknown_vehicle_type,unknown_fuel_type,,,,office,office,transportation_utilities,transportation_utilities,12775776585888230109,,,,,,,,,,,,visitor,,,,,,,Visitor (no home location),Visitor (no home location),Visitor (no home location),Visitor (no home location),Visitor (no work/school location),Visitor (no work/school location),Visitor (no work/school location),Visitor (no work/school location),8.0,13.344682926829268,19,UIUC1,"3.01 (Champaign, IL)",1900-01-01 21:05:00.000000000,21,4.333333333333333,Chicago3_mdw,"9801 (Cook, IL)",8.332830188679244,70,82.33333333333333,10,121.6775131155085,133,3.0,82.32,0,1,0
8131031527129684456,"1 (Tract 109.02, Champaign, IL)","109.02 (Champaign, IL)","Champaign County, IL",Illinois,"1 (Tract 9801, Cook, IL)","9801 (Cook, IL)","Cook County, IL",Illinois,auto_passenger,region_departure,shop,1900-01-01 17:35:01,1900-01-01 19:54:03,139,140.1,unknown_vehicle_type,unknown_fuel_type,,,,retail,retail,transportation_utilities,transportation_utilities,18209581154871782521,,,,,,,,,,,,visitor,,,,,,,Visitor (no home location),Visitor (no home location),Visitor (no home location),Visitor (no home location),Visitor (no work/school location),Visitor (no work/school location),Visitor (no work/school location),Visitor (no work/school location),9.5,16.423333333333332,17,UIUC1,"3.01 (Champaign, IL)",1900-01-01 19:04:31.000000000,19,5.05,Chicago3_mdw,"9801 (Cook, IL)",8.633830188679244,70,84.55,10,125.05716352201257,139,3.0,84.05999999999999,0,1,0
10684986242459151,"3 (Tract 57.01, Champaign, IL)","57.01 (Champaign, IL)","Champaign County, IL",Illinois,"1 (Tract 9801, Cook, IL)","9801 (Cook, IL)","Cook County, IL",Illinois,private_auto,region_departure,social,1900-01-01 19:30:00,1900-01-01 21:54:56,144,130.8,unknown_vehicle_type,unknown_fuel_type,,,,single_family,single_family,transportation_utilities,transportation_utilities,7070121966418596911,,,,,,,,,,,,visitor,,,,,,,Visitor (no home location),Visitor (no home location),Visitor (no home location),Visitor (no home location),Visitor (no work/school location),Visitor (no work/school location),Visitor (no work/school location),Visitor (no work/school location),6.833333333333333,11.593357664233576,19,UIUC1,"3.01 (Champaign, IL)",1900-01-01 20:56:49.999999998,20,5.92,Chicago3_mdw,"9801 (Cook, IL)",8.999230188679245,70,82.75333333333333,10,120.59258785291283,144,3.0,78.48,0,1,0
6706202468019343133,"1 (Tract 111, Champaign, IL)","111 (Champaign, IL)","Champaign County, IL",Illinois,"1 (Tract 9801, Cook, IL)","9801 (Cook, IL)","Cook County, IL",Illinois,auto_passenger,region_departure,social,1900-01-01 20:05:00,1900-01-01 22:17:59,132,133.1,unknown_vehicle_type,unknown_fuel_type,,,,retail,retail,transportation_utilities,transportation_utilities,17858651540299433323,,,,,,,,,,,,visitor,,,,,,,Visitor (no home location),Visitor (no home location),Visitor (no home location),Visitor (no home location),Visitor (no work/school location),Visitor (no work/school location),Visitor (no work/school location),Visitor (no work/school location),3.0,7.116078431372549,20,UIUC1,"3.01 (Champaign, IL)",1900-01-01 21:28:00.000000000,21,4.333333333333333,Chicago3_mdw,"9801 (Cook, IL)",8.332830188679244,70,77.33333333333333,10,115.44890862005178,132,3.0,79.86,0,1,0
12658883457218582776,"2 (Tract 110.02, Champaign, IL)","110.02 (Champaign, IL)","Champaign County, IL",Illinois,"1 (Tract 9801, Cook, IL)","9801 (Cook, IL)","Cook County, IL",Illinois,private_auto,region_departure,eat,1900-01-01 18:37:00,1900-01-01 20:57:58,140,128.1,unknown_vehicle_type,unknown_fuel_type,,,,retail,retail,transportation_utilities,transportation_utilities,8064769588859389480,,,,,,,,,,,,visitor,,,,,,,Visitor (no home location),Visitor (no home location),Visitor (no home location),Visitor (no home location),Visitor (no work/school location),Visitor (no work/school location),Visitor (no work/school location),Visitor (no work/school location),2.032258064516129,6.282612426505642,18,UIUC1,"3.01 (Champaign, IL)",1900-01-01 19:59:01.935483870,19,5.05,Chicago3_mdw,"9801 (Cook, IL)",8.633830188679244,70,77.08225806451613,10,114.91644261518488,140,3.0,76.86,0,1,0
13266180513818074319,"1 (Tract 8, Champaign, IL)","8 (Champaign, IL)","Champaign County, IL",Illinois,"1 (Tract 9801, Cook, IL)","9801 (Cook, IL)","Cook County, IL",Illinois,private_auto,region_departure,shop,1900-01-01 15:21:00,1900-01-01 17:42:41,141,125.8,unknown_vehicle_type,unknown_fuel_type,,,,retail,retail,transportation_utilities,transportation_utilities,5072163575159684143,,,,,,,,,,,,visitor,,,,,,,Visitor (no home location),Visitor (no home location),Visitor (no home location),Visitor (no home location),Visitor (no work/school location),Visitor (no work/school location),Visitor (no work/school location),Visitor (no work/school location),7.298701298701299,12.27768069386444,15,UIUC1,"3.01 (Champaign, IL)",1900-01-01 16:48:17.922077922,16,4.228070175438597,Chicago3_mdw,"9801 (Cook, IL)",8.288619662363455,70,81.5267714741399,10,120.5663003562279,141,3.0,75.47999999999999,0,1,0
17138034403875407840,"1 (Tract 8, Champaign, IL)","8 (Champaign, IL)","Champaign County, IL",Illinois,"1 (Tract 9801, Cook, IL)","9801 (Cook, IL)","Cook County, IL",Illinois,auto_passenger,region_departure,shop,1900-01-01 16:32:00,1900-01-01 18:41:21,129,130.3,unknown_vehicle_type,unknown_fuel_type,,,,retail,retail,transportation_utilities,transportation_utilities,12126291572548898712,,,,,,,,,,,,visitor,,,,,,,Visitor (no home location),Visitor (no home location),Visitor (no home location),Visitor (no home location),Visitor (no work/school location),Visitor (no work/school location),Visitor (no work/school location),Visitor (no work/school location),7.610169491525424,12.408497334850573,16,UIUC1,"3.01 (Champaign, IL)",1900-01-01 17:59:36.610169490,17,5.551724137931035,Chicago3_mdw,"9801 (Cook, IL)",8.844554326610279,70,83.16189362945646,10,121.25305166146086,129,3.0,78.18,0,1,0
3094504998882344213,"1 (Tract 13.01, Champaign, IL)","13.01 (Champaign, IL)","Champaign County, IL",Illinois,"1 (Tract 9801, Cook, IL)","9801 (Cook, IL)","Cook County, IL",Illinois,auto_passenger,region_departure,maintenance,1900-01-01 14:22:00,1900-01-01 16:39:30,137,133.4,unknown_vehicle_type,unknown_fuel_type,,,,office,office,transportation_utilities,transportation_utilities,12449145234955275581,,,,,,,,,,,,visitor,,,,,,,Visitor (no home location),Visitor (no home location),Visitor (no home location),Visitor (no home location),Visitor (no work/school location),Visitor (no work/school location),Visitor (no work/school location),Visitor (no work/school location),4.777777777777778,9.804705882352941,14,UIUC1,"3.01 (Champaign, IL)",1900-01-01 15:46:46.666666668,15,5.063291139240507,Chicago3_mdw,"9801 (Cook, IL)",8.639412467160257,70,79.84106891701828,10,118.4441183495132,137,3.0,80.04,0,1,0
4673693864145616286,"2 (Tract 11, Champaign, IL)","11 (Champaign, IL)","Champaign County, IL",Illinois,"1 (Tract 9801, Cook, IL)","9801 (Cook, IL)","Cook County, IL",Illinois,auto_passenger,region_departure,social,1900-01-01 20:37:00,1900-01-01 22:48:42,131,132.7,unknown_vehicle_type,unknown_fuel_type,,,,single_family,single_family,transportation_utilities,transportation_utilities,9954482526842355283,,,,,,,,,,,,visitor,,,,,,,Visitor (no home location),Visitor (no home location),Visitor (no home location),Visitor (no home location),Visitor (no work/school location),Visitor (no work/school location),Visitor (no work/school location),Visitor (no work/school location),4.833333333333334,9.483246753246753,20,UIUC1,"3.01 (Champaign, IL)",1900-01-01 22:01:49.999999998,22,3.333333333333333,Chicago3_mdw,"9801 (Cook, IL)",7.912830188679245,70,78.16666666666666,10,117.39607694192601,131,3.0,79.61999999999999,0,1,0
12804933844721655579,"1 (Tract 13.02, Champaign, IL)","13.02 (Champaign, IL)","Champaign County, IL",Illinois,"1 (Tract 9801, Cook, IL)","9801 (Cook, IL)","Cook County, IL",Illinois,auto_passenger,region_departure,shop,1900-01-01 15:09:00,1900-01-01 17:26:03,137,138.2,unknown_vehicle_type,unknown_fuel_type,,,,retail,retail,transportation_utilities,transportation_utilities,16936790293215016644,,,,,,,,,,,,visitor,,,,,,,Visitor (no home location),Visitor (no home location),Visitor (no home location),Visitor (no home location),Visitor (no work/school location),Visitor (no work/school location),Visitor (no work/school location),Visitor (no work/school location),7.684210526315789,13.2120513478819,15,UIUC1,"3.01 (Champaign, IL)",1900-01-01 16:36:41.052631578,16,4.228070175438597,Chicago3_mdw,"9801 (Cook, IL)",8.288619662363455,70,81.9122807017544,10,121.50067101024536,137,3.0,82.91999999999999,0,1,0
12202681729066996874,"3 (Tract 12.03, Champaign, IL)","12.03 (Champaign, IL)","Champaign County, IL",Illinois,"1 (Tract 9801, Cook, IL)","9801 (Cook, IL)","Cook County, IL",Illinois,auto_passenger,region_departure,eat,1900-01-01 22:55:00,1900-01-01 01:09:58,134,133.4,unknown_vehicle_type,unknown_fuel_type,,,,retail,retail,transportation_utilities,transportation_utilities,11477281122333824822,,,,,,,,,,,,visitor,,,,,,,Visitor (no home location),Visitor (no home location),Visitor (no home location),Visitor (no home location),Visitor (no work/school location),Visitor (no work/school location),Visitor (no work/school location),Visitor (no work/school location),8.0,13.994656488549618,22,UIUC1,"3.01 (Champaign, IL)",1900-01-02 00:23:00.000000000,0,3.0,Chicago3_mdw,"9801 (Cook, IL)",7.7728301886792455,70,81.0,10,121.76748667722887,134,3.0,80.04,0,1,0
4718289692210813694,"1 (Tract 59.01, Champaign, IL)","59.01 (Champaign, IL)","Champaign County, IL",Illinois,"1 (Tract 9801, Cook, IL)","9801 (Cook, IL)","Cook County, IL",Illinois,private_auto,region_departure,social,1900-01-01 16:49:00,1900-01-01 19:13:47,144,129.7,unknown_vehicle_type,unknown_fuel_type,,,,education,education,transportation_utilities,transportation_utilities,5097309292680508058,,,,,,,,,,,,visitor,,,,,,,Visitor (no home location),Visitor (no home location),Visitor (no home location),Visitor (no home location),Visitor (no work/school location),Visitor (no work/school location),Visitor (no work/school location),Visitor (no work/school location),2.588235294117647,6.720773109243697,16,UIUC1,"3.01 (Champaign, IL)",1900-01-01 18:11:35.294117646,18,4.653846153846154,Chicago3_mdw,"9801 (Cook, IL)",8.46744557329463,70,77.24208144796381,10,115.18821868253832,144,3.0,77.82,0,1,0
5690517349044577691,"2 (Tract 8, Champaign, IL)","8 (Champaign, IL)","Champaign County, IL",Illinois,"1 (Tract 9801, Cook, IL)","9801 (Cook, IL)","Cook County, IL",Illinois,auto_passenger,region_departure,maintenance,1900-01-01 18:08:00,1900-01-01 20:17:44,129,129.2,unknown_vehicle_type,unknown_fuel_type,,,,mixed_use,healthcare,transportation_utilities,transportation_utilities,5779754885693111182,,,,,,,,,,,,visitor,,,,,,,Visitor (no home location),Visitor (no home location),Visitor (no home location),Visitor (no home location),Visitor (no work/school location),Visitor (no work/school location),Visitor (no work/school location),Visitor (no work/school location),7.183098591549296,12.229127556860599,18,UIUC1,"3.01 (Champaign, IL)",1900-01-01 19:35:10.985915490,19,5.05,Chicago3_mdw,"9801 (Cook, IL)",8.633830188679244,70,82.2330985915493,10,120.86295774553984,129,3.0,77.52,0,1,0
289203945742992372,"5 (Tract 10, Champaign, IL)","10 (Champaign, IL)","Champaign County, IL",Illinois,"1 (Tract 9801, Cook, IL)","9801 (Cook, IL)","Cook County, IL",Illinois,auto_passenger,region_departure,eat,1900-01-01 13:23:00,1900-01-01 15:35:23,132,133.2,unknown_vehicle_type,unknown_fuel_type,,,,retail,retail,transportation_utilities,transportation_utilities,3880178020735119112,,,,,,,,,,,,visitor,,,,,,,Visitor (no home location),Visitor (no home location),Visitor (no home location),Visitor (no home location),Visitor (no work/school location),Visitor (no work/school location),Visitor (no work/school location),Visitor (no work/school location),6.25,11.090381165919283,13,UIUC1,"3.01 (Champaign, IL)",1900-01-01 14:49:15.000000000,14,5.041322314049586,Chicago3_mdw,"9801 (Cook, IL)",8.63018556058007,70,81.29132231404958,10,119.72056672649936,132,3.0,79.91999999999999,0,1,0
5009415599938839897,"4 (Tract 13.01, Champaign, IL)","13.01 (Champaign, IL)","Champaign County, IL",Illinois,"1 (Tract 9801, Cook, IL)","9801 (Cook, IL)","Cook County, IL",Illinois,private_auto,region_departure,shop,1900-01-01 17:03:00,1900-01-01 19:20:01,137,127.8,unknown_vehicle_type,other_non_bev,,,,office,office,transportation_utilities,transportation_utilities,14273651298764548643,10928856085194453796,60.0,female,white_not_hispanic_or_latino,employed,employed_not_working,104468.0,private_auto,6.0,322902.0,two,core,naics62,single_family,not_attending_school,advanced_degree,owner,english,"1 (Tract 106.01, Champaign, IL)","106.01 (Champaign, IL)","Champaign County, IL",Illinois,"1 (Tract 59.02, Champaign, IL)","59.02 (Champaign, IL)","Champaign County, IL",Illinois,4.918918918918919,9.86398516163222,17,UIUC1,"3.01 (Champaign, IL)",1900-01-01 18:27:55.135135134,18,4.653846153846154,Chicago3_mdw,"9801 (Cook, IL)",8.46744557329463,70,79.57276507276508,10,118.33143073492684,137,3.0,76.67999999999999,0,1,0
14795312980947026292,"1 (Tract 3.02, Champaign, IL)","3.02 (Champaign, IL)","Champaign County, IL",Illinois,"2 (Tract 5703, Cook, IL)","5703 (Cook, IL)","Cook County, IL",Illinois,private_auto,maintenance,recreation,1900-01-01 12:33:00,1900-01-01 14:55:17,142,128.3,,,,,,non_retail_attraction,non_retail_attraction,mixed_use,office,6882418677322082284,2576360253230287470,34.0,female,white_not_hispanic_or_latino,employed,employed_not_working,125602.0,auto_passenger,4.0,257242.0,two,core,naics62,single_family,not_attending_school,advanced_degree,owner,english,"1 (Tract 106.03, Champaign, IL)","106.03 (Champaign, IL)","Champaign County, IL",Illinois,"2 (Tract 9714, De Witt, IL)","9714 (De Witt, IL)","De Witt County, IL",Illinois,1.1,5.136850948509485,12,UIUC1,"3.01 (Champaign, IL)",1900-01-01 13:54:06.000000000,13,7.0,Chicago3_mdw,"9801 (Cook, IL)",10.158260869565218,70,78.1,10,115.2951118180747,142,3.0,76.98,0,1,0
7448070885386072810,"1 (Tract 106.04, Champaign, IL)","106.04 (Champaign, IL)","Champaign County, IL",Illinois,"1 (Tract 9801, Cook, IL)","9801 (Cook, IL)","Cook County, IL",Illinois,private_auto,region_departure,home,1900-01-01 11:09:00,1900-01-01 13:18:26,129,129.8,unknown_vehicle_type,other_non_bev,,,,single_family,single_family,transportation_utilities,transportation_utilities,2507577603755151492,7711588743310653322,55.0,male,white_not_hispanic_or_latino,employed,employed_not_working,74187.0,private_auto,2.0,92039.0,two,core,naics44_45,single_family,not_attending_school,some_college,owner,english,"1 (Tract 106.04, Champaign, IL)","106.04 (Champaign, IL)","Champaign County, IL",Illinois,"3 (Tract 7, Champaign, IL)","7 (Champaign, IL)","Champaign County, IL",Illinois,10.0,16.26,11,UIUC1,"3.01 (Champaign, IL)",1900-01-01 12:39:00.000000000,12,5.0608108108108105,Chicago3_mdw,"9801 (Cook, IL)",8.638370729219785,70,85.0608108108108,10,124.89837072921979,129,3.0,77.88000000000001,0,1,0
13716869245004633960,"1 (Tract 57.02, Champaign, IL)","57.02 (Champaign, IL)","Champaign County, IL",Illinois,"1 (Tract 9801, Cook, IL)","9801 (Cook, IL)","Cook County, IL",Illinois,private_auto,region_departure,maintenance,1900-01-01 11:41:00,1900-01-01 14:07:33,146,135.9,unknown_vehicle_type,other_non_bev,,,,mixed_use,civic_institutional,transportation_utilities,transportation_utilities,15700854762162471406,14081909931002768545,44.0,female,white_not_hispanic_or_latino,employed,employed_not_working,81398.0,worked_from_home,4.0,124810.0,two,core,naics81,single_family,not_attending_school,some_college,owner,english,"1 (Tract 107.01, Champaign, IL)","107.01 (Champaign, IL)","Champaign County, IL",Illinois,"1 (Tract 107.01, Champaign, IL)","107.01 (Champaign, IL)","Champaign County, IL",Illinois,10.0,15.145,11,UIUC1,"3.01 (Champaign, IL)",1900-01-01 13:11:00.000000000,13,5.015151515151516,Chicago3_mdw,"9801 (Cook, IL)",8.619193825042881,70,85.01515151515152,10,123.76419382504288,146,3.0,81.54,0,1,0
3636809928212780388,"5 (Tract 10, Champaign, IL)","10 (Champaign, IL)","Champaign County, IL",Illinois,"1 (Tract 9801, Cook, IL)","9801 (Cook, IL)","Cook County, IL",Illinois,private_auto,region_departure,shop,1900-01-01 08:15:00,1900-01-01 10:28:41,133,127.8,unknown_vehicle_type,other_non_bev,,,,office,office,transportation_utilities,transportation_utilities,11032760319348088877,10725406857908585252,46.0,male,white_not_hispanic_or_latino,employed,employed_not_working,404748.0,private_auto,3.0,529843.0,two,core,naics61,single_family,not_attending_school,advanced_degree,owner,english,"1 (Tract 11, Champaign, IL)","11 (Champaign, IL)","Champaign County, IL",Illinois,"2 (Tract 4.02, Champaign, IL)","4.02 (Champaign, IL)","Champaign County, IL",Illinois,6.636363636363637,11.252653893192008,8,UIUC1,"3.01 (Champaign, IL)",1900-01-01 09:41:38.181818184,9,4.908163265306122,Chicago3_mdw,"9801 (Cook, IL)",8.574258760107817,70,81.54452690166977,10,119.82691265329981,133,3.0,76.67999999999999,0,0,1
2011108771118973269,"4 (Tract 8, Champaign, IL)","8 (Champaign, IL)","Champaign County, IL",Illinois,"1 (Tract 9801, Cook, IL)","9801 (Cook, IL)","Cook County, IL",Illinois,private_auto,region_departure,maintenance,1900-01-01 15:12:00,1900-01-01 17:20:50,128,129.2,unknown_vehicle_type,other_non_bev,,,,retail,retail,transportation_utilities,transportation_utilities,3560967734945223073,11364861715755448392,42.0,male,white_not_hispanic_or_latino,employed,employed_not_working,98530.0,private_auto,4.0,202857.0,two,core,naics23,single_family,not_attending_school,bachelors_degree,owner,english,"1 (Tract 11, Champaign, IL)","11 (Champaign, IL)","Champaign County, IL",Illinois,"3 (Tract 11, Champaign, IL)","11 (Champaign, IL)","Champaign County, IL",Illinois,7.298701298701299,12.27768069386444,15,UIUC1,"3.01 (Champaign, IL)",1900-01-01 16:39:17.922077922,16,4.228070175438597,Chicago3_mdw,"9801 (Cook, IL)",8.288619662363455,70,81.5267714741399,10,120.5663003562279,128,3.0,77.52,0,1,0
12052451104712849468,"1 (Tract 110.01, Champaign, IL)","110.01 (Champaign, IL)","Champaign County, IL",Illinois,"5 (Tract 6606, Cook, IL)","6606 (Cook, IL)","Cook County, IL",Illinois,private_auto,eat,home,1900-01-01 18:02:00,1900-01-01 20:11:33,129,135.2,unknown_vehicle_type,other_non_bev,,,,multi_family,multi_family,mixed_use,retail,3604550916099400019,9830285214401726700,28.0,male,white_not_hispanic_or_latino,employed,employed_not_working,58169.0,private_auto,2.0,105655.0,two,core,naics61,multiple_units,not_attending_school,bachelors_degree,renter,english,"1 (Tract 110.01, Champaign, IL)","110.01 (Champaign, IL)","Champaign County, IL",Illinois,"2 (Tract 106.04, Champaign, IL)","106.04 (Champaign, IL)","Champaign County, IL",Illinois,3.6,7.9295,18,UIUC1,"3.01 (Champaign, IL)",1900-01-01 19:25:36.000000000,19,8.0,Chicago3_mdw,"9801 (Cook, IL)",13.112903225806452,70,81.6,10,121.04240322580645,129,3.0,81.11999999999999,0,1,0
1298253157256116796,"3 (Tract 5, Champaign, IL)","5 (Champaign, IL)","Champaign County, IL",Illinois,"1 (Tract 9801, Cook, IL)","9801 (Cook, IL)","Cook County, IL",Illinois,private_auto,region_departure,social,1900-01-01 10:51:00,1900-01-01 13:09:12,138,126.4,unknown_vehicle_type,other_non_bev,,,,retail,retail,transportation_utilities,transportation_utilities,7929746503853735482,8275210601708843514,47.0,female,white_not_hispanic_or_latino,employed,employed_not_working,49266.0,private_auto,2.0,150173.0,one,core,naics61,single_family,not_attending_school,some_college,owner,english,"1 (Tract 110.01, Champaign, IL)","110.01 (Champaign, IL)","Champaign County, IL",Illinois,"1 (Tract 4.01, Champaign, IL)","4.01 (Champaign, IL)","Champaign County, IL",Illinois,2.5945945945945947,6.879237926451041,10,UIUC1,"3.01 (Champaign, IL)",1900-01-01 12:13:35.675675676,12,5.0608108108108105,Chicago3_mdw,"9801 (Cook, IL)",8.638370729219785,70,77.6554054054054,10,115.51760865567083,138,3.0,75.84,0,1,0
8385495188239719539,"1 (Tract 110.01, Champaign, IL)","110.01 (Champaign, IL)","Champaign County, IL",Illinois,"1 (Tract 6605, Cook, IL)","6605 (Cook, IL)","Cook County, IL",Illinois,auto_passenger,shop,home,1900-01-01 07:59:00,1900-01-01 10:08:42,129,127.6,unknown_vehicle_type,unknown_fuel_type,,,,single_family,single_family,retail,retail,17717676975564729667,1652101385866952468,50.0,male,white_not_hispanic_or_latino,employed,employed_not_working,100906.0,private_auto,2.0,150173.0,one,core,naics61,single_family,not_attending_school,advanced_degree,owner,english,"1 (Tract 110.01, Champaign, IL)","110.01 (Champaign, IL)","Champaign County, IL",Illinois,"2 (Tract 2, Vermilion, IL)","2 (Vermilion, IL)","Vermilion County, IL",Illinois,3.615384615384616,7.935961538461539,7,UIUC1,"3.01 (Champaign, IL)",1900-01-01 09:22:36.923076924,9,7.0,Chicago3_mdw,"9801 (Cook, IL)",12.638991596638657,70,80.61538461538461,10,120.5749531351002,129,3.0,76.55999999999999,0,1,0
4567523488604694167,"2 (Tract 14, Champaign, IL)","14 (Champaign, IL)","Champaign County, IL",Illinois,"1 (Tract 9801, Cook, IL)","9801 (Cook, IL)","Cook County, IL",Illinois,private_auto,region_departure,school,1900-01-01 17:15:00,1900-01-01 19:32:54,137,127.1,unknown_vehicle_type,other_non_bev,,,,education,education,transportation_utilities,transportation_utilities,17958743731051002140,5778377948496061527,25.0,male,asian_not_hispanic_or_latino,employed,employed_not_working,86351.0,private_auto,2.0,161229.0,two,core,naics54,multiple_units,not_attending_school,bachelors_degree,renter,indo_european,"1 (Tract 110.02, Champaign, IL)","110.02 (Champaign, IL)","Champaign County, IL",Illinois,"4 (Tract 13.01, Champaign, IL)","13.01 (Champaign, IL)","Champaign County, IL",Illinois,3.68,7.7222537966537965,17,UIUC1,"3.01 (Champaign, IL)",1900-01-01 18:38:40.800000000,18,4.653846153846154,Chicago3_mdw,"9801 (Cook, IL)",8.46744557329463,70,78.33384615384617,10,116.18969936994843,137,3.0,76.25999999999999,0,1,0
7282397445955986235,"1 (Tract 110.02, Champaign, IL)","110.02 (Champaign, IL)","Champaign County, IL",Illinois,"5 (Tract 6606, Cook, IL)","6606 (Cook, IL)","Cook County, IL",Illinois,auto_passenger,shop,home,1900-01-01 14:51:00,1900-01-01 17:05:40,134,127.9,unknown_vehicle_type,unknown_fuel_type,,,,single_family,single_family,retail,retail,4812943873546350259,9766820102651181768,31.0,female,white_not_hispanic_or_latino,employed,employed_not_working,66424.0,private_auto,3.0,126809.0,two,core,naics54,single_family,not_attending_school,bachelors_degree,owner,english,"1 (Tract 110.02, Champaign, IL)","110.02 (Champaign, IL)","Champaign County, IL",Illinois,"3 (Tract 9.02, Champaign, IL)","9.02 (Champaign, IL)","Champaign County, IL",Illinois,1.75,6.164064039408868,14,UIUC1,"3.01 (Champaign, IL)",1900-01-01 16:12:45.000000000,16,7.25,Chicago3_mdw,"9801 (Cook, IL)",12.79790322580645,70,79.0,10,118.96196726521532,134,3.0,76.74,0,1,0
11035306352215409573,"1 (Tract 110.02, Champaign, IL)","110.02 (Champaign, IL)","Champaign County, IL",Illinois,"1 (Tract 9801, Cook, IL)","9801 (Cook, IL)","Cook County, IL",Illinois,private_auto,region_departure,home,1900-01-01 06:20:00,1900-01-01 08:32:49,132,131.6,unknown_vehicle_type,other_non_bev,,,,mixed_use,multi_family,transportation_utilities,transportation_utilities,10740030672465955656,6268996425812297247,54.0,male,white_not_hispanic_or_latino,employed,employed_not_working,69429.0,private_auto,2.0,175459.0,two,core,naics61,multiple_units,not_attending_school,bachelors_degree,renter,english,"1 (Tract 110.02, Champaign, IL)","110.02 (Champaign, IL)","Champaign County, IL",Illinois,"2 (Tract 110.01, Champaign, IL)","110.01 (Champaign, IL)","Champaign County, IL",Illinois,1.0,5.8490640394088675,6,UIUC1,"3.01 (Champaign, IL)",1900-01-01 07:41:00.000000000,7,4.450704225352113,Chicago3_mdw,"9801 (Cook, IL)",8.382125963327132,70,75.45070422535211,10,114.231190002736,132,3.0,78.96,0,1,0
11598925897823863040,"1 (Tract 12.01, Champaign, IL)","12.01 (Champaign, IL)","Champaign County, IL",Illinois,"2 (Tract 6604, Cook, IL)","6604 (Cook, IL)","Cook County, IL",Illinois,auto_passenger,shop,home,1900-01-01 07:07:00,1900-01-01 09:19:40,132,131.0,unknown_vehicle_type,unknown_fuel_type,,,,single_family,single_family,office,office,10101667831862925714,13232677781790299175,58.0,female,asian_not_hispanic_or_latino,employed,employed_not_working,70545.0,private_auto,2.0,124810.0,three_plus,core,naics621610,single_family,not_attending_school,bachelors_degree,owner,english,"1 (Tract 12.01, Champaign, IL)","12.01 (Champaign, IL)","Champaign County, IL",Illinois,"3 (Tract 107.02, Champaign, IL)","107.02 (Champaign, IL)","Champaign County, IL",Illinois,7.170731707317073,12.317800032304959,7,UIUC1,"3.01 (Champaign, IL)",1900-01-01 08:34:10.243902438,8,7.0,Chicago3_mdw,"9801 (Cook, IL)",11.928888888888888,70,84.17073170731707,10,124.24668892119385,132,3.0,78.6,0,1,0
9757341313106951608,"1 (Tract 4.01, Champaign, IL)","4.01 (Champaign, IL)","Champaign County, IL",Illinois,"1 (Tract 9801, Cook, IL)","9801 (Cook, IL)","Cook County, IL",Illinois,private_auto,region_departure,school,1900-01-01 09:08:00,1900-01-01 11:22:17,134,132.2,unknown_vehicle_type,other_non_bev,,,,education,education,transportation_utilities,transportation_utilities,10113242296836248888,9916217623136890057,24.0,female,white_not_hispanic_or_latino,employed,employed_not_working,46367.0,private_auto,2.0,82302.0,two,core,naics713210,multiple_units,not_attending_school,bachelors_degree,renter,english,"1 (Tract 12.04, Champaign, IL)","12.04 (Champaign, IL)","Champaign County, IL",Illinois,"1 (Tract 13.01, Champaign, IL)","13.01 (Champaign, IL)","Champaign County, IL",Illinois,1.690909090909091,5.413015956668131,9,UIUC1,"3.01 (Champaign, IL)",1900-01-01 10:29:41.454545454,10,5.180851063829787,Chicago3_mdw,"9801 (Cook, IL)",8.688787635487756,70,76.87176015473888,10,114.10180359215589,134,3.0,79.32,0,1,0
14357596697554258562,"1 (Tract 13.02, Champaign, IL)","13.02 (Champaign, IL)","Champaign County, IL",Illinois,"1 (Tract 9801, Cook, IL)","9801 (Cook, IL)","Cook County, IL",Illinois,private_auto,region_departure,shop,1900-01-01 13:23:00,1900-01-01 15:48:19,145,129.1,unknown_vehicle_type,other_non_bev,,,,retail,retail,transportation_utilities,transportation_utilities,7984391942279670375,474395097198210716,30.0,female,two_races_not_hispanic_or_latino,employed,employed_not_working,35614.0,other_travel_mode,3.0,79538.0,two,core,naics62,single_family,not_attending_school,some_college,owner,english,"1 (Tract 12.04, Champaign, IL)","12.04 (Champaign, IL)","Champaign County, IL",Illinois,"1 (Tract 12.04, Champaign, IL)","12.04 (Champaign, IL)","Champaign County, IL",Illinois,8.6,13.596682926829267,13,UIUC1,"3.01 (Champaign, IL)",1900-01-01 14:51:36.000000000,14,5.041322314049586,Chicago3_mdw,"9801 (Cook, IL)",8.63018556058007,70,83.64132231404957,10,122.22686848740933,145,3.0,77.46,1,0,0
14043393765909838,"3 (Tract 8, Champaign, IL)","8 (Champaign, IL)","Champaign County, IL",Illinois,"1 (Tract 9801, Cook, IL)","9801 (Cook, IL)","Cook County, IL",Illinois,private_auto,region_departure,shop,1900-01-01 08:54:00,1900-01-01 11:02:20,128,130.1,unknown_vehicle_type,other_non_bev,,,,office,office,transportation_utilities,transportation_utilities,16114192186241363598,17451768110059657687,58.0,female,white_not_hispanic_or_latino,employed,employed_not_working,48308.0,private_auto,4.0,206277.0,three_plus,core,naics61,single_family,not_attending_school,advanced_degree,owner,english,"1 (Tract 12.04, Champaign, IL)","12.04 (Champaign, IL)","Champaign County, IL",Illinois,"2 (Tract 14, Champaign, IL)","14 (Champaign, IL)","Champaign County, IL",Illinois,7.6440677966101696,12.422734622986166,8,UIUC1,"3.01 (Champaign, IL)",1900-01-01 10:21:38.644067796,10,5.180851063829787,Chicago3_mdw,"9801 (Cook, IL)",8.688787635487756,70,82.82491886043996,10,121.11152225847393,128,3.0,78.05999999999999,0,1,0
7970935745613107228,"3 (Tract 12.03, Champaign, IL)","12.03 (Champaign, IL)","Champaign County, IL",Illinois,"1 (Tract 9801, Cook, IL)","9801 (Cook, IL)","Cook County, IL",Illinois,auto_passenger,region_departure,social,1900-01-01 05:29:00,1900-01-01 07:55:36,146,144.8,unknown_vehicle_type,unknown_fuel_type,,,,single_family,single_family,transportation_utilities,transportation_utilities,2034767261632992505,1652883584273028965,36.0,male,white_not_hispanic_or_latino,employed,employed_not_working,129225.0,private_auto,2.0,211349.0,two,core,naics54,multiple_units,not_attending_school,advanced_degree,owner,english,"1 (Tract 12.04, Champaign, IL)","12.04 (Champaign, IL)","Champaign County, IL",Illinois,"4 (Tract 8, Champaign, IL)","8 (Champaign, IL)","Champaign County, IL",Illinois,9.0,14.414656488549618,5,UIUC1,"3.01 (Champaign, IL)",1900-01-01 06:58:00.000000000,6,4.568965517241379,Chicago3_mdw,"9801 (Cook, IL)",8.431795705920624,70,83.56896551724138,10,122.84645219447023,146,3.0,86.88000000000001,0,1,0
4676760230183639799,"3 (Tract 12.03, Champaign, IL)","12.03 (Champaign, IL)","Champaign County, IL",Illinois,"1 (Tract 9801, Cook, IL)","9801 (Cook, IL)","Cook County, IL",Illinois,private_auto,region_departure,shop,1900-01-01 11:20:27,1900-01-01 13:47:29,147,131.7,unknown_vehicle_type,other_non_bev,,,,retail,retail,transportation_utilities,transportation_utilities,1632342092275090730,14549202976987131111,61.0,male,white_not_hispanic_or_latino,employed,employed_not_working,95409.0,private_auto,3.0,223450.0,three_plus,core,naics92,single_family,not_attending_school,advanced_degree,owner,english,"1 (Tract 12.05, Champaign, IL)","12.05 (Champaign, IL)","Champaign County, IL",Illinois,"4 (Tract 9.01, Champaign, IL)","9.01 (Champaign, IL)","Champaign County, IL",Illinois,8.4,14.162656488549617,11,UIUC1,"3.01 (Champaign, IL)",1900-01-01 12:48:51.000000000,12,5.0608108108108105,Chicago3_mdw,"9801 (Cook, IL)",8.638370729219785,70,83.46081081081081,10,122.8010272177694,147,3.0,79.02,0,1,0
15303536659702380493,"2 (Tract 12.05, Champaign, IL)","12.05 (Champaign, IL)","Champaign County, IL",Illinois,"1 (Tract 9801, Cook, IL)","9801 (Cook, IL)","Cook County, IL",Illinois,private_auto,region_departure,maintenance,1900-01-01 08:36:00,1900-01-01 10:50:21,134,136.8,unknown_vehicle_type,other_non_bev,,,,mixed_use,civic_institutional,transportation_utilities,transportation_utilities,17501296922362553139,5769739617186945005,43.0,male,white_not_hispanic_or_latino,employed,employed_not_working,166793.0,private_auto,4.0,166793.0,two,core,naics622110,single_family,graduate,advanced_degree,owner,english,"1 (Tract 12.05, Champaign, IL)","12.05 (Champaign, IL)","Champaign County, IL",Illinois,"1 (Tract 53, Champaign, IL)","53 (Champaign, IL)","Champaign County, IL",Illinois,11.96,18.786861971830984,8,UIUC1,"3.01 (Champaign, IL)",1900-01-01 10:07:57.600000000,10,5.180851063829787,Chicago3_mdw,"9801 (Cook, IL)",8.688787635487756,70,87.1408510638298,10,127.47564960731874,134,3.0,82.08,0,0,1
10162312036601288121,"1 (Tract 12.05, Champaign, IL)","12.05 (Champaign, IL)","Champaign County, IL",Illinois,"1 (Tract 9801, Cook, IL)","9801 (Cook, IL)","Cook County, IL",Illinois,private_auto,region_departure,home,1900-01-01 16:27:00,1900-01-01 18:48:38,141,131.6,unknown_vehicle_type,other_non_bev,,,,single_family,single_family,transportation_utilities,transportation_utilities,974981335152304334,2756497824751608138,50.0,male,asian_not_hispanic_or_latino,employed,employed_not_working,241625.0,private_auto,3.0,404748.0,two,core,naics611110,single_family,not_attending_school,advanced_degree,owner,english,"1 (Tract 12.05, Champaign, IL)","12.05 (Champaign, IL)","Champaign County, IL",Illinois,"3 (Tract 14, Champaign, IL)","14 (Champaign, IL)","Champaign County, IL",Illinois,12.333333333333334,18.943661971830984,16,UIUC1,"3.01 (Champaign, IL)",1900-01-01 17:59:19.999999998,17,5.551724137931035,Chicago3_mdw,"9801 (Cook, IL)",8.844554326610279,70,87.88505747126436,10,127.78821629844126,141,3.0,78.96,0,0,1
9071939675294072706,"1 (Tract 12.05, Champaign, IL)","12.05 (Champaign, IL)","Champaign County, IL",Illinois,"1 (Tract 9801, Cook, IL)","9801 (Cook, IL)","Cook County, IL",Illinois,private_auto,region_departure,recreation,1900-01-01 13:28:00,1900-01-01 15:46:15,138,138.0,unknown_vehicle_type,other_non_bev,,,,mixed_use,open_space,transportation_utilities,transportation_utilities,7658978380913009527,13197769516673767062,37.0,male,asian_not_hispanic_or_latino,employed,employed_not_working,231836.0,worked_from_home,6.0,312979.0,two,core,naics61,single_family,not_attending_school,advanced_degree,owner,asian_pacific,"1 (Tract 12.05, Champaign, IL)","12.05 (Champaign, IL)","Champaign County, IL",Illinois,"1 (Tract 12.05, Champaign, IL)","12.05 (Champaign, IL)","Champaign County, IL",Illinois,11.75,18.698661971830983,13,UIUC1,"3.01 (Champaign, IL)",1900-01-01 14:59:45.000000000,14,5.041322314049586,Chicago3_mdw,"9801 (Cook, IL)",8.63018556058007,70,86.79132231404958,10,127.32884753241106,138,3.0,82.8,0,0,1
11955677131031069449,"4 (Tract 8, Champaign, IL)","8 (Champaign, IL)","Champaign County, IL",Illinois,"1 (Tract 9801, Cook, IL)","9801 (Cook, IL)","Cook County, IL",Illinois,auto_passenger,region_departure,social,1900-01-01 13:22:00,1900-01-01 15:37:32,135,128.4,unknown_vehicle_type,unknown_fuel_type,,,,single_family,single_family,transportation_utilities,transportation_utilities,7164608857121974240,13026147454796839751,18.0,male,two_races_not_hispanic_or_latino,employed,employed_not_working,724.0,auto_passenger,4.0,216180.0,three_plus,core,naics81,single_family,school,high_school,owner,english,"1 (Tract 12.05, Champaign, IL)","12.05 (Champaign, IL)","Champaign County, IL",Illinois,"2 (Tract 14, Champaign, IL)","14 (Champaign, IL)","Champaign County, IL",Illinois,7.186440677966102,12.230531233155657,13,UIUC1,"3.01 (Champaign, IL)",1900-01-01 14:49:11.186440680,14,5.041322314049586,Chicago3_mdw,"9801 (Cook, IL)",8.63018556058007,70,82.22776299201568,10,120.86071679373573,135,3.0,77.04,1,0,0
13981942047116888373,"1 (Tract 12.01, Champaign, IL)","12.01 (Champaign, IL)","Champaign County, IL",Illinois,"1 (Tract 9801, Cook, IL)","9801 (Cook, IL)","Cook County, IL",Illinois,private_auto,region_departure,recreation,1900-01-01 23:00:00,1900-01-01 01:11:35,131,134.6,unknown_vehicle_type,other_non_bev,,,,open_space,open_space,transportation_utilities,transportation_utilities,14628696616150443164,1635953916206372120,38.0,female,white_not_hispanic_or_latino,employed,employed_not_working,92596.0,private_auto,3.0,232679.0,two,core,naics62,single_family,undergraduate,some_college,owner,english,"1 (Tract 13.01, Champaign, IL)","13.01 (Champaign, IL)","Champaign County, IL",Illinois,"1 (Tract 9.02, Champaign, IL)","9.02 (Champaign, IL)","Champaign County, IL",Illinois,7.0,12.24609271523179,23,UIUC1,"3.01 (Champaign, IL)",1900-01-02 00:27:00.000000000,0,3.0,Chicago3_mdw,"9801 (Cook, IL)",7.7728301886792455,70,80.0,10,120.01892290391103,131,3.0,80.75999999999999,0,1,0
9085686194945356849,"1 (Tract 3.01, Champaign, IL)","3.01 (Champaign, IL)","Champaign County, IL",Illinois,"1 (Tract 9801, Cook, IL)","9801 (Cook, IL)","Cook County, IL",Illinois,private_auto,region_departure,shop,1900-01-01 18:46:00,1900-01-01 20:57:07,131,132.0,unknown_vehicle_type,other_non_bev,,,,retail,retail,transportation_utilities,transportation_utilities,16733276313499437153,5346587205311823597,23.0,male,asian_not_hispanic_or_latino,employed,employed_not_working,30388.0,private_auto,1.0,30388.0,one,core,naics61,multiple_units,graduate,advanced_degree,renter,asian_pacific,"1 (Tract 13.01, Champaign, IL)","13.01 (Champaign, IL)","Champaign County, IL",Illinois,"2 (Tract 59.02, Champaign, IL)","59.02 (Champaign, IL)","Champaign County, IL",Illinois,0.8979591836734694,4.9543251374623924,18,UIUC1,"3.01 (Champaign, IL)",1900-01-01 20:06:53.877551022,20,5.92,Chicago3_mdw,"9801 (Cook, IL)",8.999230188679245,70,76.81795918367347,10,113.95355532614164,131,3.0,79.2,1,0,0
13828072685228849806,"1 (Tract 13.01, Champaign, IL)","13.01 (Champaign, IL)","Champaign County, IL",Illinois,"1 (Tract 9801, Cook, IL)","9801 (Cook, IL)","Cook County, IL",Illinois,private_auto,region_departure,home,1900-01-01 06:01:00,1900-01-01 08:19:26,138,134.7,unknown_vehicle_type,other_non_bev,,,,single_family,single_family,transportation_utilities,transportation_utilities,7019569458236679784,15662455776501683528,60.0,male,white_not_hispanic_or_latino,employed,employed_not_working,89035.0,biking,4.0,128211.0,two,core,naics61,single_family,not_attending_school,bachelors_degree,owner,indo_european,"1 (Tract 13.01, Champaign, IL)","13.01 (Champaign, IL)","Champaign County, IL",Illinois,"2 (Tract 14, Champaign, IL)","14 (Champaign, IL)","Champaign County, IL",Illinois,5.7,10.192039215686274,6,UIUC1,"3.01 (Champaign, IL)",1900-01-01 07:26:42.000000000,7,4.450704225352113,Chicago3_mdw,"9801 (Cook, IL)",8.382125963327132,70,80.15070422535211,10,118.5741651790134,138,3.0,80.82,0,1,0
10488365116302616666,"5 (Tract 12.01, Champaign, IL)","12.01 (Champaign, IL)","Champaign County, IL",Illinois,"1 (Tract 9801, Cook, IL)","9801 (Cook, IL)","Cook County, IL",Illinois,auto_passenger,region_departure,eat,1900-01-01 11:12:00,1900-01-01 13:27:24,135,132.0,unknown_vehicle_type,unknown_fuel_type,,,,retail,retail,transportation_utilities,transportation_utilities,1207663216201526766,8436801947375893054,61.0,female,white_not_hispanic_or_latino,employed,employed_not_working,18351.0,worked_from_home,3.0,53116.0,two,core,naics541940,single_family,not_attending_school,advanced_degree,owner,english,"1 (Tract 13.02, Champaign, IL)","13.02 (Champaign, IL)","Champaign County, IL",Illinois,"1 (Tract 13.02, Champaign, IL)","13.02 (Champaign, IL)","Champaign County, IL",Illinois,7.583333333333333,12.491092715231787,11,UIUC1,"3.01 (Champaign, IL)",1900-01-01 12:39:34.999999998,12,5.0608108108108105,Chicago3_mdw,"9801 (Cook, IL)",8.638370729219785,70,82.64414414414414,10,121.12946344445157,135,3.0,79.2,1,0,0
14824683349089990641,"1 (Tract 14, Champaign, IL)","14 (Champaign, IL)","Champaign County, IL",Illinois,"1 (Tract 9801, Cook, IL)","9801 (Cook, IL)","Cook County, IL",Illinois,private_auto,region_departure,home,1900-01-01 08:51:00,1900-01-01 11:09:42,138,139.6,unknown_vehicle_type,other_non_bev,,,,single_family,single_family,transportation_utilities,transportation_utilities,11207021481535217322,3523563240223445522,37.0,female,white_not_hispanic_or_latino,employed,employed_not_working,1325.0,worked_from_home,3.0,227658.0,two,core,naics54,single_family,not_attending_school,bachelors_degree,owner,english,"1 (Tract 14, Champaign, IL)","14 (Champaign, IL)","Champaign County, IL",Illinois,"1 (Tract 14, Champaign, IL)","14 (Champaign, IL)","Champaign County, IL",Illinois,3.5681818181818183,7.67529016029016,8,UIUC1,"3.01 (Champaign, IL)",1900-01-01 10:14:34.090909092,10,5.180851063829787,Chicago3_mdw,"9801 (Cook, IL)",8.688787635487756,70,78.7490328820116,10,116.36407779577792,138,3.0,83.75999999999999,1,0,0
4888160562328377689,"3 (Tract 13.02, Champaign, IL)","13.02 (Champaign, IL)","Champaign County, IL",Illinois,"1 (Tract 9801, Cook, IL)","9801 (Cook, IL)","Cook County, IL",Illinois,private_auto,region_departure,shop,1900-01-01 18:53:00,1900-01-01 21:18:58,145,131.0,unknown_vehicle_type,other_non_bev,,,,retail,retail,transportation_utilities,transportation_utilities,9766951509782064499,12437015447126390462,29.0,male,white_not_hispanic_or_latino,employed,employed_not_working,71228.0,private_auto,2.0,96989.0,two,core,naics5412,single_family,not_attending_school,advanced_degree,renter,spanish,"1 (Tract 14, Champaign, IL)","14 (Champaign, IL)","Champaign County, IL",Illinois,"1 (Tract 13.01, Champaign, IL)","13.01 (Champaign, IL)","Champaign County, IL",Illinois,7.555555555555555,13.1580162601626,18,UIUC1,"3.01 (Champaign, IL)",1900-01-01 20:20:33.333333336,20,5.92,Chicago3_mdw,"9801 (Cook, IL)",8.999230188679245,70,83.47555555555556,10,122.15724644884185,145,3.0,78.6,0,1,0
1699288143346748632,"1 (Tract 4.02, Champaign, IL)","4.02 (Champaign, IL)","Champaign County, IL",Illinois,"1 (Tract 9801, Cook, IL)","9801 (Cook, IL)","Cook County, IL",Illinois,auto_passenger,region_departure,home,1900-01-01 15:23:00,1900-01-01 17:41:45,138,130.2,unknown_vehicle_type,unknown_fuel_type,,,,multi_family,multi_family,transportation_utilities,transportation_utilities,9708781874089062663,5610928693010739938,20.0,female,white_not_hispanic_or_latino,employed,employed_not_working,9615.0,private_auto,2.0,9615.0,one,core,naics72,multiple_units,undergraduate,some_college,renter,english,"1 (Tract 4.02, Champaign, IL)","4.02 (Champaign, IL)","Champaign County, IL",Illinois,"2 (Tract 14, Champaign, IL)","14 (Champaign, IL)","Champaign County, IL",Illinois,1.5588235294117647,5.633011402250245,15,UIUC1,"3.01 (Champaign, IL)",1900-01-01 16:44:33.529411764,16,4.228070175438597,Chicago3_mdw,"9801 (Cook, IL)",8.288619662363455,70,75.78689370485037,10,113.9216310646137,138,3.0,78.11999999999999,1,0,0
15996910310093936182,"4 (Tract 55, Champaign, IL)","55 (Champaign, IL)","Champaign County, IL",Illinois,"1 (Tract 9801, Cook, IL)","9801 (Cook, IL)","Cook County, IL",Illinois,private_auto,region_departure,eat,1900-01-01 19:03:00,1900-01-01 21:27:28,144,130.6,unknown_vehicle_type,other_non_bev,,,,retail,retail,transportation_utilities,transportation_utilities,5444378128512732457,13601034157706382656,25.0,male,black_not_hispanic_or_latino,employed,employed_not_working,37988.0,private_auto,6.0,106818.0,three_plus,core,naics611110,single_family,graduate,bachelors_degree,owner,indo_european,"1 (Tract 56.01, Champaign, IL)","56.01 (Champaign, IL)","Champaign County, IL",Illinois,"2 (Tract 5, Champaign, IL)","5 (Champaign, IL)","Champaign County, IL",Illinois,5.583333333333333,10.36457894736842,19,UIUC1,"3.01 (Champaign, IL)",1900-01-01 20:28:34.999999998,20,5.92,Chicago3_mdw,"9801 (Cook, IL)",8.999230188679245,70,81.50333333333333,10,119.36380913604766,144,3.0,78.36,1,0,0
7180321228283100601,"1 (Tract 12.01, Champaign, IL)","12.01 (Champaign, IL)","Champaign County, IL",Illinois,"5 (Tract 6608, Cook, IL)","6608 (Cook, IL)","Cook County, IL",Illinois,auto_passenger,social,recreation,1900-01-01 11:00:00,1900-01-01 13:12:06,132,130.4,unknown_vehicle_type,unknown_fuel_type,,,,open_space,open_space,multi_family,multi_family,13150426486614027560,10854003188367243565,23.0,female,white_not_hispanic_or_latino,employed,employed_not_working,37985.0,private_auto,2.0,81398.0,two,core,naics56,multiple_units,not_attending_school,some_college,renter,english,"1 (Tract 56.02, Champaign, IL)","56.02 (Champaign, IL)","Champaign County, IL",Illinois,"2 (Tract 102.04, Champaign, IL)","102.04 (Champaign, IL)","Champaign County, IL",Illinois,7.583333333333333,12.491092715231787,11,UIUC1,"3.01 (Champaign, IL)",1900-01-01 12:27:34.999999998,12,8.333333333333334,Chicago3_mdw,"9801 (Cook, IL)",13.512,70,85.91666666666666,10,126.00309271523179,132,3.0,78.24,1,0,0
4317480492823903158,"1 (Tract 56.02, Champaign, IL)","56.02 (Champaign, IL)","Champaign County, IL",Illinois,"1 (Tract 9801, Cook, IL)","9801 (Cook, IL)","Cook County, IL",Illinois,private_auto,region_departure,home,1900-01-01 20:58:00,1900-01-01 23:15:24,137,135.2,unknown_vehicle_type,other_non_bev,,,,single_family,single_family,transportation_utilities,transportation_utilities,15298398193033547359,1410836640369546322,28.0,female,white_not_hispanic_or_latino,employed,employed_not_working,69459.0,auto_passenger,2.0,120469.0,two,core,naics62,single_family,not_attending_school,advanced_degree,owner,english,"1 (Tract 56.02, Champaign, IL)","56.02 (Champaign, IL)","Champaign County, IL",Illinois,"2 (Tract 55, Champaign, IL)","55 (Champaign, IL)","Champaign County, IL",Illinois,8.333333333333334,14.002748091603053,20,UIUC1,"3.01 (Champaign, IL)",1900-01-01 22:26:19.999999998,22,3.333333333333333,Chicago3_mdw,"9801 (Cook, IL)",7.912830188679245,70,81.66666666666666,10,121.9155782802823,137,3.0,81.11999999999999,0,1,0
3090096600398463925,"5 (Tract 58, Champaign, IL)","58 (Champaign, IL)","Champaign County, IL",Illinois,"1 (Tract 6605, Cook, IL)","6605 (Cook, IL)","Cook County, IL",Illinois,auto_passenger,shop,social,1900-01-01 15:32:00,1900-01-01 17:47:14,135,127.8,unknown_vehicle_type,unknown_fuel_type,,,,single_family,single_family,retail,retail,1121653617171704812,13899665800491069230,24.0,female,white_not_hispanic_or_latino,employed,employed_not_working,33815.0,private_auto,1.0,33815.0,one,core,naics611110,multiple_units,graduate,bachelors_degree,renter,english,"1 (Tract 8, Champaign, IL)","8 (Champaign, IL)","Champaign County, IL",Illinois,"1 (Tract 56.02, Champaign, IL)","56.02 (Champaign, IL)","Champaign County, IL",Illinois,3.5,7.622530120481929,15,UIUC1,"3.01 (Champaign, IL)",1900-01-01 16:55:30.000000000,16,8.8,Chicago3_mdw,"9801 (Cook, IL)",13.394991596638658,70,82.3,10,121.01752171712059,135,3.0,76.67999999999999,1,0,0
8018469000260950571,"1 (Tract 9.02, Champaign, IL)","9.02 (Champaign, IL)","Champaign County, IL",Illinois,"1 (Tract 9801, Cook, IL)","9801 (Cook, IL)","Cook County, IL",Illinois,private_auto,region_departure,recreation,1900-01-01 10:29:00,1900-01-01 12:42:50,133,132.3,unknown_vehicle_type,electric,,,,non_retail_attraction,non_retail_attraction,transportation_utilities,transportation_utilities,1257577027460870673,5777861431922877764,23.0,female,black_not_hispanic_or_latino,employed,employed_not_working,21014.0,private_auto,1.0,21014.0,one,core,naics721110,multiple_units,graduate,bachelors_degree,renter,indo_european,"1 (Tract 8, Champaign, IL)","8 (Champaign, IL)","Champaign County, IL",Illinois,"1 (Tract 53, Champaign, IL)","53 (Champaign, IL)","Champaign County, IL",Illinois,9.947368421052632,15.695643932983582,10,UIUC1,"3.01 (Champaign, IL)",1900-01-01 11:58:56.842105266,11,4.945945945945946,Chicago3_mdw,"9801 (Cook, IL)",8.590127485976542,70,84.89331436699858,10,124.28577141896012,133,3.0,79.38000000000001,1,0,0
6293013630590451539,"1 (Tract 4.01, Champaign, IL)","4.01 (Champaign, IL)","Champaign County, IL",Illinois,"1 (Tract 9801, Cook, IL)","9801 (Cook, IL)","Cook County, IL",Illinois,private_auto,region_departure,recreation,1900-01-01 15:20:00,1900-01-01 17:47:28,147,128.7,unknown_vehicle_type,other_non_bev,,,,non_retail_attraction,non_retail_attraction,transportation_utilities,transportation_utilities,5385451700168085759,8324558369369934713,30.0,male,white_not_hispanic_or_latino,employed,employed_not_working,74789.0,private_auto,6.0,74789.0,two,core,naics61,single_family,not_attending_school,some_college,owner,english,"2 (Tract 102.04, Champaign, IL)","102.04 (Champaign, IL)","Champaign County, IL",Illinois,"1 (Tract 53, Champaign, IL)","53 (Champaign, IL)","Champaign County, IL",Illinois,1.1333333333333333,5.178834138486312,15,UIUC1,"3.01 (Champaign, IL)",1900-01-01 16:41:07.999999998,16,4.228070175438597,Chicago3_mdw,"9801 (Cook, IL)",8.288619662363455,70,75.36140350877194,10,113.46745380084977,147,3.0,77.21999999999998,0,1,0
10475075826754710918,"2 (Tract 14, Champaign, IL)","14 (Champaign, IL)","Champaign County, IL",Illinois,"1 (Tract 9801, Cook, IL)","9801 (Cook, IL)","Cook County, IL",Illinois,private_auto,region_departure,school,1900-01-01 17:06:00,1900-01-01 19:24:33,138,127.0,unknown_vehicle_type,other_non_bev,,,,education,education,transportation_utilities,transportation_utilities,679389310488088949,4404421023348427341,32.0,female,white_not_hispanic_or_latino,employed,employed_not_working,71228.0,private_auto,6.0,154328.0,two,core,naics522110,single_family,not_attending_school,bachelors_degree,owner,english,"2 (Tract 103, Champaign, IL)","103 (Champaign, IL)","Champaign County, IL",Illinois,"2 (Tract 107.02, Champaign, IL)","107.02 (Champaign, IL)","Champaign County, IL",Illinois,3.68,7.7222537966537965,17,UIUC1,"3.01 (Champaign, IL)",1900-01-01 18:29:40.800000000,18,4.653846153846154,Chicago3_mdw,"9801 (Cook, IL)",8.46744557329463,70,78.33384615384617,10,116.18969936994843,138,3.0,76.2,0,1,0
14504531033304106477,"1 (Tract 8, Champaign, IL)","8 (Champaign, IL)","Champaign County, IL",Illinois,"1 (Tract 9801, Cook, IL)","9801 (Cook, IL)","Cook County, IL",Illinois,private_auto,region_departure,shop,1900-01-01 15:29:00,1900-01-01 17:42:15,133,124.1,unknown_vehicle_type,other_non_bev,,,,office,office,transportation_utilities,transportation_utilities,4681744774482124951,12147827815115307075,32.0,male,white_not_hispanic_or_latino,employed,employed_not_working,83461.0,private_auto,5.0,83461.0,two,core,naics2383,single_family,not_attending_school,some_college,owner,english,"2 (Tract 108, Champaign, IL)","108 (Champaign, IL)","Champaign County, IL",Illinois,"1 (Tract 9.02, Champaign, IL)","9.02 (Champaign, IL)","Champaign County, IL",Illinois,7.298701298701299,12.27768069386444,15,UIUC1,"3.01 (Champaign, IL)",1900-01-01 16:56:17.922077922,16,4.228070175438597,Chicago3_mdw,"9801 (Cook, IL)",8.288619662363455,70,81.5267714741399,10,120.5663003562279,133,3.0,74.46,0,1,0
4217389836251540438,"2 (Tract 12.03, Champaign, IL)","12.03 (Champaign, IL)","Champaign County, IL",Illinois,"1 (Tract 9801, Cook, IL)","9801 (Cook, IL)","Cook County, IL",Illinois,private_auto,region_departure,home,1900-01-01 11:47:00,1900-01-01 14:09:15,142,128.3,unknown_vehicle_type,other_non_bev,,,,single_family,single_family,transportation_utilities,transportation_utilities,6545540431292746830,3321071424969168819,55.0,male,white_not_hispanic_or_latino,employed,employed_not_working,54347.0,private_auto,2.0,114732.0,two,core,naics3399,single_family,not_attending_school,some_college,owner,english,"2 (Tract 12.03, Champaign, IL)","12.03 (Champaign, IL)","Champaign County, IL",Illinois,"2 (Tract 9769, Moultrie, IL)","9769 (Moultrie, IL)","Moultrie County, IL",Illinois,8.4,14.162656488549617,11,UIUC1,"3.01 (Champaign, IL)",1900-01-01 13:15:24.000000000,13,5.015151515151516,Chicago3_mdw,"9801 (Cook, IL)",8.619193825042881,70,83.41515151515152,10,122.7818503135925,142,3.0,76.98,0,1,0
14351285554633996137,"1 (Tract 109.02, Champaign, IL)","109.02 (Champaign, IL)","Champaign County, IL",Illinois,"1 (Tract 9801, Cook, IL)","9801 (Cook, IL)","Cook County, IL",Illinois,private_auto,region_departure,shop,1900-01-01 08:27:00,1900-01-01 10:47:03,140,140.0,unknown_vehicle_type,other_non_bev,,,,retail,retail,transportation_utilities,transportation_utilities,3724772925117765337,15924410943334292126,28.0,male,white_not_hispanic_or_latino,employed,employed_not_working,49844.0,private_auto,2.0,102008.0,two,core,naics8122,single_family,not_attending_school,advanced_degree,owner,english,"2 (Tract 12.03, Champaign, IL)","12.03 (Champaign, IL)","Champaign County, IL",Illinois,"2 (Tract 110.01, Champaign, IL)","110.01 (Champaign, IL)","Champaign County, IL",Illinois,11.055555555555555,17.076666666666664,8,UIUC1,"3.01 (Champaign, IL)",1900-01-01 09:58:03.333333336,9,4.908163265306122,Chicago3_mdw,"9801 (Cook, IL)",8.574258760107817,70,85.96371882086169,10,125.65092542677448,140,3.0,84.0,0,1,0
13659334977220286052,"2 (Tract 12.03, Champaign, IL)","12.03 (Champaign, IL)","Champaign County, IL",Illinois,"1 (Tract 9801, Cook, IL)","9801 (Cook, IL)","Cook County, IL",Illinois,private_auto,region_departure,home,1900-01-01 16:38:00,1900-01-01 18:58:24,140,129.0,unknown_vehicle_type,other_non_bev,,,,single_family,single_family,transportation_utilities,transportation_utilities,12474961054856074932,12303443553173717918,38.0,male,white_not_hispanic_or_latino,employed,employed_not_working,91786.0,private_auto,4.0,144200.0,two,core,naics3399,single_family,not_attending_school,advanced_degree,owner,english,"2 (Tract 12.03, Champaign, IL)","12.03 (Champaign, IL)","Champaign County, IL",Illinois,"3 (Tract 12.03, Champaign, IL)","12.03 (Champaign, IL)","Champaign County, IL",Illinois,7.0,13.574656488549618,16,UIUC1,"3.01 (Champaign, IL)",1900-01-01 18:05:00.000000000,18,4.653846153846154,Chicago3_mdw,"9801 (Cook, IL)",8.46744557329463,70,81.65384615384616,10,122.04210206184425,140,3.0,77.39999999999999,0,1,0
13354269483969316200,"2 (Tract 12.05, Champaign, IL)","12.05 (Champaign, IL)","Champaign County, IL",Illinois,"1 (Tract 9801, Cook, IL)","9801 (Cook, IL)","Cook County, IL",Illinois,private_auto,region_departure,home,1900-01-01 06:37:00,1900-01-01 09:04:47,147,132.5,unknown_vehicle_type,other_non_bev,,,,single_family,single_family,transportation_utilities,transportation_utilities,11732126542082384768,9329434914627961437,53.0,male,white_not_hispanic_or_latino,employed,employed_not_working,79522.0,private_auto,4.0,178415.0,three_plus,core,naics622110,single_family,not_attending_school,some_college,owner,english,"2 (Tract 12.05, Champaign, IL)","12.05 (Champaign, IL)","Champaign County, IL",Illinois,"1 (Tract 53, Champaign, IL)","53 (Champaign, IL)","Champaign County, IL",Illinois,11.9,18.761661971830986,6,UIUC1,"3.01 (Champaign, IL)",1900-01-01 08:08:54.000000000,8,5.442622950819672,Chicago3_mdw,"9801 (Cook, IL)",8.798731828023508,70,87.34262295081967,10,127.5603937998545,147,3.0,79.5,0,1,0
12957127130955121760,"2 (Tract 14, Champaign, IL)","14 (Champaign, IL)","Champaign County, IL",Illinois,"1 (Tract 9801, Cook, IL)","9801 (Cook, IL)","Cook County, IL",Illinois,private_auto,region_departure,school,1900-01-01 08:40:00,1900-01-01 10:56:19,136,133.1,unknown_vehicle_type,other_non_bev,,,,education,education,transportation_utilities,transportation_utilities,17356499601890516698,16010140878508503153,32.0,male,white_not_hispanic_or_latino,employed,employed_not_working,43924.0,private_auto,3.0,79538.0,two,core,naics61,single_family,not_attending_school,some_college,owner,english,"2 (Tract 12.05, Champaign, IL)","12.05 (Champaign, IL)","Champaign County, IL",Illinois,"2 (Tract 12.05, Champaign, IL)","12.05 (Champaign, IL)","Champaign County, IL",Illinois,3.5681818181818183,7.67529016029016,8,UIUC1,"3.01 (Champaign, IL)",1900-01-01 10:03:34.090909092,10,5.180851063829787,Chicago3_mdw,"9801 (Cook, IL)",8.688787635487756,70,78.7490328820116,10,116.36407779577792,136,3.0,79.86,1,0,0
6069775766669666503,"2 (Tract 12.05, Champaign, IL)","12.05 (Champaign, IL)","Champaign County, IL",Illinois,"1 (Tract 9801, Cook, IL)","9801 (Cook, IL)","Cook County, IL",Illinois,private_auto,region_departure,home,1900-01-01 08:41:00,1900-01-01 10:57:05,136,135.9,unknown_vehicle_type,other_non_bev,,,,single_family,single_family,transportation_utilities,transportation_utilities,7443971716401829940,11936968983599675058,49.0,female,white_not_hispanic_or_latino,employed,employed_not_working,45691.0,private_auto,4.0,162904.0,two,core,naics62,single_family,not_attending_school,advanced_degree,owner,english,"2 (Tract 12.05, Champaign, IL)","12.05 (Champaign, IL)","Champaign County, IL",Illinois,"2 (Tract 58, Champaign, IL)","58 (Champaign, IL)","Champaign County, IL",Illinois,11.96,18.786861971830984,8,UIUC1,"3.01 (Champaign, IL)",1900-01-01 10:12:57.600000000,10,5.180851063829787,Chicago3_mdw,"9801 (Cook, IL)",8.688787635487756,70,87.1408510638298,10,127.47564960731874,136,3.0,81.54,0,1,0
106800907303140733,"2 (Tract 13.02, Champaign, IL)","13.02 (Champaign, IL)","Champaign County, IL",Illinois,"1 (Tract 9801, Cook, IL)","9801 (Cook, IL)","Cook County, IL",Illinois,private_auto,region_departure,home,1900-01-01 14:14:00,1900-01-01 16:37:11,143,129.1,unknown_vehicle_type,other_non_bev,,,,single_family,single_family,transportation_utilities,transportation_utilities,3734491088464764623,9281874854550222315,37.0,female,asian_not_hispanic_or_latino,employed,employed_not_working,39250.0,worked_from_home,3.0,234899.0,two,core,naics22,single_family,not_attending_school,advanced_degree,owner,indo_european,"2 (Tract 13.02, Champaign, IL)","13.02 (Champaign, IL)","Champaign County, IL",Illinois,"2 (Tract 13.02, Champaign, IL)","13.02 (Champaign, IL)","Champaign County, IL",Illinois,6.75,12.81968292682927,14,UIUC1,"3.01 (Champaign, IL)",1900-01-01 15:40:45.000000000,15,5.063291139240507,Chicago3_mdw,"9801 (Cook, IL)",8.639412467160257,70,81.8132911392405,10,121.45909539398953,143,3.0,77.46,1,0,0
3983728316028198549,"3 (Tract 53, Champaign, IL)","53 (Champaign, IL)","Champaign County, IL",Illinois,"1 (Tract 9801, Cook, IL)","9801 (Cook, IL)","Cook County, IL",Illinois,private_auto,region_departure,social,1900-01-01 22:57:00,1900-01-01 01:06:33,129,131.6,unknown_vehicle_type,other_non_bev,,,,single_family,single_family,transportation_utilities,transportation_utilities,8803261363686892438,9241106639413588806,20.0,female,asian_not_hispanic_or_latino,employed,employed_not_working,60.0,public_transit,4.0,60.0,two,core,naics722511,multiple_units,undergraduate,some_college,renter,asian_pacific,"2 (Tract 2, Champaign, IL)","2 (Champaign, IL)","Champaign County, IL",Illinois,"1 (Tract 56.01, Champaign, IL)","56.01 (Champaign, IL)","Champaign County, IL",Illinois,4.0,8.22516795865633,22,UIUC1,"3.01 (Champaign, IL)",1900-01-02 00:21:00.000000000,0,3.0,Chicago3_mdw,"9801 (Cook, IL)",7.7728301886792455,70,77.0,10,115.99799814733558,129,3.0,78.96,1,0,0
16189160540892201699,"2 (Tract 2, Champaign, IL)","2 (Champaign, IL)","Champaign County, IL",Illinois,"1 (Tract 9801, Cook, IL)","9801 (Cook, IL)","Cook County, IL",Illinois,private_auto,region_departure,home,1900-01-01 19:02:00,1900-01-01 21:21:01,139,127.8,unknown_vehicle_type,other_non_bev,,,,multi_family,multi_family,transportation_utilities,transportation_utilities,12414798806638566336,1161409090181197420,30.0,male,hispanic_or_latino_origin,employed,employed_not_working,24154.0,public_transit,2.0,47100.0,one,core,naics61,multiple_units,graduate,advanced_degree,renter,english,"2 (Tract 2, Champaign, IL)","2 (Champaign, IL)","Champaign County, IL",Illinois,"2 (Tract 3.01, Champaign, IL)","3.01 (Champaign, IL)","Champaign County, IL",Illinois,2.1666666666666665,6.306774193548388,19,UIUC1,"3.01 (Champaign, IL)",1900-01-01 20:24:10.000000002,20,5.92,Chicago3_mdw,"9801 (Cook, IL)",8.999230188679245,70,78.08666666666667,10,115.30600438222764,139,3.0,76.67999999999999,1,0,0
306252739813392519,"2 (Tract 59.02, Champaign, IL)","59.02 (Champaign, IL)","Champaign County, IL",Illinois,"1 (Tract 9801, Cook, IL)","9801 (Cook, IL)","Cook County, IL",Illinois,private_auto,region_departure,other_activity_type,1900-01-01 12:40:00,1900-01-01 15:00:38,140,127.3,unknown_vehicle_type,other_non_bev,,,,education,education,transportation_utilities,transportation_utilities,4758449387972729724,8400262067422632554,21.0,female,white_not_hispanic_or_latino,employed,employed_not_working,6511.0,public_transit,1.0,6511.0,one,core,naics712110,multiple_units,undergraduate,some_college,renter,english,"2 (Tract 3.01, Champaign, IL)","3.01 (Champaign, IL)","Champaign County, IL",Illinois,"2 (Tract 60, Champaign, IL)","60 (Champaign, IL)","Champaign County, IL",Illinois,2.218390804597701,6.181500311216234,12,UIUC1,"3.01 (Champaign, IL)",1900-01-01 14:02:13.103448276,14,5.041322314049586,Chicago3_mdw,"9801 (Cook, IL)",8.63018556058007,70,77.25971311864728,10,114.81168587179631,140,3.0,76.38,1,0,0
14035567103166220048,"1 (Tract 111, Champaign, IL)","111 (Champaign, IL)","Champaign County, IL",Illinois,"1 (Tract 9801, Cook, IL)","9801 (Cook, IL)","Cook County, IL",Illinois,private_auto,region_departure,shop,1900-01-01 11:59:00,1900-01-01 14:20:51,141,127.7,unknown_vehicle_type,other_non_bev,,,,retail,retail,transportation_utilities,transportation_utilities,11333387965335085493,480804197203841922,54.0,female,white_not_hispanic_or_latino,employed,employed_not_working,135663.0,private_auto,2.0,379857.0,two,core,naics53,single_family,not_attending_school,bachelors_degree,owner,english,"2 (Tract 55, Champaign, IL)","55 (Champaign, IL)","Champaign County, IL",Illinois,"5 (Tract 55, Champaign, IL)","55 (Champaign, IL)","Champaign County, IL",Illinois,2.6818181818181817,6.982442067736185,11,UIUC1,"3.01 (Champaign, IL)",1900-01-01 13:21:40.909090908,13,5.015151515151516,Chicago3_mdw,"9801 (Cook, IL)",8.619193825042881,70,77.6969696969697,10,115.60163589277907,141,3.0,76.62,0,1,0
4330147220377656781,"2 (Tract 56.02, Champaign, IL)","56.02 (Champaign, IL)","Champaign County, IL",Illinois,"1 (Tract 9801, Cook, IL)","9801 (Cook, IL)","Cook County, IL",Illinois,private_auto,region_departure,home,1900-01-01 07:45:00,1900-01-01 10:10:18,145,136.5,unknown_vehicle_type,other_non_bev,,,,single_family,single_family,transportation_utilities,transportation_utilities,8509165234596185502,11026470402097811500,47.0,male,white_not_hispanic_or_latino,employed,employed_not_working,67666.0,worked_from_home,3.0,147205.0,three_plus,core,naics54,single_family,not_attending_school,some_college,owner,english,"2 (Tract 56.02, Champaign, IL)","56.02 (Champaign, IL)","Champaign County, IL",Illinois,"2 (Tract 56.02, Champaign, IL)","56.02 (Champaign, IL)","Champaign County, IL",Illinois,8.166666666666666,13.932748091603052,7,UIUC1,"3.01 (Champaign, IL)",1900-01-01 09:13:10.000000002,9,4.908163265306122,Chicago3_mdw,"9801 (Cook, IL)",8.574258760107817,70,83.0748299319728,10,122.50700685171088,145,3.0,81.89999999999999,0,1,0
2183352562280914000,"1 (Tract 57.01, Champaign, IL)","57.01 (Champaign, IL)","Champaign County, IL",Illinois,"1 (Tract 9801, Cook, IL)","9801 (Cook, IL)","Cook County, IL",Illinois,private_auto,region_departure,maintenance,1900-01-01 13:20:00,1900-01-01 15:52:52,152,131.0,unknown_vehicle_type,other_non_bev,,,,mixed_use,civic_institutional,transportation_utilities,transportation_utilities,10592267866589293922,6849983916468092779,25.0,female,asian_not_hispanic_or_latino,employed,employed_not_working,33952.0,auto_passenger,1.0,33952.0,two,core,naics61,multiple_units,graduate,advanced_degree,renter,asian_pacific,"2 (Tract 57.01, Champaign, IL)","57.01 (Champaign, IL)","Champaign County, IL",Illinois,"1 (Tract 3.01, Champaign, IL)","3.01 (Champaign, IL)","Champaign County, IL",Illinois,6.25,11.348357664233577,13,UIUC1,"3.01 (Champaign, IL)",1900-01-01 14:46:15.000000000,14,5.041322314049586,Chicago3_mdw,"9801 (Cook, IL)",8.63018556058007,70,81.29132231404958,10,119.97854322481365,152,3.0,78.6,1,0,0
12963704145888625820,"2 (Tract 57.01, Champaign, IL)","57.01 (Champaign, IL)","Champaign County, IL",Illinois,"1 (Tract 8352, Cook, IL)","8352 (Cook, IL)","Cook County, IL",Illinois,auto_passenger,shop,home,1900-01-01 12:20:00,1900-01-01 14:45:54,145,129.8,unknown_vehicle_type,unknown_fuel_type,,,,multi_family,multi_family,retail,retail,9653431639984701994,6587967386360626695,28.0,female,black_not_hispanic_or_latino,employed,employed_not_working,36702.0,private_auto,2.0,36702.0,zero,core,naics3399,multiple_units,not_attending_school,high_school,renter,english,"2 (Tract 57.01, Champaign, IL)","57.01 (Champaign, IL)","Champaign County, IL",Illinois,"2 (Tract 104, Champaign, IL)","104 (Champaign, IL)","Champaign County, IL",Illinois,6.857142857142857,11.603357664233577,12,UIUC1,"3.01 (Champaign, IL)",1900-01-01 13:46:51.428571426,13,4.6571428571428575,Chicago3_mdw,"9801 (Cook, IL)",8.174848,70,81.51428571428572,10,119.77820566423358,145,3.0,77.88000000000001,1,0,0
10550714318972633032,"3 (Tract 53, Champaign, IL)","53 (Champaign, IL)","Champaign County, IL",Illinois,"1 (Tract 9801, Cook, IL)","9801 (Cook, IL)","Cook County, IL",Illinois,private_auto,region_departure,shop,1900-01-01 11:55:00,1900-01-01 14:11:43,136,125.9,unknown_vehicle_type,other_non_bev,,,,retail,retail,transportation_utilities,transportation_utilities,12288214193706129524,339334284391179832,25.0,female,asian_not_hispanic_or_latino,employed,employed_not_working,33952.0,auto_passenger,1.0,33952.0,two,core,naics61,multiple_units,graduate,advanced_degree,renter,asian_pacific,"2 (Tract 57.01, Champaign, IL)","57.01 (Champaign, IL)","Champaign County, IL",Illinois,"1 (Tract 111, Champaign, IL)","111 (Champaign, IL)","Champaign County, IL",Illinois,3.84,8.15796795865633,11,UIUC1,"3.01 (Champaign, IL)",1900-01-01 13:18:50.400000000,13,5.015151515151516,Chicago3_mdw,"9801 (Cook, IL)",8.619193825042881,70,78.85515151515152,10,116.77716178369921,136,3.0,75.54,1,0,0
670094493303205904,"4 (Tract 13.01, Champaign, IL)","13.01 (Champaign, IL)","Champaign County, IL",Illinois,"1 (Tract 9801, Cook, IL)","9801 (Cook, IL)","Cook County, IL",Illinois,private_auto,region_departure,eat,1900-01-01 19:07:00,1900-01-01 21:18:26,131,135.0,unknown_vehicle_type,other_non_bev,,,,retail,retail,transportation_utilities,transportation_utilities,11501476857134026295,8568979435991269048,20.0,female,asian_not_hispanic_or_latino,employed,employed_not_working,1953.0,private_auto,5.0,56870.0,two,core,naics61,multiple_units,undergraduate,some_college,renter,asian_pacific,"2 (Tract 58, Champaign, IL)","58 (Champaign, IL)","Champaign County, IL",Illinois,"2 (Tract 16, Macon, IL)","16 (Macon, IL)","Macon County, IL",Illinois,4.714285714285714,9.778039215686274,19,UIUC1,"3.01 (Champaign, IL)",1900-01-01 20:31:42.857142858,20,5.92,Chicago3_mdw,"9801 (Cook, IL)",8.999230188679245,70,80.63428571428571,10,118.77726940436553,131,3.0,81.0,1,0,0
7330813506516350447,"1 (Tract 4.01, Champaign, IL)","4.01 (Champaign, IL)","Champaign County, IL",Illinois,"1 (Tract 9801, Cook, IL)","9801 (Cook, IL)","Cook County, IL",Illinois,private_auto,region_departure,school,1900-01-01 16:59:00,1900-01-01 19:11:33,132,132.3,unknown_vehicle_type,other_non_bev,,,,education,education,transportation_utilities,transportation_utilities,18102537621350503546,12511678493197858530,31.0,female,asian_not_hispanic_or_latino,employed,employed_not_working,31197.0,walking,1.0,31197.0,one,core,naics61,multiple_units,graduate,advanced_degree,renter,asian_pacific,"2 (Tract 60, Champaign, IL)","60 (Champaign, IL)","Champaign County, IL",Illinois,"2 (Tract 3.01, Champaign, IL)","3.01 (Champaign, IL)","Champaign County, IL",Illinois,1.4460431654676258,5.310172267982716,16,UIUC1,"3.01 (Champaign, IL)",1900-01-01 18:20:26.762589930,18,4.653846153846154,Chicago3_mdw,"9801 (Cook, IL)",8.46744557329463,70,76.09988931931379,10,113.77761784127735,132,3.0,79.38000000000001,1,0,0
9965601224460306292,"1 (Tract 9.02, Champaign, IL)","9.02 (Champaign, IL)","Champaign County, IL",Illinois,"1 (Tract 9801, Cook, IL)","9801 (Cook, IL)","Cook County, IL",Illinois,private_auto,region_departure,shop,1900-01-01 13:50:00,1900-01-01 16:07:00,137,126.1,unknown_vehicle_type,other_non_bev,,,,retail,retail,transportation_utilities,transportation_utilities,10392443297668350130,6308259672730187769,45.0,male,white_not_hispanic_or_latino,employed,employed_not_working,93784.0,worked_from_home,1.0,93784.0,one,core,naics61,single_family,not_attending_school,bachelors_degree,renter,other,"2 (Tract 60, Champaign, IL)","60 (Champaign, IL)","Champaign County, IL",Illinois,"2 (Tract 60, Champaign, IL)","60 (Champaign, IL)","Champaign County, IL",Illinois,10.090909090909092,15.755931014323297,13,UIUC1,"3.01 (Champaign, IL)",1900-01-01 15:20:05.454545454,15,5.063291139240507,Chicago3_mdw,"9801 (Cook, IL)",8.639412467160257,70,85.1542002301496,10,124.39534348148355,137,3.0,75.66,0,1,0
11443627198530644596,"2 (Tract 14, Champaign, IL)","14 (Champaign, IL)","Champaign County, IL",Illinois,"2 (Tract 6607, Cook, IL)","6607 (Cook, IL)","Cook County, IL",Illinois,auto_passenger,home,recreation,1900-01-01 04:32:33,1900-01-01 06:40:20,127,127.3,unknown_vehicle_type,unknown_fuel_type,,,,non_retail_attraction,non_retail_attraction,single_family,single_family,2835633769019224805,16139755499334470839,42.0,male,hispanic_or_latino_origin,employed,employed_not_working,1019.0,private_auto,4.0,7442.0,one,core,naics52,single_family,undergraduate,bachelors_degree,owner,spanish,"2 (Tract 6607, Cook, IL)","6607 (Cook, IL)","Cook County, IL",Illinois,"1 (Tract 816, Cook, IL)","816 (Cook, IL)","Cook County, IL",Illinois,3.2222222222222223,7.52998712998713,4,UIUC1,"3.01 (Champaign, IL)",1900-01-01 05:55:46.333333332,5,10.0,Chicago3_mdw,"9801 (Cook, IL)",13.913333333333332,70,83.22222222222223,10,121.44332046332046,127,3.0,76.38,1,0,0
661516255812495764,"2 (Tract 14, Champaign, IL)","14 (Champaign, IL)","Champaign County, IL",Illinois,"2 (Tract 6715, Cook, IL)","6715 (Cook, IL)","Cook County, IL",Illinois,auto_passenger,home,recreation,1900-01-01 18:06:23,1900-01-01 20:10:10,123,126.6,unknown_vehicle_type,unknown_fuel_type,,,,non_retail_attraction,non_retail_attraction,single_family,single_family,15010057801378879319,16606464002411248213,37.0,male,hispanic_or_latino_origin,employed,employed_not_working,63755.0,private_auto,4.0,106876.0,two,core,naics31_33,single_family,not_attending_school,high_school,owner,spanish,"2 (Tract 6715, Cook, IL)","6715 (Cook, IL)","Cook County, IL",Illinois,"1 (Tract 2801, Cook, IL)","2801 (Cook, IL)","Cook County, IL",Illinois,3.43609022556391,7.619811691390638,18,UIUC1,"3.01 (Champaign, IL)",1900-01-01 19:29:49.165413536,19,13.0,Chicago3_mdw,"9801 (Cook, IL)",19.493333333333332,70,86.43609022556392,10,127.11314502472396,123,3.0,75.96,0,1,0
13823415982877096074,"3 (Tract 53, Champaign, IL)","53 (Champaign, IL)","Champaign County, IL",Illinois,"2 (Tract 7204, Cook, IL)","7204 (Cook, IL)","Cook County, IL",Illinois,auto_passenger,home,shop,1900-01-01 20:03:56,1900-01-01 22:01:09,117,122.3,unknown_vehicle_type,unknown_fuel_type,,,,retail,retail,single_family,single_family,9487090080873113437,14453335203325643250,29.0,female,white_not_hispanic_or_latino,employed,employed_not_working,120771.0,private_auto,1.0,120771.0,one,core,naics62,single_family,not_attending_school,bachelors_degree,owner,english,"2 (Tract 7204, Cook, IL)","7204 (Cook, IL)","Cook County, IL",Illinois,"5 (Tract 8218, Cook, IL)","8218 (Cook, IL)","Cook County, IL",Illinois,3.5,8.01516795865633,20,UIUC1,"3.01 (Champaign, IL)",1900-01-01 21:27:26.000000000,21,17.0,Chicago3_mdw,"9801 (Cook, IL)",25.095384615384617,70,90.5,10,133.11055257404095,117,3.0,73.38,0,1,0
11502818084897073878,"3 (Tract 8, Champaign, IL)","8 (Champaign, IL)","Champaign County, IL",Illinois,"2 (Tract 7207, Cook, IL)","7207 (Cook, IL)","Cook County, IL",Illinois,auto_passenger,home,shop,1900-01-01 14:33:00,1900-01-01 16:26:21,113,119.9,unknown_vehicle_type,unknown_fuel_type,,,,retail,retail,mixed_use,multi_family,405040185650227315,4280529864955010100,24.0,male,black_not_hispanic_or_latino,employed,employed_not_working,26047.0,private_auto,3.0,78142.0,two,core,naics44_45,several_units,not_attending_school,some_college,owner,english,"2 (Tract 7207, Cook, IL)","7207 (Cook, IL)","Cook County, IL",Illinois,"3 (Tract 8662, Lake, IL)","8662 (Lake, IL)","Lake County, IL",Illinois,6.981132075471698,12.144301620108008,14,UIUC1,"3.01 (Champaign, IL)",1900-01-01 15:59:58.867924530,15,25.0,Chicago3_mdw,"9801 (Cook, IL)",30.976,70,101.98113207547169,10,143.12030162010802,113,3.0,71.94,1,0,0
16168116805642098362,"1 (Tract 9.01, Champaign, IL)","9.01 (Champaign, IL)","Champaign County, IL",Illinois,"2 (Tract 7004.01, Cook, IL)","7004.01 (Cook, IL)","Cook County, IL",Illinois,auto_passenger,maintenance,shop,1900-01-01 09:02:26,1900-01-01 11:10:48,128,124.0,unknown_vehicle_type,unknown_fuel_type,,,,retail,retail,mixed_use,office,5099971641984481091,10311253674456622077,57.0,female,black_not_hispanic_or_latino,employed,employed_not_working,49956.0,worked_from_home,3.0,150786.0,two,core,naics56,single_family,not_attending_school,some_college,owner,english,"2 (Tract 8214.01, Cook, IL)","8214.01 (Cook, IL)","Cook County, IL",Illinois,"3 (Tract 8214.01, Cook, IL)","8214.01 (Cook, IL)","Cook County, IL",Illinois,6.333333333333333,11.478571428571428,9,UIUC1,"3.01 (Champaign, IL)",1900-01-01 10:28:45.999999998,10,11.3,Chicago3_mdw,"9801 (Cook, IL)",16.08684210526316,70,87.63333333333333,10,127.56541353383459,128,3.0,74.39999999999999,0,1,0
16329317487572013292,"1 (Tract 9.01, Champaign, IL)","9.01 (Champaign, IL)","Champaign County, IL",Illinois,"1 (Tract 7505, Cook, IL)","7505 (Cook, IL)","Cook County, IL",Illinois,auto_passenger,other_activity_type,shop,1900-01-01 13:47:30,1900-01-01 15:40:02,112,120.3,unknown_vehicle_type,unknown_fuel_type,,,,retail,retail,mixed_use,education,5099971641984481091,10311253674456622077,57.0,female,black_not_hispanic_or_latino,employed,employed_not_working,49956.0,worked_from_home,3.0,150786.0,two,core,naics56,single_family,not_attending_school,some_college,owner,english,"2 (Tract 8214.01, Cook, IL)","8214.01 (Cook, IL)","Cook County, IL",Illinois,"3 (Tract 8214.01, Cook, IL)","8214.01 (Cook, IL)","Cook County, IL",Illinois,6.555555555555555,11.571904761904761,13,UIUC1,"3.01 (Champaign, IL)",1900-01-01 15:14:03.333333336,15,26.0,Chicago3_mdw,"9801 (Cook, IL)",32.96153846153847,70,102.55555555555556,10,144.53344322344321,112,3.0,72.17999999999999,0,1,0
3305873962375489937,"5 (Tract 58, Champaign, IL)","58 (Champaign, IL)","Champaign County, IL",Illinois,"2 (Tract 6605, Cook, IL)","6605 (Cook, IL)","Cook County, IL",Illinois,auto_passenger,social,recreation,1900-01-01 09:44:00,1900-01-01 11:59:57,135,129.7,unknown_vehicle_type,unknown_fuel_type,,,,non_retail_attraction,non_retail_attraction,multi_family,multi_family,16705714454753806670,936828632690142981,33.0,male,white_not_hispanic_or_latino,employed,employed_not_working,163122.0,private_auto,3.0,271191.0,three_plus,core,naics2389,single_family,not_attending_school,bachelors_degree,owner,english,"2 (Tract 9, Vermilion, IL)","9 (Vermilion, IL)","Vermilion County, IL",Illinois,"2 (Tract 207, Tazewell, IL)","207 (Tazewell, IL)","Tazewell County, IL",Illinois,3.333333333333333,7.552530120481928,9,UIUC1,"3.01 (Champaign, IL)",1900-01-01 11:07:19.999999998,11,7.875,Chicago3_mdw,"9801 (Cook, IL)",13.006491596638657,70,81.20833333333333,10,120.55902171712059,135,3.0,77.82,0,0,1
12593277648293652747,"2 (Tract 9.02, Champaign, IL)","9.02 (Champaign, IL)","Champaign County, IL",Illinois,"1 (Tract 9801, Cook, IL)","9801 (Cook, IL)","Cook County, IL",Illinois,private_auto,region_departure,home,1900-01-01 12:02:00,1900-01-01 14:21:13,139,127.7,unknown_vehicle_type,other_non_bev,,,,single_family,single_family,transportation_utilities,transportation_utilities,10131635006841483742,8256738506256019635,57.0,male,white_not_hispanic_or_latino,employed,employed_not_working,296785.0,private_auto,3.0,326463.0,two,core,naics54,single_family,not_attending_school,advanced_degree,owner,english,"2 (Tract 9.02, Champaign, IL)","9.02 (Champaign, IL)","Champaign County, IL",Illinois,"3 (Tract 9.02, Champaign, IL)","9.02 (Champaign, IL)","Champaign County, IL",Illinois,11.352941176470589,16.285984490259125,12,UIUC1,"3.01 (Champaign, IL)",1900-01-01 13:33:21.176470590,13,5.015151515151516,Chicago3_mdw,"9801 (Cook, IL)",8.619193825042881,70,86.36809269162211,10,124.90517831530201,139,3.0,76.62,0,0,1
12521066992406167550,"2 (Tract 9.02, Champaign, IL)","9.02 (Champaign, IL)","Champaign County, IL",Illinois,"1 (Tract 9801, Cook, IL)","9801 (Cook, IL)","Cook County, IL",Illinois,private_auto,region_departure,home,1900-01-01 07:41:00,1900-01-01 09:56:14,135,127.0,unknown_vehicle_type,other_non_bev,,,,single_family,single_family,transportation_utilities,transportation_utilities,16259346145594139810,16944652568796430282,48.0,female,white_not_hispanic_or_latino,employed,employed_not_working,92993.0,private_auto,3.0,196857.0,three_plus,core,naics52,single_family,not_attending_school,some_college,owner,english,"2 (Tract 9.02, Champaign, IL)","9.02 (Champaign, IL)","Champaign County, IL",Illinois,"1 (Tract 3.01, Champaign, IL)","3.01 (Champaign, IL)","Champaign County, IL",Illinois,10.580645161290322,15.961620163883413,7,UIUC1,"3.01 (Champaign, IL)",1900-01-01 09:11:34.838709678,9,4.908163265306122,Chicago3_mdw,"9801 (Cook, IL)",8.574258760107817,70,85.48880842659645,10,124.53587892399122,135,3.0,76.2,0,1,0
6813038500437940328,"2 (Tract 14, Champaign, IL)","14 (Champaign, IL)","Champaign County, IL",Illinois,"4 (Tract 6304, Cook, IL)","6304 (Cook, IL)","Cook County, IL",Illinois,private_auto,shop,school,1900-01-01 12:33:22,1900-01-01 14:59:41,146,128.7,unknown_vehicle_type,other_non_bev,,,,education,education,mixed_use,retail,11214279173965234929,3972290594207343358,29.0,male,white_not_hispanic_or_latino,employed,employed_not_working,48838.0,private_auto,3.0,141090.0,two,core,naics92,single_family,not_attending_school,bachelors_degree,owner,english,"2 (Tract 9714, De Witt, IL)","9714 (De Witt, IL)","De Witt County, IL",Illinois,"1 (Tract 9714, De Witt, IL)","9714 (De Witt, IL)","De Witt County, IL",Illinois,3.0521739130434784,7.4585668401320575,12,UIUC1,"3.01 (Champaign, IL)",1900-01-01 13:56:25.130434780,13,6.666666666666667,Chicago3_mdw,"9801 (Cook, IL)",11.079999999999998,70,79.71884057971015,10,118.53856684013205,146,3.0,77.21999999999998,0,1,0
14471343444526222958,"2 (Tract 14, Champaign, IL)","14 (Champaign, IL)","Champaign County, IL",Illinois,"4 (Tract 6304, Cook, IL)","6304 (Cook, IL)","Cook County, IL",Illinois,private_auto,shop,school,1900-01-01 08:28:00,1900-01-01 10:46:32,138,128.9,unknown_vehicle_type,other_non_bev,,,,education,education,mixed_use,retail,11214279173965234929,3972290594207343358,29.0,male,white_not_hispanic_or_latino,employed,employed_not_working,48838.0,private_auto,3.0,141090.0,two,core,naics92,single_family,not_attending_school,bachelors_degree,owner,english,"2 (Tract 9714, De Witt, IL)","9714 (De Witt, IL)","De Witt County, IL",Illinois,"1 (Tract 9714, De Witt, IL)","9714 (De Witt, IL)","De Witt County, IL",Illinois,3.5681818181818183,7.67529016029016,8,UIUC1,"3.01 (Champaign, IL)",1900-01-01 09:51:34.090909092,9,7.333333333333333,Chicago3_mdw,"9801 (Cook, IL)",11.36,70,80.90151515151514,10,119.03529016029016,138,3.0,77.34,0,1,0
2377048140783513534,"3 (Tract 12.01, Champaign, IL)","12.01 (Champaign, IL)","Champaign County, IL",Illinois,"1 (Tract 9801, Cook, IL)","9801 (Cook, IL)","Cook County, IL",Illinois,private_auto,region_departure,home,1900-01-01 05:41:00,1900-01-01 07:53:39,132,133.9,unknown_vehicle_type,other_non_bev,,,,mixed_use,multi_family,transportation_utilities,transportation_utilities,9622523375859475398,13152168744145070116,48.0,female,black_not_hispanic_or_latino,employed,employed_not_working,84539.0,private_auto,1.0,84539.0,one,core,naics61,multiple_units,not_attending_school,k_12,renter,english,"3 (Tract 12.01, Champaign, IL)","12.01 (Champaign, IL)","Champaign County, IL",Illinois,"1 (Tract 53, Champaign, IL)","53 (Champaign, IL)","Champaign County, IL",Illinois,7.0,12.24609271523179,5,UIUC1,"3.01 (Champaign, IL)",1900-01-01 07:08:00.000000000,7,4.450704225352113,Chicago3_mdw,"9801 (Cook, IL)",8.382125963327132,70,81.45070422535211,10,120.62821867855891,132,3.0,80.34,0,1,0
4605534444518182712,"3 (Tract 12.03, Champaign, IL)","12.03 (Champaign, IL)","Champaign County, IL",Illinois,"1 (Tract 9801, Cook, IL)","9801 (Cook, IL)","Cook County, IL",Illinois,private_auto,region_departure,home,1900-01-01 19:03:00,1900-01-01 21:18:11,135,129.7,unknown_vehicle_type,other_non_bev,,,,single_family,single_family,transportation_utilities,transportation_utilities,16825051603972794483,1598308709926994527,36.0,male,white_not_hispanic_or_latino,employed,employed_not_working,86955.0,private_auto,4.0,130432.0,three_plus,core,naics92,single_family,undergraduate,some_college,owner,english,"3 (Tract 12.03, Champaign, IL)","12.03 (Champaign, IL)","Champaign County, IL",Illinois,"1 (Tract 12.06, Champaign, IL)","12.06 (Champaign, IL)","Champaign County, IL",Illinois,8.5,14.204656488549617,19,UIUC1,"3.01 (Champaign, IL)",1900-01-01 20:31:30.000000000,20,5.92,Chicago3_mdw,"9801 (Cook, IL)",8.999230188679245,70,84.42,10,123.20388667722887,135,3.0,77.82,0,1,0
6521770629580079319,"3 (Tract 5, Champaign, IL)","5 (Champaign, IL)","Champaign County, IL",Illinois,"1 (Tract 9801, Cook, IL)","9801 (Cook, IL)","Cook County, IL",Illinois,auto_passenger,region_departure,home,1900-01-01 13:36:00,1900-01-01 15:56:25,140,130.8,unknown_vehicle_type,unknown_fuel_type,,,,single_family,single_family,transportation_utilities,transportation_utilities,5209572143101992109,16008322827228337764,53.0,female,white_not_hispanic_or_latino,employed,employed_not_working,92902.0,private_auto,2.0,171695.0,two,core,naics54,single_family,not_attending_school,bachelors_degree,owner,english,"3 (Tract 5, Champaign, IL)","5 (Champaign, IL)","Champaign County, IL",Illinois,"2 (Tract 110.02, Champaign, IL)","110.02 (Champaign, IL)","Champaign County, IL",Illinois,2.55,6.8605081967213115,13,UIUC1,"3.01 (Champaign, IL)",1900-01-01 14:58:33.000000000,14,5.041322314049586,Chicago3_mdw,"9801 (Cook, IL)",8.63018556058007,70,77.59132231404958,10,115.49069375730139,140,3.0,78.48,0,1,0
8800848101933371540,"5 (Tract 58, Champaign, IL)","58 (Champaign, IL)","Champaign County, IL",Illinois,"5 (Tract 6608, Cook, IL)","6608 (Cook, IL)","Cook County, IL",Illinois,auto_passenger,social,school,1900-01-01 11:04:00,1900-01-01 13:19:23,135,129.4,unknown_vehicle_type,unknown_fuel_type,,,,education,education,mixed_use,multi_family,16347172299739259386,11653403922255303817,18.0,female,white_not_hispanic_or_latino,employed,employed_not_working,15519.0,auto_passenger,3.0,67289.0,two,core,naics62,single_family,school,k_12,owner,english,"3 (Tract 54.02, Champaign, IL)","54.02 (Champaign, IL)","Champaign County, IL",Illinois,"1 (Tract 9.02, Champaign, IL)","9.02 (Champaign, IL)","Champaign County, IL",Illinois,3.0476190476190474,7.432530120481928,11,UIUC1,"3.01 (Champaign, IL)",1900-01-01 12:27:02.857142856,12,8.333333333333334,Chicago3_mdw,"9801 (Cook, IL)",13.512,70,81.38095238095238,10,120.94453012048193,135,3.0,77.64,1,0,0
2412452209439667245,"3 (Tract 53, Champaign, IL)","53 (Champaign, IL)","Champaign County, IL",Illinois,"1 (Tract 9801, Cook, IL)","9801 (Cook, IL)","Cook County, IL",Illinois,private_auto,region_departure,shop,1900-01-01 18:37:00,1900-01-01 20:47:11,130,131.9,unknown_vehicle_type,other_non_bev,,,,retail,retail,transportation_utilities,transportation_utilities,7732350259058628978,2945992529537551553,40.0,male,white_not_hispanic_or_latino,employed,employed_not_working,41549.0,private_auto,3.0,45704.0,one,core,naics922110,mobile,not_attending_school,some_college,owner,english,"3 (Tract 54.02, Champaign, IL)","54.02 (Champaign, IL)","Champaign County, IL",Illinois,"2 (Tract 9717, De Witt, IL)","9717 (De Witt, IL)","De Witt County, IL",Illinois,3.03125,7.818292958656332,18,UIUC1,"3.01 (Champaign, IL)",1900-01-01 20:00:01.875000000,20,5.92,Chicago3_mdw,"9801 (Cook, IL)",8.999230188679245,70,78.95125,10,116.81752314733558,130,3.0,79.14,1,0,0
17440540665695825761,"3 (Tract 56.01, Champaign, IL)","56.01 (Champaign, IL)","Champaign County, IL",Illinois,"1 (Tract 9801, Cook, IL)","9801 (Cook, IL)","Cook County, IL",Illinois,private_auto,region_departure,home,1900-01-01 03:37:00,1900-01-01 05:54:38,137,134.7,unknown_vehicle_type,other_non_bev,,,,single_family,single_family,transportation_utilities,transportation_utilities,10100409278820063169,6670458975904507730,55.0,male,white_not_hispanic_or_latino,employed,employed_not_working,78839.0,private_auto,2.0,82824.0,two,core,naics62,single_family,not_attending_school,some_college,renter,english,"3 (Tract 56.01, Champaign, IL)","56.01 (Champaign, IL)","Champaign County, IL",Illinois,"3 (Tract 56.01, Champaign, IL)","56.01 (Champaign, IL)","Champaign County, IL",Illinois,6.0,10.842028985507246,3,UIUC1,"3.01 (Champaign, IL)",1900-01-01 05:03:00.000000000,5,5.666666666666667,Chicago3_mdw,"9801 (Cook, IL)",8.892830188679245,70,81.66666666666667,10,119.73485917418648,137,3.0,80.82,0,1,0
14316650391574067338,"4 (Tract 5, Champaign, IL)","5 (Champaign, IL)","Champaign County, IL",Illinois,"3 (Tract 6608, Cook, IL)","6608 (Cook, IL)","Cook County, IL",Illinois,auto_passenger,home,shop,1900-01-01 19:21:16,1900-01-01 21:27:56,126,128.1,unknown_vehicle_type,unknown_fuel_type,,,,retail,retail,single_family,single_family,11521601601714117187,1371779023780314562,21.0,male,black_not_hispanic_or_latino,employed,employed_not_working,7246.0,public_transit,6.0,134056.0,three_plus,core,naics56,single_family,undergraduate,some_college,owner,english,"3 (Tract 6608, Cook, IL)","6608 (Cook, IL)","Cook County, IL",Illinois,"1 (Tract 8391, Cook, IL)","8391 (Cook, IL)","Cook County, IL",Illinois,2.4516129032258065,6.81918561607615,19,UIUC1,"3.01 (Champaign, IL)",1900-01-01 20:43:43.096774192,20,8.0,Chicago3_mdw,"9801 (Cook, IL)",13.372,70,80.45161290322581,10,120.19118561607615,126,3.0,76.86,1,0,0
7958648135204447430,"3 (Tract 9.01, Champaign, IL)","9.01 (Champaign, IL)","Champaign County, IL",Illinois,"1 (Tract 9801, Cook, IL)","9801 (Cook, IL)","Cook County, IL",Illinois,auto_passenger,region_departure,recreation,1900-01-01 17:43:00,1900-01-01 19:52:09,129,131.3,unknown_vehicle_type,unknown_fuel_type,,,,open_space,open_space,transportation_utilities,transportation_utilities,10512582153173374449,9386909693717977122,35.0,female,white_not_hispanic_or_latino,employed,employed_not_working,68854.0,private_auto,6.0,322902.0,two,core,naics622110,single_family,not_attending_school,bachelors_degree,owner,english,"3 (Tract 7, Champaign, IL)","7 (Champaign, IL)","Champaign County, IL",Illinois,"1 (Tract 53, Champaign, IL)","53 (Champaign, IL)","Champaign County, IL",Illinois,6.863636363636363,11.7012987012987,17,UIUC1,"3.01 (Champaign, IL)",1900-01-01 19:09:51.818181816,19,5.05,Chicago3_mdw,"9801 (Cook, IL)",8.633830188679244,70,81.91363636363636,10,120.33512888997794,129,3.0,78.78,0,1,0
13003227461754322879,"1 (Tract 110.01, Champaign, IL)","110.01 (Champaign, IL)","Champaign County, IL",Illinois,"1 (Tract 9801, Cook, IL)","9801 (Cook, IL)","Cook County, IL",Illinois,private_auto,region_departure,recreation,1900-01-01 11:09:00,1900-01-01 13:22:36,133,131.6,unknown_vehicle_type,other_non_bev,,,,mixed_use,open_space,transportation_utilities,transportation_utilities,3750868628461454082,13378072762515099665,56.0,female,asian_not_hispanic_or_latino,employed,employed_not_working,36231.0,auto_passenger,3.0,99877.0,two,core,naics62,multiple_units,not_attending_school,advanced_degree,renter,asian_pacific,"3 (Tract 8, Champaign, IL)","8 (Champaign, IL)","Champaign County, IL",Illinois,"4 (Tract 8, Champaign, IL)","8 (Champaign, IL)","Champaign County, IL",Illinois,3.7142857142857135,7.9775,11,UIUC1,"3.01 (Champaign, IL)",1900-01-01 12:32:42.857142858,12,5.0608108108108105,Chicago3_mdw,"9801 (Cook, IL)",8.638370729219785,70,78.77509652509652,10,116.6158707292198,133,3.0,78.96,1,0,0
14000121756771763090,"1 (Tract 8, Champaign, IL)","8 (Champaign, IL)","Champaign County, IL",Illinois,"1 (Tract 9801, Cook, IL)","9801 (Cook, IL)","Cook County, IL",Illinois,private_auto,region_departure,shop,1900-01-01 18:41:00,1900-01-01 20:47:03,126,129.5,unknown_vehicle_type,other_non_bev,,,,retail,retail,transportation_utilities,transportation_utilities,6327630179699296976,12475364064885336375,21.0,female,black_not_hispanic_or_latino,employed,employed_not_working,3561.0,private_auto,6.0,106818.0,three_plus,core,naics445110,single_family,undergraduate,some_college,owner,indo_european,"3 (Tract 8, Champaign, IL)","8 (Champaign, IL)","Champaign County, IL",Illinois,"1 (Tract 8, Champaign, IL)","8 (Champaign, IL)","Champaign County, IL",Illinois,7.183098591549296,12.229127556860599,18,UIUC1,"3.01 (Champaign, IL)",1900-01-01 20:08:10.985915490,20,5.92,Chicago3_mdw,"9801 (Cook, IL)",8.999230188679245,70,83.1030985915493,10,121.22835774553985,126,3.0,77.7,1,0,0
6440132578818216778,"2 (Tract 59.02, Champaign, IL)","59.02 (Champaign, IL)","Champaign County, IL",Illinois,"3 (Tract 8350, Cook, IL)","8350 (Cook, IL)","Cook County, IL",Illinois,auto_passenger,home,shop,1900-01-01 21:37:53,1900-01-01 23:46:34,128,129.3,unknown_vehicle_type,unknown_fuel_type,,,,retail,retail,single_family,single_family,12151196017422774737,11183973752583808550,47.0,female,hispanic_or_latino_origin,employed,employed_not_working,23742.0,auto_passenger,5.0,35614.0,three_plus,core,naics62,single_family,not_attending_school,no_school,renter,spanish,"3 (Tract 8350, Cook, IL)","8350 (Cook, IL)","Cook County, IL",Illinois,"1 (Tract 9801, Cook, IL)","9801 (Cook, IL)","Cook County, IL",Illinois,2.1724137931034484,6.162189966388647,21,UIUC1,"3.01 (Champaign, IL)",1900-01-01 23:00:03.344827586,23,6.5,Chicago3_mdw,"9801 (Cook, IL)",12.703469387755103,70,78.67241379310344,10,118.86565935414376,128,3.0,77.58,1,0,0
11241249754766919254,"3 (Tract 12.01, Champaign, IL)","12.01 (Champaign, IL)","Champaign County, IL",Illinois,"1 (Tract 9801, Cook, IL)","9801 (Cook, IL)","Cook County, IL",Illinois,private_auto,region_departure,other_activity_type,1900-01-01 16:29:00,1900-01-01 18:54:14,145,129.5,unknown_vehicle_type,other_non_bev,,,,education,education,transportation_utilities,transportation_utilities,2207752414320448611,6147439624923834503,23.0,male,black_not_hispanic_or_latino,employed,employed_not_working,44049.0,private_auto,1.0,44049.0,one,core,naics44,multiple_units,not_attending_school,some_college,renter,english,"3 (Tract 9.01, Champaign, IL)","9.01 (Champaign, IL)","Champaign County, IL",Illinois,"3 (Tract 12.03, Champaign, IL)","12.03 (Champaign, IL)","Champaign County, IL",Illinois,7.266666666666667,12.358092715231788,16,UIUC1,"3.01 (Champaign, IL)",1900-01-01 17:56:16.000000002,17,5.551724137931035,Chicago3_mdw,"9801 (Cook, IL)",8.844554326610279,70,82.8183908045977,10,121.20264704184207,145,3.0,77.7,1,0,0
16035647561798611696,"3 (Tract 9.02, Champaign, IL)","9.02 (Champaign, IL)","Champaign County, IL",Illinois,"1 (Tract 9801, Cook, IL)","9801 (Cook, IL)","Cook County, IL",Illinois,private_auto,region_departure,home,1900-01-01 07:08:00,1900-01-01 09:32:35,144,129.1,unknown_vehicle_type,other_non_bev,,,,single_family,single_family,transportation_utilities,transportation_utilities,10906096028870758979,7736419290595316000,61.0,male,white_not_hispanic_or_latino,employed,employed_not_working,120771.0,private_auto,2.0,336951.0,three_plus,core,naics31_33,single_family,not_attending_school,some_college,owner,english,"3 (Tract 9.02, Champaign, IL)","9.02 (Champaign, IL)","Champaign County, IL",Illinois,"4 (Tract 9.01, Champaign, IL)","9.01 (Champaign, IL)","Champaign County, IL",Illinois,10.580645161290322,15.961620163883413,7,UIUC1,"3.01 (Champaign, IL)",1900-01-01 08:38:34.838709678,8,5.442622950819672,Chicago3_mdw,"9801 (Cook, IL)",8.798731828023508,70,86.02326811210999,10,124.76035199190692,144,3.0,77.46,0,1,0
508170352838924047,"3 (Tract 9.02, Champaign, IL)","9.02 (Champaign, IL)","Champaign County, IL",Illinois,"1 (Tract 9801, Cook, IL)","9801 (Cook, IL)","Cook County, IL",Illinois,private_auto,region_departure,home,1900-01-01 06:41:00,1900-01-01 08:54:39,133,133.0,unknown_vehicle_type,other_non_bev,,,,single_family,single_family,transportation_utilities,transportation_utilities,8156610221338708976,16524170276061786529,48.0,female,white_not_hispanic_or_latino,employed,employed_not_working,110267.0,private_auto,2.0,137942.0,two,core,naics61,single_family,not_attending_school,bachelors_degree,owner,english,"3 (Tract 9.02, Champaign, IL)","9.02 (Champaign, IL)","Champaign County, IL",Illinois,"2 (Tract 14, Champaign, IL)","14 (Champaign, IL)","Champaign County, IL",Illinois,10.642857142857142,15.987749196141479,6,UIUC1,"3.01 (Champaign, IL)",1900-01-01 08:11:38.571428574,8,5.442622950819672,Chicago3_mdw,"9801 (Cook, IL)",8.798731828023508,70,86.08548009367681,10,124.78648102416498,133,3.0,79.8,0,1,0
12581993187261612635,"5 (Tract 58, Champaign, IL)","58 (Champaign, IL)","Champaign County, IL",Illinois,"2 (Tract 2211, Cook, IL)","2211 (Cook, IL)","Cook County, IL",Illinois,private_auto,eat,recreation,1900-01-01 17:14:00,1900-01-01 19:38:00,144,143.0,unknown_vehicle_type,other_non_bev,,,,open_space,open_space,mixed_use,retail,12230269875326707181,3653488623666588705,32.0,female,white_not_hispanic_or_latino,employed,employed_not_working,65216.0,private_auto,2.0,97824.0,three_plus,core,naics92,single_family,not_attending_school,bachelors_degree,owner,english,"3 (Tract 9547, Piatt, IL)","9547 (Piatt, IL)","Piatt County, IL",Illinois,"5 (Tract 9523, Douglas, IL)","9523 (Douglas, IL)","Douglas County, IL",Illinois,3.73015873015873,7.7191967871485945,17,UIUC1,"3.01 (Champaign, IL)",1900-01-01 18:37:43.809523812,18,20.0,Chicago3_mdw,"9801 (Cook, IL)",30.380000000000003,70,93.73015873015873,10,138.0991967871486,144,3.0,85.8,0,1,0
16619858474721242947,"1 (Tract 58, Champaign, IL)","58 (Champaign, IL)","Champaign County, IL",Illinois,"1 (Tract 6202, Cook, IL)","6202 (Cook, IL)","Cook County, IL",Illinois,private_auto,shop,maintenance,1900-01-01 16:36:00,1900-01-01 18:51:50,135,130.0,unknown_vehicle_type,other_non_bev,,,,mixed_use,civic_institutional,retail,retail,7187233153772513628,8048341037945043839,31.0,female,white_not_hispanic_or_latino,employed,employed_not_working,43412.0,private_auto,1.0,43412.0,one,core,naics622110,single_family,not_attending_school,some_college,owner,english,"3 (Tract 9715, De Witt, IL)","9715 (De Witt, IL)","De Witt County, IL",Illinois,"3 (Tract 9717, De Witt, IL)","9717 (De Witt, IL)","De Witt County, IL",Illinois,3.290322580645161,7.534465604352897,16,UIUC1,"3.01 (Champaign, IL)",1900-01-01 17:59:17.419354836,17,6.333333333333333,Chicago3_mdw,"9801 (Cook, IL)",9.665,70,79.6236559139785,10,117.1994656043529,135,3.0,78.0,1,0,0
9039369956294199916,"1 (Tract 9.02, Champaign, IL)","9.02 (Champaign, IL)","Champaign County, IL",Illinois,"1 (Tract 9801, Cook, IL)","9801 (Cook, IL)","Cook County, IL",Illinois,private_auto,region_departure,eat,1900-01-01 19:30:00,1900-01-01 21:42:23,132,126.2,unknown_vehicle_type,other_non_bev,,,,retail,retail,transportation_utilities,transportation_utilities,15680722041586809959,16656592789376587442,38.0,female,white_not_hispanic_or_latino,employed,employed_not_working,99631.0,worked_from_home,2.0,501195.0,two,core,naics52,single_family,not_attending_school,some_college,owner,english,"4 (Tract 10, Champaign, IL)","10 (Champaign, IL)","Champaign County, IL",Illinois,"4 (Tract 10, Champaign, IL)","10 (Champaign, IL)","Champaign County, IL",Illinois,8.6,15.129749196141479,19,UIUC1,"3.01 (Champaign, IL)",1900-01-01 20:58:36.000000000,20,5.92,Chicago3_mdw,"9801 (Cook, IL)",8.999230188679245,70,84.52,10,124.12897938482072,132,3.0,75.72,0,1,0
10062590937459394054,"4 (Tract 10, Champaign, IL)","10 (Champaign, IL)","Champaign County, IL",Illinois,"1 (Tract 9801, Cook, IL)","9801 (Cook, IL)","Cook County, IL",Illinois,auto_passenger,region_departure,home,1900-01-01 03:18:00,1900-01-01 05:30:58,132,130.3,unknown_vehicle_type,unknown_fuel_type,,,,single_family,single_family,transportation_utilities,transportation_utilities,2020238647162416180,11482496775543776039,36.0,female,white_not_hispanic_or_latino,employed,employed_not_working,71869.0,private_auto,1.0,71869.0,two,core,naics722513,single_family,not_attending_school,bachelors_degree,renter,english,"4 (Tract 10, Champaign, IL)","10 (Champaign, IL)","Champaign County, IL",Illinois,"1 (Tract 111, Champaign, IL)","111 (Champaign, IL)","Champaign County, IL",Illinois,5.0,10.565381165919282,3,UIUC1,"3.01 (Champaign, IL)",1900-01-01 04:43:00.000000000,4,3.0,Chicago3_mdw,"9801 (Cook, IL)",7.7728301886792455,70,78.0,10,118.33821135459853,132,3.0,78.18,0,1,0
984892586464299636,"4 (Tract 9.01, Champaign, IL)","9.01 (Champaign, IL)","Champaign County, IL",Illinois,"1 (Tract 9801, Cook, IL)","9801 (Cook, IL)","Cook County, IL",Illinois,private_auto,region_departure,social,1900-01-01 15:42:00,1900-01-01 18:06:40,144,128.4,unknown_vehicle_type,other_non_bev,,,,single_family,single_family,transportation_utilities,transportation_utilities,3733712240392587619,4802679283444067836,61.0,male,white_not_hispanic_or_latino,employed,employed_not_working,75971.0,private_auto,4.0,439549.0,two,core,naics3399,single_family,not_attending_school,some_college,owner,english,"4 (Tract 10, Champaign, IL)","10 (Champaign, IL)","Champaign County, IL",Illinois,"3 (Tract 8, Champaign, IL)","8 (Champaign, IL)","Champaign County, IL",Illinois,6.888888888888889,11.711904761904762,15,UIUC1,"3.01 (Champaign, IL)",1900-01-01 17:08:53.333333334,17,5.551724137931035,Chicago3_mdw,"9801 (Cook, IL)",8.844554326610279,70,82.44061302681992,10,120.55645908851504,144,3.0,77.04,0,1,0
13820450088796893945,"1 (Tract 8, Champaign, IL)","8 (Champaign, IL)","Champaign County, IL",Illinois,"1 (Tract 9801, Cook, IL)","9801 (Cook, IL)","Cook County, IL",Illinois,private_auto,region_departure,shop,1900-01-01 09:20:00,1900-01-01 11:28:34,128,129.4,unknown_vehicle_type,other_non_bev,,,,retail,retail,transportation_utilities,transportation_utilities,13676330738286380950,3781922578549183807,55.0,male,white_not_hispanic_or_latino,employed,employed_not_working,59357.0,private_auto,1.0,59357.0,two,core,naics42,single_family,not_attending_school,high_school,renter,english,"4 (Tract 104, Champaign, IL)","104 (Champaign, IL)","Champaign County, IL",Illinois,"1 (Tract 8, Champaign, IL)","8 (Champaign, IL)","Champaign County, IL",Illinois,7.25,12.257226148409895,9,UIUC1,"3.01 (Champaign, IL)",1900-01-01 10:47:15.000000000,10,5.180851063829787,Chicago3_mdw,"9801 (Cook, IL)",8.688787635487756,70,82.43085106382979,10,120.94601378389766,128,3.0,77.64,0,1,0
11146321407064190466,"5 (Tract 58, Champaign, IL)","58 (Champaign, IL)","Champaign County, IL",Illinois,"2 (Tract 7111, Cook, IL)","7111 (Cook, IL)","Cook County, IL",Illinois,auto_passenger,social,recreation,1900-01-01 11:13:00,1900-01-01 13:18:30,125,126.0,unknown_vehicle_type,unknown_fuel_type,,,,non_retail_attraction,non_retail_attraction,multi_family,multi_family,11211493943418542112,13787918745373859720,30.0,female,asian_not_hispanic_or_latino,employed,employed_not_working,63210.0,private_auto,6.0,255593.0,three_plus,core,naics622110,single_family,not_attending_school,bachelors_degree,owner,asian_pacific,"4 (Tract 12.01, Champaign, IL)","12.01 (Champaign, IL)","Champaign County, IL",Illinois,"3 (Tract 12, Macon, IL)","12 (Macon, IL)","Macon County, IL",Illinois,3.0476190476190474,7.432530120481928,11,UIUC1,"3.01 (Champaign, IL)",1900-01-01 12:36:02.857142856,12,18.0,Chicago3_mdw,"9801 (Cook, IL)",26.59142857142857,70,91.04761904761905,10,134.0239586919105,125,3.0,75.6,0,1,0
184686069115630751,"4 (Tract 53, Champaign, IL)","53 (Champaign, IL)","Champaign County, IL",Illinois,"4 (Tract 8428, Cook, IL)","8428 (Cook, IL)","Cook County, IL",Illinois,private_auto,shop,home,1900-01-01 09:47:00,1900-01-01 12:28:35,161,146.1,unknown_vehicle_type,other_non_bev,,,,mixed_use,multi_family,mixed_use,retail,11448259181856450092,4027447804515719462,23.0,male,asian_not_hispanic_or_latino,employed,employed_not_working,30388.0,private_auto,1.0,30388.0,one,core,naics61,multiple_units,graduate,advanced_degree,renter,asian_pacific,"4 (Tract 53, Champaign, IL)","53 (Champaign, IL)","Champaign County, IL",Illinois,"1 (Tract 53, Champaign, IL)","53 (Champaign, IL)","Champaign County, IL",Illinois,3.5,8.01516795865633,9,UIUC1,"3.01 (Champaign, IL)",1900-01-01 11:10:30.000000000,11,8.6,Chicago3_mdw,"9801 (Cook, IL)",13.53982608695652,70,82.1,10,121.55499404561286,161,3.0,87.66,1,0,0
742300515763129140,"4 (Tract 56.01, Champaign, IL)","56.01 (Champaign, IL)","Champaign County, IL",Illinois,"1 (Tract 9801, Cook, IL)","9801 (Cook, IL)","Cook County, IL",Illinois,auto_passenger,region_departure,home,1900-01-01 14:36:00,1900-01-01 16:55:39,139,134.3,unknown_vehicle_type,unknown_fuel_type,,,,single_family,single_family,transportation_utilities,transportation_utilities,18183443802521017613,8110987870239617288,33.0,male,white_not_hispanic_or_latino,employed,employed_not_working,66424.0,private_auto,1.0,66424.0,zero,core,naics3399,single_family,not_attending_school,some_college,owner,english,"4 (Tract 56.01, Champaign, IL)","56.01 (Champaign, IL)","Champaign County, IL",Illinois,"2 (Tract 8, Champaign, IL)","8 (Champaign, IL)","Champaign County, IL",Illinois,5.571428571428571,10.662028985507245,14,UIUC1,"3.01 (Champaign, IL)",1900-01-01 16:01:34.285714284,16,4.228070175438597,Chicago3_mdw,"9801 (Cook, IL)",8.288619662363455,70,79.79949874686717,10,118.95064864787071,139,3.0,80.58,0,1,0
11658304404383246269,"1 (Tract 9.02, Champaign, IL)","9.02 (Champaign, IL)","Champaign County, IL",Illinois,"1 (Tract 9801, Cook, IL)","9801 (Cook, IL)","Cook County, IL",Illinois,private_auto,region_departure,shop,1900-01-01 09:37:00,1900-01-01 11:48:00,131,131.4,unknown_vehicle_type,other_non_bev,,,,retail,retail,transportation_utilities,transportation_utilities,9880009045487213658,5859585132592248505,50.0,female,hispanic_or_latino_origin,employed,employed_not_working,25361.0,private_auto,6.0,42994.0,three_plus,core,naics62,single_family,not_attending_school,some_college,owner,spanish,"4 (Tract 57.01, Champaign, IL)","57.01 (Champaign, IL)","Champaign County, IL",Illinois,"1 (Tract 9.02, Champaign, IL)","9.02 (Champaign, IL)","Champaign County, IL",Illinois,8.875,15.24524919614148,9,UIUC1,"3.01 (Champaign, IL)",1900-01-01 11:05:52.500000000,11,4.945945945945946,Chicago3_mdw,"9801 (Cook, IL)",8.590127485976542,70,83.82094594594595,10,123.83537668211802,131,3.0,78.84,1,0,0
7873854314841605751,"3 (Tract 3.01, Champaign, IL)","3.01 (Champaign, IL)","Champaign County, IL",Illinois,"1 (Tract 9801, Cook, IL)","9801 (Cook, IL)","Cook County, IL",Illinois,private_auto,region_departure,shop,1900-01-01 21:06:33,1900-01-01 23:17:46,131,131.9,unknown_vehicle_type,other_non_bev,,,,retail,retail,transportation_utilities,transportation_utilities,16569863769870108734,8252283779394269050,56.0,male,white_not_hispanic_or_latino,employed,employed_not_working,142732.0,private_auto,2.0,142732.0,one,core,naics61,single_family,not_attending_school,advanced_degree,owner,english,"4 (Tract 58, Champaign, IL)","58 (Champaign, IL)","Champaign County, IL",Illinois,"1 (Tract 53, Champaign, IL)","53 (Champaign, IL)","Champaign County, IL",Illinois,1.1777777777777778,5.0718489469862025,21,UIUC1,"3.01 (Champaign, IL)",1900-01-01 22:27:43.666666668,22,3.333333333333333,Chicago3_mdw,"9801 (Cook, IL)",7.912830188679245,70,74.5111111111111,10,112.98467913566546,131,3.0,79.14,0,1,0
1530625761724916004,"2 (Tract 60, Champaign, IL)","60 (Champaign, IL)","Champaign County, IL",Illinois,"3 (Tract 7111, Cook, IL)","7111 (Cook, IL)","Cook County, IL",Illinois,private_auto,shop,school,1900-01-01 09:31:33,1900-01-01 11:43:45,132,134.5,unknown_vehicle_type,other_non_bev,,,,education,education,retail,retail,6879355062822099962,3716062352584942969,28.0,female,white_not_hispanic_or_latino,employed,employed_not_working,71447.0,private_auto,2.0,128183.0,two,core,naics62,single_family,not_attending_school,bachelors_degree,owner,english,"4 (Tract 703, Edgar, IL)","703 (Edgar, IL)","Edgar County, IL",Illinois,"2 (Tract 704, Edgar, IL)","704 (Edgar, IL)","Edgar County, IL",Illinois,4.0,8.225086705202312,9,UIUC1,"3.01 (Champaign, IL)",1900-01-01 10:55:33.000000000,10,17.0,Chicago3_mdw,"9801 (Cook, IL)",26.171428571428567,70,91.0,10,134.39651527663088,132,3.0,80.7,0,1,0
5735358068403935313,"4 (Tract 8, Champaign, IL)","8 (Champaign, IL)","Champaign County, IL",Illinois,"1 (Tract 9801, Cook, IL)","9801 (Cook, IL)","Cook County, IL",Illinois,private_auto,region_departure,home,1900-01-01 07:26:00,1900-01-01 09:36:43,130,124.3,unknown_vehicle_type,other_non_bev,,,,single_family,single_family,transportation_utilities,transportation_utilities,18125563395854732235,9279599651644940017,53.0,female,black_not_hispanic_or_latino,employed,employed_not_working,93795.0,private_auto,1.0,93795.0,one,core,naics517312,single_family,not_attending_school,advanced_degree,owner,english,"4 (Tract 8, Champaign, IL)","8 (Champaign, IL)","Champaign County, IL",Illinois,"3 (Tract 7, Champaign, IL)","7 (Champaign, IL)","Champaign County, IL",Illinois,7.879310344827586,12.52153649323748,7,UIUC1,"3.01 (Champaign, IL)",1900-01-01 08:53:52.758620688,8,5.442622950819672,Chicago3_mdw,"9801 (Cook, IL)",8.798731828023508,70,83.32193329564726,10,121.32026832126098,130,3.0,74.58,0,1,0
2559408157531454774,"5 (Tract 109.01, Champaign, IL)","109.01 (Champaign, IL)","Champaign County, IL",Illinois,"1 (Tract 9801, Cook, IL)","9801 (Cook, IL)","Cook County, IL",Illinois,private_auto,region_departure,home,1900-01-01 05:40:00,1900-01-01 08:18:02,158,133.6,unknown_vehicle_type,other_non_bev,,,,single_family,single_family,transportation_utilities,transportation_utilities,7603788830270417804,11725720017861893937,62.0,male,asian_not_hispanic_or_latino,employed,employed_not_working,162285.0,worked_from_home,2.0,162285.0,two,core,naics31_33,single_family,not_attending_school,advanced_degree,owner,indo_european,"5 (Tract 109.01, Champaign, IL)","109.01 (Champaign, IL)","Champaign County, IL",Illinois,"5 (Tract 109.01, Champaign, IL)","109.01 (Champaign, IL)","Champaign County, IL",Illinois,11.25,17.241170212765955,5,UIUC1,"3.01 (Champaign, IL)",1900-01-01 07:11:15.000000000,7,4.450704225352113,Chicago3_mdw,"9801 (Cook, IL)",8.382125963327132,70,85.70070422535211,10,125.62329617609308,158,3.0,80.16,0,0,1
13016961422199750593,"1 (Tract 10, Champaign, IL)","10 (Champaign, IL)","Champaign County, IL",Illinois,"1 (Tract 9801, Cook, IL)","9801 (Cook, IL)","Cook County, IL",Illinois,private_auto,region_departure,shop,1900-01-01 20:59:00,1900-01-01 23:10:37,131,126.6,unknown_vehicle_type,other_non_bev,,,,retail,retail,transportation_utilities,transportation_utilities,9175400359507884157,10664401633351834102,24.0,female,asian_not_hispanic_or_latino,employed,employed_not_working,48685.0,private_auto,2.0,59813.0,two,core,naics61,single_family,graduate,bachelors_degree,owner,indo_european,"5 (Tract 109.01, Champaign, IL)","109.01 (Champaign, IL)","Champaign County, IL",Illinois,"6 (Tract 109.01, Champaign, IL)","109.01 (Champaign, IL)","Champaign County, IL",Illinois,6.375,11.142881165919281,20,UIUC1,"3.01 (Champaign, IL)",1900-01-01 22:25:22.500000000,22,3.333333333333333,Chicago3_mdw,"9801 (Cook, IL)",7.912830188679245,70,79.70833333333333,10,119.05571135459853,131,3.0,75.96,0,1,0
13197579093465738796,"5 (Tract 109.01, Champaign, IL)","109.01 (Champaign, IL)","Champaign County, IL",Illinois,"1 (Tract 9801, Cook, IL)","9801 (Cook, IL)","Cook County, IL",Illinois,private_auto,region_departure,home,1900-01-01 07:30:00,1900-01-01 09:51:13,141,140.9,unknown_vehicle_type,other_non_bev,,,,single_family,single_family,transportation_utilities,transportation_utilities,9059322085244827999,10769588339307044798,48.0,male,white_not_hispanic_or_latino,employed,employed_not_working,147561.0,worked_from_home,2.0,217602.0,three_plus,core,naics61,single_family,not_attending_school,advanced_degree,owner,english,"5 (Tract 109.01, Champaign, IL)","109.01 (Champaign, IL)","Champaign County, IL",Illinois,"5 (Tract 109.01, Champaign, IL)","109.01 (Champaign, IL)","Champaign County, IL",Illinois,10.461538461538462,16.91001636661211,7,UIUC1,"3.01 (Champaign, IL)",1900-01-01 09:00:27.692307690,9,4.908163265306122,Chicago3_mdw,"9801 (Cook, IL)",8.574258760107817,70,85.3697017268446,10,125.48427512671992,141,3.0,84.54,0,1,0
11630956697693306513,"1 (Tract 109.02, Champaign, IL)","109.02 (Champaign, IL)","Champaign County, IL",Illinois,"1 (Tract 9801, Cook, IL)","9801 (Cook, IL)","Cook County, IL",Illinois,private_auto,region_departure,shop,1900-01-01 17:10:00,1900-01-01 19:43:04,153,133.2,unknown_vehicle_type,other_non_bev,,,,retail,retail,transportation_utilities,transportation_utilities,17904034392222844980,12119315512698367836,39.0,male,white_not_hispanic_or_latino,employed,employed_not_working,152978.0,worked_from_home,5.0,208542.0,two,core,naics54,single_family,not_attending_school,bachelors_degree,owner,english,"5 (Tract 109.01, Champaign, IL)","109.01 (Champaign, IL)","Champaign County, IL",Illinois,"5 (Tract 109.01, Champaign, IL)","109.01 (Champaign, IL)","Champaign County, IL",Illinois,9.5,16.423333333333332,17,UIUC1,"3.01 (Champaign, IL)",1900-01-01 18:39:30.000000000,18,4.653846153846154,Chicago3_mdw,"9801 (Cook, IL)",8.46744557329463,70,84.15384615384616,10,124.89077890662796,153,3.0,79.91999999999999,0,0,1
6387022521960991553,"5 (Tract 109.01, Champaign, IL)","109.01 (Champaign, IL)","Champaign County, IL",Illinois,"1 (Tract 9801, Cook, IL)","9801 (Cook, IL)","Cook County, IL",Illinois,private_auto,region_departure,social,1900-01-01 08:19:00,1900-01-01 10:38:39,139,139.5,unknown_vehicle_type,other_non_bev,,,,multi_family,multi_family,transportation_utilities,transportation_utilities,4497219753350612296,9149227094571282707,59.0,male,white_not_hispanic_or_latino,employed,employed_not_working,92734.0,private_auto,5.0,150694.0,three_plus,core,naics61,single_family,not_attending_school,some_college,owner,asian_pacific,"5 (Tract 109.01, Champaign, IL)","109.01 (Champaign, IL)","Champaign County, IL",Illinois,"1 (Tract 59.02, Champaign, IL)","59.02 (Champaign, IL)","Champaign County, IL",Illinois,12.0,17.556170212765956,8,UIUC1,"3.01 (Champaign, IL)",1900-01-01 09:51:00.000000000,9,4.908163265306122,Chicago3_mdw,"9801 (Cook, IL)",8.574258760107817,70,86.90816326530611,10,126.13042897287377,139,3.0,83.7,0,1,0
8846152298678686210,"5 (Tract 56.01, Champaign, IL)","56.01 (Champaign, IL)","Champaign County, IL",Illinois,"1 (Tract 9801, Cook, IL)","9801 (Cook, IL)","Cook County, IL",Illinois,private_auto,region_departure,home,1900-01-01 08:16:00,1900-01-01 10:37:33,141,134.8,unknown_vehicle_type,other_non_bev,,,,single_family,single_family,transportation_utilities,transportation_utilities,16656451029338423212,6681392011046373012,48.0,female,white_not_hispanic_or_latino,employed,employed_not_working,110267.0,private_auto,2.0,137942.0,two,core,naics61,single_family,not_attending_school,bachelors_degree,owner,english,"5 (Tract 56.01, Champaign, IL)","56.01 (Champaign, IL)","Champaign County, IL",Illinois,"1 (Tract 59.02, Champaign, IL)","59.02 (Champaign, IL)","Champaign County, IL",Illinois,6.5625,11.078278985507247,8,UIUC1,"3.01 (Champaign, IL)",1900-01-01 09:42:33.750000000,9,4.908163265306122,Chicago3_mdw,"9801 (Cook, IL)",8.574258760107817,70,81.47066326530611,10,119.65253774561506,141,3.0,80.88000000000001,0,1,0
6656826899078976682,"2 (Tract 14, Champaign, IL)","14 (Champaign, IL)","Champaign County, IL",Illinois,"5 (Tract 6610, Cook, IL)","6610 (Cook, IL)","Cook County, IL",Illinois,auto_passenger,home,recreation,1900-01-01 19:03:01,1900-01-01 21:14:32,131,126.4,unknown_vehicle_type,unknown_fuel_type,,,,non_retail_attraction,non_retail_attraction,multi_family,multi_family,3598704674020444992,16601583283242357076,36.0,male,white_not_hispanic_or_latino,employed,employed_not_working,64008.0,private_auto,1.0,64008.0,one,core,naics81,multiple_units,not_attending_school,high_school,renter,english,"5 (Tract 6610, Cook, IL)","6610 (Cook, IL)","Cook County, IL",Illinois,"1 (Tract 8391, Cook, IL)","8391 (Cook, IL)","Cook County, IL",Illinois,3.232876712328767,7.5344620158318785,19,UIUC1,"3.01 (Champaign, IL)",1900-01-01 20:26:14.972602738,20,12.0,Chicago3_mdw,"9801 (Cook, IL)",16.847368421052632,70,85.23287671232876,10,124.38183043688451,131,3.0,75.84,0,1,0
4195035105106135741,"2 (Tract 14, Champaign, IL)","14 (Champaign, IL)","Champaign County, IL",Illinois,"1 (Tract 9801, Cook, IL)","9801 (Cook, IL)","Cook County, IL",Illinois,private_auto,region_departure,social,1900-01-01 20:15:02,1900-01-01 22:28:21,133,132.8,unknown_vehicle_type,other_non_bev,,,,retail,retail,transportation_utilities,transportation_utilities,15627715234426329752,18118910831246436960,35.0,male,black_not_hispanic_or_latino,employed,in_person,11591.0,private_auto,5.0,53438.0,two,core,naics62,single_family,not_attending_school,some_college,owner,english,"1 (Tract 101, Champaign, IL)","101 (Champaign, IL)","Champaign County, IL",Illinois,"2 (Tract 14, Champaign, IL)","14 (Champaign, IL)","Champaign County, IL",Illinois,2.859375,7.377591296653796,20,UIUC1,"3.01 (Champaign, IL)",1900-01-01 21:37:53.562500000,21,4.333333333333333,Chicago3_mdw,"9801 (Cook, IL)",8.332830188679244,70,77.19270833333333,10,115.71042148533303,133,3.0,79.68,1,0,0
5410365352910730961,"3 (Tract 9.02, Champaign, IL)","9.02 (Champaign, IL)","Champaign County, IL",Illinois,"1 (Tract 9801, Cook, IL)","9801 (Cook, IL)","Cook County, IL",Illinois,private_auto,region_departure,social,1900-01-01 16:23:00,1900-01-01 18:35:53,132,133.0,unknown_vehicle_type,other_non_bev,,,,single_family,single_family,transportation_utilities,transportation_utilities,3547441299106460315,6320308229867475984,32.0,female,white_not_hispanic_or_latino,employed,in_person,5072.0,private_auto,5.0,41303.0,three_plus,core,naics622110,single_family,not_attending_school,advanced_degree,owner,english,"1 (Tract 106.01, Champaign, IL)","106.01 (Champaign, IL)","Champaign County, IL",Illinois,"3 (Tract 53, Champaign, IL)","53 (Champaign, IL)","Champaign County, IL",Illinois,10.16,15.78494919614148,16,UIUC1,"3.01 (Champaign, IL)",1900-01-01 17:53:09.600000000,17,5.551724137931035,Chicago3_mdw,"9801 (Cook, IL)",8.844554326610279,70,85.71172413793103,10,124.62950352275176,132,3.0,79.8,1,0,0
9809777091450746980,"3 (Tract 8, Champaign, IL)","8 (Champaign, IL)","Champaign County, IL",Illinois,"1 (Tract 9801, Cook, IL)","9801 (Cook, IL)","Cook County, IL",Illinois,private_auto,region_departure,work,1900-01-01 14:41:00,1900-01-01 16:54:40,133,123.8,unknown_vehicle_type,other_non_bev,,,,mixed_use,retail,transportation_utilities,transportation_utilities,13974965951159815614,13732508465273752707,48.0,male,white_not_hispanic_or_latino,employed,in_person,65227.0,private_auto,2.0,113002.0,two,core,naics31_33,single_family,not_attending_school,high_school,owner,english,"1 (Tract 106.04, Champaign, IL)","106.04 (Champaign, IL)","Champaign County, IL",Illinois,"3 (Tract 8, Champaign, IL)","8 (Champaign, IL)","Champaign County, IL",Illinois,6.981132075471698,12.144301620108008,14,UIUC1,"3.01 (Champaign, IL)",1900-01-01 16:07:58.867924530,16,4.228070175438597,Chicago3_mdw,"9801 (Cook, IL)",8.288619662363455,70,81.2092022509103,10,120.43292128247147,133,3.0,74.28,0,1,0
4649039047826690086,"1 (Tract 12.01, Champaign, IL)","12.01 (Champaign, IL)","Champaign County, IL",Illinois,"3 (Tract 6609, Cook, IL)","6609 (Cook, IL)","Cook County, IL",Illinois,auto_passenger,recreation,recreation,1900-01-01 13:41:00,1900-01-01 15:54:28,133,130.4,unknown_vehicle_type,unknown_fuel_type,,,,open_space,open_space,open_space,open_space,855233643449771037,3218320965474782982,63.0,male,asian_not_hispanic_or_latino,employed,in_person,719406.0,private_auto,2.0,719406.0,two,core,naics611310,single_family,not_attending_school,advanced_degree,renter,asian_pacific,"1 (Tract 106.04, Champaign, IL)","106.04 (Champaign, IL)","Champaign County, IL",Illinois,"3 (Tract 111, Champaign, IL)","111 (Champaign, IL)","Champaign County, IL",Illinois,7.166666666666667,12.31609271523179,13,UIUC1,"3.01 (Champaign, IL)",1900-01-01 15:08:10.000000002,15,11.5,Chicago3_mdw,"9801 (Cook, IL)",14.801932773109243,70,88.66666666666667,10,127.11802548834103,133,3.0,78.24,0,0,1
13929069805906868054,"5 (Tract 58, Champaign, IL)","58 (Champaign, IL)","Champaign County, IL",Illinois,"3 (Tract 6609, Cook, IL)","6609 (Cook, IL)","Cook County, IL",Illinois,private_auto,recreation,work,1900-01-01 16:49:00,1900-01-01 19:04:08,135,128.0,unknown_vehicle_type,other_non_bev,,,,education,education,mixed_use,open_space,2952199452135923752,3928045134198006855,39.0,female,white_not_hispanic_or_latino,employed,in_person,37985.0,private_auto,2.0,42978.0,two,core,naics62,single_family,not_attending_school,high_school,renter,english,"1 (Tract 107.02, Champaign, IL)","107.02 (Champaign, IL)","Champaign County, IL",Illinois,"5 (Tract 58, Champaign, IL)","58 (Champaign, IL)","Champaign County, IL",Illinois,3.290322580645161,7.534465604352897,16,UIUC1,"3.01 (Champaign, IL)",1900-01-01 18:12:17.419354836,18,7.166666666666667,Chicago3_mdw,"9801 (Cook, IL)",12.981932773109243,70,80.45698924731184,10,120.51639837746214,135,3.0,76.8,1,0,0
15290757638560017479,"3 (Tract 8, Champaign, IL)","8 (Champaign, IL)","Champaign County, IL",Illinois,"1 (Tract 9801, Cook, IL)","9801 (Cook, IL)","Cook County, IL",Illinois,private_auto,region_departure,eat,1900-01-01 15:07:00,1900-01-01 17:19:21,132,124.7,unknown_vehicle_type,other_non_bev,,,,retail,retail,transportation_utilities,transportation_utilities,7332864352316051037,16124937216813916582,61.0,male,white_not_hispanic_or_latino,employed,in_person,47917.0,private_auto,6.0,324206.0,two,core,naics722511,single_family,not_attending_school,high_school,owner,english,"1 (Tract 107.02, Champaign, IL)","107.02 (Champaign, IL)","Champaign County, IL",Illinois,"1 (Tract 56.01, Champaign, IL)","56.01 (Champaign, IL)","Champaign County, IL",Illinois,7.298701298701299,12.27768069386444,15,UIUC1,"3.01 (Champaign, IL)",1900-01-01 16:34:17.922077922,16,4.228070175438597,Chicago3_mdw,"9801 (Cook, IL)",8.288619662363455,70,81.5267714741399,10,120.5663003562279,132,3.0,74.82,0,1,0
8922502762586232061,"1 (Tract 4.01, Champaign, IL)","4.01 (Champaign, IL)","Champaign County, IL",Illinois,"1 (Tract 9801, Cook, IL)","9801 (Cook, IL)","Cook County, IL",Illinois,private_auto,region_departure,eat,1900-01-01 20:21:00,1900-01-01 22:33:37,132,132.4,unknown_vehicle_type,other_non_bev,,,,retail,retail,transportation_utilities,transportation_utilities,16573301878478815471,11388936985319023517,29.0,female,white_not_hispanic_or_latino,employed,in_person,163122.0,private_auto,2.0,234489.0,two,core,naics623,single_family,not_attending_school,bachelors_degree,owner,english,"1 (Tract 108, Champaign, IL)","108 (Champaign, IL)","Champaign County, IL",Illinois,"1 (Tract 56.02, Champaign, IL)","56.02 (Champaign, IL)","Champaign County, IL",Illinois,1.7450980392156863,5.435775314956901,20,UIUC1,"3.01 (Champaign, IL)",1900-01-01 21:42:44.705882352,21,4.333333333333333,Chicago3_mdw,"9801 (Cook, IL)",8.332830188679244,70,76.07843137254902,10,113.76860550363614,132,3.0,79.44,0,0,1
359501495305239722,"3 (Tract 7, Champaign, IL)","7 (Champaign, IL)","Champaign County, IL",Illinois,"1 (Tract 9801, Cook, IL)","9801 (Cook, IL)","Cook County, IL",Illinois,private_auto,region_departure,social,1900-01-01 18:43:00,1900-01-01 20:54:46,131,125.1,unknown_vehicle_type,other_non_bev,,,,single_family,single_family,transportation_utilities,transportation_utilities,3979727513614420900,18115062746666805220,37.0,female,white_not_hispanic_or_latino,employed,in_person,127510.0,private_auto,2.0,127510.0,one,core,naics6214,mobile,graduate,bachelors_degree,owner,english,"1 (Tract 110.01, Champaign, IL)","110.01 (Champaign, IL)","Champaign County, IL",Illinois,"1 (Tract 13.01, Champaign, IL)","13.01 (Champaign, IL)","Champaign County, IL",Illinois,4.444444444444445,9.011466666666665,18,UIUC1,"3.01 (Champaign, IL)",1900-01-01 20:07:26.666666664,20,5.92,Chicago3_mdw,"9801 (Cook, IL)",8.999230188679245,70,80.36444444444444,10,118.01069685534591,131,3.0,75.05999999999999,0,1,0
17840724829649453267,"4 (Tract 5, Champaign, IL)","5 (Champaign, IL)","Champaign County, IL",Illinois,"1 (Tract 9801, Cook, IL)","9801 (Cook, IL)","Cook County, IL",Illinois,private_auto,region_departure,shop,1900-01-01 19:01:00,1900-01-01 21:22:28,141,128.6,unknown_vehicle_type,other_non_bev,,,,retail,retail,transportation_utilities,transportation_utilities,8041542538484795484,6431513346217418595,47.0,female,white_not_hispanic_or_latino,employed,in_person,49266.0,private_auto,2.0,150173.0,one,core,naics61,single_family,not_attending_school,some_college,owner,english,"1 (Tract 110.01, Champaign, IL)","110.01 (Champaign, IL)","Champaign County, IL",Illinois,"2 (Tract 12.03, Champaign, IL)","12.03 (Champaign, IL)","Champaign County, IL",Illinois,2.4516129032258065,6.81918561607615,19,UIUC1,"3.01 (Champaign, IL)",1900-01-01 20:23:27.096774192,20,5.92,Chicago3_mdw,"9801 (Cook, IL)",8.999230188679245,70,78.37161290322581,10,115.8184158047554,141,3.0,77.16,0,1,0
5211040418827656065,"1 (Tract 110.02, Champaign, IL)","110.02 (Champaign, IL)","Champaign County, IL",Illinois,"2 (Tract 6604, Cook, IL)","6604 (Cook, IL)","Cook County, IL",Illinois,auto_passenger,shop,home,1900-01-01 15:03:00,1900-01-01 17:14:53,131,127.9,unknown_vehicle_type,unknown_fuel_type,,,,mixed_use,multi_family,retail,retail,4611557545182946283,5095455153179643821,54.0,male,white_not_hispanic_or_latino,employed,in_person,69429.0,private_auto,2.0,175459.0,two,core,naics61,multiple_units,not_attending_school,bachelors_degree,renter,english,"1 (Tract 110.02, Champaign, IL)","110.02 (Champaign, IL)","Champaign County, IL",Illinois,"2 (Tract 12.05, Champaign, IL)","12.05 (Champaign, IL)","Champaign County, IL",Illinois,2.2285714285714286,6.365064039408868,15,UIUC1,"3.01 (Champaign, IL)",1900-01-01 16:25:13.714285716,16,13.333333333333334,Chicago3_mdw,"9801 (Cook, IL)",14.588888888888889,70,85.56190476190476,10,120.95395292829775,131,3.0,76.74,0,1,0
18344848890094924021,"2 (Tract 14, Champaign, IL)","14 (Champaign, IL)","Champaign County, IL",Illinois,"1 (Tract 9801, Cook, IL)","9801 (Cook, IL)","Cook County, IL",Illinois,private_auto,region_departure,work,1900-01-01 22:43:00,1900-01-01 00:55:44,132,132.9,unknown_vehicle_type,other_non_bev,,,,office,office,transportation_utilities,transportation_utilities,11242252383238549491,12130449228269694347,75.0,male,white_not_hispanic_or_latino,employed,in_person,77164.0,private_auto,2.0,94258.0,two,core,naics54,single_family,not_attending_school,advanced_degree,owner,english,"1 (Tract 110.02, Champaign, IL)","110.02 (Champaign, IL)","Champaign County, IL",Illinois,"2 (Tract 14, Champaign, IL)","14 (Champaign, IL)","Champaign County, IL",Illinois,2.435897435897436,7.199730719730719,22,UIUC1,"3.01 (Champaign, IL)",1900-01-02 00:05:26.153846154,0,3.0,Chicago3_mdw,"9801 (Cook, IL)",7.7728301886792455,70,75.43589743589743,10,114.97256090840997,132,3.0,79.74,0,1,0
6775291448760764296,"1 (Tract 9.02, Champaign, IL)","9.02 (Champaign, IL)","Champaign County, IL",Illinois,"1 (Tract 9801, Cook, IL)","9801 (Cook, IL)","Cook County, IL",Illinois,private_auto,region_departure,shop,1900-01-01 18:50:00,1900-01-01 21:00:49,130,125.8,unknown_vehicle_type,other_non_bev,,,,retail,retail,transportation_utilities,transportation_utilities,6336776153642514628,505569825033112972,60.0,female,white_not_hispanic_or_latino,employed,in_person,72227.0,walking,2.0,273009.0,two,core,naics54,single_family,not_attending_school,advanced_degree,owner,english,"1 (Tract 110.02, Champaign, IL)","110.02 (Champaign, IL)","Champaign County, IL",Illinois,"1 (Tract 110.02, Champaign, IL)","110.02 (Champaign, IL)","Champaign County, IL",Illinois,8.842105263157896,15.231433406667794,18,UIUC1,"3.01 (Champaign, IL)",1900-01-01 20:18:50.526315792,20,5.92,Chicago3_mdw,"9801 (Cook, IL)",8.999230188679245,70,84.76210526315789,10,124.23066359534704,130,3.0,75.47999999999999,0,1,0
11939181838081728067,"1 (Tract 109.02, Champaign, IL)","109.02 (Champaign, IL)","Champaign County, IL",Illinois,"1 (Tract 9801, Cook, IL)","9801 (Cook, IL)","Cook County, IL",Illinois,private_auto,region_departure,shop,1900-01-01 19:36:00,1900-01-01 21:53:36,137,140.0,unknown_vehicle_type,other_non_bev,,,,retail,retail,transportation_utilities,transportation_utilities,6787353184656132003,12503886371865508657,67.0,female,white_not_hispanic_or_latino,employed,in_person,30585.0,private_auto,2.0,101951.0,three_plus,core,naics48_49,single_family,not_attending_school,high_school,owner,english,"1 (Tract 12.03, Champaign, IL)","12.03 (Champaign, IL)","Champaign County, IL",Illinois,"1 (Tract 109.02, Champaign, IL)","109.02 (Champaign, IL)","Champaign County, IL",Illinois,9.5,16.423333333333332,19,UIUC1,"3.01 (Champaign, IL)",1900-01-01 21:05:30.000000000,21,4.333333333333333,Chicago3_mdw,"9801 (Cook, IL)",8.332830188679244,70,83.83333333333333,10,124.75616352201257,137,3.0,84.0,1,0,0
15773431145059228037,"1 (Tract 109.02, Champaign, IL)","109.02 (Champaign, IL)","Champaign County, IL",Illinois,"1 (Tract 9801, Cook, IL)","9801 (Cook, IL)","Cook County, IL",Illinois,private_auto,region_departure,work,1900-01-01 11:04:00,1900-01-01 13:23:27,139,139.5,unknown_vehicle_type,other_non_bev,,,,retail,retail,transportation_utilities,transportation_utilities,2906554883306421321,10448172987967149826,64.0,female,white_not_hispanic_or_latino,employed,in_person,32559.0,private_auto,2.0,61211.0,one,core,naics44_45,single_family,not_attending_school,high_school,owner,english,"1 (Tract 12.03, Champaign, IL)","12.03 (Champaign, IL)","Champaign County, IL",Illinois,"1 (Tract 109.02, Champaign, IL)","109.02 (Champaign, IL)","Champaign County, IL",Illinois,9.0,16.213333333333335,11,UIUC1,"3.01 (Champaign, IL)",1900-01-01 12:33:00.000000000,12,5.0608108108108105,Chicago3_mdw,"9801 (Cook, IL)",8.638370729219785,70,84.0608108108108,10,124.85170406255313,139,3.0,83.7,1,0,0
12761819905440025893,"1 (Tract 13.01, Champaign, IL)","13.01 (Champaign, IL)","Champaign County, IL",Illinois,"1 (Tract 9801, Cook, IL)","9801 (Cook, IL)","Cook County, IL",Illinois,private_auto,region_departure,shop,1900-01-01 07:59:00,1900-01-01 10:14:09,135,132.8,unknown_vehicle_type,other_non_bev,,,,retail,retail,transportation_utilities,transportation_utilities,8773939249865978367,4140507445824172885,51.0,female,white_not_hispanic_or_latino,employed,in_person,66424.0,private_auto,3.0,144925.0,three_plus,core,naics611110,single_family,not_attending_school,bachelors_degree,owner,english,"1 (Tract 12.03, Champaign, IL)","12.03 (Champaign, IL)","Champaign County, IL",Illinois,"2 (Tract 5, Champaign, IL)","5 (Champaign, IL)","Champaign County, IL",Illinois,6.318181818181818,10.451675579322638,7,UIUC1,"3.01 (Champaign, IL)",1900-01-01 09:25:19.090909092,9,4.908163265306122,Chicago3_mdw,"9801 (Cook, IL)",8.574258760107817,70,81.22634508348793,10,119.02593433943045,135,3.0,79.68,0,1,0
11777028195522704709,"1 (Tract 12.04, Champaign, IL)","12.04 (Champaign, IL)","Champaign County, IL",Illinois,"1 (Tract 9801, Cook, IL)","9801 (Cook, IL)","Cook County, IL",Illinois,auto_passenger,region_departure,social,1900-01-01 14:30:00,1900-01-01 16:45:51,135,136.9,unknown_vehicle_type,unknown_fuel_type,,,,single_family,single_family,transportation_utilities,transportation_utilities,4438641852919118952,6501075404789353926,44.0,female,white_not_hispanic_or_latino,employed,in_person,180552.0,private_auto,2.0,269923.0,two,core,naics541940,several_units,not_attending_school,advanced_degree,renter,english,"1 (Tract 12.04, Champaign, IL)","12.04 (Champaign, IL)","Champaign County, IL",Illinois,"1 (Tract 12.04, Champaign, IL)","12.04 (Champaign, IL)","Champaign County, IL",Illinois,11.2,17.597684210526317,14,UIUC1,"3.01 (Champaign, IL)",1900-01-01 16:01:12.000000000,16,4.228070175438597,Chicago3_mdw,"9801 (Cook, IL)",8.288619662363455,70,85.4280701754386,10,125.88630387288978,135,3.0,82.14,0,0,1
15786907349422267603,"1 (Tract 53, Champaign, IL)","53 (Champaign, IL)","Champaign County, IL",Illinois,"3 (Tract 6505, Cook, IL)","6505 (Cook, IL)","Cook County, IL",Illinois,auto_passenger,shop,work,1900-01-01 15:44:00,1900-01-01 17:49:34,125,120.2,,unknown_fuel_type,,,,retail,retail,retail,retail,1277805408587868083,6836007051549303603,45.0,female,asian_not_hispanic_or_latino,employed,in_person,58316.0,auto_passenger,4.0,211448.0,two,core,naics61,single_family,not_attending_school,advanced_degree,owner,asian_pacific,"1 (Tract 12.04, Champaign, IL)","12.04 (Champaign, IL)","Champaign County, IL",Illinois,"1 (Tract 53, Champaign, IL)","53 (Champaign, IL)","Champaign County, IL",Illinois,3.4864864864864864,8.009492282980654,15,UIUC1,"3.01 (Champaign, IL)",1900-01-01 17:07:29.189189190,17,9.75,Chicago3_mdw,"9801 (Cook, IL)",12.723648648648648,70,83.23648648648648,10,120.73314093162931,125,3.0,72.12,0,1,0
8508167903638366634,"1 (Tract 111, Champaign, IL)","111 (Champaign, IL)","Champaign County, IL",Illinois,"3 (Tract 6505, Cook, IL)","6505 (Cook, IL)","Cook County, IL",Illinois,private_auto,shop,recreation,1900-01-01 11:51:00,1900-01-01 14:01:42,130,124.5,,,,,,mixed_use,non_retail_attraction,mixed_use,retail,18285032397592597330,14896289361684287875,40.0,female,white_not_hispanic_or_latino,employed,in_person,289662.0,private_auto,7.0,338334.0,three_plus,core,naics62,single_family,not_attending_school,advanced_degree,owner,english,"1 (Tract 12.04, Champaign, IL)","12.04 (Champaign, IL)","Champaign County, IL",Illinois,"1 (Tract 111, Champaign, IL)","111 (Champaign, IL)","Champaign County, IL",Illinois,2.6818181818181817,6.982442067736185,11,UIUC1,"3.01 (Champaign, IL)",1900-01-01 13:13:40.909090908,13,7.166666666666667,Chicago3_mdw,"9801 (Cook, IL)",11.638648648648648,70,79.84848484848486,10,118.62109071638483,130,3.0,74.7,0,0,1
15761849308820497471,"1 (Tract 59.02, Champaign, IL)","59.02 (Champaign, IL)","Champaign County, IL",Illinois,"1 (Tract 9801, Cook, IL)","9801 (Cook, IL)","Cook County, IL",Illinois,auto_passenger,region_departure,work,1900-01-01 19:03:00,1900-01-01 21:16:26,133,130.7,unknown_vehicle_type,unknown_fuel_type,,,,education,education,transportation_utilities,transportation_utilities,1485859578546948231,489702762448404682,32.0,female,black_not_hispanic_or_latino,employed,in_person,36231.0,private_auto,2.0,65216.0,two,core,naics61,multiple_units,not_attending_school,bachelors_degree,renter,english,"1 (Tract 12.05, Champaign, IL)","12.05 (Champaign, IL)","Champaign County, IL",Illinois,"1 (Tract 53, Champaign, IL)","53 (Champaign, IL)","Champaign County, IL",Illinois,1.898876404494382,6.0473042631728395,19,UIUC1,"3.01 (Champaign, IL)",1900-01-01 20:24:53.932584270,20,5.92,Chicago3_mdw,"9801 (Cook, IL)",8.999230188679245,70,77.81887640449439,10,115.04653445185208,133,3.0,78.41999999999999,1,0,0
10829489606025917120,"2 (Tract 14, Champaign, IL)","14 (Champaign, IL)","Champaign County, IL",Illinois,"1 (Tract 9801, Cook, IL)","9801 (Cook, IL)","Cook County, IL",Illinois,private_auto,region_departure,recreation,1900-01-01 12:16:00,1900-01-01 14:35:58,139,126.8,unknown_vehicle_type,other_non_bev,,,,office,office,transportation_utilities,transportation_utilities,4649843432719103591,2603447416552334714,38.0,male,asian_not_hispanic_or_latino,employed,in_person,64008.0,private_auto,4.0,64008.0,two,core,naics61,single_family,not_attending_school,advanced_degree,owner,asian_pacific,"1 (Tract 12.05, Champaign, IL)","12.05 (Champaign, IL)","Champaign County, IL",Illinois,"1 (Tract 4.01, Champaign, IL)","4.01 (Champaign, IL)","Champaign County, IL",Illinois,3.0521739130434784,7.4585668401320575,12,UIUC1,"3.01 (Champaign, IL)",1900-01-01 13:39:03.130434780,13,5.015151515151516,Chicago3_mdw,"9801 (Cook, IL)",8.619193825042881,70,78.06732542819499,10,116.07776066517494,139,3.0,76.08,0,1,0
15845662055127126145,"1 (Tract 12.01, Champaign, IL)","12.01 (Champaign, IL)","Champaign County, IL",Illinois,"1 (Tract 9801, Cook, IL)","9801 (Cook, IL)","Cook County, IL",Illinois,private_auto,region_departure,social,1900-01-01 20:03:00,1900-01-01 22:15:36,132,132.8,unknown_vehicle_type,other_non_bev,,,,single_family,single_family,transportation_utilities,transportation_utilities,5751991975649426940,2955845711194891085,72.0,male,hispanic_or_latino_origin,employed,in_person,86557.0,private_auto,2.0,155884.0,two,core,naics61,single_family,not_attending_school,advanced_degree,owner,english,"1 (Tract 12.05, Champaign, IL)","12.05 (Champaign, IL)","Champaign County, IL",Illinois,"1 (Tract 53, Champaign, IL)","53 (Champaign, IL)","Champaign County, IL",Illinois,7.25,12.351092715231788,20,UIUC1,"3.01 (Champaign, IL)",1900-01-01 21:30:15.000000000,21,4.333333333333333,Chicago3_mdw,"9801 (Cook, IL)",8.332830188679244,70,81.58333333333333,10,120.68392290391103,132,3.0,79.68,0,1,0
2014293384199172752,"1 (Tract 13.01, Champaign, IL)","13.01 (Champaign, IL)","Champaign County, IL",Illinois,"1 (Tract 9801, Cook, IL)","9801 (Cook, IL)","Cook County, IL",Illinois,private_auto,region_departure,eat,1900-01-01 17:34:00,1900-01-01 19:59:25,145,129.5,unknown_vehicle_type,other_non_bev,,,,retail,retail,transportation_utilities,transportation_utilities,7039414788549919297,12164322308345822939,65.0,female,white_not_hispanic_or_latino,employed,in_person,58316.0,private_auto,2.0,131721.0,two,core,naics44_45,single_family,not_attending_school,advanced_degree,owner,english,"1 (Tract 12.06, Champaign, IL)","12.06 (Champaign, IL)","Champaign County, IL",Illinois,"1 (Tract 111, Champaign, IL)","111 (Champaign, IL)","Champaign County, IL",Illinois,4.918918918918919,9.86398516163222,17,UIUC1,"3.01 (Champaign, IL)",1900-01-01 18:58:55.135135134,18,4.653846153846154,Chicago3_mdw,"9801 (Cook, IL)",8.46744557329463,70,79.57276507276508,10,118.33143073492684,145,3.0,77.7,0,1,0
12143229883737922502,"1 (Tract 13.01, Champaign, IL)","13.01 (Champaign, IL)","Champaign County, IL",Illinois,"2 (Tract 5705, Cook, IL)","5705 (Cook, IL)","Cook County, IL",Illinois,private_auto,recreation,work,1900-01-01 13:54:00,1900-01-01 16:18:46,144,131.4,unknown_vehicle_type,other_non_bev,,,,office,office,retail,retail,4797494415858527182,10103446046110635341,37.0,male,white_not_hispanic_or_latino,employed,in_person,71366.0,private_auto,1.0,71366.0,two,core,naics2382,single_family,not_attending_school,some_college,owner,english,"1 (Tract 12.06, Champaign, IL)","12.06 (Champaign, IL)","Champaign County, IL",Illinois,"1 (Tract 13.01, Champaign, IL)","13.01 (Champaign, IL)","Champaign County, IL",Illinois,6.0,10.318039215686275,13,UIUC1,"3.01 (Champaign, IL)",1900-01-01 15:20:00.000000000,15,3.333333333333333,Chicago3_mdw,"9801 (Cook, IL)",8.112631578947369,70,79.33333333333333,10,118.43067079463364,144,3.0,78.84,0,1,0
9856717107649117294,"1 (Tract 53, Champaign, IL)","53 (Champaign, IL)","Champaign County, IL",Illinois,"2 (Tract 7106, Cook, IL)","7106 (Cook, IL)","Cook County, IL",Illinois,auto_passenger,shop,work,1900-01-01 15:48:00,1900-01-01 17:49:02,121,123.9,unknown_vehicle_type,unknown_fuel_type,,,,healthcare,healthcare,mixed_use,office,17361781770248771369,14830796810519340948,35.0,female,asian_not_hispanic_or_latino,employed,in_person,280418.0,private_auto,1.0,280418.0,one,core,naics622110,single_family,not_attending_school,advanced_degree,owner,indo_european,"1 (Tract 12.06, Champaign, IL)","12.06 (Champaign, IL)","Champaign County, IL",Illinois,"1 (Tract 53, Champaign, IL)","53 (Champaign, IL)","Champaign County, IL",Illinois,3.4864864864864864,8.009492282980654,15,UIUC1,"3.01 (Champaign, IL)",1900-01-01 17:11:29.189189190,17,19.0,Chicago3_mdw,"9801 (Cook, IL)",22.12,70,92.48648648648648,10,130.12949228298066,121,3.0,74.34,0,0,1
5562693544757975105,"4 (Tract 53, Champaign, IL)","53 (Champaign, IL)","Champaign County, IL",Illinois,"1 (Tract 7105, Cook, IL)","7105 (Cook, IL)","Cook County, IL",Illinois,private_auto,shop,work,1900-01-01 17:29:00,1900-01-01 19:38:44,129,135.2,unknown_vehicle_type,other_non_bev,,,,mixed_use,civic_institutional,retail,retail,3658226684550079287,13574309880083549251,41.0,male,white_not_hispanic_or_latino,employed,in_person,81142.0,private_auto,4.0,162285.0,two,core,naics92,single_family,not_attending_school,some_college,owner,english,"1 (Tract 12.06, Champaign, IL)","12.06 (Champaign, IL)","Champaign County, IL",Illinois,"4 (Tract 53, Champaign, IL)","53 (Champaign, IL)","Champaign County, IL",Illinois,3.5853658536585367,8.051021617192916,17,UIUC1,"3.01 (Champaign, IL)",1900-01-01 18:52:35.121951222,18,13.0,Chicago3_mdw,"9801 (Cook, IL)",20.426666666666666,70,86.58536585365853,10,128.47768828385958,129,3.0,81.11999999999999,0,1,0
17634110127572152337,"1 (Tract 13.01, Champaign, IL)","13.01 (Champaign, IL)","Champaign County, IL",Illinois,"1 (Tract 9801, Cook, IL)","9801 (Cook, IL)","Cook County, IL",Illinois,private_auto,region_departure,shop,1900-01-01 11:39:00,1900-01-01 14:10:17,151,129.5,unknown_vehicle_type,other_non_bev,,,,retail,retail,transportation_utilities,transportation_utilities,13284862851543013736,17728788052475545568,43.0,male,white_not_hispanic_or_latino,employed,in_person,163825.0,private_auto,4.0,242176.0,two,core,naics5412,single_family,not_attending_school,bachelors_degree,owner,english,"1 (Tract 12.06, Champaign, IL)","12.06 (Champaign, IL)","Champaign County, IL",Illinois,"2 (Tract 13.02, Champaign, IL)","13.02 (Champaign, IL)","Champaign County, IL",Illinois,4.791666666666667,9.810539215686275,11,UIUC1,"3.01 (Champaign, IL)",1900-01-01 13:03:47.500000002,13,5.015151515151516,Chicago3_mdw,"9801 (Cook, IL)",8.619193825042881,70,79.80681818181819,10,118.42973304072916,151,3.0,77.7,0,0,1
3681559408213710518,"2 (Tract 55, Champaign, IL)","55 (Champaign, IL)","Champaign County, IL",Illinois,"1 (Tract 9801, Cook, IL)","9801 (Cook, IL)","Cook County, IL",Illinois,private_auto,region_departure,work,1900-01-01 17:07:00,1900-01-01 19:37:47,150,132.6,unknown_vehicle_type,other_non_bev,,,,retail,retail,transportation_utilities,transportation_utilities,2609525409562848171,3448741586620844879,45.0,female,white_not_hispanic_or_latino,employed,in_person,52094.0,private_auto,6.0,172922.0,three_plus,core,naics44_45,single_family,not_attending_school,advanced_degree,owner,english,"1 (Tract 13.02, Champaign, IL)","13.02 (Champaign, IL)","Champaign County, IL",Illinois,"2 (Tract 55, Champaign, IL)","55 (Champaign, IL)","Champaign County, IL",Illinois,5.782608695652174,10.448274599542334,17,UIUC1,"3.01 (Champaign, IL)",1900-01-01 18:32:46.956521742,18,4.653846153846154,Chicago3_mdw,"9801 (Cook, IL)",8.46744557329463,70,80.43645484949833,10,118.91572017283696,150,3.0,79.55999999999999,0,1,0
16317783275938248027,"3 (Tract 55, Champaign, IL)","55 (Champaign, IL)","Champaign County, IL",Illinois,"1 (Tract 9801, Cook, IL)","9801 (Cook, IL)","Cook County, IL",Illinois,auto_passenger,region_departure,recreation,1900-01-01 17:07:00,1900-01-01 19:23:56,136,134.6,unknown_vehicle_type,unknown_fuel_type,,,,open_space,open_space,transportation_utilities,transportation_utilities,14118112006636923101,8606562357892266583,42.0,female,white_not_hispanic_or_latino,employed,in_person,15069.0,auto_passenger,2.0,75926.0,two,core,naics44_45,single_family,not_attending_school,high_school,renter,english,"1 (Tract 13.02, Champaign, IL)","13.02 (Champaign, IL)","Champaign County, IL",Illinois,"2 (Tract 55, Champaign, IL)","55 (Champaign, IL)","Champaign County, IL",Illinois,5.782608695652174,10.448274599542334,17,UIUC1,"3.01 (Champaign, IL)",1900-01-01 18:32:46.956521742,18,4.653846153846154,Chicago3_mdw,"9801 (Cook, IL)",8.46744557329463,70,80.43645484949833,10,118.91572017283696,136,3.0,80.75999999999999,1,0,0
14703178843436432402,"1 (Tract 3.01, Champaign, IL)","3.01 (Champaign, IL)","Champaign County, IL",Illinois,"1 (Tract 9801, Cook, IL)","9801 (Cook, IL)","Cook County, IL",Illinois,auto_passenger,region_departure,eat,1900-01-01 15:26:00,1900-01-01 17:44:11,138,130.3,unknown_vehicle_type,unknown_fuel_type,,,,retail,retail,transportation_utilities,transportation_utilities,17922071512351035719,3407570081152299811,71.0,male,white_not_hispanic_or_latino,employed,in_person,229595.0,private_auto,2.0,315744.0,two,core,naics54,single_family,not_attending_school,advanced_degree,owner,english,"1 (Tract 13.02, Champaign, IL)","13.02 (Champaign, IL)","Champaign County, IL",Illinois,"1 (Tract 8, Champaign, IL)","8 (Champaign, IL)","Champaign County, IL",Illinois,0.958904109589041,4.979922006346933,15,UIUC1,"3.01 (Champaign, IL)",1900-01-01 16:46:57.534246576,16,4.228070175438597,Chicago3_mdw,"9801 (Cook, IL)",8.288619662363455,70,75.18697428502765,10,113.2685416687104,138,3.0,78.18,0,0,1
1680789622160779545,"1 (Tract 13.02, Champaign, IL)","13.02 (Champaign, IL)","Champaign County, IL",Illinois,"1 (Tract 9801, Cook, IL)","9801 (Cook, IL)","Cook County, IL",Illinois,auto_passenger,region_departure,home,1900-01-01 19:33:00,1900-01-01 21:51:35,138,138.5,unknown_vehicle_type,unknown_fuel_type,,,,single_family,single_family,transportation_utilities,transportation_utilities,9471555844661101230,12552679926555799285,42.0,male,white_not_hispanic_or_latino,employed,in_person,142732.0,private_auto,6.0,178415.0,two,core,naics491110,single_family,not_attending_school,high_school,owner,english,"1 (Tract 13.02, Champaign, IL)","13.02 (Champaign, IL)","Champaign County, IL",Illinois,"2 (Tract 55, Champaign, IL)","55 (Champaign, IL)","Champaign County, IL",Illinois,8.0,13.344682926829268,19,UIUC1,"3.01 (Champaign, IL)",1900-01-01 21:01:00.000000000,21,4.333333333333333,Chicago3_mdw,"9801 (Cook, IL)",8.332830188679244,70,82.33333333333333,10,121.6775131155085,138,3.0,83.1,0,1,0
9228247590351740177,"1 (Tract 13.01, Champaign, IL)","13.01 (Champaign, IL)","Champaign County, IL",Illinois,"1 (Tract 9801, Cook, IL)","9801 (Cook, IL)","Cook County, IL",Illinois,private_auto,region_departure,work,1900-01-01 17:08:00,1900-01-01 19:22:37,134,133.2,unknown_vehicle_type,other_non_bev,,,,retail,retail,transportation_utilities,transportation_utilities,9413894665810843211,12628306434210418695,43.0,female,asian_not_hispanic_or_latino,employed,in_person,61862.0,private_auto,3.0,61862.0,two,core,naics56,single_family,not_attending_school,high_school,owner,asian_pacific,"1 (Tract 14, Champaign, IL)","14 (Champaign, IL)","Champaign County, IL",Illinois,"1 (Tract 13.01, Champaign, IL)","13.01 (Champaign, IL)","Champaign County, IL",Illinois,4.918918918918919,9.86398516163222,17,UIUC1,"3.01 (Champaign, IL)",1900-01-01 18:32:55.135135134,18,4.653846153846154,Chicago3_mdw,"9801 (Cook, IL)",8.46744557329463,70,79.57276507276508,10,118.33143073492684,134,3.0,79.91999999999999,0,1,0
12203677520922168524,"1 (Tract 54.01, Champaign, IL)","54.01 (Champaign, IL)","Champaign County, IL",Illinois,"1 (Tract 9801, Cook, IL)","9801 (Cook, IL)","Cook County, IL",Illinois,auto_passenger,region_departure,other_activity_type,1900-01-01 13:05:00,1900-01-01 15:21:25,136,133.4,unknown_vehicle_type,unknown_fuel_type,,,,education,education,transportation_utilities,transportation_utilities,3773796983174604599,2762051761937701755,49.0,female,asian_not_hispanic_or_latino,employed,in_person,35614.0,auto_passenger,5.0,195878.0,two,core,naics54,single_family,not_attending_school,advanced_degree,owner,asian_pacific,"1 (Tract 14, Champaign, IL)","14 (Champaign, IL)","Champaign County, IL",Illinois,"1 (Tract 4.01, Champaign, IL)","4.01 (Champaign, IL)","Champaign County, IL",Illinois,5.444444444444445,10.234570858283433,13,UIUC1,"3.01 (Champaign, IL)",1900-01-01 14:30:26.666666664,14,5.041322314049586,Chicago3_mdw,"9801 (Cook, IL)",8.63018556058007,70,80.48576675849402,10,118.86475641886351,136,3.0,80.04,1,0,0
2648827622621692767,"1 (Tract 13.01, Champaign, IL)","13.01 (Champaign, IL)","Champaign County, IL",Illinois,"1 (Tract 9801, Cook, IL)","9801 (Cook, IL)","Cook County, IL",Illinois,private_auto,region_departure,work,1900-01-01 16:47:00,1900-01-01 19:11:25,144,129.3,unknown_vehicle_type,other_non_bev,,,,retail,retail,transportation_utilities,transportation_utilities,11011071349290730455,16950141519039533339,62.0,female,white_not_hispanic_or_latino,employed,in_person,35683.0,private_auto,2.0,76463.0,two,core,naics811191,multiple_units,not_attending_school,high_school,renter,english,"1 (Tract 5, Champaign, IL)","5 (Champaign, IL)","Champaign County, IL",Illinois,"1 (Tract 13.01, Champaign, IL)","13.01 (Champaign, IL)","Champaign County, IL",Illinois,4.956521739130435,9.879778346121057,16,UIUC1,"3.01 (Champaign, IL)",1900-01-01 18:11:57.391304346,18,4.653846153846154,Chicago3_mdw,"9801 (Cook, IL)",8.46744557329463,70,79.6103678929766,10,118.34722391941568,144,3.0,77.58,1,0,0
13607344964406556695,"2 (Tract 55, Champaign, IL)","55 (Champaign, IL)","Champaign County, IL",Illinois,"1 (Tract 9801, Cook, IL)","9801 (Cook, IL)","Cook County, IL",Illinois,private_auto,region_departure,shop,1900-01-01 17:52:00,1900-01-01 20:09:16,137,135.5,unknown_vehicle_type,other_non_bev,,,,office,office,transportation_utilities,transportation_utilities,2815996386700876558,8886243295695801706,46.0,female,white_not_hispanic_or_latino,employed,in_person,52163.0,private_auto,2.0,88098.0,two,core,naics61,mobile,not_attending_school,advanced_degree,renter,english,"1 (Tract 54.02, Champaign, IL)","54.02 (Champaign, IL)","Champaign County, IL",Illinois,"1 (Tract 53, Champaign, IL)","53 (Champaign, IL)","Champaign County, IL",Illinois,5.782608695652174,10.448274599542334,17,UIUC1,"3.01 (Champaign, IL)",1900-01-01 19:17:46.956521742,19,5.05,Chicago3_mdw,"9801 (Cook, IL)",8.633830188679244,70,80.83260869565217,10,119.08210478822157,137,3.0,81.3,0,1,0
15304036369559159556,"3 (Tract 8, Champaign, IL)","8 (Champaign, IL)","Champaign County, IL",Illinois,"1 (Tract 5401.02, Cook, IL)","5401.02 (Cook, IL)","Cook County, IL",Illinois,auto_passenger,home,shop,1900-01-01 17:28:00,1900-01-01 19:21:39,113,119.8,unknown_vehicle_type,unknown_fuel_type,,,,office,office,multi_family,multi_family,6579504190558349444,4437298426698119952,35.0,female,black_not_hispanic_or_latino,employed,in_person,12234.0,auto_passenger,1.0,12234.0,zero,core,naics62,multiple_units,not_attending_school,some_college,renter,english,"1 (Tract 5401.02, Cook, IL)","5401.02 (Cook, IL)","Cook County, IL",Illinois,"4 (Tract 2518, Cook, IL)","2518 (Cook, IL)","Cook County, IL",Illinois,7.0,12.152226148409895,17,UIUC1,"3.01 (Champaign, IL)",1900-01-01 18:55:00.000000000,18,26.0,Chicago3_mdw,"9801 (Cook, IL)",35.620000000000005,70,103.0,10,147.7722261484099,113,3.0,71.88,1,0,0
17022270514110301310,"2 (Tract 8, Champaign, IL)","8 (Champaign, IL)","Champaign County, IL",Illinois,"1 (Tract 9801, Cook, IL)","9801 (Cook, IL)","Cook County, IL",Illinois,private_auto,region_departure,maintenance,1900-01-01 23:42:00,1900-01-01 01:48:09,126,130.1,unknown_vehicle_type,other_non_bev,,,,retail,retail,transportation_utilities,transportation_utilities,6115106678851558128,2868286620785139066,28.0,male,hispanic_or_latino_origin,employed,in_person,32667.0,private_auto,1.0,32667.0,one,core,naics61,multiple_units,graduate,advanced_degree,renter,spanish,"1 (Tract 56.01, Champaign, IL)","56.01 (Champaign, IL)","Champaign County, IL",Illinois,"1 (Tract 111, Champaign, IL)","111 (Champaign, IL)","Champaign County, IL",Illinois,7.0,12.152226148409895,23,UIUC1,"3.01 (Champaign, IL)",1900-01-02 01:09:00.000000000,1,3.0,Chicago3_mdw,"9801 (Cook, IL)",7.7728301886792455,70,80.0,10,119.92505633708915,126,3.0,78.05999999999999,1,0,0
13330965288721161495,"1 (Tract 57.01, Champaign, IL)","57.01 (Champaign, IL)","Champaign County, IL",Illinois,"1 (Tract 9801, Cook, IL)","9801 (Cook, IL)","Cook County, IL",Illinois,private_auto,region_departure,eat,1900-01-01 19:09:40,1900-01-01 21:35:15,145,131.3,unknown_vehicle_type,other_non_bev,,,,retail,retail,transportation_utilities,transportation_utilities,3426085876544603155,4597620035126875439,16.0,male,white_not_hispanic_or_latino,employed,in_person,132.0,private_auto,13.0,66605.0,two,core,naics71,single_family,school,k_12,renter,indo_european,"1 (Tract 56.02, Champaign, IL)","56.02 (Champaign, IL)","Champaign County, IL",Illinois,"3 (Tract 3.01, Champaign, IL)","3.01 (Champaign, IL)","Champaign County, IL",Illinois,6.833333333333333,11.593357664233576,19,UIUC1,"3.01 (Champaign, IL)",1900-01-01 20:36:29.999999998,20,5.92,Chicago3_mdw,"9801 (Cook, IL)",8.999230188679245,70,82.75333333333333,10,120.59258785291283,145,3.0,78.78,1,0,0
16168625362030653424,"1 (Tract 54.01, Champaign, IL)","54.01 (Champaign, IL)","Champaign County, IL",Illinois,"1 (Tract 9801, Cook, IL)","9801 (Cook, IL)","Cook County, IL",Illinois,private_auto,region_departure,eat,1900-01-01 19:50:00,1900-01-01 22:05:41,135,127.4,unknown_vehicle_type,other_non_bev,,,,retail,retail,transportation_utilities,transportation_utilities,11542205248782154445,18115397347354508534,23.0,male,black_not_hispanic_or_latino,employed,in_person,28760.0,private_auto,1.0,28760.0,one,core,naics61,multiple_units,not_attending_school,advanced_degree,renter,english,"1 (Tract 59.02, Champaign, IL)","59.02 (Champaign, IL)","Champaign County, IL",Illinois,"2 (Tract 59.02, Champaign, IL)","59.02 (Champaign, IL)","Champaign County, IL",Illinois,6.2,10.551904191616767,19,UIUC1,"3.01 (Champaign, IL)",1900-01-01 21:16:12.000000000,21,4.333333333333333,Chicago3_mdw,"9801 (Cook, IL)",8.332830188679244,70,80.53333333333333,10,118.88473438029601,135,3.0,76.44,1,0,0
2733535399197844006,"1 (Tract 13.01, Champaign, IL)","13.01 (Champaign, IL)","Champaign County, IL",Illinois,"1 (Tract 6609, Cook, IL)","6609 (Cook, IL)","Cook County, IL",Illinois,auto_passenger,home,eat,1900-01-01 21:58:19,1900-01-01 00:05:31,127,128.0,unknown_vehicle_type,unknown_fuel_type,,,,retail,retail,single_family,single_family,5415026318608106325,13227375214566100376,71.0,male,hispanic_or_latino_origin,employed,in_person,36231.0,public_transit,2.0,36231.0,two,core,naics722513,single_family,not_attending_school,no_school,owner,spanish,"1 (Tract 6609, Cook, IL)","6609 (Cook, IL)","Cook County, IL",Illinois,"1 (Tract 814.02, Cook, IL)","814.02 (Cook, IL)","Cook County, IL",Illinois,4.2,9.562039215686275,21,UIUC1,"3.01 (Champaign, IL)",1900-01-01 23:22:31.000000000,23,7.0,Chicago3_mdw,"9801 (Cook, IL)",12.911932773109243,70,81.2,10,122.47397198879551,127,3.0,76.8,1,0,0
6589239488593539689,"2 (Tract 14, Champaign, IL)","14 (Champaign, IL)","Champaign County, IL",Illinois,"1 (Tract 6611, Cook, IL)","6611 (Cook, IL)","Cook County, IL",Illinois,auto_passenger,home,eat,1900-01-01 21:35:30,1900-01-01 23:43:57,128,128.2,unknown_vehicle_type,unknown_fuel_type,,,,retail,retail,single_family,single_family,7875995916113632793,18194869393266139721,66.0,male,black_not_hispanic_or_latino,employed,in_person,175722.0,public_transit,1.0,175722.0,two,core,naics92,single_family,graduate,advanced_degree,owner,other,"1 (Tract 6611, Cook, IL)","6611 (Cook, IL)","Cook County, IL",Illinois,"1 (Tract 8391, Cook, IL)","8391 (Cook, IL)","Cook County, IL",Illinois,2.7142857142857144,7.316653796653797,21,UIUC1,"3.01 (Champaign, IL)",1900-01-01 22:58:12.857142858,22,16.333333333333332,Chicago3_mdw,"9801 (Cook, IL)",18.53142857142857,70,89.04761904761904,10,125.84808236808237,128,3.0,76.91999999999999,0,0,1
9624952109698707416,"1 (Tract 13.01, Champaign, IL)","13.01 (Champaign, IL)","Champaign County, IL",Illinois,"1 (Tract 6611, Cook, IL)","6611 (Cook, IL)","Cook County, IL",Illinois,auto_passenger,home,shop,1900-01-01 19:35:13,1900-01-01 21:43:07,127,127.6,unknown_vehicle_type,unknown_fuel_type,,,,retail,retail,multi_family,multi_family,12670749729421327078,17226069364513565257,43.0,female,black_not_hispanic_or_latino,employed,in_person,60385.0,public_transit,2.0,60385.0,zero,core,naics54,several_units,not_attending_school,bachelors_degree,renter,english,"1 (Tract 6611, Cook, IL)","6611 (Cook, IL)","Cook County, IL",Illinois,"5 (Tract 813, Cook, IL)","813 (Cook, IL)","Cook County, IL",Illinois,4.714285714285714,9.778039215686274,19,UIUC1,"3.01 (Champaign, IL)",1900-01-01 20:59:55.857142858,20,8.25,Chicago3_mdw,"9801 (Cook, IL)",15.13642857142857,70,82.96428571428571,10,124.91446778711484,127,3.0,76.55999999999999,0,1,0
2753332720315710176,"2 (Tract 59.02, Champaign, IL)","59.02 (Champaign, IL)","Champaign County, IL",Illinois,"1 (Tract 7401, Cook, IL)","7401 (Cook, IL)","Cook County, IL",Illinois,private_auto,home,shop,1900-01-01 18:35:37,1900-01-01 20:35:46,120,121.4,unknown_vehicle_type,other_non_bev,,,,retail,retail,single_family,single_family,5799948069241093737,5915621662361794853,32.0,female,white_not_hispanic_or_latino,employed,in_person,104326.0,private_auto,5.0,266612.0,two,core,naics622110,single_family,not_attending_school,bachelors_degree,owner,english,"1 (Tract 7401, Cook, IL)","7401 (Cook, IL)","Cook County, IL",Illinois,"1 (Tract 8221.02, Cook, IL)","8221.02 (Cook, IL)","Cook County, IL",Illinois,1.9696969696969695,6.0770489005579265,18,UIUC1,"3.01 (Champaign, IL)",1900-01-01 19:57:35.181818182,19,15.0,Chicago3_mdw,"9801 (Cook, IL)",22.456,70,86.96969696969697,10,128.53304890055793,120,3.0,72.84,0,1,0
12911443558597320495,"1 (Tract 4.01, Champaign, IL)","4.01 (Champaign, IL)","Champaign County, IL",Illinois,"1 (Tract 7503, Cook, IL)","7503 (Cook, IL)","Cook County, IL",Illinois,auto_passenger,home,recreation,1900-01-01 23:45:48,1900-01-01 01:43:21,117,121.8,unknown_vehicle_type,unknown_fuel_type,,,,non_retail_attraction,non_retail_attraction,single_family,single_family,9150849453757480715,6377805060382112796,41.0,female,black_not_hispanic_or_latino,employed,in_person,71630.0,private_auto,5.0,109290.0,zero,core,naics62,single_family,graduate,advanced_degree,renter,english,"1 (Tract 7503, Cook, IL)","7503 (Cook, IL)","Cook County, IL",Illinois,"2 (Tract 8062.01, Cook, IL)","8062.01 (Cook, IL)","Cook County, IL",Illinois,1.4545454545454546,5.313743229395404,23,UIUC1,"3.01 (Champaign, IL)",1900-01-02 01:07:15.272727270,1,23.0,Chicago3_mdw,"9801 (Cook, IL)",30.57333333333333,70,94.45454545454545,10,135.88707656272874,117,3.0,73.08,0,1,0
8480795532431063285,"1 (Tract 3.01, Champaign, IL)","3.01 (Champaign, IL)","Champaign County, IL",Illinois,"1 (Tract 9801, Cook, IL)","9801 (Cook, IL)","Cook County, IL",Illinois,private_auto,region_departure,work,1900-01-01 06:59:00,1900-01-01 09:12:20,133,131.8,unknown_vehicle_type,other_non_bev,,,,education,education,transportation_utilities,transportation_utilities,12560294317345386289,16932698619693720811,23.0,female,white_not_hispanic_or_latino,employed,in_person,13058.0,walking,5.0,119426.0,three_plus,core,naics44_45,multiple_units,not_attending_school,high_school,renter,english,"1 (Tract 8, Champaign, IL)","8 (Champaign, IL)","Champaign County, IL",Illinois,"4 (Tract 8, Champaign, IL)","8 (Champaign, IL)","Champaign County, IL",Illinois,0.9166666666666666,4.962182280319535,6,UIUC1,"3.01 (Champaign, IL)",1900-01-01 08:19:55.000000002,8,5.442622950819672,Chicago3_mdw,"9801 (Cook, IL)",8.798731828023508,70,76.35928961748634,10,113.76091410834304,133,3.0,79.08,1,0,0
3964822780282912164,"1 (Tract 59.02, Champaign, IL)","59.02 (Champaign, IL)","Champaign County, IL",Illinois,"1 (Tract 9801, Cook, IL)","9801 (Cook, IL)","Cook County, IL",Illinois,private_auto,region_departure,work,1900-01-01 09:57:00,1900-01-01 12:14:58,137,126.7,unknown_vehicle_type,other_non_bev,,,,education,education,transportation_utilities,transportation_utilities,6634369347412183736,18260223675990886672,27.0,female,white_not_hispanic_or_latino,employed,in_person,90602.0,private_auto,1.0,90602.0,one,core,naics62,multiple_units,not_attending_school,advanced_degree,renter,english,"1 (Tract 8, Champaign, IL)","8 (Champaign, IL)","Champaign County, IL",Illinois,"1 (Tract 59.02, Champaign, IL)","59.02 (Champaign, IL)","Champaign County, IL",Illinois,1.8484848484848484,6.026139809648836,9,UIUC1,"3.01 (Champaign, IL)",1900-01-01 11:18:50.909090910,11,4.945945945945946,Chicago3_mdw,"9801 (Cook, IL)",8.590127485976542,70,76.7944307944308,10,114.61626729562538,137,3.0,76.02,0,1,0
6239599779620859141,"1 (Tract 13.02, Champaign, IL)","13.02 (Champaign, IL)","Champaign County, IL",Illinois,"1 (Tract 9801, Cook, IL)","9801 (Cook, IL)","Cook County, IL",Illinois,private_auto,region_departure,shop,1900-01-01 17:01:00,1900-01-01 19:15:50,134,138.2,unknown_vehicle_type,other_non_bev,,,,office,office,transportation_utilities,transportation_utilities,12774556530793991989,10566973134397972469,63.0,male,white_not_hispanic_or_latino,employed,in_person,54265.0,private_auto,2.0,73149.0,two,core,naics62,single_family,not_attending_school,bachelors_degree,owner,english,"1 (Tract 9545, Piatt, IL)","9545 (Piatt, IL)","Piatt County, IL",Illinois,"1 (Tract 9.02, Champaign, IL)","9.02 (Champaign, IL)","Champaign County, IL",Illinois,7.5625,13.160932926829268,17,UIUC1,"3.01 (Champaign, IL)",1900-01-01 18:28:33.750000000,18,4.653846153846154,Chicago3_mdw,"9801 (Cook, IL)",8.46744557329463,70,82.21634615384616,10,121.6283785001239,134,3.0,82.91999999999999,0,1,0
3972651392340223111,"1 (Tract 59.02, Champaign, IL)","59.02 (Champaign, IL)","Champaign County, IL",Illinois,"1 (Tract 7505, Cook, IL)","7505 (Cook, IL)","Cook County, IL",Illinois,private_auto,shop,work,1900-01-01 11:41:00,1900-01-01 13:38:17,117,121.6,unknown_vehicle_type,other_non_bev,,,,retail,retail,mixed_use,retail,4718837587967989862,18111569988163956180,37.0,male,white_not_hispanic_or_latino,employed,in_person,86938.0,private_auto,4.0,179673.0,two,core,naics23,single_family,not_attending_school,high_school,owner,english,"1 (Tract 9546, Piatt, IL)","9546 (Piatt, IL)","Piatt County, IL",Illinois,"1 (Tract 59.02, Champaign, IL)","59.02 (Champaign, IL)","Champaign County, IL",Illinois,2.135135135135135,6.146532930041956,11,UIUC1,"3.01 (Champaign, IL)",1900-01-01 13:03:08.108108106,13,26.0,Chicago3_mdw,"9801 (Cook, IL)",32.96153846153847,70,98.13513513513513,10,139.10807139158044,117,3.0,72.96,0,1,0
12651444039413297490,"1 (Tract 110.01, Champaign, IL)","110.01 (Champaign, IL)","Champaign County, IL",Illinois,"5 (Tract 6608, Cook, IL)","6608 (Cook, IL)","Cook County, IL",Illinois,auto_passenger,social,work,1900-01-01 07:02:00,1900-01-01 09:13:11,131,125.1,unknown_vehicle_type,unknown_fuel_type,,,,retail,retail,multi_family,multi_family,14959161429171472601,8609853740502952906,60.0,male,white_not_hispanic_or_latino,employed,in_person,108963.0,private_auto,3.0,164604.0,three_plus,core,naics23,single_family,not_attending_school,high_school,owner,english,"1 (Tract 9617, Ford, IL)","9617 (Ford, IL)","Ford County, IL",Illinois,"1 (Tract 110.01, Champaign, IL)","110.01 (Champaign, IL)","Champaign County, IL",Illinois,3.615384615384616,7.935961538461539,7,UIUC1,"3.01 (Champaign, IL)",1900-01-01 08:25:36.923076924,8,7.714285714285714,Chicago3_mdw,"9801 (Cook, IL)",13.251999999999999,70,81.32967032967032,10,121.18796153846154,131,3.0,75.05999999999999,0,1,0
14892543070659530143,"3 (Tract 9.02, Champaign, IL)","9.02 (Champaign, IL)","Champaign County, IL",Illinois,"1 (Tract 9801, Cook, IL)","9801 (Cook, IL)","Cook County, IL",Illinois,private_auto,region_departure,shop,1900-01-01 19:12:00,1900-01-01 21:27:34,135,128.5,unknown_vehicle_type,other_non_bev,,,,retail,retail,transportation_utilities,transportation_utilities,18310306137794358600,11139545545732731490,34.0,male,white_not_hispanic_or_latino,employed,in_person,48838.0,private_auto,2.0,48838.0,one,core,naics524210,single_family,not_attending_school,some_college,owner,english,"1 (Tract 9715, De Witt, IL)","9715 (De Witt, IL)","De Witt County, IL",Illinois,"1 (Tract 12, McLean, IL)","12 (McLean, IL)","McLean County, IL",Illinois,8.6,15.129749196141479,19,UIUC1,"3.01 (Champaign, IL)",1900-01-01 20:40:36.000000000,20,5.92,Chicago3_mdw,"9801 (Cook, IL)",8.999230188679245,70,84.52,10,124.12897938482072,135,3.0,77.1,0,1,0
356336777587293339,"4 (Tract 57.01, Champaign, IL)","57.01 (Champaign, IL)","Champaign County, IL",Illinois,"1 (Tract 9801, Cook, IL)","9801 (Cook, IL)","Cook County, IL",Illinois,private_auto,region_departure,shop,1900-01-01 08:56:00,1900-01-01 11:15:26,139,134.8,unknown_vehicle_type,other_non_bev,,,,mixed_use,retail,transportation_utilities,transportation_utilities,14488250568163285065,7535604606362197563,52.0,male,white_not_hispanic_or_latino,employed,in_person,105845.0,private_auto,2.0,171107.0,two,core,naics56,single_family,not_attending_school,high_school,owner,english,"2 (Tract 105, Champaign, IL)","105 (Champaign, IL)","Champaign County, IL",Illinois,"5 (Tract 10, Champaign, IL)","10 (Champaign, IL)","Champaign County, IL",Illinois,7.166666666666667,11.733357664233576,8,UIUC1,"3.01 (Champaign, IL)",1900-01-01 10:23:10.000000002,10,5.180851063829787,Chicago3_mdw,"9801 (Cook, IL)",8.688787635487756,70,82.34751773049646,10,120.42214529972134,139,3.0,80.88000000000001,0,1,0
7289009970436120145,"5 (Tract 12.01, Champaign, IL)","12.01 (Champaign, IL)","Champaign County, IL",Illinois,"1 (Tract 9801, Cook, IL)","9801 (Cook, IL)","Cook County, IL",Illinois,auto_passenger,region_departure,work,1900-01-01 14:15:00,1900-01-01 16:29:08,134,134.1,unknown_vehicle_type,unknown_fuel_type,,,,retail,retail,transportation_utilities,transportation_utilities,383891493520197593,11887722678615690483,38.0,female,asian_not_hispanic_or_latino,employed,in_person,70346.0,auto_passenger,4.0,195747.0,two,core,naics48_49,single_family,not_attending_school,some_college,owner,english,"2 (Tract 106.01, Champaign, IL)","106.01 (Champaign, IL)","Champaign County, IL",Illinois,"5 (Tract 12.01, Champaign, IL)","12.01 (Champaign, IL)","Champaign County, IL",Illinois,7.388888888888889,12.409426048565122,14,UIUC1,"3.01 (Champaign, IL)",1900-01-01 15:42:23.333333334,15,5.063291139240507,Chicago3_mdw,"9801 (Cook, IL)",8.639412467160257,70,82.45218002812939,10,121.04883851572538,134,3.0,80.46,0,1,0
16336978980209579583,"2 (Tract 14, Champaign, IL)","14 (Champaign, IL)","Champaign County, IL",Illinois,"1 (Tract 9801, Cook, IL)","9801 (Cook, IL)","Cook County, IL",Illinois,private_auto,region_departure,work,1900-01-01 18:57:00,1900-01-01 21:13:48,136,127.5,unknown_vehicle_type,other_non_bev,,,,education,education,transportation_utilities,transportation_utilities,4426232909236293481,8249218985825628460,38.0,female,white_not_hispanic_or_latino,employed,in_person,68854.0,private_auto,4.0,68854.0,one,core,naics62,single_family,not_attending_school,bachelors_degree,owner,english,"2 (Tract 106.03, Champaign, IL)","106.03 (Champaign, IL)","Champaign County, IL",Illinois,"2 (Tract 14, Champaign, IL)","14 (Champaign, IL)","Champaign County, IL",Illinois,3.43609022556391,7.619811691390638,18,UIUC1,"3.01 (Champaign, IL)",1900-01-01 20:20:26.165413536,20,5.92,Chicago3_mdw,"9801 (Cook, IL)",8.999230188679245,70,79.35609022556392,10,116.61904188006989,136,3.0,76.5,0,1,0
10726194419659934809,"1 (Tract 8, Champaign, IL)","8 (Champaign, IL)","Champaign County, IL",Illinois,"1 (Tract 9801, Cook, IL)","9801 (Cook, IL)","Cook County, IL",Illinois,private_auto,region_departure,eat,1900-01-01 12:33:00,1900-01-01 14:43:03,130,129.8,unknown_vehicle_type,other_non_bev,,,,retail,retail,transportation_utilities,transportation_utilities,9753153204025057264,2867893747624207637,45.0,female,white_not_hispanic_or_latino,employed,in_person,79538.0,private_auto,5.0,141269.0,two,core,naics61,single_family,not_attending_school,advanced_degree,owner,english,"2 (Tract 106.03, Champaign, IL)","106.03 (Champaign, IL)","Champaign County, IL",Illinois,"2 (Tract 14, Champaign, IL)","14 (Champaign, IL)","Champaign County, IL",Illinois,7.551724137931035,12.383950286340928,12,UIUC1,"3.01 (Champaign, IL)",1900-01-01 14:00:33.103448273,14,5.041322314049586,Chicago3_mdw,"9801 (Cook, IL)",8.63018556058007,70,82.59304645198061,10,121.01413584692101,130,3.0,77.88000000000001,0,1,0
14069540252109010098,"1 (Tract 110.02, Champaign, IL)","110.02 (Champaign, IL)","Champaign County, IL",Illinois,"4 (Tract 7501, Cook, IL)","7501 (Cook, IL)","Cook County, IL",Illinois,private_auto,social,social,1900-01-01 15:43:00,1900-01-01 17:38:04,115,120.3,unknown_vehicle_type,other_non_bev,,,,single_family,single_family,multi_family,multi_family,14171609572984976207,1271004846951143359,58.0,female,white_not_hispanic_or_latino,employed,in_person,48308.0,private_auto,4.0,206277.0,three_plus,core,naics61,single_family,not_attending_school,advanced_degree,owner,english,"2 (Tract 106.04, Champaign, IL)","106.04 (Champaign, IL)","Champaign County, IL",Illinois,"2 (Tract 60, Champaign, IL)","60 (Champaign, IL)","Champaign County, IL",Illinois,2.2285714285714286,6.365064039408868,15,UIUC1,"3.01 (Champaign, IL)",1900-01-01 17:05:13.714285716,17,25.285714285714285,Chicago3_mdw,"9801 (Cook, IL)",33.13970149253731,70,97.5142857142857,10,139.5047655319462,115,3.0,72.17999999999999,0,1,0
11393201791772595683,"1 (Tract 111, Champaign, IL)","111 (Champaign, IL)","Champaign County, IL",Illinois,"1 (Tract 9801, Cook, IL)","9801 (Cook, IL)","Cook County, IL",Illinois,private_auto,region_departure,recreation,1900-01-01 15:05:00,1900-01-01 17:20:26,135,132.7,unknown_vehicle_type,other_non_bev,,,,non_retail_attraction,non_retail_attraction,transportation_utilities,transportation_utilities,819716303735512347,18356817229176138109,31.0,female,white_not_hispanic_or_latino,employed,in_person,94971.0,private_auto,2.0,189942.0,three_plus,core,naics23,single_family,not_attending_school,high_school,owner,english,"2 (Tract 106.04, Champaign, IL)","106.04 (Champaign, IL)","Champaign County, IL",Illinois,"1 (Tract 57.02, Champaign, IL)","57.02 (Champaign, IL)","Champaign County, IL",Illinois,2.823529411764706,7.041960784313726,15,UIUC1,"3.01 (Champaign, IL)",1900-01-01 16:27:49.411764708,16,4.228070175438597,Chicago3_mdw,"9801 (Cook, IL)",8.288619662363455,70,77.05159958720331,10,115.33058044667719,135,3.0,79.61999999999999,0,1,0
9939265487348901461,"3 (Tract 8, Champaign, IL)","8 (Champaign, IL)","Champaign County, IL",Illinois,"1 (Tract 9801, Cook, IL)","9801 (Cook, IL)","Cook County, IL",Illinois,private_auto,region_departure,shop,1900-01-01 18:24:00,1900-01-01 20:33:35,129,124.5,unknown_vehicle_type,other_non_bev,,,,office,office,transportation_utilities,transportation_utilities,18178139666309592311,3074950173298882556,61.0,female,white_not_hispanic_or_latino,employed,in_person,43412.0,private_auto,4.0,439549.0,two,core,naics811111,single_family,not_attending_school,some_college,owner,english,"2 (Tract 106.04, Champaign, IL)","106.04 (Champaign, IL)","Champaign County, IL",Illinois,"1 (Tract 13.01, Champaign, IL)","13.01 (Champaign, IL)","Champaign County, IL",Illinois,7.183098591549296,12.229127556860599,18,UIUC1,"3.01 (Champaign, IL)",1900-01-01 19:51:10.985915490,19,5.05,Chicago3_mdw,"9801 (Cook, IL)",8.633830188679244,70,82.2330985915493,10,120.86295774553984,129,3.0,74.7,1,0,0
8268796866055692028,"3 (Tract 54.01, Champaign, IL)","54.01 (Champaign, IL)","Champaign County, IL",Illinois,"1 (Tract 9801, Cook, IL)","9801 (Cook, IL)","Cook County, IL",Illinois,private_auto,region_departure,work,1900-01-01 10:36:00,1900-01-01 12:52:50,136,131.6,unknown_vehicle_type,other_non_bev,,,,office,office,transportation_utilities,transportation_utilities,1854824953821790066,1065873017927740759,36.0,male,white_not_hispanic_or_latino,employed,in_person,50424.0,private_auto,3.0,164024.0,three_plus,core,naics541940,single_family,not_attending_school,some_college,owner,english,"2 (Tract 106.04, Champaign, IL)","106.04 (Champaign, IL)","Champaign County, IL",Illinois,"3 (Tract 54.01, Champaign, IL)","54.01 (Champaign, IL)","Champaign County, IL",Illinois,5.333333333333333,10.187904191616767,10,UIUC1,"3.01 (Champaign, IL)",1900-01-01 12:01:19.999999998,12,5.0608108108108105,Chicago3_mdw,"9801 (Cook, IL)",8.638370729219785,70,80.39414414414414,10,118.82627492083655,136,3.0,78.96,0,1,0
6103348748366879066,"1 (Tract 13.02, Champaign, IL)","13.02 (Champaign, IL)","Champaign County, IL",Illinois,"1 (Tract 9801, Cook, IL)","9801 (Cook, IL)","Cook County, IL",Illinois,private_auto,region_departure,shop,1900-01-01 18:59:00,1900-01-01 21:23:51,144,130.7,unknown_vehicle_type,other_non_bev,,,,retail,retail,transportation_utilities,transportation_utilities,2910058993420177303,7129902932381468023,43.0,male,white_not_hispanic_or_latino,employed,in_person,104326.0,private_auto,4.0,194743.0,three_plus,core,naics622110,single_family,not_attending_school,bachelors_degree,owner,english,"2 (Tract 107.01, Champaign, IL)","107.01 (Champaign, IL)","Champaign County, IL",Illinois,"1 (Tract 53, Champaign, IL)","53 (Champaign, IL)","Champaign County, IL",Illinois,7.555555555555555,13.1580162601626,18,UIUC1,"3.01 (Champaign, IL)",1900-01-01 20:26:33.333333336,20,5.92,Chicago3_mdw,"9801 (Cook, IL)",8.999230188679245,70,83.47555555555556,10,122.15724644884185,144,3.0,78.41999999999999,0,1,0
11634962668299205716,"1 (Tract 13.02, Champaign, IL)","13.02 (Champaign, IL)","Champaign County, IL",Illinois,"1 (Tract 9801, Cook, IL)","9801 (Cook, IL)","Cook County, IL",Illinois,auto_passenger,region_departure,shop,1900-01-01 19:13:00,1900-01-01 21:29:05,136,136.5,unknown_vehicle_type,unknown_fuel_type,,,,office,office,transportation_utilities,transportation_utilities,11341789902721388131,6331840806362345699,53.0,male,white_not_hispanic_or_latino,employed,in_person,132537.0,private_auto,3.0,197786.0,three_plus,core,naics517312,single_family,not_attending_school,some_college,owner,english,"2 (Tract 107.01, Champaign, IL)","107.01 (Champaign, IL)","Champaign County, IL",Illinois,"1 (Tract 8, Champaign, IL)","8 (Champaign, IL)","Champaign County, IL",Illinois,8.0,13.344682926829268,19,UIUC1,"3.01 (Champaign, IL)",1900-01-01 20:41:00.000000000,20,5.92,Chicago3_mdw,"9801 (Cook, IL)",8.999230188679245,70,83.92,10,122.34391311550851,136,3.0,81.89999999999999,0,1,0
10450817480864733416,"1 (Tract 8, Champaign, IL)","8 (Champaign, IL)","Champaign County, IL",Illinois,"1 (Tract 9801, Cook, IL)","9801 (Cook, IL)","Cook County, IL",Illinois,private_auto,region_departure,shop,1900-01-01 17:36:00,1900-01-01 19:54:15,138,126.8,unknown_vehicle_type,other_non_bev,,,,office,office,transportation_utilities,transportation_utilities,4106765452866844522,1545024751311790007,35.0,female,white_not_hispanic_or_latino,employed,in_person,88098.0,private_auto,5.0,169241.0,three_plus,core,naics62,single_family,not_attending_school,advanced_degree,owner,english,"2 (Tract 108, Champaign, IL)","108 (Champaign, IL)","Champaign County, IL",Illinois,"5 (Tract 12.01, Champaign, IL)","12.01 (Champaign, IL)","Champaign County, IL",Illinois,7.0,12.152226148409895,17,UIUC1,"3.01 (Champaign, IL)",1900-01-01 19:03:00.000000000,19,5.05,Chicago3_mdw,"9801 (Cook, IL)",8.633830188679244,70,82.05,10,120.78605633708914,138,3.0,76.08,0,1,0
9442491589998338687,"1 (Tract 12.01, Champaign, IL)","12.01 (Champaign, IL)","Champaign County, IL",Illinois,"2 (Tract 6605, Cook, IL)","6605 (Cook, IL)","Cook County, IL",Illinois,private_auto,social,shop,1900-01-01 09:56:00,1900-01-01 12:06:09,130,133.9,unknown_vehicle_type,other_non_bev,,,,retail,retail,multi_family,multi_family,137020002056449117,17443992139494357266,36.0,male,white_not_hispanic_or_latino,employed,in_person,94971.0,auto_passenger,2.0,189942.0,three_plus,core,naics23,single_family,not_attending_school,high_school,owner,english,"2 (Tract 109.01, Champaign, IL)","109.01 (Champaign, IL)","Champaign County, IL",Illinois,"7 (Tract 109.01, Champaign, IL)","109.01 (Champaign, IL)","Champaign County, IL",Illinois,7.72,12.548492715231788,9,UIUC1,"3.01 (Champaign, IL)",1900-01-01 11:23:43.200000000,11,7.875,Chicago3_mdw,"9801 (Cook, IL)",13.006491596638657,70,85.595,10,125.55498431187044,130,3.0,80.34,0,1,0
2845385659109171277,"1 (Tract 59.02, Champaign, IL)","59.02 (Champaign, IL)","Champaign County, IL",Illinois,"2 (Tract 7503, Cook, IL)","7503 (Cook, IL)","Cook County, IL",Illinois,private_auto,shop,shop,1900-01-01 09:22:00,1900-01-01 11:19:44,117,121.8,unknown_vehicle_type,other_non_bev,,,,retail,retail,retail,retail,10263199083378178512,16396377388205816763,49.0,male,white_not_hispanic_or_latino,employed,in_person,72462.0,private_auto,4.0,83440.0,three_plus,core,naics45,single_family,not_attending_school,high_school,owner,english,"2 (Tract 12, Vermilion, IL)","12 (Vermilion, IL)","Vermilion County, IL",Illinois,"1 (Tract 8, Champaign, IL)","8 (Champaign, IL)","Champaign County, IL",Illinois,1.8484848484848484,6.026139809648836,9,UIUC1,"3.01 (Champaign, IL)",1900-01-01 10:43:50.909090910,10,23.0,Chicago3_mdw,"9801 (Cook, IL)",30.57333333333333,70,94.84848484848484,10,136.59947314298216,117,3.0,73.08,0,1,0
7692067785372352088,"1 (Tract 4.01, Champaign, IL)","4.01 (Champaign, IL)","Champaign County, IL",Illinois,"1 (Tract 9801, Cook, IL)","9801 (Cook, IL)","Cook County, IL",Illinois,private_auto,region_departure,work,1900-01-01 17:30:00,1900-01-01 19:46:42,136,126.7,unknown_vehicle_type,other_non_bev,,,,education,education,transportation_utilities,transportation_utilities,17312899597050529441,17377480892873089687,34.0,female,white_not_hispanic_or_latino,employed,in_person,70545.0,private_auto,4.0,119383.0,two,core,naics61,single_family,graduate,bachelors_degree,owner,english,"2 (Tract 12.03, Champaign, IL)","12.03 (Champaign, IL)","Champaign County, IL",Illinois,"3 (Tract 108, Champaign, IL)","108 (Champaign, IL)","Champaign County, IL",Illinois,1.6833333333333331,5.409834138486312,17,UIUC1,"3.01 (Champaign, IL)",1900-01-01 18:51:40.999999998,18,4.653846153846154,Chicago3_mdw,"9801 (Cook, IL)",8.46744557329463,70,76.3371794871795,10,113.87727971178094,136,3.0,76.02,0,1,0
15464849312973974634,"1 (Tract 4.01, Champaign, IL)","4.01 (Champaign, IL)","Champaign County, IL",Illinois,"1 (Tract 9801, Cook, IL)","9801 (Cook, IL)","Cook County, IL",Illinois,auto_passenger,region_departure,work,1900-01-01 11:22:00,1900-01-01 13:39:55,137,130.4,unknown_vehicle_type,unknown_fuel_type,,,,education,education,transportation_utilities,transportation_utilities,10865174874156374438,11753902200851060111,45.0,female,white_not_hispanic_or_latino,employed,in_person,58169.0,private_auto,4.0,87848.0,three_plus,core,naics621111,single_family,not_attending_school,some_college,owner,english,"2 (Tract 12.03, Champaign, IL)","12.03 (Champaign, IL)","Champaign County, IL",Illinois,"1 (Tract 4.01, Champaign, IL)","4.01 (Champaign, IL)","Champaign County, IL",Illinois,1.5614035087719298,5.358623612170523,11,UIUC1,"3.01 (Champaign, IL)",1900-01-01 12:43:33.684210528,12,5.0608108108108105,Chicago3_mdw,"9801 (Cook, IL)",8.638370729219785,70,76.62221431958274,10,113.9969943413903,137,3.0,78.24,0,1,0
10658402406783582262,"2 (Tract 12.03, Champaign, IL)","12.03 (Champaign, IL)","Champaign County, IL",Illinois,"2 (Tract 6303, Cook, IL)","6303 (Cook, IL)","Cook County, IL",Illinois,private_auto,recreation,home,1900-01-01 06:56:00,1900-01-01 09:18:42,142,129.9,unknown_vehicle_type,other_non_bev,,,,single_family,single_family,mixed_use,non_retail_attraction,11126003599999440371,12204604307206983976,48.0,female,white_not_hispanic_or_latino,employed,in_person,61955.0,private_auto,2.0,91423.0,two,core,naics611691,single_family,not_attending_school,high_school,owner,english,"2 (Tract 12.03, Champaign, IL)","12.03 (Champaign, IL)","Champaign County, IL",Illinois,"1 (Tract 13.01, Champaign, IL)","13.01 (Champaign, IL)","Champaign County, IL",Illinois,9.0,14.414656488549618,6,UIUC1,"3.01 (Champaign, IL)",1900-01-01 08:25:00.000000000,8,7.0,Chicago3_mdw,"9801 (Cook, IL)",11.49,70,86.0,10,125.9046564885496,142,3.0,77.94,0,1,0
11043065205721475715,"1 (Tract 12.01, Champaign, IL)","12.01 (Champaign, IL)","Champaign County, IL",Illinois,"1 (Tract 2212, Cook, IL)","2212 (Cook, IL)","Cook County, IL",Illinois,private_auto,other_activity_type,recreation,1900-01-01 13:59:00,1900-01-01 16:44:01,165,137.9,unknown_vehicle_type,other_non_bev,,,,open_space,open_space,education,education,5120867857919098942,11417589859298978636,24.0,male,black_not_hispanic_or_latino,employed,in_person,96616.0,private_auto,1.0,96616.0,one,core,naics31_33,mobile,not_attending_school,bachelors_degree,owner,english,"2 (Tract 12.05, Champaign, IL)","12.05 (Champaign, IL)","Champaign County, IL",Illinois,"2 (Tract 9524, Douglas, IL)","9524 (Douglas, IL)","Douglas County, IL",Illinois,7.166666666666667,12.31609271523179,13,UIUC1,"3.01 (Champaign, IL)",1900-01-01 15:26:10.000000002,15,20.0,Chicago3_mdw,"9801 (Cook, IL)",27.500000000000004,70,97.16666666666667,10,139.8160927152318,165,3.0,82.74,0,1,0
4106113706681231397,"1 (Tract 53, Champaign, IL)","53 (Champaign, IL)","Champaign County, IL",Illinois,"1 (Tract 9801, Cook, IL)","9801 (Cook, IL)","Cook County, IL",Illinois,private_auto,region_departure,eat,1900-01-01 21:06:00,1900-01-01 23:17:34,131,132.3,unknown_vehicle_type,other_non_bev,,,,retail,retail,transportation_utilities,transportation_utilities,1137469331865289496,9501505588939789430,57.0,male,white_not_hispanic_or_latino,employed,in_person,244194.0,private_auto,2.0,379857.0,two,core,naics53,single_family,not_attending_school,bachelors_degree,owner,english,"2 (Tract 13.02, Champaign, IL)","13.02 (Champaign, IL)","Champaign County, IL",Illinois,"5 (Tract 12.01, Champaign, IL)","12.01 (Champaign, IL)","Champaign County, IL",Illinois,3.2142857142857144,7.895167958656331,21,UIUC1,"3.01 (Champaign, IL)",1900-01-01 22:29:12.857142858,22,3.333333333333333,Chicago3_mdw,"9801 (Cook, IL)",7.912830188679245,70,76.54761904761904,10,115.80799814733558,131,3.0,79.38000000000001,0,0,1
11797775027859556347,"2 (Tract 14, Champaign, IL)","14 (Champaign, IL)","Champaign County, IL",Illinois,"1 (Tract 9801, Cook, IL)","9801 (Cook, IL)","Cook County, IL",Illinois,private_auto,region_departure,work,1900-01-01 22:38:00,1900-01-01 00:50:57,132,132.8,unknown_vehicle_type,other_non_bev,,,,education,education,transportation_utilities,transportation_utilities,1573799283890130594,7308124705677384647,22.0,female,white_not_hispanic_or_latino,employed,in_person,15292.0,private_auto,8.0,74017.0,one,core,naics81,multiple_units,not_attending_school,some_college,renter,indo_european,"2 (Tract 3.01, Champaign, IL)","3.01 (Champaign, IL)","Champaign County, IL",Illinois,"1 (Tract 9.01, Champaign, IL)","9.01 (Champaign, IL)","Champaign County, IL",Illinois,2.435897435897436,7.199730719730719,22,UIUC1,"3.01 (Champaign, IL)",1900-01-02 00:00:26.153846154,0,3.0,Chicago3_mdw,"9801 (Cook, IL)",7.7728301886792455,70,75.43589743589743,10,114.97256090840997,132,3.0,79.68,1,0,0
9300200354964622853,"1 (Tract 59.02, Champaign, IL)","59.02 (Champaign, IL)","Champaign County, IL",Illinois,"1 (Tract 9801, Cook, IL)","9801 (Cook, IL)","Cook County, IL",Illinois,private_auto,region_departure,work,1900-01-01 23:37:00,1900-01-01 01:48:50,131,132.4,unknown_vehicle_type,other_non_bev,,,,education,education,transportation_utilities,transportation_utilities,9527147642605621958,15524708077555938555,54.0,female,white_not_hispanic_or_latino,employed,in_person,134465.0,private_auto,4.0,165647.0,three_plus,core,naics62,single_family,not_attending_school,advanced_degree,renter,english,"2 (Tract 5, Champaign, IL)","5 (Champaign, IL)","Champaign County, IL",Illinois,"1 (Tract 59.02, Champaign, IL)","59.02 (Champaign, IL)","Champaign County, IL",Illinois,2.769230769230769,6.412853096362122,23,UIUC1,"3.01 (Champaign, IL)",1900-01-02 00:59:46.153846152,0,3.0,Chicago3_mdw,"9801 (Cook, IL)",7.7728301886792455,70,75.76923076923077,10,114.18568328504138,131,3.0,79.44,0,1,0
11995726110013604642,"1 (Tract 56.02, Champaign, IL)","56.02 (Champaign, IL)","Champaign County, IL",Illinois,"1 (Tract 9801, Cook, IL)","9801 (Cook, IL)","Cook County, IL",Illinois,private_auto,region_departure,shop,1900-01-01 19:04:00,1900-01-01 21:31:34,147,132.2,unknown_vehicle_type,other_non_bev,,,,retail,retail,transportation_utilities,transportation_utilities,9625898199301389542,341213942266516382,74.0,female,white_not_hispanic_or_latino,employed,in_person,67873.0,private_auto,2.0,158210.0,two,core,naics522110,single_family,not_attending_school,advanced_degree,owner,english,"2 (Tract 54.02, Champaign, IL)","54.02 (Champaign, IL)","Champaign County, IL",Illinois,"1 (Tract 56.02, Champaign, IL)","56.02 (Champaign, IL)","Champaign County, IL",Illinois,8.0,13.862748091603054,19,UIUC1,"3.01 (Champaign, IL)",1900-01-01 20:32:00.000000000,20,5.92,Chicago3_mdw,"9801 (Cook, IL)",8.999230188679245,70,83.92,10,122.8619782802823,147,3.0,79.32,0,1,0
2874022425726653801,"1 (Tract 59.02, Champaign, IL)","59.02 (Champaign, IL)","Champaign County, IL",Illinois,"1 (Tract 9801, Cook, IL)","9801 (Cook, IL)","Cook County, IL",Illinois,private_auto,region_departure,eat,1900-01-01 12:25:00,1900-01-01 14:44:27,139,126.8,unknown_vehicle_type,other_non_bev,,,,retail,retail,transportation_utilities,transportation_utilities,16610989904785545140,10303974094864226844,58.0,female,white_not_hispanic_or_latino,employed,in_person,106882.0,private_auto,2.0,268715.0,two,core,naics62,single_family,not_attending_school,advanced_degree,owner,indo_european,"2 (Tract 55, Champaign, IL)","55 (Champaign, IL)","Champaign County, IL",Illinois,"2 (Tract 60, Champaign, IL)","60 (Champaign, IL)","Champaign County, IL",Illinois,2.218390804597701,6.181500311216234,12,UIUC1,"3.01 (Champaign, IL)",1900-01-01 13:47:13.103448276,13,5.015151515151516,Chicago3_mdw,"9801 (Cook, IL)",8.619193825042881,70,77.23354231974922,10,114.80069413625912,139,3.0,76.08,0,1,0
12921167369316414825,"2 (Tract 57.01, Champaign, IL)","57.01 (Champaign, IL)","Champaign County, IL",Illinois,"1 (Tract 9801, Cook, IL)","9801 (Cook, IL)","Cook County, IL",Illinois,private_auto,other_activity_type,home,1900-01-01 14:18:00,1900-01-01 16:40:42,142,128.1,unknown_vehicle_type,other_non_bev,,,,single_family,single_family,transportation_utilities,transportation_utilities,9525661036563280384,6222871411073447939,44.0,male,white_not_hispanic_or_latino,employed,in_person,6654.0,auto_passenger,4.0,73078.0,two,core,naics11,single_family,not_attending_school,some_college,owner,english,"2 (Tract 57.01, Champaign, IL)","57.01 (Champaign, IL)","Champaign County, IL",Illinois,"1 (Tract 106.04, Champaign, IL)","106.04 (Champaign, IL)","Champaign County, IL",Illinois,6.857142857142857,11.603357664233577,14,UIUC1,"3.01 (Champaign, IL)",1900-01-01 15:44:51.428571426,15,5.063291139240507,Chicago3_mdw,"9801 (Cook, IL)",8.639412467160257,70,81.92043399638337,10,120.24277013139384,142,3.0,76.86,1,0,0
8273150208149037490,"2 (Tract 57.01, Champaign, IL)","57.01 (Champaign, IL)","Champaign County, IL",Illinois,"1 (Tract 9801, Cook, IL)","9801 (Cook, IL)","Cook County, IL",Illinois,private_auto,region_departure,home,1900-01-01 18:13:00,1900-01-01 20:34:19,141,129.2,unknown_vehicle_type,other_non_bev,,,,single_family,single_family,transportation_utilities,transportation_utilities,4668820910651817211,13132610604412447675,62.0,female,white_not_hispanic_or_latino,employed,in_person,34555.0,private_auto,4.0,207633.0,three_plus,core,naics61,single_family,not_attending_school,some_college,owner,english,"2 (Tract 57.01, Champaign, IL)","57.01 (Champaign, IL)","Champaign County, IL",Illinois,"1 (Tract 53, Champaign, IL)","53 (Champaign, IL)","Champaign County, IL",Illinois,6.652173913043479,11.517270707711837,18,UIUC1,"3.01 (Champaign, IL)",1900-01-01 19:39:39.130434780,19,5.05,Chicago3_mdw,"9801 (Cook, IL)",8.633830188679244,70,81.70217391304348,10,120.15110089639109,141,3.0,77.52,1,0,0
1371159462580436026,"1 (Tract 111, Champaign, IL)","111 (Champaign, IL)","Champaign County, IL",Illinois,"1 (Tract 9801, Cook, IL)","9801 (Cook, IL)","Cook County, IL",Illinois,private_auto,region_departure,eat,1900-01-01 19:38:00,1900-01-01 21:53:49,135,127.4,unknown_vehicle_type,other_non_bev,,,,retail,retail,transportation_utilities,transportation_utilities,12682775809923878822,4948976162261352854,20.0,female,black_not_hispanic_or_latino,employed,in_person,10806.0,private_auto,1.0,10806.0,one,core,naics72,multiple_units,undergraduate,some_college,renter,english,"2 (Tract 59.02, Champaign, IL)","59.02 (Champaign, IL)","Champaign County, IL",Illinois,"1 (Tract 59.01, Champaign, IL)","59.01 (Champaign, IL)","Champaign County, IL",Illinois,2.111111111111111,6.742745098039216,19,UIUC1,"3.01 (Champaign, IL)",1900-01-01 21:00:06.666666666,21,4.333333333333333,Chicago3_mdw,"9801 (Cook, IL)",8.332830188679244,70,76.44444444444444,10,115.07557528671846,135,3.0,76.44,1,0,0
7696459736246502689,"4 (Tract 5, Champaign, IL)","5 (Champaign, IL)","Champaign County, IL",Illinois,"2 (Tract 6607, Cook, IL)","6607 (Cook, IL)","Cook County, IL",Illinois,auto_passenger,home,eat,1900-01-01 21:38:18,1900-01-01 23:45:27,127,127.9,unknown_vehicle_type,unknown_fuel_type,,,,retail,retail,single_family,single_family,3925177572105050935,12771585535285551336,42.0,male,hispanic_or_latino_origin,employed,in_person,1019.0,private_auto,4.0,7442.0,one,core,naics52,single_family,undergraduate,bachelors_degree,owner,spanish,"2 (Tract 6607, Cook, IL)","6607 (Cook, IL)","Cook County, IL",Illinois,"1 (Tract 816, Cook, IL)","816 (Cook, IL)","Cook County, IL",Illinois,2.8181818181818183,6.973144560357675,21,UIUC1,"3.01 (Champaign, IL)",1900-01-01 23:01:07.090909092,23,9.0,Chicago3_mdw,"9801 (Cook, IL)",13.493333333333332,70,81.81818181818181,10,120.466477893691,127,3.0,76.74,1,0,0
4491982312120999658,"2 (Tract 14, Champaign, IL)","14 (Champaign, IL)","Champaign County, IL",Illinois,"2 (Tract 6608, Cook, IL)","6608 (Cook, IL)","Cook County, IL",Illinois,auto_passenger,home,recreation,1900-01-01 21:24:15,1900-01-01 23:31:46,127,128.0,unknown_vehicle_type,unknown_fuel_type,,,,non_retail_attraction,non_retail_attraction,multi_family,multi_family,8557952048432611532,12610359180142978148,23.0,female,black_not_hispanic_or_latino,employed,in_person,8309.0,public_transit,5.0,22140.0,zero,core,naics722511,multiple_units,not_attending_school,some_college,renter,english,"2 (Tract 6608, Cook, IL)","6608 (Cook, IL)","Cook County, IL",Illinois,"2 (Tract 814.03, Cook, IL)","814.03 (Cook, IL)","Cook County, IL",Illinois,2.7142857142857144,7.316653796653797,21,UIUC1,"3.01 (Champaign, IL)",1900-01-01 22:46:57.857142858,22,7.0,Chicago3_mdw,"9801 (Cook, IL)",12.952,70,79.71428571428571,10,120.2686537966538,127,3.0,76.8,1,0,0
5158779543029962891,"2 (Tract 14, Champaign, IL)","14 (Champaign, IL)","Champaign County, IL",Illinois,"2 (Tract 6609, Cook, IL)","6609 (Cook, IL)","Cook County, IL",Illinois,auto_passenger,home,social,1900-01-01 22:25:36,1900-01-01 00:32:45,127,127.8,unknown_vehicle_type,unknown_fuel_type,,,,retail,retail,single_family,single_family,2469397443639450082,10799566177428428236,68.0,female,black_not_hispanic_or_latino,employed,in_person,67072.0,private_auto,2.0,115910.0,one,core,naics5151,single_family,not_attending_school,bachelors_degree,renter,english,"2 (Tract 6609, Cook, IL)","6609 (Cook, IL)","Cook County, IL",Illinois,"1 (Tract 8391, Cook, IL)","8391 (Cook, IL)","Cook County, IL",Illinois,2.435897435897436,7.199730719730719,22,UIUC1,"3.01 (Champaign, IL)",1900-01-01 23:48:02.153846154,23,7.0,Chicago3_mdw,"9801 (Cook, IL)",12.911932773109243,70,79.43589743589743,10,120.11166349283997,127,3.0,76.67999999999999,0,1,0
14137634649544204876,"2 (Tract 14, Champaign, IL)","14 (Champaign, IL)","Champaign County, IL",Illinois,"2 (Tract 6610, Cook, IL)","6610 (Cook, IL)","Cook County, IL",Illinois,auto_passenger,home,other_activity_type,1900-01-01 17:31:57,1900-01-01 19:39:23,127,126.8,unknown_vehicle_type,unknown_fuel_type,,,,education,education,single_family,single_family,4739664980429814340,14644051304457450378,62.0,female,two_races_not_hispanic_or_latino,employed,in_person,179075.0,public_transit,2.0,382354.0,three_plus,core,naics5412,single_family,not_attending_school,bachelors_degree,owner,english,"2 (Tract 6610, Cook, IL)","6610 (Cook, IL)","Cook County, IL",Illinois,"1 (Tract 8391, Cook, IL)","8391 (Cook, IL)","Cook County, IL",Illinois,3.68,7.7222537966537965,17,UIUC1,"3.01 (Champaign, IL)",1900-01-01 18:55:37.800000000,18,15.0,Chicago3_mdw,"9801 (Cook, IL)",18.10736842105263,70,88.68,10,125.82962221770643,127,3.0,76.08,0,0,1
14225251081212892768,"2 (Tract 14, Champaign, IL)","14 (Champaign, IL)","Champaign County, IL",Illinois,"2 (Tract 6610, Cook, IL)","6610 (Cook, IL)","Cook County, IL",Illinois,auto_passenger,home,recreation,1900-01-01 21:11:55,1900-01-01 23:17:42,125,126.3,unknown_vehicle_type,unknown_fuel_type,,,,office,office,single_family,single_family,6472562715791444326,16155899681215437739,17.0,female,black_not_hispanic_or_latino,employed,in_person,8346.0,auto_passenger,5.0,45208.0,two,core,naics453110,single_family,school,k_12,owner,english,"2 (Tract 6610, Cook, IL)","6610 (Cook, IL)","Cook County, IL",Illinois,"3 (Tract 815, Cook, IL)","815 (Cook, IL)","Cook County, IL",Illinois,2.7142857142857144,7.316653796653797,21,UIUC1,"3.01 (Champaign, IL)",1900-01-01 22:34:37.857142858,22,11.0,Chicago3_mdw,"9801 (Cook, IL)",16.427368421052634,70,83.71428571428571,10,123.74402221770643,125,3.0,75.78,1,0,0
9728690553670544229,"4 (Tract 5, Champaign, IL)","5 (Champaign, IL)","Champaign County, IL",Illinois,"2 (Tract 6610, Cook, IL)","6610 (Cook, IL)","Cook County, IL",Illinois,auto_passenger,home,eat,1900-01-01 21:39:05,1900-01-01 23:44:50,125,126.3,unknown_vehicle_type,unknown_fuel_type,,,,retail,retail,single_family,single_family,3992065272719290851,12598376696165655281,40.0,female,hispanic_or_latino_origin,employed,in_person,61731.0,public_transit,5.0,288973.0,two,core,naics81,single_family,not_attending_school,some_college,owner,spanish,"2 (Tract 6610, Cook, IL)","6610 (Cook, IL)","Cook County, IL",Illinois,"1 (Tract 8391, Cook, IL)","8391 (Cook, IL)","Cook County, IL",Illinois,2.8181818181818183,6.973144560357675,21,UIUC1,"3.01 (Champaign, IL)",1900-01-01 23:01:54.090909092,23,11.0,Chicago3_mdw,"9801 (Cook, IL)",16.427368421052634,70,83.81818181818181,10,123.40051298141032,125,3.0,75.78,0,1,0
2639403359046481568,"1 (Tract 8, Champaign, IL)","8 (Champaign, IL)","Champaign County, IL",Illinois,"2 (Tract 6814, Cook, IL)","6814 (Cook, IL)","Cook County, IL",Illinois,auto_passenger,home,eat,1900-01-01 23:18:13,1900-01-01 01:18:23,120,126.5,unknown_vehicle_type,unknown_fuel_type,,,,retail,retail,multi_family,multi_family,10063336918379401462,9304158583487326744,35.0,male,black_not_hispanic_or_latino,employed,in_person,87678.0,public_transit,2.0,95834.0,zero,core,naics56,several_units,not_attending_school,k_12,renter,english,"2 (Tract 6814, Cook, IL)","6814 (Cook, IL)","Cook County, IL",Illinois,"1 (Tract 8437, Cook, IL)","8437 (Cook, IL)","Cook County, IL",Illinois,7.0,12.152226148409895,23,UIUC1,"3.01 (Champaign, IL)",1900-01-02 00:45:13.000000000,0,11.0,Chicago3_mdw,"9801 (Cook, IL)",18.76,70,88.0,10,130.9122261484099,120,3.0,75.89999999999999,0,1,0
4478207638731668452,"3 (Tract 8, Champaign, IL)","8 (Champaign, IL)","Champaign County, IL",Illinois,"2 (Tract 6903, Cook, IL)","6903 (Cook, IL)","Cook County, IL",Illinois,private_auto,home,eat,1900-01-01 22:01:42,1900-01-01 23:58:05,116,125.6,unknown_vehicle_type,other_non_bev,,,,retail,retail,single_family,single_family,16496812042089022140,15409518932573134002,39.0,male,black_not_hispanic_or_latino,employed,in_person,12077.0,public_transit,4.0,61714.0,one,core,naics31_33,single_family,not_attending_school,high_school,owner,indo_european,"2 (Tract 6903, Cook, IL)","6903 (Cook, IL)","Cook County, IL",Illinois,"2 (Tract 8133.02, Cook, IL)","8133.02 (Cook, IL)","Cook County, IL",Illinois,6.266666666666667,11.844226148409895,22,UIUC1,"3.01 (Champaign, IL)",1900-01-01 23:27:58.000000002,23,17.0,Chicago3_mdw,"9801 (Cook, IL)",24.0,70,93.26666666666667,10,135.8442261484099,116,3.0,75.36,1,0,0
12617793177872659887,"2 (Tract 59.02, Champaign, IL)","59.02 (Champaign, IL)","Champaign County, IL",Illinois,"2 (Tract 7207, Cook, IL)","7207 (Cook, IL)","Cook County, IL",Illinois,auto_passenger,home,other_activity_type,1900-01-01 13:51:00,1900-01-01 15:48:57,117,122.1,unknown_vehicle_type,unknown_fuel_type,,,,education,education,mixed_use,multi_family,4840279309284939507,11337262792378224616,24.0,male,black_not_hispanic_or_latino,employed,in_person,26047.0,private_auto,3.0,78142.0,two,core,naics441320,several_units,not_attending_school,some_college,owner,english,"2 (Tract 7207, Cook, IL)","7207 (Cook, IL)","Cook County, IL",Illinois,"1 (Tract 2104, Cook, IL)","2104 (Cook, IL)","Cook County, IL",Illinois,2.3738317757009346,6.246785519079592,13,UIUC1,"3.01 (Champaign, IL)",1900-01-01 15:13:22.429906542,15,25.0,Chicago3_mdw,"9801 (Cook, IL)",30.976,70,97.37383177570094,10,137.2227855190796,117,3.0,73.25999999999999,1,0,0
4380226327160476996,"1 (Tract 4.01, Champaign, IL)","4.01 (Champaign, IL)","Champaign County, IL",Illinois,"2 (Tract 7207, Cook, IL)","7207 (Cook, IL)","Cook County, IL",Illinois,auto_passenger,home,shop,1900-01-01 16:28:58,1900-01-01 18:26:47,117,121.7,unknown_vehicle_type,unknown_fuel_type,,,,retail,retail,single_family,single_family,8162835882636119086,16469801356065987168,26.0,male,hispanic_or_latino_origin,employed,in_person,28985.0,private_auto,6.0,225962.0,three_plus,core,naics31_33,single_family,not_attending_school,some_college,owner,spanish,"2 (Tract 7207, Cook, IL)","7207 (Cook, IL)","Cook County, IL",Illinois,"1 (Tract 8026.05, Cook, IL)","8026.05 (Cook, IL)","Cook County, IL",Illinois,1.4460431654676258,5.310172267982716,16,UIUC1,"3.01 (Champaign, IL)",1900-01-01 17:50:24.762589930,17,25.333333333333336,Chicago3_mdw,"9801 (Cook, IL)",31.116,70,96.77937649880096,10,136.42617226798274,117,3.0,73.02,1,0,0
16610950626529704320,"5 (Tract 58, Champaign, IL)","58 (Champaign, IL)","Champaign County, IL",Illinois,"2 (Tract 4805, Cook, IL)","4805 (Cook, IL)","Cook County, IL",Illinois,auto_passenger,social,work,1900-01-01 14:56:00,1900-01-01 17:05:01,129,130.7,unknown_vehicle_type,unknown_fuel_type,,,,education,education,multi_family,multi_family,7270437046490779442,1838483129776815395,58.0,female,white_not_hispanic_or_latino,employed,in_person,24154.0,auto_passenger,3.0,114732.0,three_plus,core,naics62,single_family,not_attending_school,bachelors_degree,owner,english,"2 (Tract 9521, Douglas, IL)","9521 (Douglas, IL)","Douglas County, IL",Illinois,"5 (Tract 58, Champaign, IL)","58 (Champaign, IL)","Champaign County, IL",Illinois,3.4482758620689653,7.600805982550894,14,UIUC1,"3.01 (Champaign, IL)",1900-01-01 16:19:26.896551726,16,24.0,Chicago3_mdw,"9801 (Cook, IL)",36.78,70,97.44827586206897,10,144.3808059825509,129,3.0,78.41999999999999,1,0,0
13490726829055245625,"3 (Tract 8, Champaign, IL)","8 (Champaign, IL)","Champaign County, IL",Illinois,"1 (Tract 9801, Cook, IL)","9801 (Cook, IL)","Cook County, IL",Illinois,private_auto,region_departure,recreation,1900-01-01 21:19:00,1900-01-01 23:25:18,126,129.9,unknown_vehicle_type,other_non_bev,,,,mixed_use,non_retail_attraction,transportation_utilities,transportation_utilities,3389033702508281888,12531101435610537005,42.0,female,white_not_hispanic_or_latino,employed,in_person,103167.0,private_auto,2.0,149534.0,two,core,naics54,single_family,not_attending_school,advanced_degree,owner,english,"2 (Tract 9545, Piatt, IL)","9545 (Piatt, IL)","Piatt County, IL",Illinois,"1 (Tract 9714, De Witt, IL)","9714 (De Witt, IL)","De Witt County, IL",Illinois,6.090909090909091,11.770407966591712,21,UIUC1,"3.01 (Champaign, IL)",1900-01-01 22:45:05.454545454,22,3.333333333333333,Chicago3_mdw,"9801 (Cook, IL)",7.912830188679245,70,79.42424242424242,10,119.68323815527096,126,3.0,77.94,0,1,0
2611655159998530780,"1 (Tract 3.02, Champaign, IL)","3.02 (Champaign, IL)","Champaign County, IL",Illinois,"2 (Tract 5703, Cook, IL)","5703 (Cook, IL)","Cook County, IL",Illinois,private_auto,recreation,shop,1900-01-01 16:54:42,1900-01-01 19:11:42,137,126.8,unknown_vehicle_type,other_non_bev,,,,retail,retail,civic_institutional,civic_institutional,9790835409218333076,13776327676394841036,54.0,female,white_not_hispanic_or_latino,employed,in_person,39371.0,private_auto,3.0,103863.0,three_plus,core,naics54,single_family,not_attending_school,some_college,owner,english,"2 (Tract 9545, Piatt, IL)","9545 (Piatt, IL)","Piatt County, IL",Illinois,"2 (Tract 12.05, Champaign, IL)","12.05 (Champaign, IL)","Champaign County, IL",Illinois,1.206896551724138,5.181747500233623,16,UIUC1,"3.01 (Champaign, IL)",1900-01-01 18:15:54.413793102,18,5.833333333333333,Chicago3_mdw,"9801 (Cook, IL)",9.668260869565218,70,77.04022988505747,10,114.85000836979884,137,3.0,76.08,1,0,0
18331568160781824411,"1 (Tract 3.02, Champaign, IL)","3.02 (Champaign, IL)","Champaign County, IL",Illinois,"2 (Tract 5703, Cook, IL)","5703 (Cook, IL)","Cook County, IL",Illinois,private_auto,recreation,shop,1900-01-01 12:16:00,1900-01-01 14:36:28,140,126.8,unknown_vehicle_type,other_non_bev,,,,mixed_use,retail,civic_institutional,civic_institutional,9790835409218333076,13776327676394841036,54.0,female,white_not_hispanic_or_latino,employed,in_person,39371.0,private_auto,3.0,103863.0,three_plus,core,naics54,single_family,not_attending_school,some_college,owner,english,"2 (Tract 9545, Piatt, IL)","9545 (Piatt, IL)","Piatt County, IL",Illinois,"2 (Tract 12.05, Champaign, IL)","12.05 (Champaign, IL)","Champaign County, IL",Illinois,1.1,5.136850948509485,12,UIUC1,"3.01 (Champaign, IL)",1900-01-01 13:37:06.000000000,13,7.0,Chicago3_mdw,"9801 (Cook, IL)",10.158260869565218,70,78.1,10,115.2951118180747,140,3.0,76.08,1,0,0
2316555607042749284,"5 (Tract 58, Champaign, IL)","58 (Champaign, IL)","Champaign County, IL",Illinois,"3 (Tract 6609, Cook, IL)","6609 (Cook, IL)","Cook County, IL",Illinois,auto_passenger,recreation,recreation,1900-01-01 13:28:00,1900-01-01 15:44:54,136,127.5,unknown_vehicle_type,unknown_fuel_type,,,,non_retail_attraction,non_retail_attraction,open_space,open_space,1427297358919778707,1933966923578259194,27.0,female,white_not_hispanic_or_latino,employed,in_person,33815.0,private_auto,2.0,102655.0,two,core,naics23,single_family,not_attending_school,bachelors_degree,renter,english,"2 (Tract 9547, Piatt, IL)","9547 (Piatt, IL)","Piatt County, IL",Illinois,"4 (Tract 9547, Piatt, IL)","9547 (Piatt, IL)","Piatt County, IL",Illinois,3.5121951219512195,7.627652071701441,13,UIUC1,"3.01 (Champaign, IL)",1900-01-01 14:51:30.731707319,14,8.157894736842104,Chicago3_mdw,"9801 (Cook, IL)",13.398248562582927,70,81.67008985879333,10,121.02590063428437,136,3.0,76.5,1,0,0
16992615561179111469,"3 (Tract 54.01, Champaign, IL)","54.01 (Champaign, IL)","Champaign County, IL",Illinois,"5 (Tract 6608, Cook, IL)","6608 (Cook, IL)","Cook County, IL",Illinois,private_auto,shop,work,1900-01-01 17:25:00,1900-01-01 19:56:46,151,143.3,unknown_vehicle_type,other_non_bev,,,,agriculture,agriculture,mixed_use,retail,8041922574287261854,4910591235979765381,60.0,male,white_not_hispanic_or_latino,employed,in_person,120529.0,private_auto,2.0,247701.0,two,core,naics11,single_family,not_attending_school,high_school,owner,english,"2 (Tract 9620, Ford, IL)","9620 (Ford, IL)","Ford County, IL",Illinois,"3 (Tract 54.01, Champaign, IL)","54.01 (Champaign, IL)","Champaign County, IL",Illinois,5.666666666666667,10.327904191616767,17,UIUC1,"3.01 (Champaign, IL)",1900-01-01 18:50:40.000000002,18,8.142857142857142,Chicago3_mdw,"9801 (Cook, IL)",13.431999999999999,70,83.80952380952381,10,123.75990419161677,151,3.0,85.98,0,1,0
11892834112302375062,"1 (Tract 10, Champaign, IL)","10 (Champaign, IL)","Champaign County, IL",Illinois,"1 (Tract 9801, Cook, IL)","9801 (Cook, IL)","Cook County, IL",Illinois,private_auto,region_departure,shop,1900-01-01 13:59:00,1900-01-01 16:24:25,145,128.5,unknown_vehicle_type,other_non_bev,,,,retail,retail,transportation_utilities,transportation_utilities,4146127410909049362,17860466357743823942,60.0,male,white_not_hispanic_or_latino,employed,in_person,65118.0,private_auto,1.0,65118.0,three_plus,core,naics48_49,single_family,not_attending_school,some_college,owner,english,"3 (Tract 102.04, Champaign, IL)","102.04 (Champaign, IL)","Champaign County, IL",Illinois,"1 (Tract 8, Champaign, IL)","8 (Champaign, IL)","Champaign County, IL",Illinois,6.25,11.090381165919283,13,UIUC1,"3.01 (Champaign, IL)",1900-01-01 15:25:15.000000000,15,5.063291139240507,Chicago3_mdw,"9801 (Cook, IL)",8.639412467160257,70,81.3132911392405,10,119.72979363307954,145,3.0,77.1,0,1,0
624366968535115104,"1 (Tract 12.06, Champaign, IL)","12.06 (Champaign, IL)","Champaign County, IL",Illinois,"1 (Tract 9801, Cook, IL)","9801 (Cook, IL)","Cook County, IL",Illinois,private_auto,region_departure,work,1900-01-01 09:39:00,1900-01-01 11:54:04,135,136.9,unknown_vehicle_type,other_non_bev,,,,office,office,transportation_utilities,transportation_utilities,16555078619596610963,301195028945487868,65.0,female,white_not_hispanic_or_latino,employed,in_person,7136.0,private_auto,2.0,109088.0,two,core,naics523999,single_family,not_attending_school,some_college,owner,english,"3 (Tract 104, Champaign, IL)","104 (Champaign, IL)","Champaign County, IL",Illinois,"1 (Tract 12.06, Champaign, IL)","12.06 (Champaign, IL)","Champaign County, IL",Illinois,10.0,16.366666666666667,9,UIUC1,"3.01 (Champaign, IL)",1900-01-01 11:09:00.000000000,11,4.945945945945946,Chicago3_mdw,"9801 (Cook, IL)",8.590127485976542,70,84.94594594594595,10,124.95679415264321,135,3.0,82.14,1,0,0
27468006115609709,"2 (Tract 110.02, Champaign, IL)","110.02 (Champaign, IL)","Champaign County, IL",Illinois,"1 (Tract 9801, Cook, IL)","9801 (Cook, IL)","Cook County, IL",Illinois,private_auto,region_departure,maintenance,1900-01-01 18:57:00,1900-01-01 21:09:21,132,125.8,unknown_vehicle_type,other_non_bev,,,,mixed_use,office,transportation_utilities,transportation_utilities,6517292180029880755,12260135269741397401,37.0,female,white_not_hispanic_or_latino,employed,in_person,64914.0,private_auto,3.0,194743.0,two,core,naics92,single_family,not_attending_school,bachelors_degree,owner,english,"3 (Tract 106.01, Champaign, IL)","106.01 (Champaign, IL)","Champaign County, IL",Illinois,"2 (Tract 2, Champaign, IL)","2 (Champaign, IL)","Champaign County, IL",Illinois,2.032258064516129,6.282612426505642,18,UIUC1,"3.01 (Champaign, IL)",1900-01-01 20:19:01.935483870,20,5.92,Chicago3_mdw,"9801 (Cook, IL)",8.999230188679245,70,77.95225806451613,10,115.28184261518489,132,3.0,75.47999999999999,0,1,0
8791985815435111528,"1 (Tract 13.01, Champaign, IL)","13.01 (Champaign, IL)","Champaign County, IL",Illinois,"1 (Tract 9801, Cook, IL)","9801 (Cook, IL)","Cook County, IL",Illinois,private_auto,region_departure,shop,1900-01-01 19:00:00,1900-01-01 21:24:02,144,129.9,unknown_vehicle_type,other_non_bev,,,,office,office,transportation_utilities,transportation_utilities,16251878193464832293,5616798639997205877,40.0,female,asian_not_hispanic_or_latino,employed,in_person,24154.0,private_auto,2.0,24154.0,one,core,naics611691,multiple_units,not_attending_school,advanced_degree,renter,asian_pacific,"3 (Tract 106.03, Champaign, IL)","106.03 (Champaign, IL)","Champaign County, IL",Illinois,"1 (Tract 13.01, Champaign, IL)","13.01 (Champaign, IL)","Champaign County, IL",Illinois,4.714285714285714,9.778039215686274,19,UIUC1,"3.01 (Champaign, IL)",1900-01-01 20:24:42.857142858,20,5.92,Chicago3_mdw,"9801 (Cook, IL)",8.999230188679245,70,80.63428571428571,10,118.77726940436553,144,3.0,77.94,1,0,0
8737984016324628817,"2 (Tract 14, Champaign, IL)","14 (Champaign, IL)","Champaign County, IL",Illinois,"1 (Tract 9801, Cook, IL)","9801 (Cook, IL)","Cook County, IL",Illinois,private_auto,region_departure,work,1900-01-01 17:10:00,1900-01-01 19:31:52,141,127.6,unknown_vehicle_type,other_non_bev,,,,education,education,transportation_utilities,transportation_utilities,16307065337805242282,653981275104569614,43.0,male,white_not_hispanic_or_latino,employed,in_person,166793.0,private_auto,4.0,166793.0,two,core,naics62,single_family,graduate,advanced_degree,owner,english,"3 (Tract 106.03, Champaign, IL)","106.03 (Champaign, IL)","Champaign County, IL",Illinois,"2 (Tract 14, Champaign, IL)","14 (Champaign, IL)","Champaign County, IL",Illinois,3.68,7.7222537966537965,17,UIUC1,"3.01 (Champaign, IL)",1900-01-01 18:33:40.800000000,18,4.653846153846154,Chicago3_mdw,"9801 (Cook, IL)",8.46744557329463,70,78.33384615384617,10,116.18969936994843,141,3.0,76.55999999999999,0,0,1
16984499138474484871,"1 (Tract 4.02, Champaign, IL)","4.02 (Champaign, IL)","Champaign County, IL",Illinois,"1 (Tract 9801, Cook, IL)","9801 (Cook, IL)","Cook County, IL",Illinois,private_auto,region_departure,work,1900-01-01 23:34:00,1900-01-01 01:45:30,131,132.0,unknown_vehicle_type,other_non_bev,,,,education,education,transportation_utilities,transportation_utilities,8468255702007183837,2184909393375345893,24.0,male,two_races_not_hispanic_or_latino,employed,in_person,33815.0,walking,3.0,103223.0,two,core,naics611310,several_units,graduate,bachelors_degree,renter,english,"3 (Tract 111, Champaign, IL)","111 (Champaign, IL)","Champaign County, IL",Illinois,"3 (Tract 111, Champaign, IL)","111 (Champaign, IL)","Champaign County, IL",Illinois,2.0,5.818305519897304,23,UIUC1,"3.01 (Champaign, IL)",1900-01-02 00:56:00.000000000,0,3.0,Chicago3_mdw,"9801 (Cook, IL)",7.7728301886792455,70,75.0,10,113.59113570857656,131,3.0,79.2,1,0,0
6949295452624462179,"2 (Tract 5, Champaign, IL)","5 (Champaign, IL)","Champaign County, IL",Illinois,"2 (Tract 6202, Cook, IL)","6202 (Cook, IL)","Cook County, IL",Illinois,auto_passenger,social,work,1900-01-01 15:49:00,1900-01-01 18:09:41,140,126.9,unknown_vehicle_type,unknown_fuel_type,,,,education,education,multi_family,multi_family,10439970898710345394,16396281934565855925,37.0,female,white_not_hispanic_or_latino,employed,in_person,43477.0,private_auto,4.0,130432.0,three_plus,core,naics62,single_family,not_attending_school,some_college,owner,english,"3 (Tract 12.03, Champaign, IL)","12.03 (Champaign, IL)","Champaign County, IL",Illinois,"2 (Tract 5, Champaign, IL)","5 (Champaign, IL)","Champaign County, IL",Illinois,2.238805970149253,6.729806704183998,15,UIUC1,"3.01 (Champaign, IL)",1900-01-01 17:11:14.328358206,17,6.333333333333333,Chicago3_mdw,"9801 (Cook, IL)",9.665,70,78.57213930348259,10,116.39480670418399,140,3.0,76.14,1,0,0
13501910698989635571,"3 (Tract 8, Champaign, IL)","8 (Champaign, IL)","Champaign County, IL",Illinois,"1 (Tract 9801, Cook, IL)","9801 (Cook, IL)","Cook County, IL",Illinois,private_auto,region_departure,eat,1900-01-01 19:30:00,1900-01-01 21:36:39,126,130.3,unknown_vehicle_type,other_non_bev,,,,retail,retail,transportation_utilities,transportation_utilities,18369581560419436142,8511666187763164940,50.0,female,two_races_not_hispanic_or_latino,employed,in_person,42737.0,private_auto,3.0,125836.0,three_plus,core,naics44_45,single_family,not_attending_school,high_school,owner,english,"3 (Tract 12.03, Champaign, IL)","12.03 (Champaign, IL)","Champaign County, IL",Illinois,"4 (Tract 109.02, Champaign, IL)","109.02 (Champaign, IL)","Champaign County, IL",Illinois,6.630434782608695,11.997008757105547,19,UIUC1,"3.01 (Champaign, IL)",1900-01-01 20:56:37.826086956,20,5.92,Chicago3_mdw,"9801 (Cook, IL)",8.999230188679245,70,82.55043478260869,10,120.9962389457848,126,3.0,78.18,1,0,0
11467363404125332579,"3 (Tract 13.02, Champaign, IL)","13.02 (Champaign, IL)","Champaign County, IL",Illinois,"1 (Tract 9801, Cook, IL)","9801 (Cook, IL)","Cook County, IL",Illinois,private_auto,region_departure,home,1900-01-01 10:12:00,1900-01-01 12:29:58,137,138.3,unknown_vehicle_type,other_non_bev,,,,single_family,single_family,transportation_utilities,transportation_utilities,4426049236360652878,17298935965625678153,37.0,female,white_not_hispanic_or_latino,employed,in_person,118977.0,private_auto,4.0,122648.0,two,core,naics61,single_family,not_attending_school,advanced_degree,owner,english,"3 (Tract 13.02, Champaign, IL)","13.02 (Champaign, IL)","Champaign County, IL",Illinois,"2 (Tract 4.02, Champaign, IL)","4.02 (Champaign, IL)","Champaign County, IL",Illinois,7.25,13.029682926829269,10,UIUC1,"3.01 (Champaign, IL)",1900-01-01 11:39:15.000000000,11,4.945945945945946,Chicago3_mdw,"9801 (Cook, IL)",8.590127485976542,70,82.19594594594595,10,121.6198104128058,137,3.0,82.98,0,1,0
93553092721392910,"3 (Tract 54.01, Champaign, IL)","54.01 (Champaign, IL)","Champaign County, IL",Illinois,"3 (Tract 6609, Cook, IL)","6609 (Cook, IL)","Cook County, IL",Illinois,private_auto,recreation,home,1900-01-01 07:10:00,1900-01-01 09:30:26,140,127.9,unknown_vehicle_type,other_non_bev,,,,multi_family,multi_family,non_retail_attraction,non_retail_attraction,10705350406281541794,1418822923543032905,23.0,female,white_not_hispanic_or_latino,employed,in_person,45893.0,private_auto,1.0,45893.0,one,core,naics624110,multiple_units,not_attending_school,bachelors_degree,renter,english,"3 (Tract 54.01, Champaign, IL)","54.01 (Champaign, IL)","Champaign County, IL",Illinois,"2 (Tract 102.04, Champaign, IL)","102.04 (Champaign, IL)","Champaign County, IL",Illinois,5.142857142857143,10.107904191616766,7,UIUC1,"3.01 (Champaign, IL)",1900-01-01 08:35:08.571428574,8,8.333333333333334,Chicago3_mdw,"9801 (Cook, IL)",13.471932773109243,70,83.47619047619047,10,123.57983696472601,140,3.0,76.74,0,1,0
1161336438464547444,"3 (Tract 8, Champaign, IL)","8 (Champaign, IL)","Champaign County, IL",Illinois,"1 (Tract 9801, Cook, IL)","9801 (Cook, IL)","Cook County, IL",Illinois,private_auto,region_departure,shop,1900-01-01 21:43:00,1900-01-01 23:51:20,128,124.5,unknown_vehicle_type,other_non_bev,,,,office,office,transportation_utilities,transportation_utilities,6917666116783328537,13502942004862248556,24.0,male,hispanic_or_latino_origin,employed,in_person,27304.0,private_auto,1.0,27304.0,one,core,naics721110,multiple_units,not_attending_school,high_school,renter,english,"3 (Tract 54.01, Champaign, IL)","54.01 (Champaign, IL)","Champaign County, IL",Illinois,"1 (Tract 8, Champaign, IL)","8 (Champaign, IL)","Champaign County, IL",Illinois,6.090909090909091,11.770407966591712,21,UIUC1,"3.01 (Champaign, IL)",1900-01-01 23:09:05.454545454,23,3.0,Chicago3_mdw,"9801 (Cook, IL)",7.7728301886792455,70,79.0909090909091,10,119.54323815527096,128,3.0,74.7,1,0,0
9045680746803316676,"2 (Tract 59.02, Champaign, IL)","59.02 (Champaign, IL)","Champaign County, IL",Illinois,"1 (Tract 9801, Cook, IL)","9801 (Cook, IL)","Cook County, IL",Illinois,private_auto,region_departure,work,1900-01-01 16:47:00,1900-01-01 19:04:44,137,127.2,unknown_vehicle_type,other_non_bev,,,,retail,retail,transportation_utilities,transportation_utilities,13197344543602061356,11014438001096002855,52.0,male,white_not_hispanic_or_latino,employed,in_person,67318.0,private_auto,1.0,67318.0,one,core,naics54,multiple_units,not_attending_school,bachelors_degree,renter,english,"3 (Tract 54.01, Champaign, IL)","54.01 (Champaign, IL)","Champaign County, IL",Illinois,"2 (Tract 59.02, Champaign, IL)","59.02 (Champaign, IL)","Champaign County, IL",Illinois,1.9787234042553192,6.080840003072433,16,UIUC1,"3.01 (Champaign, IL)",1900-01-01 18:08:58.723404258,18,4.653846153846154,Chicago3_mdw,"9801 (Cook, IL)",8.46744557329463,70,76.63256955810148,10,114.54828557636706,137,3.0,76.32,0,1,0
1463128131123735813,"3 (Tract 8, Champaign, IL)","8 (Champaign, IL)","Champaign County, IL",Illinois,"5 (Tract 8421, Cook, IL)","8421 (Cook, IL)","Cook County, IL",Illinois,auto_passenger,work,shop,1900-01-01 13:56:00,1900-01-01 16:29:46,153,131.9,unknown_vehicle_type,unknown_fuel_type,,,,retail,retail,education,education,8127646483183007131,10457888838176182624,46.0,female,white_not_hispanic_or_latino,employed,in_person,33239.0,private_auto,2.0,66479.0,two,core,naics62,mobile,not_attending_school,k_12,renter,english,"3 (Tract 54.02, Champaign, IL)","54.02 (Champaign, IL)","Champaign County, IL",Illinois,"5 (Tract 8421, Cook, IL)","8421 (Cook, IL)","Cook County, IL",Illinois,7.186440677966102,12.230531233155657,13,UIUC1,"3.01 (Champaign, IL)",1900-01-01 15:23:11.186440680,15,19.75,Chicago3_mdw,"9801 (Cook, IL)",25.827,70,96.9364406779661,10,138.05753123315566,153,3.0,79.14,1,0,0
18004442541101451031,"1 (Tract 11, Champaign, IL)","11 (Champaign, IL)","Champaign County, IL",Illinois,"1 (Tract 9801, Cook, IL)","9801 (Cook, IL)","Cook County, IL",Illinois,auto_passenger,region_departure,social,1900-01-01 22:11:00,1900-01-01 00:23:39,132,132.9,unknown_vehicle_type,unknown_fuel_type,,,,single_family,single_family,transportation_utilities,transportation_utilities,3699547162210878072,13310691459536133012,25.0,female,white_not_hispanic_or_latino,employed,in_person,18124.0,public_transit,2.0,43086.0,zero,core,naics61,multiple_units,graduate,bachelors_degree,renter,indo_european,"3 (Tract 56.01, Champaign, IL)","56.01 (Champaign, IL)","Champaign County, IL",Illinois,"1 (Tract 8, Champaign, IL)","8 (Champaign, IL)","Champaign County, IL",Illinois,3.0,8.713246753246754,22,UIUC1,"3.01 (Champaign, IL)",1900-01-01 23:34:00.000000000,23,3.0,Chicago3_mdw,"9801 (Cook, IL)",7.7728301886792455,70,76.0,10,116.486076941926,132,3.0,79.74,1,0,0
15454412751398062896,"2 (Tract 55, Champaign, IL)","55 (Champaign, IL)","Champaign County, IL",Illinois,"1 (Tract 9801, Cook, IL)","9801 (Cook, IL)","Cook County, IL",Illinois,private_auto,region_departure,work,1900-01-01 20:45:00,1900-01-01 23:02:16,137,135.3,unknown_vehicle_type,other_non_bev,,,,education,education,transportation_utilities,transportation_utilities,6334969457777513821,11430266249245456682,35.0,female,white_not_hispanic_or_latino,employed,in_person,61436.0,private_auto,5.0,113600.0,two,core,naics61,single_family,not_attending_school,advanced_degree,owner,english,"3 (Tract 56.01, Champaign, IL)","56.01 (Champaign, IL)","Champaign County, IL",Illinois,"2 (Tract 55, Champaign, IL)","55 (Champaign, IL)","Champaign County, IL",Illinois,8.333333333333334,11.51957894736842,20,UIUC1,"3.01 (Champaign, IL)",1900-01-01 22:13:19.999999998,22,3.333333333333333,Chicago3_mdw,"9801 (Cook, IL)",7.912830188679245,70,81.66666666666666,10,119.43240913604767,137,3.0,81.18,0,1,0
11058753412106974678,"2 (Tract 3.01, Champaign, IL)","3.01 (Champaign, IL)","Champaign County, IL",Illinois,"1 (Tract 9801, Cook, IL)","9801 (Cook, IL)","Cook County, IL",Illinois,private_auto,region_departure,other_activity_type,1900-01-01 21:54:00,1900-01-01 00:04:40,130,131.7,unknown_vehicle_type,other_non_bev,,,,mixed_use,education,transportation_utilities,transportation_utilities,16847871670669296825,15107184218251236512,21.0,female,white_not_hispanic_or_latino,employed,in_person,40687.0,private_auto,3.0,81258.0,two,core,naics622110,single_family,not_attending_school,high_school,renter,english,"3 (Tract 56.01, Champaign, IL)","56.01 (Champaign, IL)","Champaign County, IL",Illinois,"1 (Tract 53, Champaign, IL)","53 (Champaign, IL)","Champaign County, IL",Illinois,1.1777777777777778,5.0718489469862025,21,UIUC1,"3.01 (Champaign, IL)",1900-01-01 23:15:10.666666668,23,3.0,Chicago3_mdw,"9801 (Cook, IL)",7.7728301886792455,70,74.17777777777778,10,112.84467913566546,130,3.0,79.02,1,0,0
3573630012808429714,"3 (Tract 54.01, Champaign, IL)","54.01 (Champaign, IL)","Champaign County, IL",Illinois,"1 (Tract 9801, Cook, IL)","9801 (Cook, IL)","Cook County, IL",Illinois,private_auto,region_departure,shop,1900-01-01 17:22:00,1900-01-01 19:37:43,135,127.7,unknown_vehicle_type,other_non_bev,,,,retail,retail,transportation_utilities,transportation_utilities,13259478470907507358,9861790636548565918,25.0,male,white_not_hispanic_or_latino,employed,in_person,40571.0,private_auto,3.0,81258.0,two,core,naics31_33,single_family,not_attending_school,high_school,renter,english,"3 (Tract 56.01, Champaign, IL)","56.01 (Champaign, IL)","Champaign County, IL",Illinois,"1 (Tract 9.02, Champaign, IL)","9.02 (Champaign, IL)","Champaign County, IL",Illinois,5.666666666666667,10.327904191616767,17,UIUC1,"3.01 (Champaign, IL)",1900-01-01 18:47:40.000000002,18,4.653846153846154,Chicago3_mdw,"9801 (Cook, IL)",8.46744557329463,70,80.32051282051283,10,118.79534976491139,135,3.0,76.62,1,0,0
674594632281978256,"1 (Tract 12.04, Champaign, IL)","12.04 (Champaign, IL)","Champaign County, IL",Illinois,"2 (Tract 4212, Cook, IL)","4212 (Cook, IL)","Cook County, IL",Illinois,private_auto,work,eat,1900-01-01 13:44:00,1900-01-01 15:54:59,130,133.2,unknown_vehicle_type,other_non_bev,,,,retail,retail,industrial,industrial,6856127136440364412,3668911768686432540,38.0,male,hispanic_or_latino_origin,employed,in_person,32457.0,private_auto,3.0,33616.0,one,core,naics31_33,single_family,not_attending_school,k_12,owner,spanish,"3 (Tract 5806, Cook, IL)","5806 (Cook, IL)","Cook County, IL",Illinois,"2 (Tract 4212, Cook, IL)","4212 (Cook, IL)","Cook County, IL",Illinois,11.333333333333334,17.653684210526315,13,UIUC1,"3.01 (Champaign, IL)",1900-01-01 15:15:19.999999998,15,18.0,Chicago3_mdw,"9801 (Cook, IL)",23.94,70,99.33333333333333,10,141.5936842105263,130,3.0,79.91999999999999,1,0,0
12837759236524686302,"1 (Tract 8, Champaign, IL)","8 (Champaign, IL)","Champaign County, IL",Illinois,"3 (Tract 628, Cook, IL)","628 (Cook, IL)","Cook County, IL",Illinois,private_auto,home,shop,1900-01-01 15:53:47,1900-01-01 18:43:31,169,137.0,unknown_vehicle_type,other_non_bev,,,,retail,retail,single_family,single_family,15414540680894607074,10313149005363968558,47.0,male,white_not_hispanic_or_latino,employed,in_person,305855.0,public_transit,4.0,484271.0,one,core,naics5412,single_family,not_attending_school,advanced_degree,owner,english,"3 (Tract 628, Cook, IL)","628 (Cook, IL)","Cook County, IL",Illinois,"1 (Tract 8391, Cook, IL)","8391 (Cook, IL)","Cook County, IL",Illinois,7.298701298701299,12.27768069386444,15,UIUC1,"3.01 (Champaign, IL)",1900-01-01 17:21:04.922077922,17,25.5,Chicago3_mdw,"9801 (Cook, IL)",34.61,70,102.7987012987013,10,146.88768069386444,169,3.0,82.2,0,0,1
644467114748200458,"2 (Tract 59.02, Champaign, IL)","59.02 (Champaign, IL)","Champaign County, IL",Illinois,"3 (Tract 6606, Cook, IL)","6606 (Cook, IL)","Cook County, IL",Illinois,auto_passenger,home,shop,1900-01-01 21:34:25,1900-01-01 23:42:15,127,128.4,unknown_vehicle_type,unknown_fuel_type,,,,retail,retail,multi_family,multi_family,10724761890624311978,14123152522829583498,26.0,female,hispanic_or_latino_origin,employed,in_person,68839.0,private_auto,1.0,68839.0,one,core,naics31_33,several_units,not_attending_school,bachelors_degree,owner,spanish,"3 (Tract 6606, Cook, IL)","6606 (Cook, IL)","Cook County, IL",Illinois,"1 (Tract 6202, Cook, IL)","6202 (Cook, IL)","Cook County, IL",Illinois,2.1724137931034484,6.162189966388647,21,UIUC1,"3.01 (Champaign, IL)",1900-01-01 22:56:35.344827586,22,8.0,Chicago3_mdw,"9801 (Cook, IL)",13.112903225806452,70,80.17241379310344,10,119.2750931921951,127,3.0,77.04,0,1,0
5382908495329134499,"2 (Tract 14, Champaign, IL)","14 (Champaign, IL)","Champaign County, IL",Illinois,"3 (Tract 6608, Cook, IL)","6608 (Cook, IL)","Cook County, IL",Illinois,auto_passenger,home,eat,1900-01-01 04:10:57,1900-01-01 06:24:28,133,126.9,unknown_vehicle_type,unknown_fuel_type,,,,retail,retail,multi_family,multi_family,17198618686627516051,9792893413382445576,40.0,male,hispanic_or_latino_origin,employed,in_person,100906.0,private_auto,1.0,100906.0,one,core,naics44_45,several_units,not_attending_school,high_school,renter,spanish,"3 (Tract 6608, Cook, IL)","6608 (Cook, IL)","Cook County, IL",Illinois,"1 (Tract 8391, Cook, IL)","8391 (Cook, IL)","Cook County, IL",Illinois,3.2222222222222223,7.52998712998713,4,UIUC1,"3.01 (Champaign, IL)",1900-01-01 05:34:10.333333332,5,9.333333333333334,Chicago3_mdw,"9801 (Cook, IL)",13.931999999999999,70,82.55555555555556,10,121.46198712998714,133,3.0,76.14,0,1,0
8226369625167733961,"2 (Tract 14, Champaign, IL)","14 (Champaign, IL)","Champaign County, IL",Illinois,"3 (Tract 6609, Cook, IL)","6609 (Cook, IL)","Cook County, IL",Illinois,auto_passenger,home,social,1900-01-01 21:33:11,1900-01-01 23:41:23,128,128.3,unknown_vehicle_type,unknown_fuel_type,,,,retail,retail,multi_family,multi_family,4142142045659643148,9311303731471446979,43.0,male,hispanic_or_latino_origin,employed,in_person,59691.0,private_auto,2.0,75971.0,two,core,naics445110,several_units,not_attending_school,high_school,owner,spanish,"3 (Tract 6609, Cook, IL)","6609 (Cook, IL)","Cook County, IL",Illinois,"1 (Tract 8391, Cook, IL)","8391 (Cook, IL)","Cook County, IL",Illinois,2.7142857142857144,7.316653796653797,21,UIUC1,"3.01 (Champaign, IL)",1900-01-01 22:55:53.857142858,22,7.666666666666667,Chicago3_mdw,"9801 (Cook, IL)",13.191932773109244,70,80.38095238095238,10,120.50858656976304,128,3.0,76.98,0,1,0
12877009153108784486,"3 (Tract 13.02, Champaign, IL)","13.02 (Champaign, IL)","Champaign County, IL",Illinois,"1 (Tract 9801, Cook, IL)","9801 (Cook, IL)","Cook County, IL",Illinois,auto_passenger,region_departure,shop,1900-01-01 10:45:56,1900-01-01 13:03:20,137,138.3,unknown_vehicle_type,unknown_fuel_type,,,,retail,retail,transportation_utilities,transportation_utilities,18164340149224980470,11470240625347837168,38.0,male,black_not_hispanic_or_latino,employed,in_person,48308.0,auto_passenger,2.0,107486.0,one,core,naics31_33,single_family,not_attending_school,high_school,owner,english,"3 (Tract 7, Champaign, IL)","7 (Champaign, IL)","Champaign County, IL",Illinois,"1 (Tract 9.02, Champaign, IL)","9.02 (Champaign, IL)","Champaign County, IL",Illinois,7.25,13.029682926829269,10,UIUC1,"3.01 (Champaign, IL)",1900-01-01 12:13:11.000000000,12,5.0608108108108105,Chicago3_mdw,"9801 (Cook, IL)",8.638370729219785,70,82.3108108108108,10,121.66805365604905,137,3.0,82.98,0,1,0
2296123689928514491,"3 (Tract 13.02, Champaign, IL)","13.02 (Champaign, IL)","Champaign County, IL",Illinois,"1 (Tract 9801, Cook, IL)","9801 (Cook, IL)","Cook County, IL",Illinois,private_auto,region_departure,work,1900-01-01 21:39:00,1900-01-01 23:53:56,134,138.3,unknown_vehicle_type,other_non_bev,,,,office,office,transportation_utilities,transportation_utilities,10318121777283177550,8172424848488283414,56.0,male,white_not_hispanic_or_latino,employed,in_person,119383.0,private_auto,1.0,119383.0,one,core,naics541940,multiple_units,not_attending_school,some_college,renter,english,"3 (Tract 8, Champaign, IL)","8 (Champaign, IL)","Champaign County, IL",Illinois,"3 (Tract 13.02, Champaign, IL)","13.02 (Champaign, IL)","Champaign County, IL",Illinois,7.6,13.176682926829269,21,UIUC1,"3.01 (Champaign, IL)",1900-01-01 23:06:36.000000000,23,3.0,Chicago3_mdw,"9801 (Cook, IL)",7.7728301886792455,70,80.6,10,120.94951311550852,134,3.0,82.98,0,1,0
5163193041547616362,"1 (Tract 8, Champaign, IL)","8 (Champaign, IL)","Champaign County, IL",Illinois,"1 (Tract 9801, Cook, IL)","9801 (Cook, IL)","Cook County, IL",Illinois,private_auto,region_departure,shop,1900-01-01 11:49:00,1900-01-01 14:03:56,134,125.1,unknown_vehicle_type,other_non_bev,,,,retail,retail,transportation_utilities,transportation_utilities,9593216255286333828,11719434077617697731,41.0,female,black_not_hispanic_or_latino,employed,in_person,23742.0,other_travel_mode,5.0,94971.0,two,core,naics622110,multiple_units,not_attending_school,some_college,renter,english,"3 (Tract 8, Champaign, IL)","8 (Champaign, IL)","Champaign County, IL",Illinois,"1 (Tract 53, Champaign, IL)","53 (Champaign, IL)","Champaign County, IL",Illinois,7.642857142857143,12.422226148409894,11,UIUC1,"3.01 (Champaign, IL)",1900-01-01 13:16:38.571428574,13,5.015151515151516,Chicago3_mdw,"9801 (Cook, IL)",8.619193825042881,70,82.65800865800865,10,121.04141997345278,134,3.0,75.05999999999999,1,0,0
14704714807323521960,"2 (Tract 4.01, Champaign, IL)","4.01 (Champaign, IL)","Champaign County, IL",Illinois,"1 (Tract 9801, Cook, IL)","9801 (Cook, IL)","Cook County, IL",Illinois,auto_passenger,work,eat,1900-01-01 12:58:00,1900-01-01 15:17:53,139,126.5,unknown_vehicle_type,unknown_fuel_type,,,,retail,retail,transportation_utilities,transportation_utilities,8724017987472369457,10631990159450905477,28.0,male,hispanic_or_latino_origin,employed,in_person,50120.0,public_transit,1.0,50120.0,zero,core,naics488119,multiple_units,not_attending_school,bachelors_degree,renter,spanish,"3 (Tract 801, Cook, IL)","801 (Cook, IL)","Cook County, IL",Illinois,"1 (Tract 9801, Cook, IL)","9801 (Cook, IL)","Cook County, IL",Illinois,1.6071428571428572,5.377834138486312,12,UIUC1,"3.01 (Champaign, IL)",1900-01-01 14:19:36.428571426,14,5.041322314049586,Chicago3_mdw,"9801 (Cook, IL)",8.63018556058007,70,76.64846517119244,10,114.00801969906638,139,3.0,75.89999999999999,0,1,0
7496958189937973265,"1 (Tract 111, Champaign, IL)","111 (Champaign, IL)","Champaign County, IL",Illinois,"3 (Tract 814.02, Cook, IL)","814.02 (Cook, IL)","Cook County, IL",Illinois,auto_passenger,home,eat,1900-01-01 22:47:50,1900-01-01 01:01:17,133,137.2,unknown_vehicle_type,unknown_fuel_type,,,,retail,retail,mixed_use,multi_family,3266987317800765736,9246304756088502759,37.0,female,asian_not_hispanic_or_latino,employed,in_person,193708.0,private_auto,1.0,193708.0,one,core,naics44_45,multiple_units,not_attending_school,advanced_degree,owner,asian_pacific,"3 (Tract 814.02, Cook, IL)","814.02 (Cook, IL)","Cook County, IL",Illinois,"1 (Tract 8221.02, Cook, IL)","8221.02 (Cook, IL)","Cook County, IL",Illinois,3.0,7.116078431372549,22,UIUC1,"3.01 (Champaign, IL)",1900-01-02 00:10:50.000000000,0,21.0,Chicago3_mdw,"9801 (Cook, IL)",29.54285714285714,70,94.0,10,136.65893557422967,133,3.0,82.32,0,0,1
14854249676720741587,"1 (Tract 111, Champaign, IL)","111 (Champaign, IL)","Champaign County, IL",Illinois,"1 (Tract 9801, Cook, IL)","9801 (Cook, IL)","Cook County, IL",Illinois,auto_passenger,region_departure,eat,1900-01-01 18:28:00,1900-01-01 20:41:21,133,130.9,unknown_vehicle_type,unknown_fuel_type,,,,retail,retail,transportation_utilities,transportation_utilities,5176688156738752963,11255736202460820284,54.0,male,white_not_hispanic_or_latino,employed,in_person,254879.0,private_auto,4.0,254879.0,two,core,naics3399,single_family,not_attending_school,bachelors_degree,owner,other,"3 (Tract 9.02, Champaign, IL)","9.02 (Champaign, IL)","Champaign County, IL",Illinois,"1 (Tract 54.02, Champaign, IL)","54.02 (Champaign, IL)","Champaign County, IL",Illinois,2.8484848484848486,7.052442067736186,18,UIUC1,"3.01 (Champaign, IL)",1900-01-01 19:50:50.909090910,19,5.05,Chicago3_mdw,"9801 (Cook, IL)",8.633830188679244,70,77.89848484848484,10,115.68627225641542,133,3.0,78.54,0,0,1
9464077603422141992,"2 (Tract 12.05, Champaign, IL)","12.05 (Champaign, IL)","Champaign County, IL",Illinois,"1 (Tract 9801, Cook, IL)","9801 (Cook, IL)","Cook County, IL",Illinois,private_auto,region_departure,eat,1900-01-01 19:57:00,1900-01-01 22:19:43,142,133.0,unknown_vehicle_type,other_non_bev,,,,retail,retail,transportation_utilities,transportation_utilities,16666782461022257343,3833903690132502148,51.0,male,white_not_hispanic_or_latino,employed,in_person,200781.0,private_auto,3.0,221619.0,three_plus,core,naics517312,single_family,not_attending_school,bachelors_degree,owner,english,"3 (Tract 9.02, Champaign, IL)","9.02 (Champaign, IL)","Champaign County, IL",Illinois,"1 (Tract 13.01, Champaign, IL)","13.01 (Champaign, IL)","Champaign County, IL",Illinois,12.333333333333334,18.943661971830984,19,UIUC1,"3.01 (Champaign, IL)",1900-01-01 21:29:19.999999998,21,4.333333333333333,Chicago3_mdw,"9801 (Cook, IL)",8.332830188679244,70,86.66666666666666,10,127.27649216051022,142,3.0,79.8,0,0,1
2090180194584357834,"2 (Tract 4.01, Champaign, IL)","4.01 (Champaign, IL)","Champaign County, IL",Illinois,"1 (Tract 9801, Cook, IL)","9801 (Cook, IL)","Cook County, IL",Illinois,private_auto,work,other_activity_type,1900-01-01 12:37:14,1900-01-01 14:52:57,135,132.1,unknown_vehicle_type,other_non_bev,,,,mixed_use,transportation_utilities,transportation_utilities,transportation_utilities,11557304322518432064,5243737643210639552,62.0,male,white_not_hispanic_or_latino,employed,in_person,153379.0,private_auto,1.0,153379.0,two,core,naics48_49,several_units,not_attending_school,high_school,renter,english,"3 (Tract 902, Cook, IL)","902 (Cook, IL)","Cook County, IL",Illinois,"1 (Tract 9801, Cook, IL)","9801 (Cook, IL)","Cook County, IL",Illinois,1.6071428571428572,5.377834138486312,12,UIUC1,"3.01 (Champaign, IL)",1900-01-01 13:58:50.428571426,13,5.015151515151516,Chicago3_mdw,"9801 (Cook, IL)",8.619193825042881,70,76.62229437229438,10,113.99702796352919,135,3.0,79.25999999999999,0,0,1
10170367715182814493,"5 (Tract 58, Champaign, IL)","58 (Champaign, IL)","Champaign County, IL",Illinois,"5 (Tract 6606, Cook, IL)","6606 (Cook, IL)","Cook County, IL",Illinois,auto_passenger,shop,work,1900-01-01 14:55:00,1900-01-01 17:11:25,136,130.3,unknown_vehicle_type,unknown_fuel_type,,,,education,education,retail,retail,10604890951375291757,5387160569343241501,53.0,male,white_not_hispanic_or_latino,employed,in_person,48685.0,auto_passenger,1.0,48685.0,three_plus,core,naics611110,single_family,not_attending_school,bachelors_degree,owner,english,"3 (Tract 9521, Douglas, IL)","9521 (Douglas, IL)","Douglas County, IL",Illinois,"5 (Tract 58, Champaign, IL)","58 (Champaign, IL)","Champaign County, IL",Illinois,3.4482758620689653,7.600805982550894,14,UIUC1,"3.01 (Champaign, IL)",1900-01-01 16:18:26.896551726,16,7.25,Chicago3_mdw,"9801 (Cook, IL)",12.79790322580645,70,80.69827586206897,10,120.39870920835735,136,3.0,78.18,0,1,0
4351721661818434066,"2 (Tract 3.02, Champaign, IL)","3.02 (Champaign, IL)","Champaign County, IL",Illinois,"1 (Tract 9801, Cook, IL)","9801 (Cook, IL)","Cook County, IL",Illinois,private_auto,region_departure,social,1900-01-01 18:18:00,1900-01-01 20:28:47,130,131.7,unknown_vehicle_type,other_non_bev,,,,multi_family,multi_family,transportation_utilities,transportation_utilities,1061501410102512297,3406216157277506654,38.0,male,white_not_hispanic_or_latino,employed,in_person,116339.0,private_auto,4.0,223182.0,three_plus,core,naics54,single_family,not_attending_school,bachelors_degree,owner,english,"3 (Tract 9545, Piatt, IL)","9545 (Piatt, IL)","Piatt County, IL",Illinois,"4 (Tract 55, Champaign, IL)","55 (Champaign, IL)","Champaign County, IL",Illinois,1.2121212121212122,5.183941857600394,18,UIUC1,"3.01 (Champaign, IL)",1900-01-01 19:39:12.727272726,19,5.05,Chicago3_mdw,"9801 (Cook, IL)",8.633830188679244,70,76.26212121212122,10,113.81777204627963,130,3.0,79.02,0,1,0
7185584053959741726,"1 (Tract 9.02, Champaign, IL)","9.02 (Champaign, IL)","Champaign County, IL",Illinois,"1 (Tract 9801, Cook, IL)","9801 (Cook, IL)","Cook County, IL",Illinois,private_auto,region_departure,recreation,1900-01-01 17:02:00,1900-01-01 19:28:38,146,129.5,unknown_vehicle_type,other_non_bev,,,,non_retail_attraction,non_retail_attraction,transportation_utilities,transportation_utilities,7117688341541537370,11208092949784380116,47.0,male,black_not_hispanic_or_latino,employed,in_person,72691.0,private_auto,2.0,188916.0,two,core,naics61,single_family,not_attending_school,bachelors_degree,owner,english,"4 (Tract 10, Champaign, IL)","10 (Champaign, IL)","Champaign County, IL",Illinois,"2 (Tract 59.02, Champaign, IL)","59.02 (Champaign, IL)","Champaign County, IL",Illinois,9.75,15.612749196141479,17,UIUC1,"3.01 (Champaign, IL)",1900-01-01 18:31:45.000000000,18,4.653846153846154,Chicago3_mdw,"9801 (Cook, IL)",8.46744557329463,70,84.40384615384616,10,124.0801947694361,146,3.0,77.7,0,1,0
5190383308391863872,"1 (Tract 9.02, Champaign, IL)","9.02 (Champaign, IL)","Champaign County, IL",Illinois,"1 (Tract 9801, Cook, IL)","9801 (Cook, IL)","Cook County, IL",Illinois,private_auto,region_departure,recreation,1900-01-01 22:18:00,1900-01-01 00:25:11,127,131.2,unknown_vehicle_type,other_non_bev,,,,mixed_use,non_retail_attraction,transportation_utilities,transportation_utilities,14732713183090270855,3073377504514449377,35.0,male,hispanic_or_latino_origin,employed,in_person,14492.0,walking,1.0,14492.0,one,core,naics722511,single_family,not_attending_school,some_college,renter,english,"4 (Tract 10, Champaign, IL)","10 (Champaign, IL)","Champaign County, IL",Illinois,"5 (Tract 10, Champaign, IL)","10 (Champaign, IL)","Champaign County, IL",Illinois,9.0,15.297749196141478,22,UIUC1,"3.01 (Champaign, IL)",1900-01-01 23:47:00.000000000,23,3.0,Chicago3_mdw,"9801 (Cook, IL)",7.7728301886792455,70,82.0,10,123.07057938482073,127,3.0,78.71999999999998,1,0,0
14309572861464496596,"1 (Tract 53, Champaign, IL)","53 (Champaign, IL)","Champaign County, IL",Illinois,"1 (Tract 9801, Cook, IL)","9801 (Cook, IL)","Cook County, IL",Illinois,private_auto,region_departure,work,1900-01-01 16:27:00,1900-01-01 18:41:42,134,126.0,unknown_vehicle_type,other_non_bev,,,,healthcare,healthcare,transportation_utilities,transportation_utilities,16495478240170059396,4461166862806334279,44.0,female,white_not_hispanic_or_latino,employed,in_person,65292.0,private_auto,3.0,116102.0,two,core,naics622110,single_family,not_attending_school,some_college,owner,english,"4 (Tract 101, Champaign, IL)","101 (Champaign, IL)","Champaign County, IL",Illinois,"1 (Tract 53, Champaign, IL)","53 (Champaign, IL)","Champaign County, IL",Illinois,3.6666666666666665,8.08516795865633,16,UIUC1,"3.01 (Champaign, IL)",1900-01-01 17:50:40.000000002,17,5.551724137931035,Chicago3_mdw,"9801 (Cook, IL)",8.844554326610279,70,79.2183908045977,10,116.9297222852666,134,3.0,75.6,0,1,0
12861106717007165602,"3 (Tract 8, Champaign, IL)","8 (Champaign, IL)","Champaign County, IL",Illinois,"1 (Tract 9801, Cook, IL)","9801 (Cook, IL)","Cook County, IL",Illinois,private_auto,region_departure,eat,1900-01-01 19:46:00,1900-01-01 21:54:28,128,124.5,unknown_vehicle_type,other_non_bev,,,,retail,retail,transportation_utilities,transportation_utilities,14117469416900859552,335167033343554146,59.0,female,white_not_hispanic_or_latino,employed,in_person,80312.0,private_auto,6.0,116562.0,three_plus,core,naics48_49,single_family,not_attending_school,high_school,owner,english,"4 (Tract 101, Champaign, IL)","101 (Champaign, IL)","Champaign County, IL",Illinois,"4 (Tract 8, Champaign, IL)","8 (Champaign, IL)","Champaign County, IL",Illinois,6.630434782608695,11.997008757105547,19,UIUC1,"3.01 (Champaign, IL)",1900-01-01 21:12:37.826086956,21,4.333333333333333,Chicago3_mdw,"9801 (Cook, IL)",8.332830188679244,70,80.96376811594202,10,120.32983894578479,128,3.0,74.7,0,1,0
15224288322968026389,"1 (Tract 13.01, Champaign, IL)","13.01 (Champaign, IL)","Champaign County, IL",Illinois,"1 (Tract 9801, Cook, IL)","9801 (Cook, IL)","Cook County, IL",Illinois,auto_passenger,region_departure,eat,1900-01-01 13:26:00,1900-01-01 15:43:47,137,133.5,unknown_vehicle_type,unknown_fuel_type,,,,retail,retail,transportation_utilities,transportation_utilities,2819859047072498849,4893100884916332492,59.0,female,white_not_hispanic_or_latino,employed,in_person,51996.0,auto_passenger,2.0,247281.0,two,core,naics44_45,single_family,not_attending_school,some_college,owner,english,"4 (Tract 105, Champaign, IL)","105 (Champaign, IL)","Champaign County, IL",Illinois,"2 (Tract 14, Champaign, IL)","14 (Champaign, IL)","Champaign County, IL",Illinois,6.0,10.318039215686275,13,UIUC1,"3.01 (Champaign, IL)",1900-01-01 14:52:00.000000000,14,5.041322314049586,Chicago3_mdw,"9801 (Cook, IL)",8.63018556058007,70,81.04132231404958,10,118.94822477626634,137,3.0,80.1,0,1,0
15005483393190120765,"1 (Tract 12.01, Champaign, IL)","12.01 (Champaign, IL)","Champaign County, IL",Illinois,"1 (Tract 7112, Cook, IL)","7112 (Cook, IL)","Cook County, IL",Illinois,auto_passenger,maintenance,recreation,1900-01-01 11:57:00,1900-01-01 13:58:36,121,126.6,unknown_vehicle_type,unknown_fuel_type,,,,non_retail_attraction,non_retail_attraction,civic_institutional,civic_institutional,12515004662301715853,14300832251088972636,45.0,male,white_not_hispanic_or_latino,employed,in_person,106029.0,private_auto,2.0,127439.0,two,core,naics44_45,single_family,not_attending_school,high_school,owner,english,"4 (Tract 105, Champaign, IL)","105 (Champaign, IL)","Champaign County, IL",Illinois,"1 (Tract 8, Champaign, IL)","8 (Champaign, IL)","Champaign County, IL",Illinois,7.583333333333333,12.491092715231787,11,UIUC1,"3.01 (Champaign, IL)",1900-01-01 13:24:34.999999998,13,14.0,Chicago3_mdw,"9801 (Cook, IL)",24.099999999999998,70,91.58333333333333,10,136.59109271523178,121,3.0,75.96,0,1,0
8251039724691307144,"3 (Tract 11, Champaign, IL)","11 (Champaign, IL)","Champaign County, IL",Illinois,"1 (Tract 9801, Cook, IL)","9801 (Cook, IL)","Cook County, IL",Illinois,private_auto,region_departure,shop,1900-01-01 11:09:00,1900-01-01 13:22:18,133,133.9,unknown_vehicle_type,other_non_bev,,,,retail,retail,transportation_utilities,transportation_utilities,4849285302261613343,14023067398183130328,63.0,male,white_not_hispanic_or_latino,employed,in_person,88162.0,private_auto,2.0,188403.0,three_plus,core,naics5151,single_family,not_attending_school,some_college,owner,english,"4 (Tract 105, Champaign, IL)","105 (Champaign, IL)","Champaign County, IL",Illinois,"3 (Tract 9.02, Champaign, IL)","9.02 (Champaign, IL)","Champaign County, IL",Illinois,5.0,9.553246753246754,11,UIUC1,"3.01 (Champaign, IL)",1900-01-01 12:34:00.000000000,12,5.0608108108108105,Chicago3_mdw,"9801 (Cook, IL)",8.638370729219785,70,80.0608108108108,10,118.19161748246654,133,3.0,80.34,0,1,0
16103541689661423853,"1 (Tract 12.05, Champaign, IL)","12.05 (Champaign, IL)","Champaign County, IL",Illinois,"1 (Tract 9801, Cook, IL)","9801 (Cook, IL)","Cook County, IL",Illinois,auto_passenger,region_departure,social,1900-01-01 21:14:00,1900-01-01 23:31:00,137,136.5,unknown_vehicle_type,unknown_fuel_type,,,,single_family,single_family,transportation_utilities,transportation_utilities,14313616448676849781,8853656605000597790,46.0,male,white_not_hispanic_or_latino,employed,in_person,404748.0,private_auto,3.0,529843.0,two,core,naics61,single_family,not_attending_school,advanced_degree,owner,english,"4 (Tract 106.03, Champaign, IL)","106.03 (Champaign, IL)","Champaign County, IL",Illinois,"2 (Tract 106.03, Champaign, IL)","106.03 (Champaign, IL)","Champaign County, IL",Illinois,12.0,18.803661971830987,21,UIUC1,"3.01 (Champaign, IL)",1900-01-01 22:46:00.000000000,22,3.333333333333333,Chicago3_mdw,"9801 (Cook, IL)",7.912830188679245,70,85.33333333333333,10,126.71649216051024,137,3.0,81.89999999999999,0,0,1
15050669277000438757,"2 (Tract 4.02, Champaign, IL)","4.02 (Champaign, IL)","Champaign County, IL",Illinois,"1 (Tract 9801, Cook, IL)","9801 (Cook, IL)","Cook County, IL",Illinois,private_auto,region_departure,recreation,1900-01-01 18:20:00,1900-01-01 20:42:25,142,128.5,unknown_vehicle_type,other_non_bev,,,,mixed_use,open_space,transportation_utilities,transportation_utilities,15088111859347474358,446882802737746998,48.0,male,white_not_hispanic_or_latino,employed,in_person,73602.0,private_auto,2.0,154328.0,three_plus,core,naics611110,single_family,not_attending_school,some_college,owner,english,"4 (Tract 107.02, Champaign, IL)","107.02 (Champaign, IL)","Champaign County, IL",Illinois,"3 (Tract 14, Champaign, IL)","14 (Champaign, IL)","Champaign County, IL",Illinois,1.456140350877193,5.589884467265725,18,UIUC1,"3.01 (Champaign, IL)",1900-01-01 19:41:27.368421054,19,5.05,Chicago3_mdw,"9801 (Cook, IL)",8.633830188679244,70,76.50614035087719,10,114.22371465594496,142,3.0,77.1,0,1,0
9501505565123073307,"1 (Tract 8, Champaign, IL)","8 (Champaign, IL)","Champaign County, IL",Illinois,"1 (Tract 9801, Cook, IL)","9801 (Cook, IL)","Cook County, IL",Illinois,auto_passenger,region_departure,shop,1900-01-01 18:34:00,1900-01-01 20:41:49,127,127.9,unknown_vehicle_type,unknown_fuel_type,,,,office,office,transportation_utilities,transportation_utilities,12987468631089979640,8451206876928407389,42.0,female,white_not_hispanic_or_latino,employed,in_person,65292.0,private_auto,2.0,243363.0,three_plus,core,naics611691,single_family,not_attending_school,advanced_degree,owner,english,"4 (Tract 107.02, Champaign, IL)","107.02 (Champaign, IL)","Champaign County, IL",Illinois,"1 (Tract 13.01, Champaign, IL)","13.01 (Champaign, IL)","Champaign County, IL",Illinois,7.183098591549296,12.229127556860599,18,UIUC1,"3.01 (Champaign, IL)",1900-01-01 20:01:10.985915490,20,5.92,Chicago3_mdw,"9801 (Cook, IL)",8.999230188679245,70,83.1030985915493,10,121.22835774553985,127,3.0,76.74,0,1,0
17985230937540897220,"1 (Tract 14, Champaign, IL)","14 (Champaign, IL)","Champaign County, IL",Illinois,"1 (Tract 9801, Cook, IL)","9801 (Cook, IL)","Cook County, IL",Illinois,private_auto,region_departure,social,1900-01-01 20:32:00,1900-01-01 22:50:41,138,135.7,unknown_vehicle_type,other_non_bev,,,,single_family,single_family,transportation_utilities,transportation_utilities,5908507263843470137,13314732802675546525,75.0,male,white_not_hispanic_or_latino,employed,in_person,51760.0,private_auto,2.0,77962.0,three_plus,core,naics2383,single_family,not_attending_school,high_school,owner,english,"4 (Tract 108, Champaign, IL)","108 (Champaign, IL)","Champaign County, IL",Illinois,"5 (Tract 108, Champaign, IL)","108 (Champaign, IL)","Champaign County, IL",Illinois,2.859375,7.377591296653796,20,UIUC1,"3.01 (Champaign, IL)",1900-01-01 21:54:51.562500000,21,4.333333333333333,Chicago3_mdw,"9801 (Cook, IL)",8.332830188679244,70,77.19270833333333,10,115.71042148533303,138,3.0,81.41999999999999,0,1,0
2417200771446413187,"1 (Tract 12.01, Champaign, IL)","12.01 (Champaign, IL)","Champaign County, IL",Illinois,"3 (Tract 6609, Cook, IL)","6609 (Cook, IL)","Cook County, IL",Illinois,private_auto,recreation,shop,1900-01-01 09:34:00,1900-01-01 11:46:04,132,126.7,unknown_vehicle_type,other_non_bev,,,,retail,retail,office,office,9195259266657031836,3670957313640019978,50.0,male,two_races_not_hispanic_or_latino,employed,in_person,64229.0,private_auto,3.0,76463.0,three_plus,core,naics2389,single_family,not_attending_school,high_school,owner,english,"4 (Tract 108, Vermilion, IL)","108 (Vermilion, IL)","Vermilion County, IL",Illinois,"1 (Tract 9.02, Champaign, IL)","9.02 (Champaign, IL)","Champaign County, IL",Illinois,7.72,12.548492715231788,9,UIUC1,"3.01 (Champaign, IL)",1900-01-01 11:01:43.200000000,11,10.387096774193548,Chicago3_mdw,"9801 (Cook, IL)",14.334513418270532,70,88.10709677419355,10,126.88300613350232,132,3.0,76.02,0,1,0
14940365849512683786,"4 (Tract 53, Champaign, IL)","53 (Champaign, IL)","Champaign County, IL",Illinois,"4 (Tract 8428, Cook, IL)","8428 (Cook, IL)","Cook County, IL",Illinois,auto_passenger,shop,home,1900-01-01 09:08:00,1900-01-01 11:23:29,135,133.2,unknown_vehicle_type,unknown_fuel_type,,,,mixed_use,multi_family,retail,retail,3344264851343633894,7935662310188906782,22.0,male,asian_not_hispanic_or_latino,employed,in_person,13023.0,private_auto,2.0,17364.0,two,core,naics53,multiple_units,not_attending_school,bachelors_degree,renter,english,"4 (Tract 53, Champaign, IL)","53 (Champaign, IL)","Champaign County, IL",Illinois,"2 (Tract 59.02, Champaign, IL)","59.02 (Champaign, IL)","Champaign County, IL",Illinois,3.5,8.01516795865633,9,UIUC1,"3.01 (Champaign, IL)",1900-01-01 10:31:30.000000000,10,10.0,Chicago3_mdw,"9801 (Cook, IL)",14.12782608695652,70,83.5,10,122.14299404561285,135,3.0,79.91999999999999,1,0,0
4196094199242356116,"3 (Tract 53, Champaign, IL)","53 (Champaign, IL)","Champaign County, IL",Illinois,"1 (Tract 9801, Cook, IL)","9801 (Cook, IL)","Cook County, IL",Illinois,private_auto,region_departure,shop,1900-01-01 18:37:00,1900-01-01 20:50:13,133,126.4,unknown_vehicle_type,other_non_bev,,,,retail,retail,transportation_utilities,transportation_utilities,15860515011623839066,12310191318508157727,16.0,male,white_not_hispanic_or_latino,employed,in_person,132.0,private_auto,13.0,66605.0,two,core,naics713210,single_family,school,k_12,renter,indo_european,"4 (Tract 57.01, Champaign, IL)","57.01 (Champaign, IL)","Champaign County, IL",Illinois,"1 (Tract 53, Champaign, IL)","53 (Champaign, IL)","Champaign County, IL",Illinois,3.03125,7.818292958656332,18,UIUC1,"3.01 (Champaign, IL)",1900-01-01 20:00:01.875000000,20,5.92,Chicago3_mdw,"9801 (Cook, IL)",8.999230188679245,70,78.95125,10,116.81752314733558,133,3.0,75.84,1,0,0
7424706493423622168,"1 (Tract 13.01, Champaign, IL)","13.01 (Champaign, IL)","Champaign County, IL",Illinois,"4 (Tract 6610, Cook, IL)","6610 (Cook, IL)","Cook County, IL",Illinois,private_auto,home,shop,1900-01-01 18:54:00,1900-01-01 21:04:14,130,126.4,unknown_vehicle_type,other_non_bev,,,,retail,retail,mixed_use,multi_family,4137870250067123184,1906903506661165133,44.0,female,hispanic_or_latino_origin,employed,in_person,1009.0,private_auto,1.0,1009.0,one,core,naics622110,several_units,not_attending_school,advanced_degree,owner,english,"4 (Tract 6610, Cook, IL)","6610 (Cook, IL)","Cook County, IL",Illinois,"1 (Tract 8419, Cook, IL)","8419 (Cook, IL)","Cook County, IL",Illinois,4.909090909090909,9.859857397504456,18,UIUC1,"3.01 (Champaign, IL)",1900-01-01 20:18:54.545454546,20,12.0,Chicago3_mdw,"9801 (Cook, IL)",16.847368421052632,70,86.9090909090909,10,126.70722581855709,130,3.0,75.84,1,0,0
3286688043100457627,"2 (Tract 14, Champaign, IL)","14 (Champaign, IL)","Champaign County, IL",Illinois,"4 (Tract 6720, Cook, IL)","6720 (Cook, IL)","Cook County, IL",Illinois,auto_passenger,home,other_activity_type,1900-01-01 00:25:48,1900-01-01 02:32:01,126,127.2,unknown_vehicle_type,unknown_fuel_type,,,,education,education,single_family,single_family,281281979012663575,12250724806455756251,25.0,male,hispanic_or_latino_origin,employed,in_person,20390.0,private_auto,6.0,142732.0,three_plus,core,naics531120,single_family,not_attending_school,high_school,owner,spanish,"4 (Tract 6720, Cook, IL)","6720 (Cook, IL)","Cook County, IL",Illinois,"1 (Tract 8391, Cook, IL)","8391 (Cook, IL)","Cook County, IL",Illinois,5.0,8.276653796653797,0,UIUC1,"3.01 (Champaign, IL)",1900-01-01 01:50:48.000000000,1,12.0,Chicago3_mdw,"9801 (Cook, IL)",18.273333333333333,70,87.0,10,126.54998712998713,126,3.0,76.32,1,0,0
7437908983674623794,"3 (Tract 53, Champaign, IL)","53 (Champaign, IL)","Champaign County, IL",Illinois,"4 (Tract 7402, Cook, IL)","7402 (Cook, IL)","Cook County, IL",Illinois,auto_passenger,home,shop,1900-01-01 21:00:21,1900-01-01 22:58:05,117,122.9,unknown_vehicle_type,unknown_fuel_type,,,,mixed_use,office,single_family,single_family,7001156816857439018,7664187576045465415,63.0,female,white_not_hispanic_or_latino,employed,in_person,65292.0,private_auto,3.0,108029.0,three_plus,core,naics622110,single_family,not_attending_school,some_college,renter,english,"4 (Tract 7402, Cook, IL)","7402 (Cook, IL)","Cook County, IL",Illinois,"1 (Tract 8221.02, Cook, IL)","8221.02 (Cook, IL)","Cook County, IL",Illinois,3.2142857142857144,7.895167958656331,21,UIUC1,"3.01 (Champaign, IL)",1900-01-01 22:23:33.857142858,22,22.0,Chicago3_mdw,"9801 (Cook, IL)",25.66,70,95.21428571428571,10,133.55516795865634,117,3.0,73.74,0,1,0
7215632956687581439,"3 (Tract 13.02, Champaign, IL)","13.02 (Champaign, IL)","Champaign County, IL",Illinois,"1 (Tract 9801, Cook, IL)","9801 (Cook, IL)","Cook County, IL",Illinois,auto_passenger,region_departure,shop,1900-01-01 18:24:00,1900-01-01 20:43:06,139,138.7,unknown_vehicle_type,unknown_fuel_type,,,,retail,retail,transportation_utilities,transportation_utilities,582680252826438935,1760604032997349587,50.0,male,asian_not_hispanic_or_latino,employed,in_person,160263.0,private_auto,5.0,195878.0,two,core,naics611630,single_family,not_attending_school,advanced_degree,owner,asian_pacific,"4 (Tract 8, Champaign, IL)","8 (Champaign, IL)","Champaign County, IL",Illinois,"1 (Tract 13.02, Champaign, IL)","13.02 (Champaign, IL)","Champaign County, IL",Illinois,7.555555555555555,13.1580162601626,18,UIUC1,"3.01 (Champaign, IL)",1900-01-01 19:51:33.333333336,19,5.05,Chicago3_mdw,"9801 (Cook, IL)",8.633830188679244,70,82.60555555555555,10,121.79184644884184,139,3.0,83.21999999999998,0,0,1
6874024415425556363,"1 (Tract 8, Champaign, IL)","8 (Champaign, IL)","Champaign County, IL",Illinois,"1 (Tract 9801, Cook, IL)","9801 (Cook, IL)","Cook County, IL",Illinois,private_auto,region_departure,shop,1900-01-01 18:34:00,1900-01-01 20:52:17,138,126.4,unknown_vehicle_type,other_non_bev,,,,retail,retail,transportation_utilities,transportation_utilities,16534467712416762812,10568403845735768190,38.0,female,asian_not_hispanic_or_latino,employed,in_person,86659.0,private_auto,4.0,178415.0,two,core,naics621111,single_family,not_attending_school,advanced_degree,owner,asian_pacific,"4 (Tract 8, Champaign, IL)","8 (Champaign, IL)","Champaign County, IL",Illinois,"2 (Tract 59.02, Champaign, IL)","59.02 (Champaign, IL)","Champaign County, IL",Illinois,7.183098591549296,12.229127556860599,18,UIUC1,"3.01 (Champaign, IL)",1900-01-01 20:01:10.985915490,20,5.92,Chicago3_mdw,"9801 (Cook, IL)",8.999230188679245,70,83.1030985915493,10,121.22835774553985,138,3.0,75.84,0,1,0
13849444961100572795,"4 (Tract 8, Champaign, IL)","8 (Champaign, IL)","Champaign County, IL",Illinois,"1 (Tract 9801, Cook, IL)","9801 (Cook, IL)","Cook County, IL",Illinois,auto_passenger,region_departure,home,1900-01-01 14:02:00,1900-01-01 16:17:38,135,128.1,unknown_vehicle_type,unknown_fuel_type,,,,single_family,single_family,transportation_utilities,transportation_utilities,16791008997623779553,11343585729319115270,57.0,male,white_not_hispanic_or_latino,employed,in_person,161833.0,private_auto,2.0,268715.0,two,core,naics622110,single_family,not_attending_school,advanced_degree,owner,indo_european,"4 (Tract 8, Champaign, IL)","8 (Champaign, IL)","Champaign County, IL",Illinois,"1 (Tract 53, Champaign, IL)","53 (Champaign, IL)","Champaign County, IL",Illinois,6.981132075471698,12.144301620108008,14,UIUC1,"3.01 (Champaign, IL)",1900-01-01 15:28:58.867924530,15,5.063291139240507,Chicago3_mdw,"9801 (Cook, IL)",8.639412467160257,70,82.0444232147122,10,120.78371408726827,135,3.0,76.86,0,0,1
9206163692584019150,"4 (Tract 8, Champaign, IL)","8 (Champaign, IL)","Champaign County, IL",Illinois,"1 (Tract 8352, Cook, IL)","8352 (Cook, IL)","Cook County, IL",Illinois,auto_passenger,shop,home,1900-01-01 18:12:02,1900-01-01 20:22:11,130,129.7,unknown_vehicle_type,unknown_fuel_type,,,,single_family,single_family,retail,retail,3380691078261316637,4970728596662264538,48.0,female,asian_not_hispanic_or_latino,employed,in_person,85639.0,private_auto,4.0,151092.0,two,core,naics621492,single_family,not_attending_school,bachelors_degree,owner,asian_pacific,"4 (Tract 8, Champaign, IL)","8 (Champaign, IL)","Champaign County, IL",Illinois,"1 (Tract 8459.02, DuPage, IL)","8459.02 (DuPage, IL)","DuPage County, IL",Illinois,7.183098591549296,12.229127556860599,18,UIUC1,"3.01 (Champaign, IL)",1900-01-01 19:39:12.985915490,19,3.5,Chicago3_mdw,"9801 (Cook, IL)",7.688848,70,80.6830985915493,10,119.9179755568606,130,3.0,77.82,0,1,0
10291652441724603557,"1 (Tract 3.01, Champaign, IL)","3.01 (Champaign, IL)","Champaign County, IL",Illinois,"2 (Tract 7207, Cook, IL)","7207 (Cook, IL)","Cook County, IL",Illinois,auto_passenger,work,other_activity_type,1900-01-01 12:23:38,1900-01-01 14:23:31,119,122.0,unknown_vehicle_type,unknown_fuel_type,,,,industrial,industrial,retail,retail,15533409656612439102,14144627480480154995,41.0,male,white_not_hispanic_or_latino,employed,in_person,42327.0,private_auto,1.0,42327.0,one,core,naics71,multiple_units,not_attending_school,high_school,owner,english,"4 (Tract 8241.05, Cook, IL)","8241.05 (Cook, IL)","Cook County, IL",Illinois,"2 (Tract 7207, Cook, IL)","7207 (Cook, IL)","Cook County, IL",Illinois,1.1690140845070425,5.068168195812493,12,UIUC1,"3.01 (Champaign, IL)",1900-01-01 13:44:48.140845070,13,26.0,Chicago3_mdw,"9801 (Cook, IL)",31.396,70,97.16901408450704,10,136.46416819581248,119,3.0,73.2,1,0,0
16451837903458898036,"5 (Tract 58, Champaign, IL)","58 (Champaign, IL)","Champaign County, IL",Illinois,"5 (Tract 6608, Cook, IL)","6608 (Cook, IL)","Cook County, IL",Illinois,auto_passenger,social,recreation,1900-01-01 17:41:00,1900-01-01 19:52:09,131,129.7,unknown_vehicle_type,unknown_fuel_type,,,,non_retail_attraction,non_retail_attraction,multi_family,multi_family,12068147860814380759,1366322729712196557,35.0,female,white_not_hispanic_or_latino,employed,in_person,86824.0,private_auto,4.0,173649.0,two,core,naics524210,single_family,not_attending_school,some_college,owner,english,"4 (Tract 9545, Piatt, IL)","9545 (Piatt, IL)","Piatt County, IL",Illinois,"2 (Tract 12.05, Champaign, IL)","12.05 (Champaign, IL)","Champaign County, IL",Illinois,3.73015873015873,7.7191967871485945,17,UIUC1,"3.01 (Champaign, IL)",1900-01-01 19:04:43.809523812,19,9.0,Chicago3_mdw,"9801 (Cook, IL)",13.792,70,82.73015873015873,10,121.51119678714859,131,3.0,77.82,0,1,0
3228508456622397000,"5 (Tract 10, Champaign, IL)","10 (Champaign, IL)","Champaign County, IL",Illinois,"1 (Tract 9801, Cook, IL)","9801 (Cook, IL)","Cook County, IL",Illinois,auto_passenger,region_departure,home,1900-01-01 20:26:00,1900-01-01 22:38:10,132,132.3,unknown_vehicle_type,unknown_fuel_type,,,,mixed_use,single_family,transportation_utilities,transportation_utilities,3370109773317042223,13615039193627127093,41.0,male,white_not_hispanic_or_latino,employed,in_person,36466.0,private_auto,1.0,36466.0,one,core,naics492110,multiple_units,not_attending_school,advanced_degree,renter,english,"5 (Tract 10, Champaign, IL)","10 (Champaign, IL)","Champaign County, IL",Illinois,"3 (Tract 8, Champaign, IL)","8 (Champaign, IL)","Champaign County, IL",Illinois,6.375,11.142881165919281,20,UIUC1,"3.01 (Champaign, IL)",1900-01-01 21:52:22.500000000,21,4.333333333333333,Chicago3_mdw,"9801 (Cook, IL)",8.332830188679244,70,80.70833333333333,10,119.47571135459852,132,3.0,79.38000000000001,1,0,0
752630731056053952,"1 (Tract 57.02, Champaign, IL)","57.02 (Champaign, IL)","Champaign County, IL",Illinois,"1 (Tract 9801, Cook, IL)","9801 (Cook, IL)","Cook County, IL",Illinois,private_auto,region_departure,recreation,1900-01-01 16:18:00,1900-01-01 18:39:15,141,136.6,unknown_vehicle_type,other_non_bev,,,,open_space,open_space,transportation_utilities,transportation_utilities,2261331732645430935,3345284519161922752,52.0,male,white_not_hispanic_or_latino,employed,in_person,92251.0,private_auto,4.0,284350.0,three_plus,core,naics23,single_family,not_attending_school,some_college,owner,english,"5 (Tract 102.04, Champaign, IL)","102.04 (Champaign, IL)","Champaign County, IL",Illinois,"3 (Tract 107.01, Champaign, IL)","107.01 (Champaign, IL)","Champaign County, IL",Illinois,7.5,14.094999999999999,16,UIUC1,"3.01 (Champaign, IL)",1900-01-01 17:45:30.000000000,17,5.551724137931035,Chicago3_mdw,"9801 (Cook, IL)",8.844554326610279,70,83.05172413793103,10,122.93955432661028,141,3.0,81.96,0,1,0
861911424983830113,"3 (Tract 53, Champaign, IL)","53 (Champaign, IL)","Champaign County, IL",Illinois,"1 (Tract 9801, Cook, IL)","9801 (Cook, IL)","Cook County, IL",Illinois,private_auto,region_departure,shop,1900-01-01 17:16:00,1900-01-01 19:29:26,133,125.9,unknown_vehicle_type,other_non_bev,,,,retail,retail,transportation_utilities,transportation_utilities,9294628840819519633,16391525236450193100,51.0,male,white_not_hispanic_or_latino,employed,in_person,105655.0,private_auto,2.0,271855.0,two,core,naics61,single_family,not_attending_school,advanced_degree,owner,english,"5 (Tract 102.04, Champaign, IL)","102.04 (Champaign, IL)","Champaign County, IL",Illinois,"1 (Tract 53, Champaign, IL)","53 (Champaign, IL)","Champaign County, IL",Illinois,3.5853658536585367,8.051021617192916,17,UIUC1,"3.01 (Champaign, IL)",1900-01-01 18:39:35.121951222,18,4.653846153846154,Chicago3_mdw,"9801 (Cook, IL)",8.46744557329463,70,78.23921200750469,10,116.51846719048754,133,3.0,75.54,0,1,0
6847689199094720885,"3 (Tract 8, Champaign, IL)","8 (Champaign, IL)","Champaign County, IL",Illinois,"1 (Tract 9801, Cook, IL)","9801 (Cook, IL)","Cook County, IL",Illinois,private_auto,region_departure,recreation,1900-01-01 22:32:00,1900-01-01 00:37:53,125,129.9,unknown_vehicle_type,other_non_bev,,,,mixed_use,non_retail_attraction,transportation_utilities,transportation_utilities,8017709350503580452,15189764573913785537,54.0,female,white_not_hispanic_or_latino,employed,in_person,127510.0,private_auto,3.0,127510.0,three_plus,core,naics31_33,single_family,not_attending_school,some_college,owner,english,"5 (Tract 104, Champaign, IL)","104 (Champaign, IL)","Champaign County, IL",Illinois,"2 (Tract 104, Champaign, IL)","104 (Champaign, IL)","Champaign County, IL",Illinois,6.266666666666667,11.844226148409895,22,UIUC1,"3.01 (Champaign, IL)",1900-01-01 23:58:16.000000002,23,3.0,Chicago3_mdw,"9801 (Cook, IL)",7.7728301886792455,70,79.26666666666667,10,119.61705633708914,125,3.0,77.94,0,1,0
6542098311781110955,"1 (Tract 110.01, Champaign, IL)","110.01 (Champaign, IL)","Champaign County, IL",Illinois,"1 (Tract 9801, Cook, IL)","9801 (Cook, IL)","Cook County, IL",Illinois,private_auto,region_departure,work,1900-01-01 17:22:00,1900-01-01 19:43:57,141,127.7,unknown_vehicle_type,other_non_bev,,,,civic_institutional,civic_institutional,transportation_utilities,transportation_utilities,11906765790146054106,17186601047205793853,36.0,female,white_not_hispanic_or_latino,employed,in_person,81561.0,private_auto,4.0,188610.0,two,core,naics62,single_family,graduate,bachelors_degree,owner,english,"5 (Tract 108, Champaign, IL)","108 (Champaign, IL)","Champaign County, IL",Illinois,"1 (Tract 110.01, Champaign, IL)","110.01 (Champaign, IL)","Champaign County, IL",Illinois,3.0,7.6775,17,UIUC1,"3.01 (Champaign, IL)",1900-01-01 18:45:00.000000000,18,4.653846153846154,Chicago3_mdw,"9801 (Cook, IL)",8.46744557329463,70,77.65384615384616,10,116.14494557329462,141,3.0,76.62,0,1,0
10533676327669829216,"5 (Tract 12.01, Champaign, IL)","12.01 (Champaign, IL)","Champaign County, IL",Illinois,"1 (Tract 9801, Cook, IL)","9801 (Cook, IL)","Cook County, IL",Illinois,auto_passenger,region_departure,eat,1900-01-01 22:41:00,1900-01-01 00:53:56,132,133.5,unknown_vehicle_type,unknown_fuel_type,,,,retail,retail,transportation_utilities,transportation_utilities,9798400382874500726,12522743231695827513,37.0,female,white_not_hispanic_or_latino,employed,in_person,114186.0,private_auto,4.0,214098.0,two,core,naics61,single_family,not_attending_school,advanced_degree,owner,english,"5 (Tract 13.01, Champaign, IL)","13.01 (Champaign, IL)","Champaign County, IL",Illinois,"1 (Tract 53, Champaign, IL)","53 (Champaign, IL)","Champaign County, IL",Illinois,6.9375,12.219842715231788,22,UIUC1,"3.01 (Champaign, IL)",1900-01-02 00:07:56.250000000,0,3.0,Chicago3_mdw,"9801 (Cook, IL)",7.7728301886792455,70,79.9375,10,119.99267290391104,132,3.0,80.1,0,1,0
10385236310734551363,"3 (Tract 8, Champaign, IL)","8 (Champaign, IL)","Champaign County, IL",Illinois,"1 (Tract 9801, Cook, IL)","9801 (Cook, IL)","Cook County, IL",Illinois,private_auto,region_departure,shop,1900-01-01 18:45:00,1900-01-01 20:54:22,129,124.7,unknown_vehicle_type,other_non_bev,,,,retail,retail,transportation_utilities,transportation_utilities,18085208018502294426,4461240682417832126,32.0,female,white_not_hispanic_or_latino,employed,in_person,60385.0,private_auto,4.0,120771.0,two,core,naics31_33,single_family,not_attending_school,bachelors_degree,owner,english,"5 (Tract 56.01, Champaign, IL)","56.01 (Champaign, IL)","Champaign County, IL",Illinois,"3 (Tract 9.02, Champaign, IL)","9.02 (Champaign, IL)","Champaign County, IL",Illinois,7.183098591549296,12.229127556860599,18,UIUC1,"3.01 (Champaign, IL)",1900-01-01 20:12:10.985915490,20,5.92,Chicago3_mdw,"9801 (Cook, IL)",8.999230188679245,70,83.1030985915493,10,121.22835774553985,129,3.0,74.82,0,1,0
4680292974374017873,"1 (Tract 57.01, Champaign, IL)","57.01 (Champaign, IL)","Champaign County, IL",Illinois,"1 (Tract 9801, Cook, IL)","9801 (Cook, IL)","Cook County, IL",Illinois,private_auto,region_departure,eat,1900-01-01 17:58:00,1900-01-01 20:25:29,147,131.3,unknown_vehicle_type,other_non_bev,,,,retail,retail,transportation_utilities,transportation_utilities,10299584548845167843,1888350713098674676,37.0,male,white_not_hispanic_or_latino,employed,in_person,89035.0,private_auto,3.0,213685.0,two,core,naics92,single_family,not_attending_school,bachelors_degree,owner,english,"5 (Tract 56.01, Champaign, IL)","56.01 (Champaign, IL)","Champaign County, IL",Illinois,"1 (Tract 58, Champaign, IL)","58 (Champaign, IL)","Champaign County, IL",Illinois,6.666666666666667,11.523357664233576,17,UIUC1,"3.01 (Champaign, IL)",1900-01-01 19:24:40.000000002,19,5.05,Chicago3_mdw,"9801 (Cook, IL)",8.633830188679244,70,81.71666666666667,10,120.15718785291281,147,3.0,78.78,0,1,0
16378444234534924191,"1 (Tract 57.01, Champaign, IL)","57.01 (Champaign, IL)","Champaign County, IL",Illinois,"3 (Tract 4914, Cook, IL)","4914 (Cook, IL)","Cook County, IL",Illinois,private_auto,eat,shop,1900-01-01 19:09:00,1900-01-01 21:11:04,122,125.1,unknown_vehicle_type,other_non_bev,,,,retail,retail,retail,retail,10091061057196909490,5961023519933280267,57.0,female,black_not_hispanic_or_latino,employed,in_person,84619.0,private_auto,2.0,176376.0,two,core,naics92,single_family,not_attending_school,advanced_degree,owner,english,"5 (Tract 56.01, Champaign, IL)","56.01 (Champaign, IL)","Champaign County, IL",Illinois,"1 (Tract 55, Champaign, IL)","55 (Champaign, IL)","Champaign County, IL",Illinois,6.833333333333333,11.593357664233576,19,UIUC1,"3.01 (Champaign, IL)",1900-01-01 20:35:49.999999998,20,23.0,Chicago3_mdw,"9801 (Cook, IL)",32.92,70,99.83333333333333,10,144.51335766423358,122,3.0,75.05999999999999,0,1,0
12008992596780494783,"5 (Tract 58, Champaign, IL)","58 (Champaign, IL)","Champaign County, IL",Illinois,"1 (Tract 6603.01, Cook, IL)","6603.01 (Cook, IL)","Cook County, IL",Illinois,private_auto,eat,home,1900-01-01 17:54:00,1900-01-01 20:11:39,137,143.3,unknown_vehicle_type,other_non_bev,,,,single_family,single_family,retail,retail,6693446674640051869,7931777658104168512,56.0,male,white_not_hispanic_or_latino,employed,in_person,142732.0,private_auto,2.0,142732.0,one,core,naics61,single_family,not_attending_school,advanced_degree,owner,english,"5 (Tract 58, Champaign, IL)","58 (Champaign, IL)","Champaign County, IL",Illinois,"1 (Tract 112, Vermilion, IL)","112 (Vermilion, IL)","Vermilion County, IL",Illinois,3.73015873015873,7.7191967871485945,17,UIUC1,"3.01 (Champaign, IL)",1900-01-01 19:17:43.809523812,19,6.0,Chicago3_mdw,"9801 (Cook, IL)",11.758181818181818,70,79.73015873015873,10,119.47737860533041,137,3.0,85.98,0,1,0
18253104093891953040,"2 (Tract 14, Champaign, IL)","14 (Champaign, IL)","Champaign County, IL",Illinois,"5 (Tract 6610, Cook, IL)","6610 (Cook, IL)","Cook County, IL",Illinois,private_auto,home,social,1900-01-01 05:20:52,1900-01-01 07:40:58,140,135.0,unknown_vehicle_type,other_non_bev,,,,single_family,single_family,single_family,single_family,9047014198198223808,11836342823830590878,28.0,female,hispanic_or_latino_origin,employed,in_person,29566.0,private_auto,2.0,93795.0,two,core,naics722511,single_family,not_attending_school,bachelors_degree,owner,english,"5 (Tract 6610, Cook, IL)","6610 (Cook, IL)","Cook County, IL",Illinois,"1 (Tract 8391, Cook, IL)","8391 (Cook, IL)","Cook County, IL",Illinois,4.055555555555555,7.879987129987129,5,UIUC1,"3.01 (Champaign, IL)",1900-01-01 06:44:55.333333336,6,11.5,Chicago3_mdw,"9801 (Cook, IL)",16.63736842105263,70,85.55555555555556,10,124.51735555103976,140,3.0,81.0,1,0,0
7810029011827376073,"2 (Tract 14, Champaign, IL)","14 (Champaign, IL)","Champaign County, IL",Illinois,"5 (Tract 6610, Cook, IL)","6610 (Cook, IL)","Cook County, IL",Illinois,auto_passenger,home,recreation,1900-01-01 21:51:55,1900-01-01 23:58:30,126,127.5,unknown_vehicle_type,unknown_fuel_type,,,,non_retail_attraction,non_retail_attraction,multi_family,multi_family,5456803143296704668,305495693739301638,19.0,male,black_not_hispanic_or_latino,employed,in_person,16108.0,public_transit,2.0,27323.0,zero,core,naics56,several_units,not_attending_school,k_12,renter,english,"5 (Tract 6610, Cook, IL)","6610 (Cook, IL)","Cook County, IL",Illinois,"1 (Tract 8391, Cook, IL)","8391 (Cook, IL)","Cook County, IL",Illinois,2.7142857142857144,7.316653796653797,21,UIUC1,"3.01 (Champaign, IL)",1900-01-01 23:14:37.857142858,23,11.0,Chicago3_mdw,"9801 (Cook, IL)",16.427368421052634,70,83.71428571428571,10,123.74402221770643,126,3.0,76.5,1,0,0
6045860207782093191,"2 (Tract 14, Champaign, IL)","14 (Champaign, IL)","Champaign County, IL",Illinois,"5 (Tract 6610, Cook, IL)","6610 (Cook, IL)","Cook County, IL",Illinois,auto_passenger,home,recreation,1900-01-01 05:45:36,1900-01-01 08:00:36,135,126.3,unknown_vehicle_type,unknown_fuel_type,,,,non_retail_attraction,non_retail_attraction,single_family,single_family,10807472660621913972,4692364167773465202,29.0,female,hispanic_or_latino_origin,employed,in_person,64229.0,private_auto,2.0,93795.0,two,core,naics81,single_family,not_attending_school,some_college,owner,english,"5 (Tract 6610, Cook, IL)","6610 (Cook, IL)","Cook County, IL",Illinois,"2 (Tract 8391, Cook, IL)","8391 (Cook, IL)","Cook County, IL",Illinois,4.055555555555555,7.879987129987129,5,UIUC1,"3.01 (Champaign, IL)",1900-01-01 07:09:39.333333336,7,11.5,Chicago3_mdw,"9801 (Cook, IL)",16.63736842105263,70,85.55555555555556,10,124.51735555103976,135,3.0,75.78,0,1,0
9269784924286981949,"1 (Tract 11, Champaign, IL)","11 (Champaign, IL)","Champaign County, IL",Illinois,"1 (Tract 9801, Cook, IL)","9801 (Cook, IL)","Cook County, IL",Illinois,private_auto,region_departure,home,1900-01-01 17:36:00,1900-01-01 19:58:31,142,129.3,unknown_vehicle_type,other_non_bev,,,,single_family,single_family,transportation_utilities,transportation_utilities,4892116163706596262,16163146800073229,35.0,female,white_not_hispanic_or_latino,employed,remote,125094.0,worked_from_home,3.0,529843.0,two,core,naics54,single_family,not_attending_school,bachelors_degree,owner,english,"1 (Tract 11, Champaign, IL)","11 (Champaign, IL)","Champaign County, IL",Illinois,"1 (Tract 11, Champaign, IL)","11 (Champaign, IL)","Champaign County, IL",Illinois,6.333333333333333,10.113246753246752,17,UIUC1,"3.01 (Champaign, IL)",1900-01-01 19:02:19.999999998,19,5.05,Chicago3_mdw,"9801 (Cook, IL)",8.633830188679244,70,81.38333333333333,10,118.747076941926,142,3.0,77.58,0,1,0
14000074547958739493,"1 (Tract 3.01, Champaign, IL)","3.01 (Champaign, IL)","Champaign County, IL",Illinois,"1 (Tract 814.02, Cook, IL)","814.02 (Cook, IL)","Cook County, IL",Illinois,private_auto,eat,home,1900-01-01 23:26:49,1900-01-01 01:38:52,132,136.3,unknown_vehicle_type,other_non_bev,,,,multi_family,multi_family,mixed_use,retail,7316631232440465272,11056876420902427692,21.0,female,white_not_hispanic_or_latino,employed,remote,3593.0,worked_from_home,2.0,17503.0,one,core,naics54,multiple_units,undergraduate,high_school,renter,english,"1 (Tract 3.01, Champaign, IL)","3.01 (Champaign, IL)","Champaign County, IL",Illinois,"1 (Tract 8, Champaign, IL)","8 (Champaign, IL)","Champaign County, IL",Illinois,1.0714285714285714,5.027182280319535,23,UIUC1,"3.01 (Champaign, IL)",1900-01-02 00:47:53.285714284,0,21.0,Chicago3_mdw,"9801 (Cook, IL)",29.54285714285714,70,92.07142857142857,10,134.57003942317667,132,3.0,81.78,1,0,0
15614523983333060220,"1 (Tract 13.01, Champaign, IL)","13.01 (Champaign, IL)","Champaign County, IL",Illinois,"1 (Tract 9801, Cook, IL)","9801 (Cook, IL)","Cook County, IL",Illinois,private_auto,region_departure,recreation,1900-01-01 13:50:00,1900-01-01 16:20:44,150,129.5,unknown_vehicle_type,other_non_bev,,,,non_retail_attraction,non_retail_attraction,transportation_utilities,transportation_utilities,3722769514704497209,11986799925495834489,48.0,male,white_not_hispanic_or_latino,employed,remote,28000.0,worked_from_home,2.0,38419.0,one,core,naics62,single_family,not_attending_school,bachelors_degree,renter,english,"1 (Tract 5, Champaign, IL)","5 (Champaign, IL)","Champaign County, IL",Illinois,"2 (Tract 5, Champaign, IL)","5 (Champaign, IL)","Champaign County, IL",Illinois,6.0,10.318039215686275,13,UIUC1,"3.01 (Champaign, IL)",1900-01-01 15:16:00.000000000,15,5.063291139240507,Chicago3_mdw,"9801 (Cook, IL)",8.639412467160257,70,81.0632911392405,10,118.95745168284652,150,3.0,77.7,1,0,0
16969595823570762833,"1 (Tract 13.02, Champaign, IL)","13.02 (Champaign, IL)","Champaign County, IL",Illinois,"1 (Tract 712, Cook, IL)","712 (Cook, IL)","Cook County, IL",Illinois,auto_passenger,home,maintenance,1900-01-01 15:25:23,1900-01-01 17:56:30,151,145.0,unknown_vehicle_type,unknown_fuel_type,,,,office,office,multi_family,multi_family,1948327910363494591,1165248284934135339,20.0,female,white_not_hispanic_or_latino,employed,remote,7597.0,worked_from_home,4.0,30388.0,zero,core,naics54,several_units,undergraduate,high_school,renter,english,"1 (Tract 712, Cook, IL)","712 (Cook, IL)","Cook County, IL",Illinois,"1 (Tract 712, Cook, IL)","712 (Cook, IL)","Cook County, IL",Illinois,7.684210526315789,13.2120513478819,15,UIUC1,"3.01 (Champaign, IL)",1900-01-01 16:53:04.052631578,16,24.875,Chicago3_mdw,"9801 (Cook, IL)",37.97416666666667,70,102.5592105263158,10,151.18621801454856,151,3.0,87.0,1,0,0
14618277108019644424,"3 (Tract 13.02, Champaign, IL)","13.02 (Champaign, IL)","Champaign County, IL",Illinois,"1 (Tract 712, Cook, IL)","712 (Cook, IL)","Cook County, IL",Illinois,auto_passenger,home,social,1900-01-01 15:04:11,1900-01-01 17:33:56,149,141.4,unknown_vehicle_type,unknown_fuel_type,,,,retail,retail,mixed_use,multi_family,10656099561190910945,16214318327024191270,24.0,male,white_not_hispanic_or_latino,employed,remote,86779.0,worked_from_home,3.0,264850.0,zero,core,naics42,multiple_units,not_attending_school,advanced_degree,renter,english,"1 (Tract 712, Cook, IL)","712 (Cook, IL)","Cook County, IL",Illinois,"1 (Tract 712, Cook, IL)","712 (Cook, IL)","Cook County, IL",Illinois,7.684210526315789,13.2120513478819,15,UIUC1,"3.01 (Champaign, IL)",1900-01-01 16:31:52.052631578,16,24.875,Chicago3_mdw,"9801 (Cook, IL)",37.97416666666667,70,102.5592105263158,10,151.18621801454856,149,3.0,84.84,0,1,0
15201819914750919193,"3 (Tract 13.02, Champaign, IL)","13.02 (Champaign, IL)","Champaign County, IL",Illinois,"1 (Tract 712, Cook, IL)","712 (Cook, IL)","Cook County, IL",Illinois,auto_passenger,home,shop,1900-01-01 14:50:05,1900-01-01 17:19:24,149,141.1,unknown_vehicle_type,unknown_fuel_type,,,,retail,retail,mixed_use,multi_family,2223408235367581879,1539492800092163292,25.0,male,white_not_hispanic_or_latino,employed,remote,118714.0,worked_from_home,2.0,178071.0,zero,core,naics54,several_units,not_attending_school,bachelors_degree,renter,english,"1 (Tract 712, Cook, IL)","712 (Cook, IL)","Cook County, IL",Illinois,"1 (Tract 712, Cook, IL)","712 (Cook, IL)","Cook County, IL",Illinois,6.75,12.81968292682927,14,UIUC1,"3.01 (Champaign, IL)",1900-01-01 16:16:50.000000000,16,24.875,Chicago3_mdw,"9801 (Cook, IL)",37.97416666666667,70,101.625,10,150.79384959349593,149,3.0,84.66,0,1,0
11160306685240006617,"3 (Tract 13.02, Champaign, IL)","13.02 (Champaign, IL)","Champaign County, IL",Illinois,"1 (Tract 712, Cook, IL)","712 (Cook, IL)","Cook County, IL",Illinois,auto_passenger,home,recreation,1900-01-01 15:31:38,1900-01-01 18:02:06,150,145.3,unknown_vehicle_type,unknown_fuel_type,,,,non_retail_attraction,non_retail_attraction,mixed_use,multi_family,4123432939500836854,1602290686272917958,25.0,male,white_not_hispanic_or_latino,employed,remote,47970.0,worked_from_home,3.0,143477.0,zero,core,naics42,several_units,not_attending_school,bachelors_degree,renter,english,"1 (Tract 712, Cook, IL)","712 (Cook, IL)","Cook County, IL",Illinois,"2 (Tract 712, Cook, IL)","712 (Cook, IL)","Cook County, IL",Illinois,7.684210526315789,13.2120513478819,15,UIUC1,"3.01 (Champaign, IL)",1900-01-01 16:59:19.052631578,16,24.875,Chicago3_mdw,"9801 (Cook, IL)",37.97416666666667,70,102.5592105263158,10,151.18621801454856,150,3.0,87.18,0,1,0
11957543710056758079,"1 (Tract 12.05, Champaign, IL)","12.05 (Champaign, IL)","Champaign County, IL",Illinois,"1 (Tract 9801, Cook, IL)","9801 (Cook, IL)","Cook County, IL",Illinois,private_auto,region_departure,social,1900-01-01 22:12:00,1900-01-01 00:27:05,135,138.2,unknown_vehicle_type,other_non_bev,,,,single_family,single_family,transportation_utilities,transportation_utilities,3219617241801563021,14141059390294615401,54.0,male,white_not_hispanic_or_latino,employed,remote,61731.0,worked_from_home,4.0,157889.0,three_plus,core,naics61,single_family,not_attending_school,bachelors_degree,owner,english,"2 (Tract 12.05, Champaign, IL)","12.05 (Champaign, IL)","Champaign County, IL",Illinois,"2 (Tract 12.05, Champaign, IL)","12.05 (Champaign, IL)","Champaign County, IL",Illinois,12.0,18.803661971830987,22,UIUC1,"3.01 (Champaign, IL)",1900-01-01 23:44:00.000000000,23,3.0,Chicago3_mdw,"9801 (Cook, IL)",7.7728301886792455,70,85.0,10,126.57649216051024,135,3.0,82.91999999999999,0,1,0
1816625136263332208,"2 (Tract 14, Champaign, IL)","14 (Champaign, IL)","Champaign County, IL",Illinois,"3 (Tract 4503, Cook, IL)","4503 (Cook, IL)","Cook County, IL",Illinois,private_auto,eat,home,1900-01-01 11:56:00,1900-01-01 14:01:20,125,128.3,unknown_vehicle_type,other_non_bev,,,,education,education,mixed_use,retail,9740249348801146243,5358872781908088384,20.0,male,white_not_hispanic_or_latino,employed,remote,1543.0,worked_from_home,1.0,0.0,unknown_num_vehicles,core,naics61,GQ_structure,undergraduate,some_college,GQ,GQ_language,"2 (Tract 14, Champaign, IL)","14 (Champaign, IL)","Champaign County, IL",Illinois,"2 (Tract 14, Champaign, IL)","14 (Champaign, IL)","Champaign County, IL",Illinois,3.347826086956522,7.582740753175536,11,UIUC1,"3.01 (Champaign, IL)",1900-01-01 13:19:20.869565220,13,20.25,Chicago3_mdw,"9801 (Cook, IL)",28.964999999999996,70,93.59782608695652,10,136.54774075317553,125,3.0,76.98,1,0,0
17380296174658523276,"1 (Tract 4.01, Champaign, IL)","4.01 (Champaign, IL)","Champaign County, IL",Illinois,"3 (Tract 6715, Cook, IL)","6715 (Cook, IL)","Cook County, IL",Illinois,auto_passenger,shop,eat,1900-01-01 15:38:54,1900-01-01 17:45:20,126,126.5,unknown_vehicle_type,unknown_fuel_type,,,,retail,retail,retail,retail,8691257905009346777,14320842630163719417,18.0,female,white_not_hispanic_or_latino,employed,remote,2713.0,worked_from_home,1.0,0.0,unknown_num_vehicles,core,naics722511,GQ_structure,undergraduate,some_college,GQ,GQ_language,"2 (Tract 4.01, Champaign, IL)","4.01 (Champaign, IL)","Champaign County, IL",Illinois,"2 (Tract 4.01, Champaign, IL)","4.01 (Champaign, IL)","Champaign County, IL",Illinois,1.1333333333333333,5.178834138486312,15,UIUC1,"3.01 (Champaign, IL)",1900-01-01 17:00:01.999999998,17,12.9375,Chicago3_mdw,"9801 (Cook, IL)",19.46708333333333,70,84.07083333333334,10,124.64591747181964,126,3.0,75.89999999999999,1,0,0
2282462067285892980,"3 (Tract 7, Champaign, IL)","7 (Champaign, IL)","Champaign County, IL",Illinois,"2 (Tract 5304, Cook, IL)","5304 (Cook, IL)","Cook County, IL",Illinois,private_auto,home,shop,1900-01-01 18:12:32,1900-01-01 20:02:57,110,118.1,unknown_vehicle_type,other_non_bev,,,,retail,retail,single_family,single_family,18266365009081445019,3031171106391417676,19.0,female,black_not_hispanic_or_latino,employed,remote,8072.0,worked_from_home,5.0,144712.0,three_plus,core,naics611110,single_family,undergraduate,some_college,owner,english,"2 (Tract 5304, Cook, IL)","5304 (Cook, IL)","Cook County, IL",Illinois,"1 (Tract 5304, Cook, IL)","5304 (Cook, IL)","Cook County, IL",Illinois,4.444444444444445,9.011466666666665,18,UIUC1,"3.01 (Champaign, IL)",1900-01-01 19:36:58.666666664,19,25.0,Chicago3_mdw,"9801 (Cook, IL)",33.333333333333336,70,99.44444444444444,10,142.3448,110,3.0,70.86,1,0,0
12822965594720466655,"3 (Tract 7, Champaign, IL)","7 (Champaign, IL)","Champaign County, IL",Illinois,"3 (Tract 7505, Cook, IL)","7505 (Cook, IL)","Cook County, IL",Illinois,auto_passenger,social,shop,1900-01-01 13:17:44,1900-01-01 15:10:13,112,119.1,unknown_vehicle_type,unknown_fuel_type,,,,retail,retail,multi_family,multi_family,18266365009081445019,3031171106391417676,19.0,female,black_not_hispanic_or_latino,employed,remote,8072.0,worked_from_home,5.0,144712.0,three_plus,core,naics611110,single_family,undergraduate,some_college,owner,english,"2 (Tract 5304, Cook, IL)","5304 (Cook, IL)","Cook County, IL",Illinois,"1 (Tract 5304, Cook, IL)","5304 (Cook, IL)","Cook County, IL",Illinois,4.222222222222222,8.918133333333333,13,UIUC1,"3.01 (Champaign, IL)",1900-01-01 14:41:57.333333332,14,26.0,Chicago3_mdw,"9801 (Cook, IL)",32.96153846153847,70,100.22222222222223,10,141.8796717948718,112,3.0,71.46,1,0,0
11227287157859904478,"2 (Tract 3.01, Champaign, IL)","3.01 (Champaign, IL)","Champaign County, IL",Illinois,"2 (Tract 6112, Cook, IL)","6112 (Cook, IL)","Cook County, IL",Illinois,auto_passenger,home,shop,1900-01-01 10:39:17,1900-01-01 12:48:23,129,131.3,unknown_vehicle_type,unknown_fuel_type,,,,retail,retail,multi_family,multi_family,11069099737063500948,16923992930314792737,44.0,female,white_not_hispanic_or_latino,employed,remote,91786.0,worked_from_home,1.0,91786.0,zero,core,naics56,multiple_units,not_attending_school,bachelors_degree,renter,english,"2 (Tract 6112, Cook, IL)","6112 (Cook, IL)","Cook County, IL",Illinois,"3 (Tract 4109, Cook, IL)","4109 (Cook, IL)","Cook County, IL",Illinois,0.927536231884058,4.9667474977108395,10,UIUC1,"3.01 (Champaign, IL)",1900-01-01 12:00:12.652173914,12,14.0,Chicago3_mdw,"9801 (Cook, IL)",15.379999999999999,70,84.92753623188406,10,120.34674749771084,129,3.0,78.78,0,1,0
13090778105207951071,"1 (Tract 10, Champaign, IL)","10 (Champaign, IL)","Champaign County, IL",Illinois,"2 (Tract 7003.02, Cook, IL)","7003.02 (Cook, IL)","Cook County, IL",Illinois,auto_passenger,home,eat,1900-01-01 12:49:41,1900-01-01 14:59:41,130,128.9,unknown_vehicle_type,unknown_fuel_type,,,,retail,retail,single_family,single_family,6111823652003459901,4905778248484070563,52.0,male,hispanic_or_latino_origin,employed,remote,68374.0,worked_from_home,5.0,121554.0,two,core,naics48_49,single_family,not_attending_school,k_12,owner,spanish,"2 (Tract 7003.02, Cook, IL)","7003.02 (Cook, IL)","Cook County, IL",Illinois,"3 (Tract 7003.02, Cook, IL)","7003.02 (Cook, IL)","Cook County, IL",Illinois,6.384615384615385,11.146919627457743,12,UIUC1,"3.01 (Champaign, IL)",1900-01-01 14:16:04.076923076,14,15.0,Chicago3_mdw,"9801 (Cook, IL)",17.692957746478875,70,91.38461538461539,10,128.83987737393662,130,3.0,77.34,0,1,0
16974470153636081544,"5 (Tract 12.01, Champaign, IL)","12.01 (Champaign, IL)","Champaign County, IL",Illinois,"2 (Tract 7003.02, Cook, IL)","7003.02 (Cook, IL)","Cook County, IL",Illinois,private_auto,home,eat,1900-01-01 12:18:51,1900-01-01 14:30:15,131,125.5,unknown_vehicle_type,other_non_bev,,,,retail,retail,single_family,single_family,13194233158680523414,15013459471317072745,28.0,female,hispanic_or_latino_origin,employed,remote,72172.0,worked_from_home,3.0,175277.0,two,core,naics61,single_family,not_attending_school,bachelors_degree,owner,spanish,"2 (Tract 7003.02, Cook, IL)","7003.02 (Cook, IL)","Cook County, IL",Illinois,"1 (Tract 8209.01, Cook, IL)","8209.01 (Cook, IL)","Cook County, IL",Illinois,7.45,12.43509271523179,12,UIUC1,"3.01 (Champaign, IL)",1900-01-01 13:46:18.000000000,13,11.5,Chicago3_mdw,"9801 (Cook, IL)",16.222957746478873,70,88.95,10,128.65805046171067,131,3.0,75.3,0,1,0
1915410003821313110,"1 (Tract 9.01, Champaign, IL)","9.01 (Champaign, IL)","Champaign County, IL",Illinois,"4 (Tract 7505, Cook, IL)","7505 (Cook, IL)","Cook County, IL",Illinois,private_auto,social,shop,1900-01-01 12:36:39,1900-01-01 14:28:45,112,119.7,unknown_vehicle_type,other_non_bev,,,,retail,retail,single_family,single_family,4559159775433727294,17671873025690167275,57.0,female,black_not_hispanic_or_latino,employed,remote,49956.0,worked_from_home,3.0,150786.0,two,core,naics56,single_family,not_attending_school,some_college,owner,english,"2 (Tract 8214.01, Cook, IL)","8214.01 (Cook, IL)","Cook County, IL",Illinois,"4 (Tract 8214.01, Cook, IL)","8214.01 (Cook, IL)","Cook County, IL",Illinois,6.538461538461538,11.564725274725275,12,UIUC1,"3.01 (Champaign, IL)",1900-01-01 14:03:11.307692310,14,26.0,Chicago3_mdw,"9801 (Cook, IL)",32.96153846153847,70,102.53846153846153,10,144.52626373626373,112,3.0,71.82,0,1,0
14134239380341587269,"3 (Tract 13.02, Champaign, IL)","13.02 (Champaign, IL)","Champaign County, IL",Illinois,"1 (Tract 9801, Cook, IL)","9801 (Cook, IL)","Cook County, IL",Illinois,private_auto,region_departure,shop,1900-01-01 16:28:00,1900-01-01 18:44:38,136,139.0,unknown_vehicle_type,other_non_bev,,,,retail,retail,transportation_utilities,transportation_utilities,14687760692835331871,5845875105671475165,35.0,male,hispanic_or_latino_origin,employed,remote,70545.0,worked_from_home,3.0,293033.0,two,core,naics44_45,single_family,not_attending_school,bachelors_degree,owner,english,"3 (Tract 13.02, Champaign, IL)","13.02 (Champaign, IL)","Champaign County, IL",Illinois,"3 (Tract 13.02, Champaign, IL)","13.02 (Champaign, IL)","Champaign County, IL",Illinois,7.2105263157894735,13.013103979460848,16,UIUC1,"3.01 (Champaign, IL)",1900-01-01 17:55:12.631578948,17,5.551724137931035,Chicago3_mdw,"9801 (Cook, IL)",8.844554326610279,70,82.76225045372051,10,121.85765830607113,136,3.0,83.39999999999999,0,1,0
14458929002206912208,"1 (Tract 3.02, Champaign, IL)","3.02 (Champaign, IL)","Champaign County, IL",Illinois,"2 (Tract 6303, Cook, IL)","6303 (Cook, IL)","Cook County, IL",Illinois,private_auto,shop,shop,1900-01-01 10:15:00,1900-01-01 12:29:20,134,136.2,unknown_vehicle_type,other_non_bev,,,,retail,retail,retail,retail,17965484095101406134,1222776871014180582,24.0,female,asian_not_hispanic_or_latino,employed,remote,6511.0,worked_from_home,1.0,6511.0,three_plus,core,naics5412,multiple_units,graduate,advanced_degree,renter,asian_pacific,"3 (Tract 5, Champaign, IL)","5 (Champaign, IL)","Champaign County, IL",Illinois,"3 (Tract 5, Champaign, IL)","5 (Champaign, IL)","Champaign County, IL",Illinois,1.1,5.136850948509485,10,UIUC1,"3.01 (Champaign, IL)",1900-01-01 11:36:06.000000000,11,6.0,Chicago3_mdw,"9801 (Cook, IL)",11.07,70,77.1,10,116.2068509485095,134,3.0,81.71999999999998,1,0,0
14588661481761963868,"1 (Tract 8, Champaign, IL)","8 (Champaign, IL)","Champaign County, IL",Illinois,"1 (Tract 9801, Cook, IL)","9801 (Cook, IL)","Cook County, IL",Illinois,auto_passenger,region_departure,eat,1900-01-01 19:53:00,1900-01-01 21:59:58,126,130.5,unknown_vehicle_type,unknown_fuel_type,,,,retail,retail,transportation_utilities,transportation_utilities,15653698369330396260,2001948134158012960,48.0,female,white_not_hispanic_or_latino,employed,remote,111591.0,worked_from_home,3.0,240989.0,three_plus,core,naics52,single_family,not_attending_school,some_college,owner,english,"4 (Tract 104, Champaign, IL)","104 (Champaign, IL)","Champaign County, IL",Illinois,"4 (Tract 104, Champaign, IL)","104 (Champaign, IL)","Champaign County, IL",Illinois,6.630434782608695,11.997008757105547,19,UIUC1,"3.01 (Champaign, IL)",1900-01-01 21:19:37.826086956,21,4.333333333333333,Chicago3_mdw,"9801 (Cook, IL)",8.332830188679244,70,80.96376811594202,10,120.32983894578479,126,3.0,78.3,0,1,0
6248012661609379840,"4 (Tract 13.01, Champaign, IL)","13.01 (Champaign, IL)","Champaign County, IL",Illinois,"1 (Tract 9801, Cook, IL)","9801 (Cook, IL)","Cook County, IL",Illinois,private_auto,region_departure,home,1900-01-01 16:50:00,1900-01-01 19:16:00,146,130.5,unknown_vehicle_type,electric,,,,single_family,single_family,transportation_utilities,transportation_utilities,12757674810013961522,432426705570132556,58.0,male,white_not_hispanic_or_latino,employed,remote,684979.0,worked_from_home,2.0,688541.0,two,core,naics611110,single_family,not_attending_school,advanced_degree,owner,english,"4 (Tract 13.01, Champaign, IL)","13.01 (Champaign, IL)","Champaign County, IL",Illinois,"4 (Tract 13.01, Champaign, IL)","13.01 (Champaign, IL)","Champaign County, IL",Illinois,4.956521739130435,9.879778346121057,16,UIUC1,"3.01 (Champaign, IL)",1900-01-01 18:14:57.391304346,18,4.653846153846154,Chicago3_mdw,"9801 (Cook, IL)",8.46744557329463,70,79.6103678929766,10,118.34722391941568,146,3.0,78.3,0,0,1
9373657271655099430,"1 (Tract 8, Champaign, IL)","8 (Champaign, IL)","Champaign County, IL",Illinois,"1 (Tract 9801, Cook, IL)","9801 (Cook, IL)","Cook County, IL",Illinois,private_auto,region_departure,eat,1900-01-01 18:33:00,1900-01-01 20:42:11,129,124.3,unknown_vehicle_type,other_non_bev,,,,retail,retail,transportation_utilities,transportation_utilities,12803159192280726336,10042387616187177220,29.0,female,black_not_hispanic_or_latino,employed,remote,72462.0,worked_from_home,4.0,72462.0,one,core,naics62,single_family,not_attending_school,high_school,renter,english,"4 (Tract 5, Champaign, IL)","5 (Champaign, IL)","Champaign County, IL",Illinois,"2 (Tract 5, Champaign, IL)","5 (Champaign, IL)","Champaign County, IL",Illinois,7.183098591549296,12.229127556860599,18,UIUC1,"3.01 (Champaign, IL)",1900-01-01 20:00:10.985915490,20,5.92,Chicago3_mdw,"9801 (Cook, IL)",8.999230188679245,70,83.1030985915493,10,121.22835774553985,129,3.0,74.58,0,1,0
1579831895994823520,"5 (Tract 10, Champaign, IL)","10 (Champaign, IL)","Champaign County, IL",Illinois,"1 (Tract 9801, Cook, IL)","9801 (Cook, IL)","Cook County, IL",Illinois,private_auto,region_departure,home,1900-01-01 18:42:00,1900-01-01 20:55:06,133,128.5,unknown_vehicle_type,other_non_bev,,,,mixed_use,single_family,transportation_utilities,transportation_utilities,13421552613091923037,6196165984081839574,20.0,female,white_not_hispanic_or_latino,employed,remote,579.0,worked_from_home,2.0,6375.0,one,core,naics61,multiple_units,undergraduate,some_college,renter,english,"5 (Tract 10, Champaign, IL)","10 (Champaign, IL)","Champaign County, IL",Illinois,"5 (Tract 10, Champaign, IL)","10 (Champaign, IL)","Champaign County, IL",Illinois,5.95,10.964381165919281,18,UIUC1,"3.01 (Champaign, IL)",1900-01-01 20:07:57.000000000,20,5.92,Chicago3_mdw,"9801 (Cook, IL)",8.999230188679245,70,81.87,10,119.96361135459853,133,3.0,77.1,1,0,0
5212813455243276,"1 (Tract 12.04, Champaign, IL)","12.04 (Champaign, IL)","Champaign County, IL",Illinois,"1 (Tract 9801, Cook, IL)","9801 (Cook, IL)","Cook County, IL",Illinois,private_auto,region_departure,social,1900-01-01 16:51:00,1900-01-01 19:05:14,134,137.8,unknown_vehicle_type,other_non_bev,,,,single_family,single_family,transportation_utilities,transportation_utilities,8537207882537261973,4961440473815275041,54.0,male,white_not_hispanic_or_latino,employed,remote,271327.0,worked_from_home,5.0,308444.0,two,core,naics54,single_family,not_attending_school,bachelors_degree,owner,indo_european,"5 (Tract 109.01, Champaign, IL)","109.01 (Champaign, IL)","Champaign County, IL",Illinois,"5 (Tract 109.01, Champaign, IL)","109.01 (Champaign, IL)","Champaign County, IL",Illinois,11.384615384615383,17.675222672064777,16,UIUC1,"3.01 (Champaign, IL)",1900-01-01 18:22:23.076923076,18,4.653846153846154,Chicago3_mdw,"9801 (Cook, IL)",8.46744557329463,70,86.03846153846155,10,126.1426682453594,134,3.0,82.68,0,0,1
3011225586827995548,"2 (Tract 14, Champaign, IL)","14 (Champaign, IL)","Champaign County, IL",Illinois,"5 (Tract 2306, Cook, IL)","2306 (Cook, IL)","Cook County, IL",Illinois,private_auto,home,recreation,1900-01-01 15:27:21,1900-01-01 17:59:36,152,141.9,unknown_vehicle_type,other_non_bev,,,,non_retail_attraction,non_retail_attraction,multi_family,multi_family,3783664650823817926,16811056439227304749,24.0,female,hispanic_or_latino_origin,employed,remote,3561.0,worked_from_home,9.0,101025.0,two,core,naics62,several_units,not_attending_school,high_school,renter,spanish,"5 (Tract 2306, Cook, IL)","2306 (Cook, IL)","Cook County, IL",Illinois,"1 (Tract 8076, Cook, IL)","8076 (Cook, IL)","Cook County, IL",Illinois,3.204081632653061,7.522368082368082,15,UIUC1,"3.01 (Champaign, IL)",1900-01-01 16:50:33.244897962,16,21.0,Chicago3_mdw,"9801 (Cook, IL)",28.375384615384615,70,94.20408163265306,10,135.89775269775268,152,3.0,85.14,1,0,0
17755936231153362732,"1 (Tract 3.01, Champaign, IL)","3.01 (Champaign, IL)","Champaign County, IL",Illinois,"2 (Tract 7109, Cook, IL)","7109 (Cook, IL)","Cook County, IL",Illinois,auto_passenger,work,eat,1900-01-01 12:47:30,1900-01-01 14:47:39,120,124.2,unknown_vehicle_type,unknown_fuel_type,,,,retail,retail,mixed_use,retail,1605424237039230471,11512187690903856102,46.0,male,white_not_hispanic_or_latino,not_in_labor_force,unemployed_under_16_not_in_labor_force,9442.0,other_travel_mode,3.0,67289.0,two,core,not_working,single_family,not_attending_school,bachelors_degree,owner,english,"1 (Tract 10, Champaign, IL)","10 (Champaign, IL)","Champaign County, IL",Illinois,Does not have work/school location,Does not have work/school location,Does not have work/school location,Does not have work/school location,1.1690140845070425,5.068168195812493,12,UIUC1,"3.01 (Champaign, IL)",1900-01-01 14:08:40.140845070,14,17.5,Chicago3_mdw,"9801 (Cook, IL)",26.45,70,88.66901408450704,10,131.51816819581248,120,3.0,74.52,1,0,0
6734999041317142524,"3 (Tract 9.02, Champaign, IL)","9.02 (Champaign, IL)","Champaign County, IL",Illinois,"4 (Tract 7401, Cook, IL)","7401 (Cook, IL)","Cook County, IL",Illinois,auto_passenger,eat,shop,1900-01-01 16:36:05,1900-01-01 18:39:11,123,123.7,unknown_vehicle_type,unknown_fuel_type,,,,office,office,retail,retail,4695825419083547025,1217846723661444085,75.0,female,white_not_hispanic_or_latino,not_in_labor_force,unemployed_under_16_not_in_labor_force,9442.0,other_travel_mode,2.0,20186.0,three_plus,core,not_working,single_family,not_attending_school,high_school,renter,english,"1 (Tract 109.02, Champaign, IL)","109.02 (Champaign, IL)","Champaign County, IL",Illinois,Does not have work/school location,Does not have work/school location,Does not have work/school location,Does not have work/school location,10.16,15.78494919614148,16,UIUC1,"3.01 (Champaign, IL)",1900-01-01 18:06:14.600000000,18,16.25,Chicago3_mdw,"9801 (Cook, IL)",22.980999999999998,70,96.41,10,138.7659491961415,123,3.0,74.22,1,0,0
2118728312097039092,"1 (Tract 12.04, Champaign, IL)","12.04 (Champaign, IL)","Champaign County, IL",Illinois,"4 (Tract 7401, Cook, IL)","7401 (Cook, IL)","Cook County, IL",Illinois,auto_passenger,eat,eat,1900-01-01 19:55:00,1900-01-01 21:52:31,117,126.8,unknown_vehicle_type,unknown_fuel_type,,,,retail,retail,retail,retail,1736567766950464537,12857011220089625339,72.0,female,white_not_hispanic_or_latino,not_in_labor_force,unemployed_under_16_not_in_labor_force,38419.0,other_travel_mode,2.0,116909.0,two,core,not_working,single_family,not_attending_school,advanced_degree,owner,english,"1 (Tract 109.02, Champaign, IL)","109.02 (Champaign, IL)","Champaign County, IL",Illinois,Does not have work/school location,Does not have work/school location,Does not have work/school location,Does not have work/school location,10.285714285714286,17.213684210526317,19,UIUC1,"3.01 (Champaign, IL)",1900-01-01 21:25:17.142857142,21,14.0,Chicago3_mdw,"9801 (Cook, IL)",22.035999999999998,70,94.28571428571429,10,139.2496842105263,117,3.0,76.08,1,0,0
3415042011899626607,"1 (Tract 11, Champaign, IL)","11 (Champaign, IL)","Champaign County, IL",Illinois,"1 (Tract 9801, Cook, IL)","9801 (Cook, IL)","Cook County, IL",Illinois,auto_passenger,region_departure,home,1900-01-01 05:13:00,1900-01-01 07:25:49,132,134.6,unknown_vehicle_type,unknown_fuel_type,,,,single_family,single_family,transportation_utilities,transportation_utilities,10173141104097051496,16743178243001486839,83.0,female,white_not_hispanic_or_latino,not_in_labor_force,unemployed_under_16_not_in_labor_force,0.0,other_travel_mode,3.0,83099.0,two,core,not_working,single_family,not_attending_school,bachelors_degree,owner,english,"1 (Tract 11, Champaign, IL)","11 (Champaign, IL)","Champaign County, IL",Illinois,Does not have work/school location,Does not have work/school location,Does not have work/school location,Does not have work/school location,4.857142857142858,9.493246753246753,5,UIUC1,"3.01 (Champaign, IL)",1900-01-01 06:37:51.428571426,6,4.568965517241379,Chicago3_mdw,"9801 (Cook, IL)",8.431795705920624,70,79.42610837438424,10,117.92504245916737,132,3.0,80.75999999999999,1,0,0
3910682870372702257,"3 (Tract 7, Champaign, IL)","7 (Champaign, IL)","Champaign County, IL",Illinois,"1 (Tract 9801, Cook, IL)","9801 (Cook, IL)","Cook County, IL",Illinois,private_auto,region_departure,shop,1900-01-01 10:38:00,1900-01-01 12:54:31,136,125.8,unknown_vehicle_type,other_non_bev,,,,office,office,transportation_utilities,transportation_utilities,6025809896666699132,7643954252850595690,34.0,female,white_not_hispanic_or_latino,not_in_labor_force,unemployed_under_16_not_in_labor_force,792.0,other_travel_mode,5.0,109323.0,one,core,not_working,single_family,not_attending_school,some_college,owner,english,"1 (Tract 11, Champaign, IL)","11 (Champaign, IL)","Champaign County, IL",Illinois,Does not have work/school location,Does not have work/school location,Does not have work/school location,Does not have work/school location,4.833333333333333,9.1748,10,UIUC1,"3.01 (Champaign, IL)",1900-01-01 12:02:49.999999998,12,5.0608108108108105,Chicago3_mdw,"9801 (Cook, IL)",8.638370729219785,70,79.89414414414414,10,117.81317072921979,136,3.0,75.47999999999999,1,0,0
15402177225417209195,"1 (Tract 13.01, Champaign, IL)","13.01 (Champaign, IL)","Champaign County, IL",Illinois,"1 (Tract 9801, Cook, IL)","9801 (Cook, IL)","Cook County, IL",Illinois,private_auto,region_departure,eat,1900-01-01 10:25:00,1900-01-01 12:45:41,140,127.5,unknown_vehicle_type,other_non_bev,,,,retail,retail,transportation_utilities,transportation_utilities,10943091555534471031,16447836692287738831,74.0,male,two_races_not_hispanic_or_latino,not_in_labor_force,unemployed_under_16_not_in_labor_force,20837.0,other_travel_mode,2.0,46125.0,three_plus,core,not_working,single_family,not_attending_school,bachelors_degree,owner,english,"1 (Tract 110.02, Champaign, IL)","110.02 (Champaign, IL)","Champaign County, IL",Illinois,Does not have work/school location,Does not have work/school location,Does not have work/school location,Does not have work/school location,4.967741935483871,9.8844908285895,10,UIUC1,"3.01 (Champaign, IL)",1900-01-01 11:49:58.064516130,11,4.945945945945946,Chicago3_mdw,"9801 (Cook, IL)",8.590127485976542,70,79.91368788142982,10,118.47461831456604,140,3.0,76.5,1,0,0
14242644010372763501,"1 (Tract 12.01, Champaign, IL)","12.01 (Champaign, IL)","Champaign County, IL",Illinois,"1 (Tract 6611, Cook, IL)","6611 (Cook, IL)","Cook County, IL",Illinois,auto_passenger,work,home,1900-01-01 17:28:00,1900-01-01 19:32:57,124,129.8,unknown_vehicle_type,unknown_fuel_type,,,,mixed_use,multi_family,single_family,single_family,6222642763579096102,13971846361791116014,49.0,male,black_not_hispanic_or_latino,not_in_labor_force,unemployed_under_16_not_in_labor_force,0.0,other_travel_mode,3.0,19880.0,zero,core,not_working,several_units,not_attending_school,high_school,renter,english,"1 (Tract 12.01, Champaign, IL)","12.01 (Champaign, IL)","Champaign County, IL",Illinois,Does not have work/school location,Does not have work/school location,Does not have work/school location,Does not have work/school location,7.1,12.288092715231787,17,UIUC1,"3.01 (Champaign, IL)",1900-01-01 18:55:06.000000000,18,9.0,Chicago3_mdw,"9801 (Cook, IL)",15.451428571428572,70,86.1,10,127.73952128666036,124,3.0,77.88000000000001,1,0,0
10506427781668009687,"4 (Tract 13.01, Champaign, IL)","13.01 (Champaign, IL)","Champaign County, IL",Illinois,"3 (Tract 6611, Cook, IL)","6611 (Cook, IL)","Cook County, IL",Illinois,private_auto,work,shop,1900-01-01 19:39:00,1900-01-01 21:46:45,127,128.6,unknown_vehicle_type,other_non_bev,,,,office,office,single_family,single_family,6518108265486544289,8479740440575248284,19.0,female,hispanic_or_latino_origin,not_in_labor_force,unemployed_under_16_not_in_labor_force,2374.0,other_travel_mode,4.0,33833.0,one,core,naics72,multiple_units,undergraduate,some_college,renter,spanish,"1 (Tract 12.01, Champaign, IL)","12.01 (Champaign, IL)","Champaign County, IL",Illinois,Does not have work/school location,Does not have work/school location,Does not have work/school location,Does not have work/school location,4.714285714285714,9.778039215686274,19,UIUC1,"3.01 (Champaign, IL)",1900-01-01 21:03:42.857142858,21,8.0,Chicago3_mdw,"9801 (Cook, IL)",15.03142857142857,70,82.71428571428571,10,124.80946778711484,127,3.0,77.16,1,0,0
13407521398593259827,"1 (Tract 12.01, Champaign, IL)","12.01 (Champaign, IL)","Champaign County, IL",Illinois,"5 (Tract 6608, Cook, IL)","6608 (Cook, IL)","Cook County, IL",Illinois,private_auto,work,home,1900-01-01 17:30:00,1900-01-01 19:37:31,127,130.2,unknown_vehicle_type,other_non_bev,,,,mixed_use,multi_family,multi_family,multi_family,6384101327884501088,13092667490899399071,21.0,female,two_races_not_hispanic_or_latino,not_in_labor_force,unemployed_under_16_not_in_labor_force,18546.0,other_travel_mode,1.0,18546.0,one,core,naics48_49,multiple_units,undergraduate,high_school,renter,english,"1 (Tract 12.01, Champaign, IL)","12.01 (Champaign, IL)","Champaign County, IL",Illinois,Does not have work/school location,Does not have work/school location,Does not have work/school location,Does not have work/school location,7.1,12.288092715231787,17,UIUC1,"3.01 (Champaign, IL)",1900-01-01 18:57:06.000000000,18,8.142857142857142,Chicago3_mdw,"9801 (Cook, IL)",13.431999999999999,70,85.24285714285713,10,125.72009271523179,127,3.0,78.11999999999999,1,0,0
14949217803762027595,"3 (Tract 13.01, Champaign, IL)","13.01 (Champaign, IL)","Champaign County, IL",Illinois,"1 (Tract 9801, Cook, IL)","9801 (Cook, IL)","Cook County, IL",Illinois,private_auto,region_departure,social,1900-01-01 07:45:00,1900-01-01 10:02:17,137,134.0,unknown_vehicle_type,other_non_bev,,,,single_family,single_family,transportation_utilities,transportation_utilities,18173962816484262926,3010331488615066202,74.0,male,white_not_hispanic_or_latino,not_in_labor_force,unemployed_under_16_not_in_labor_force,180801.0,other_travel_mode,2.0,180801.0,three_plus,core,not_working,single_family,not_attending_school,advanced_degree,owner,spanish,"1 (Tract 12.04, Champaign, IL)","12.04 (Champaign, IL)","Champaign County, IL",Illinois,Does not have work/school location,Does not have work/school location,Does not have work/school location,Does not have work/school location,6.318181818181818,10.451675579322638,7,UIUC1,"3.01 (Champaign, IL)",1900-01-01 09:11:19.090909092,9,4.908163265306122,Chicago3_mdw,"9801 (Cook, IL)",8.574258760107817,70,81.22634508348793,10,119.02593433943045,137,3.0,80.39999999999999,0,0,1
15507164947246683790,"1 (Tract 8, Champaign, IL)","8 (Champaign, IL)","Champaign County, IL",Illinois,"1 (Tract 9801, Cook, IL)","9801 (Cook, IL)","Cook County, IL",Illinois,private_auto,region_departure,shop,1900-01-01 18:13:00,1900-01-01 20:19:48,126,130.0,unknown_vehicle_type,other_non_bev,,,,retail,retail,transportation_utilities,transportation_utilities,13758912442416683513,6660013720887875200,69.0,female,hispanic_or_latino_origin,unemployed,unemployed_under_16_not_in_labor_force,0.0,other_travel_mode,2.0,129478.0,one,core,not_working,single_family,not_attending_school,high_school,owner,spanish,"1 (Tract 12.04, Champaign, IL)","12.04 (Champaign, IL)","Champaign County, IL",Illinois,Does not have work/school location,Does not have work/school location,Does not have work/school location,Does not have work/school location,7.183098591549296,12.229127556860599,18,UIUC1,"3.01 (Champaign, IL)",1900-01-01 19:40:10.985915490,19,5.05,Chicago3_mdw,"9801 (Cook, IL)",8.633830188679244,70,82.2330985915493,10,120.86295774553984,126,3.0,78.0,1,0,0
3356593693807629563,"2 (Tract 13.02, Champaign, IL)","13.02 (Champaign, IL)","Champaign County, IL",Illinois,"1 (Tract 9801, Cook, IL)","9801 (Cook, IL)","Cook County, IL",Illinois,private_auto,region_departure,social,1900-01-01 13:36:00,1900-01-01 16:00:30,144,129.5,unknown_vehicle_type,other_non_bev,,,,single_family,single_family,transportation_utilities,transportation_utilities,9716583693181250801,9714255992422247336,43.0,female,white_not_hispanic_or_latino,not_in_labor_force,unemployed_under_16_not_in_labor_force,203.0,other_travel_mode,13.0,66605.0,two,core,naics81,single_family,not_attending_school,some_college,renter,indo_european,"1 (Tract 12.05, Champaign, IL)","12.05 (Champaign, IL)","Champaign County, IL",Illinois,Does not have work/school location,Does not have work/school location,Does not have work/school location,Does not have work/school location,8.6,13.596682926829267,13,UIUC1,"3.01 (Champaign, IL)",1900-01-01 15:04:36.000000000,15,5.063291139240507,Chicago3_mdw,"9801 (Cook, IL)",8.639412467160257,70,83.6632911392405,10,122.23609539398952,144,3.0,77.7,1,0,0
11392122933213482003,"1 (Tract 13.02, Champaign, IL)","13.02 (Champaign, IL)","Champaign County, IL",Illinois,"1 (Tract 9801, Cook, IL)","9801 (Cook, IL)","Cook County, IL",Illinois,private_auto,region_departure,social,1900-01-01 12:00:00,1900-01-01 14:31:06,151,130.7,unknown_vehicle_type,other_non_bev,,,,single_family,single_family,transportation_utilities,transportation_utilities,9099019461510734707,7082710407158991497,18.0,female,white_not_hispanic_or_latino,not_in_labor_force,unemployed_under_16_not_in_labor_force,0.0,other_travel_mode,5.0,179673.0,three_plus,core,not_working,single_family,undergraduate,some_college,owner,english,"1 (Tract 12.05, Champaign, IL)","12.05 (Champaign, IL)","Champaign County, IL",Illinois,Does not have work/school location,Does not have work/school location,Does not have work/school location,Does not have work/school location,7.136363636363637,12.981955654101995,12,UIUC1,"3.01 (Champaign, IL)",1900-01-01 13:27:08.181818183,13,5.015151515151516,Chicago3_mdw,"9801 (Cook, IL)",8.619193825042881,70,82.15151515151516,10,121.60114947914488,151,3.0,78.41999999999999,1,0,0
16565364583551691252,"3 (Tract 12.03, Champaign, IL)","12.03 (Champaign, IL)","Champaign County, IL",Illinois,"1 (Tract 9801, Cook, IL)","9801 (Cook, IL)","Cook County, IL",Illinois,private_auto,region_departure,eat,1900-01-01 11:48:00,1900-01-01 14:14:10,146,131.6,unknown_vehicle_type,electric,,,,retail,retail,transportation_utilities,transportation_utilities,12646032979342564011,18055621077839014421,70.0,female,asian_not_hispanic_or_latino,not_in_labor_force,unemployed_under_16_not_in_labor_force,0.0,other_travel_mode,6.0,312979.0,two,core,not_working,single_family,not_attending_school,no_school,owner,asian_pacific,"1 (Tract 12.05, Champaign, IL)","12.05 (Champaign, IL)","Champaign County, IL",Illinois,Does not have work/school location,Does not have work/school location,Does not have work/school location,Does not have work/school location,8.4,14.162656488549617,11,UIUC1,"3.01 (Champaign, IL)",1900-01-01 13:16:24.000000000,13,5.015151515151516,Chicago3_mdw,"9801 (Cook, IL)",8.619193825042881,70,83.41515151515152,10,122.7818503135925,146,3.0,78.96,1,0,0
14211009707209374447,"1 (Tract 13.02, Champaign, IL)","13.02 (Champaign, IL)","Champaign County, IL",Illinois,"1 (Tract 9801, Cook, IL)","9801 (Cook, IL)","Cook County, IL",Illinois,private_auto,region_departure,maintenance,1900-01-01 11:41:51,1900-01-01 14:03:15,141,132.3,unknown_vehicle_type,other_non_bev,,,,office,office,transportation_utilities,transportation_utilities,17442980235473290305,16570373011865284322,71.0,male,asian_not_hispanic_or_latino,not_in_labor_force,unemployed_under_16_not_in_labor_force,0.0,other_travel_mode,6.0,312979.0,two,core,not_working,single_family,not_attending_school,advanced_degree,owner,asian_pacific,"1 (Tract 12.05, Champaign, IL)","12.05 (Champaign, IL)","Champaign County, IL",Illinois,Does not have work/school location,Does not have work/school location,Does not have work/school location,Does not have work/school location,7.611111111111111,13.181349593495934,11,UIUC1,"3.01 (Champaign, IL)",1900-01-01 13:09:27.666666666,13,5.015151515151516,Chicago3_mdw,"9801 (Cook, IL)",8.619193825042881,70,82.62626262626263,10,121.80054341853882,141,3.0,79.38000000000001,1,0,0
12703980199467789057,"1 (Tract 13.02, Champaign, IL)","13.02 (Champaign, IL)","Champaign County, IL",Illinois,"1 (Tract 9801, Cook, IL)","9801 (Cook, IL)","Cook County, IL",Illinois,auto_passenger,region_departure,maintenance,1900-01-01 15:58:00,1900-01-01 18:17:19,139,138.0,unknown_vehicle_type,unknown_fuel_type,,,,office,office,transportation_utilities,transportation_utilities,2853397977016829313,13197769516673767062,71.0,male,asian_not_hispanic_or_latino,not_in_labor_force,unemployed_under_16_not_in_labor_force,0.0,other_travel_mode,6.0,312979.0,two,core,not_working,single_family,not_attending_school,advanced_degree,owner,asian_pacific,"1 (Tract 12.05, Champaign, IL)","12.05 (Champaign, IL)","Champaign County, IL",Illinois,Does not have work/school location,Does not have work/school location,Does not have work/school location,Does not have work/school location,7.684210526315789,13.2120513478819,15,UIUC1,"3.01 (Champaign, IL)",1900-01-01 17:25:41.052631578,17,5.551724137931035,Chicago3_mdw,"9801 (Cook, IL)",8.844554326610279,70,83.23593466424683,10,122.05660567449218,139,3.0,82.8,1,0,0
6189986795034217264,"1 (Tract 13.01, Champaign, IL)","13.01 (Champaign, IL)","Champaign County, IL",Illinois,"1 (Tract 9801, Cook, IL)","9801 (Cook, IL)","Cook County, IL",Illinois,private_auto,region_departure,eat,1900-01-01 13:01:00,1900-01-01 15:29:04,148,129.1,unknown_vehicle_type,other_non_bev,,,,retail,retail,transportation_utilities,transportation_utilities,16982897711951547996,1616196052378964921,75.0,male,black_not_hispanic_or_latino,not_in_labor_force,unemployed_under_16_not_in_labor_force,0.0,other_travel_mode,6.0,106818.0,three_plus,core,not_working,single_family,not_attending_school,high_school,owner,indo_european,"1 (Tract 12.06, Champaign, IL)","12.06 (Champaign, IL)","Champaign County, IL",Illinois,Does not have work/school location,Does not have work/school location,Does not have work/school location,Does not have work/school location,6.0,10.318039215686275,13,UIUC1,"3.01 (Champaign, IL)",1900-01-01 14:27:00.000000000,14,5.041322314049586,Chicago3_mdw,"9801 (Cook, IL)",8.63018556058007,70,81.04132231404958,10,118.94822477626634,148,3.0,77.46,1,0,0
15305554203993209432,"3 (Tract 11, Champaign, IL)","11 (Champaign, IL)","Champaign County, IL",Illinois,"1 (Tract 9801, Cook, IL)","9801 (Cook, IL)","Cook County, IL",Illinois,auto_passenger,region_departure,eat,1900-01-01 18:30:00,1900-01-01 20:39:42,129,134.0,unknown_vehicle_type,unknown_fuel_type,,,,retail,retail,transportation_utilities,transportation_utilities,8336152681742368190,7688988380154005251,75.0,male,white_not_hispanic_or_latino,not_in_labor_force,unemployed_under_16_not_in_labor_force,146057.0,other_travel_mode,2.0,158808.0,two,core,not_working,single_family,not_attending_school,high_school,owner,english,"1 (Tract 12.06, Champaign, IL)","12.06 (Champaign, IL)","Champaign County, IL",Illinois,Does not have work/school location,Does not have work/school location,Does not have work/school location,Does not have work/school location,4.666666666666667,9.413246753246753,18,UIUC1,"3.01 (Champaign, IL)",1900-01-01 19:54:40.000000002,19,5.05,Chicago3_mdw,"9801 (Cook, IL)",8.633830188679244,70,79.71666666666667,10,118.047076941926,129,3.0,80.39999999999999,0,1,0
8691306667587367311,"1 (Tract 13.01, Champaign, IL)","13.01 (Champaign, IL)","Champaign County, IL",Illinois,"1 (Tract 9801, Cook, IL)","9801 (Cook, IL)","Cook County, IL",Illinois,private_auto,region_departure,eat,1900-01-01 17:05:00,1900-01-01 19:22:54,137,127.1,unknown_vehicle_type,other_non_bev,,,,retail,retail,transportation_utilities,transportation_utilities,16210537915946336425,16083370330289174903,76.0,female,white_not_hispanic_or_latino,not_in_labor_force,unemployed_under_16_not_in_labor_force,170463.0,other_travel_mode,2.0,259161.0,two,core,not_working,single_family,not_attending_school,high_school,owner,english,"1 (Tract 12.06, Champaign, IL)","12.06 (Champaign, IL)","Champaign County, IL",Illinois,Does not have work/school location,Does not have work/school location,Does not have work/school location,Does not have work/school location,4.918918918918919,9.86398516163222,17,UIUC1,"3.01 (Champaign, IL)",1900-01-01 18:29:55.135135134,18,4.653846153846154,Chicago3_mdw,"9801 (Cook, IL)",8.46744557329463,70,79.57276507276508,10,118.33143073492684,137,3.0,76.25999999999999,0,0,1
12090803609650031874,"3 (Tract 53, Champaign, IL)","53 (Champaign, IL)","Champaign County, IL",Illinois,"1 (Tract 9801, Cook, IL)","9801 (Cook, IL)","Cook County, IL",Illinois,private_auto,region_departure,maintenance,1900-01-01 07:29:23,1900-01-01 09:42:35,133,132.0,unknown_vehicle_type,other_non_bev,,,,office,office,transportation_utilities,transportation_utilities,8465166667197526353,10557776129037524638,68.0,female,white_not_hispanic_or_latino,not_in_labor_force,unemployed_under_16_not_in_labor_force,31815.0,other_travel_mode,2.0,140913.0,two,core,not_working,single_family,not_attending_school,some_college,owner,english,"1 (Tract 13.02, Champaign, IL)","13.02 (Champaign, IL)","Champaign County, IL",Illinois,Does not have work/school location,Does not have work/school location,Does not have work/school location,Does not have work/school location,4.758620689655173,8.543788648311502,7,UIUC1,"3.01 (Champaign, IL)",1900-01-01 08:54:08.517241382,8,5.442622950819672,Chicago3_mdw,"9801 (Cook, IL)",8.798731828023508,70,80.20124364047484,10,117.34252047633501,133,3.0,79.2,1,0,0
14315092844008773426,"1 (Tract 2, Champaign, IL)","2 (Champaign, IL)","Champaign County, IL",Illinois,"1 (Tract 9801, Cook, IL)","9801 (Cook, IL)","Cook County, IL",Illinois,auto_passenger,region_departure,home,1900-01-01 19:04:28,1900-01-01 21:13:38,129,131.1,unknown_vehicle_type,unknown_fuel_type,,,,mixed_use,multi_family,transportation_utilities,transportation_utilities,9563097117954997342,16796245112209866350,54.0,male,black_not_hispanic_or_latino,not_in_labor_force,unemployed_under_16_not_in_labor_force,11473.0,other_travel_mode,1.0,11473.0,zero,core,not_working,several_units,not_attending_school,high_school,renter,english,"1 (Tract 2, Champaign, IL)","2 (Champaign, IL)","Champaign County, IL",Illinois,Does not have work/school location,Does not have work/school location,Does not have work/school location,Does not have work/school location,2.1666666666666665,6.306774193548388,19,UIUC1,"3.01 (Champaign, IL)",1900-01-01 20:26:38.000000002,20,5.92,Chicago3_mdw,"9801 (Cook, IL)",8.999230188679245,70,78.08666666666667,10,115.30600438222764,129,3.0,78.66,1,0,0
17574990688356278439,"1 (Tract 8, Champaign, IL)","8 (Champaign, IL)","Champaign County, IL",Illinois,"1 (Tract 5203, Cook, IL)","5203 (Cook, IL)","Cook County, IL",Illinois,private_auto,social,shop,1900-01-01 15:47:00,1900-01-01 17:49:37,122,127.4,unknown_vehicle_type,other_non_bev,,,,office,office,multi_family,multi_family,8860021717388941778,2036843836507307321,43.0,female,white_not_hispanic_or_latino,not_in_labor_force,unemployed_under_16_not_in_labor_force,0.0,other_travel_mode,1.0,0.0,unknown_num_vehicles,core,not_working,GQ_structure,not_attending_school,high_school,GQ,GQ_language,"1 (Tract 29.05, Macon, IL)","29.05 (Macon, IL)","Macon County, IL",Illinois,Does not have work/school location,Does not have work/school location,Does not have work/school location,Does not have work/school location,7.298701298701299,12.27768069386444,15,UIUC1,"3.01 (Champaign, IL)",1900-01-01 17:14:17.922077922,17,24.0,Chicago3_mdw,"9801 (Cook, IL)",40.06,70,101.2987012987013,10,152.33768069386446,122,3.0,76.44,1,0,0
12466760865594772521,"1 (Tract 3.02, Champaign, IL)","3.02 (Champaign, IL)","Champaign County, IL",Illinois,"2 (Tract 5703, Cook, IL)","5703 (Cook, IL)","Cook County, IL",Illinois,private_auto,eat,home,1900-01-01 16:17:00,1900-01-01 18:35:27,138,128.4,,,,,,multi_family,multi_family,mixed_use,retail,11928036558860211113,5953410333317140385,20.0,female,asian_not_hispanic_or_latino,not_in_labor_force,unemployed_under_16_not_in_labor_force,0.0,other_travel_mode,2.0,0.0,two,core,not_working,multiple_units,undergraduate,some_college,renter,asian_pacific,"1 (Tract 3.02, Champaign, IL)","3.02 (Champaign, IL)","Champaign County, IL",Illinois,"2 (Tract 105, Champaign, IL)","105 (Champaign, IL)","Champaign County, IL",Illinois,1.206896551724138,5.181747500233623,16,UIUC1,"3.01 (Champaign, IL)",1900-01-01 17:38:12.413793102,17,10.916666666666666,Chicago3_mdw,"9801 (Cook, IL)",11.803260869565218,70,82.12356321839081,10,116.98500836979885,138,3.0,77.04,1,0,0
8014101416168602929,"1 (Tract 111, Champaign, IL)","111 (Champaign, IL)","Champaign County, IL",Illinois,"1 (Tract 9801, Cook, IL)","9801 (Cook, IL)","Cook County, IL",Illinois,private_auto,region_departure,eat,1900-01-01 18:15:00,1900-01-01 20:37:58,142,129.7,unknown_vehicle_type,other_non_bev,,,,retail,retail,transportation_utilities,transportation_utilities,11042538564867156320,14826298779474869547,71.0,female,white_not_hispanic_or_latino,not_in_labor_force,unemployed_under_16_not_in_labor_force,24690.0,other_travel_mode,3.0,145744.0,two,core,not_working,single_family,not_attending_school,some_college,owner,english,"1 (Tract 5, Champaign, IL)","5 (Champaign, IL)","Champaign County, IL",Illinois,Does not have work/school location,Does not have work/school location,Does not have work/school location,Does not have work/school location,2.8484848484848486,7.052442067736186,18,UIUC1,"3.01 (Champaign, IL)",1900-01-01 19:37:50.909090910,19,5.05,Chicago3_mdw,"9801 (Cook, IL)",8.633830188679244,70,77.89848484848484,10,115.68627225641542,142,3.0,77.82,1,0,0
9179711635407740934,"1 (Tract 12.04, Champaign, IL)","12.04 (Champaign, IL)","Champaign County, IL",Illinois,"1 (Tract 9801, Cook, IL)","9801 (Cook, IL)","Cook County, IL",Illinois,private_auto,region_departure,eat,1900-01-01 20:09:25,1900-01-01 22:21:59,132,136.9,unknown_vehicle_type,other_non_bev,,,,retail,retail,transportation_utilities,transportation_utilities,3043556706701332464,6948781429000747788,18.0,male,white_not_hispanic_or_latino,not_in_labor_force,unemployed_under_16_not_in_labor_force,14492.0,other_travel_mode,4.0,101447.0,three_plus,core,not_working,single_family,not_attending_school,k_12,owner,indo_european,"1 (Tract 5.07, McLean, IL)","5.07 (McLean, IL)","McLean County, IL",Illinois,Does not have work/school location,Does not have work/school location,Does not have work/school location,Does not have work/school location,11.0,17.513684210526318,20,UIUC1,"3.01 (Champaign, IL)",1900-01-01 21:40:25.000000000,21,4.333333333333333,Chicago3_mdw,"9801 (Cook, IL)",8.332830188679244,70,85.33333333333333,10,125.84651439920556,132,3.0,82.14,1,0,0
7076724109261211177,"1 (Tract 111, Champaign, IL)","111 (Champaign, IL)","Champaign County, IL",Illinois,"1 (Tract 9801, Cook, IL)","9801 (Cook, IL)","Cook County, IL",Illinois,private_auto,region_departure,shop,1900-01-01 18:58:00,1900-01-01 21:10:35,132,132.7,unknown_vehicle_type,other_non_bev,,,,retail,retail,transportation_utilities,transportation_utilities,2015876112987348714,6946009262092835933,73.0,male,white_not_hispanic_or_latino,not_in_labor_force,unemployed_under_16_not_in_labor_force,56088.0,other_travel_mode,2.0,76166.0,two,core,not_working,mobile,not_attending_school,some_college,owner,english,"1 (Tract 54.02, Champaign, IL)","54.02 (Champaign, IL)","Champaign County, IL",Illinois,Does not have work/school location,Does not have work/school location,Does not have work/school location,Does not have work/school location,2.8484848484848486,7.052442067736186,18,UIUC1,"3.01 (Champaign, IL)",1900-01-01 20:20:50.909090910,20,5.92,Chicago3_mdw,"9801 (Cook, IL)",8.999230188679245,70,78.76848484848485,10,116.05167225641543,132,3.0,79.61999999999999,0,1,0
1335678931837536948,"1 (Tract 56.01, Champaign, IL)","56.01 (Champaign, IL)","Champaign County, IL",Illinois,"1 (Tract 9801, Cook, IL)","9801 (Cook, IL)","Cook County, IL",Illinois,private_auto,region_departure,home,1900-01-01 14:21:00,1900-01-01 16:46:20,145,129.2,unknown_vehicle_type,other_non_bev,,,,single_family,single_family,transportation_utilities,transportation_utilities,9139806964494437283,6297921953402668464,19.0,male,white_not_hispanic_or_latino,not_in_labor_force,unemployed_under_16_not_in_labor_force,10896.0,other_travel_mode,4.0,32689.0,one,core,not_working,single_family,school,high_school,owner,english,"1 (Tract 56.01, Champaign, IL)","56.01 (Champaign, IL)","Champaign County, IL",Illinois,Does not have work/school location,Does not have work/school location,Does not have work/school location,Does not have work/school location,5.571428571428571,10.662028985507245,14,UIUC1,"3.01 (Champaign, IL)",1900-01-01 15:46:34.285714284,15,5.063291139240507,Chicago3_mdw,"9801 (Cook, IL)",8.639412467160257,70,80.63471971066907,10,119.3014414526675,145,3.0,77.52,1,0,0
8680623001955672440,"1 (Tract 57.01, Champaign, IL)","57.01 (Champaign, IL)","Champaign County, IL",Illinois,"1 (Tract 9801, Cook, IL)","9801 (Cook, IL)","Cook County, IL",Illinois,private_auto,region_departure,eat,1900-01-01 17:09:00,1900-01-01 19:25:28,136,135.0,unknown_vehicle_type,other_non_bev,,,,retail,retail,transportation_utilities,transportation_utilities,720844346806173156,5228062144673137292,60.0,male,black_not_hispanic_or_latino,not_in_labor_force,unemployed_under_16_not_in_labor_force,12234.0,other_travel_mode,2.0,24468.0,one,core,not_working,multiple_units,not_attending_school,some_college,renter,english,"1 (Tract 56.02, Champaign, IL)","56.02 (Champaign, IL)","Champaign County, IL",Illinois,Does not have work/school location,Does not have work/school location,Does not have work/school location,Does not have work/school location,6.666666666666667,11.523357664233576,17,UIUC1,"3.01 (Champaign, IL)",1900-01-01 18:35:40.000000002,18,4.653846153846154,Chicago3_mdw,"9801 (Cook, IL)",8.46744557329463,70,81.32051282051283,10,119.9908032375282,136,3.0,81.0,1,0,0
8484468677167108339,"1 (Tract 56.02, Champaign, IL)","56.02 (Champaign, IL)","Champaign County, IL",Illinois,"1 (Tract 9801, Cook, IL)","9801 (Cook, IL)","Cook County, IL",Illinois,private_auto,region_departure,home,1900-01-01 21:42:44,1900-01-01 23:59:51,137,135.3,unknown_vehicle_type,other_non_bev,,,,single_family,single_family,transportation_utilities,transportation_utilities,10277626612583741966,9300997242077387457,16.0,male,white_not_hispanic_or_latino,not_in_labor_force,unemployed_under_16_not_in_labor_force,0.0,other_travel_mode,4.0,77282.0,three_plus,core,not_working,single_family,school,k_12,owner,english,"1 (Tract 56.02, Champaign, IL)","56.02 (Champaign, IL)","Champaign County, IL",Illinois,Does not have work/school location,Does not have work/school location,Does not have work/school location,Does not have work/school location,8.333333333333334,14.002748091603053,21,UIUC1,"3.01 (Champaign, IL)",1900-01-01 23:11:03.999999998,23,3.0,Chicago3_mdw,"9801 (Cook, IL)",7.7728301886792455,70,81.33333333333333,10,121.7755782802823,137,3.0,81.18,1,0,0
9879965681339275320,"1 (Tract 56.02, Champaign, IL)","56.02 (Champaign, IL)","Champaign County, IL",Illinois,"5 (Tract 6606, Cook, IL)","6606 (Cook, IL)","Cook County, IL",Illinois,private_auto,shop,home,1900-01-01 18:45:00,1900-01-01 21:03:59,138,129.9,unknown_vehicle_type,other_non_bev,,,,single_family,single_family,retail,retail,8859463674993526762,2380027006084300270,16.0,female,white_not_hispanic_or_latino,not_in_labor_force,unemployed_under_16_not_in_labor_force,0.0,other_travel_mode,4.0,162904.0,two,core,not_working,single_family,school,k_12,owner,english,"1 (Tract 56.02, Champaign, IL)","56.02 (Champaign, IL)","Champaign County, IL",Illinois,Does not have work/school location,Does not have work/school location,Does not have work/school location,Does not have work/school location,8.4,14.030748091603053,18,UIUC1,"3.01 (Champaign, IL)",1900-01-01 20:13:24.000000000,20,8.0,Chicago3_mdw,"9801 (Cook, IL)",13.112903225806452,70,86.4,10,127.1436513174095,138,3.0,77.94,1,0,0
14282813516290946703,"3 (Tract 111, Champaign, IL)","111 (Champaign, IL)","Champaign County, IL",Illinois,"1 (Tract 9801, Cook, IL)","9801 (Cook, IL)","Cook County, IL",Illinois,private_auto,region_departure,eat,1900-01-01 20:10:00,1900-01-01 22:21:11,131,132.1,unknown_vehicle_type,other_non_bev,,,,retail,retail,transportation_utilities,transportation_utilities,12103780428896885631,5610864254994934117,76.0,male,white_not_hispanic_or_latino,not_in_labor_force,unemployed_under_16_not_in_labor_force,47221.0,other_travel_mode,2.0,104346.0,two,core,not_working,single_family,not_attending_school,bachelors_degree,owner,english,"1 (Tract 57.01, Champaign, IL)","57.01 (Champaign, IL)","Champaign County, IL",Illinois,Does not have work/school location,Does not have work/school location,Does not have work/school location,Does not have work/school location,3.0,7.116078431372549,20,UIUC1,"3.01 (Champaign, IL)",1900-01-01 21:33:00.000000000,21,4.333333333333333,Chicago3_mdw,"9801 (Cook, IL)",8.332830188679244,70,77.33333333333333,10,115.44890862005178,131,3.0,79.25999999999999,0,1,0
15373384695691784142,"1 (Tract 57.01, Champaign, IL)","57.01 (Champaign, IL)","Champaign County, IL",Illinois,"1 (Tract 9801, Cook, IL)","9801 (Cook, IL)","Cook County, IL",Illinois,private_auto,region_departure,home,1900-01-01 03:03:00,1900-01-01 05:18:58,135,134.7,unknown_vehicle_type,other_non_bev,,,,mixed_use,multi_family,transportation_utilities,transportation_utilities,18294207372160200823,3026284918711140813,69.0,female,white_not_hispanic_or_latino,not_in_labor_force,unemployed_under_16_not_in_labor_force,34255.0,other_travel_mode,1.0,34255.0,one,core,not_working,multiple_units,not_attending_school,bachelors_degree,owner,english,"1 (Tract 57.01, Champaign, IL)","57.01 (Champaign, IL)","Champaign County, IL",Illinois,Does not have work/school location,Does not have work/school location,Does not have work/school location,Does not have work/school location,6.0,11.243357664233578,3,UIUC1,"3.01 (Champaign, IL)",1900-01-01 04:29:00.000000000,4,3.0,Chicago3_mdw,"9801 (Cook, IL)",7.7728301886792455,70,79.0,10,119.01618785291282,135,3.0,80.82,1,0,0
5053491434681800715,"2 (Tract 55, Champaign, IL)","55 (Champaign, IL)","Champaign County, IL",Illinois,"1 (Tract 9801, Cook, IL)","9801 (Cook, IL)","Cook County, IL",Illinois,private_auto,region_departure,shop,1900-01-01 19:16:31,1900-01-01 21:35:43,139,129.7,unknown_vehicle_type,other_non_bev,,,,retail,retail,transportation_utilities,transportation_utilities,13359731536090554362,13908862640094407367,21.0,male,white_not_hispanic_or_latino,not_in_labor_force,unemployed_under_16_not_in_labor_force,8453.0,other_travel_mode,9.0,17028.0,three_plus,core,naics23,single_family,undergraduate,some_college,renter,spanish,"1 (Tract 58, Champaign, IL)","58 (Champaign, IL)","Champaign County, IL",Illinois,"2 (Tract 59.02, Champaign, IL)","59.02 (Champaign, IL)","Champaign County, IL",Illinois,5.583333333333333,10.36457894736842,19,UIUC1,"3.01 (Champaign, IL)",1900-01-01 20:42:05.999999998,20,5.92,Chicago3_mdw,"9801 (Cook, IL)",8.999230188679245,70,81.50333333333333,10,119.36380913604766,139,3.0,77.82,1,0,0
6356453741701490549,"4 (Tract 5, Champaign, IL)","5 (Champaign, IL)","Champaign County, IL",Illinois,"1 (Tract 5803, Cook, IL)","5803 (Cook, IL)","Cook County, IL",Illinois,private_auto,home,eat,1900-01-01 16:21:52,1900-01-01 18:36:40,134,135.1,unknown_vehicle_type,other_non_bev,,,,retail,retail,multi_family,multi_family,5544609610778806147,3033093671486509514,23.0,male,hispanic_or_latino_origin,not_in_labor_force,unemployed_under_16_not_in_labor_force,0.0,other_travel_mode,6.0,115918.0,three_plus,core,naics23,several_units,not_attending_school,high_school,owner,spanish,"1 (Tract 5803, Cook, IL)","5803 (Cook, IL)","Cook County, IL",Illinois,Does not have work/school location,Does not have work/school location,Does not have work/school location,Does not have work/school location,2.5806451612903225,6.873379164463247,16,UIUC1,"3.01 (Champaign, IL)",1900-01-01 17:44:26.838709678,17,13.0,Chicago3_mdw,"9801 (Cook, IL)",16.224,70,85.58064516129032,10,123.09737916446325,134,3.0,81.05999999999999,1,0,0
12623523627424813632,"1 (Tract 3.01, Champaign, IL)","3.01 (Champaign, IL)","Champaign County, IL",Illinois,"1 (Tract 5805.01, Cook, IL)","5805.01 (Cook, IL)","Cook County, IL",Illinois,private_auto,home,shop,1900-01-01 18:35:38,1900-01-01 20:47:17,131,134.8,unknown_vehicle_type,other_non_bev,,,,retail,retail,multi_family,multi_family,15606312766740311718,6372416904321049793,23.0,male,hispanic_or_latino_origin,unemployed,unemployed_under_16_not_in_labor_force,0.0,other_travel_mode,2.0,53014.0,one,core,naics44_45,several_units,not_attending_school,some_college,renter,spanish,"1 (Tract 5805.01, Cook, IL)","5805.01 (Cook, IL)","Cook County, IL",Illinois,Does not have work/school location,Does not have work/school location,Does not have work/school location,Does not have work/school location,0.8979591836734694,4.9543251374623924,18,UIUC1,"3.01 (Champaign, IL)",1900-01-01 19:56:31.877551022,19,9.25,Chicago3_mdw,"9801 (Cook, IL)",14.308076923076921,70,80.14795918367346,10,119.26240206053932,131,3.0,80.88000000000001,1,0,0
11730174440940701133,"2 (Tract 59.02, Champaign, IL)","59.02 (Champaign, IL)","Champaign County, IL",Illinois,"1 (Tract 5805.01, Cook, IL)","5805.01 (Cook, IL)","Cook County, IL",Illinois,private_auto,home,shop,1900-01-01 19:11:49,1900-01-01 21:24:13,132,135.1,unknown_vehicle_type,other_non_bev,,,,retail,retail,multi_family,multi_family,18420027957693041972,8905506663178573664,49.0,male,black_not_hispanic_or_latino,unemployed,unemployed_under_16_not_in_labor_force,34775.0,other_travel_mode,3.0,48685.0,one,core,not_working,several_units,not_attending_school,bachelors_degree,owner,other,"1 (Tract 5805.01, Cook, IL)","5805.01 (Cook, IL)","Cook County, IL",Illinois,Does not have work/school location,Does not have work/school location,Does not have work/school location,Does not have work/school location,1.898876404494382,6.0473042631728395,19,UIUC1,"3.01 (Champaign, IL)",1900-01-01 20:33:42.932584270,20,9.125,Chicago3_mdw,"9801 (Cook, IL)",14.255576923076923,70,81.02387640449439,10,120.30288118624975,132,3.0,81.05999999999999,1,0,0
6653077545924881964,"1 (Tract 55, Champaign, IL)","55 (Champaign, IL)","Champaign County, IL",Illinois,"1 (Tract 6202, Cook, IL)","6202 (Cook, IL)","Cook County, IL",Illinois,private_auto,shop,work,1900-01-01 18:44:33,1900-01-01 20:57:17,132,131.5,unknown_vehicle_type,other_non_bev,,,,retail,retail,retail,retail,1084931471784551321,8777812540661346133,63.0,male,white_not_hispanic_or_latino,not_in_labor_force,unemployed_under_16_not_in_labor_force,69551.0,other_travel_mode,2.0,69551.0,one,core,naics92,single_family,not_attending_school,high_school,owner,spanish,"1 (Tract 6305, Cook, IL)","6305 (Cook, IL)","Cook County, IL",Illinois,Does not have work/school location,Does not have work/school location,Does not have work/school location,Does not have work/school location,5.8,10.45557894736842,18,UIUC1,"3.01 (Champaign, IL)",1900-01-01 20:10:21.000000000,20,4.0,Chicago3_mdw,"9801 (Cook, IL)",8.685,70,79.8,10,119.14057894736843,132,3.0,78.89999999999999,0,1,0
10605098946707983050,"1 (Tract 55, Champaign, IL)","55 (Champaign, IL)","Champaign County, IL",Illinois,"1 (Tract 6305, Cook, IL)","6305 (Cook, IL)","Cook County, IL",Illinois,private_auto,home,work,1900-01-01 12:14:35,1900-01-01 14:27:43,133,133.2,unknown_vehicle_type,other_non_bev,,,,retail,retail,single_family,single_family,1084931471784551321,8777812540661346133,63.0,male,white_not_hispanic_or_latino,not_in_labor_force,unemployed_under_16_not_in_labor_force,69551.0,other_travel_mode,2.0,69551.0,one,core,naics92,single_family,not_attending_school,high_school,owner,spanish,"1 (Tract 6305, Cook, IL)","6305 (Cook, IL)","Cook County, IL",Illinois,Does not have work/school location,Does not have work/school location,Does not have work/school location,Does not have work/school location,5.333333333333333,10.25957894736842,12,UIUC1,"3.01 (Champaign, IL)",1900-01-01 13:39:54.999999998,13,7.0,Chicago3_mdw,"9801 (Cook, IL)",13.325333333333333,70,82.33333333333333,10,123.58491228070176,133,3.0,79.91999999999999,0,1,0
17923363209202280534,"1 (Tract 13.01, Champaign, IL)","13.01 (Champaign, IL)","Champaign County, IL",Illinois,"1 (Tract 6503.02, Cook, IL)","6503.02 (Cook, IL)","Cook County, IL",Illinois,private_auto,home,eat,1900-01-01 11:44:08,1900-01-01 14:02:52,138,128.3,unknown_vehicle_type,other_non_bev,,,,retail,retail,single_family,single_family,3195854162282232289,392102951209006322,83.0,female,hispanic_or_latino_origin,not_in_labor_force,unemployed_under_16_not_in_labor_force,18963.0,other_travel_mode,2.0,43227.0,one,core,not_working,single_family,not_attending_school,k_12,owner,spanish,"1 (Tract 6503.02, Cook, IL)","6503.02 (Cook, IL)","Cook County, IL",Illinois,Does not have work/school location,Does not have work/school location,Does not have work/school location,Does not have work/school location,4.791666666666667,9.810539215686275,11,UIUC1,"3.01 (Champaign, IL)",1900-01-01 13:08:55.500000002,13,23.8,Chicago3_mdw,"9801 (Cook, IL)",18.90836363636364,70,98.59166666666667,10,128.71890285204992,138,3.0,76.98,1,0,0
10453953632727631550,"1 (Tract 54.01, Champaign, IL)","54.01 (Champaign, IL)","Champaign County, IL",Illinois,"4 (Tract 6910, Cook, IL)","6910 (Cook, IL)","Cook County, IL",Illinois,private_auto,eat,eat,1900-01-01 13:33:19,1900-01-01 15:34:10,120,127.5,unknown_vehicle_type,other_non_bev,,,,retail,retail,retail,retail,11948432768661369649,3070762129873325571,23.0,male,black_not_hispanic_or_latino,not_in_labor_force,unemployed_under_16_not_in_labor_force,11012.0,other_travel_mode,3.0,25154.0,one,core,not_working,single_family,not_attending_school,some_college,owner,english,"1 (Tract 6812, Cook, IL)","6812 (Cook, IL)","Cook County, IL",Illinois,Does not have work/school location,Does not have work/school location,Does not have work/school location,Does not have work/school location,5.444444444444445,10.234570858283433,13,UIUC1,"3.01 (Champaign, IL)",1900-01-01 14:58:45.666666664,14,16.0,Chicago3_mdw,"9801 (Cook, IL)",25.096799999999998,70,91.44444444444444,10,135.33137085828344,120,3.0,76.5,1,0,0
1624342148824526887,"1 (Tract 111, Champaign, IL)","111 (Champaign, IL)","Champaign County, IL",Illinois,"2 (Tract 8348, Cook, IL)","8348 (Cook, IL)","Cook County, IL",Illinois,auto_passenger,social,other_activity_type,1900-01-01 09:51:52,1900-01-01 11:57:59,126,128.1,unknown_vehicle_type,unknown_fuel_type,,,,mixed_use,industrial,multi_family,multi_family,16717350660227659291,16839113125115551700,57.0,female,black_not_hispanic_or_latino,unemployed,unemployed_under_16_not_in_labor_force,0.0,other_travel_mode,1.0,0.0,zero,core,not_working,multiple_units,not_attending_school,k_12,renter,english,"1 (Tract 6812, Cook, IL)","6812 (Cook, IL)","Cook County, IL",Illinois,Does not have work/school location,Does not have work/school location,Does not have work/school location,Does not have work/school location,2.52,6.914478431372549,9,UIUC1,"3.01 (Champaign, IL)",1900-01-01 11:14:23.200000000,11,12.5,Chicago3_mdw,"9801 (Cook, IL)",18.974,70,85.02,10,125.88847843137255,126,3.0,76.86,1,0,0
3903051180548125561,"1 (Tract 11, Champaign, IL)","11 (Champaign, IL)","Champaign County, IL",Illinois,"1 (Tract 7003.02, Cook, IL)","7003.02 (Cook, IL)","Cook County, IL",Illinois,private_auto,home,shop,1900-01-01 13:03:48,1900-01-01 15:10:17,126,127.9,unknown_vehicle_type,other_non_bev,,,,office,office,single_family,single_family,6371487837488704663,4912112160788377762,85.0,female,black_not_hispanic_or_latino,not_in_labor_force,unemployed_under_16_not_in_labor_force,13910.0,other_travel_mode,6.0,300460.0,three_plus,core,not_working,single_family,not_attending_school,high_school,owner,english,"1 (Tract 7003.02, Cook, IL)","7003.02 (Cook, IL)","Cook County, IL",Illinois,Does not have work/school location,Does not have work/school location,Does not have work/school location,Does not have work/school location,4.7,9.427246753246754,13,UIUC1,"3.01 (Champaign, IL)",1900-01-01 14:28:30.000000000,14,15.0,Chicago3_mdw,"9801 (Cook, IL)",17.692957746478875,70,89.7,10,127.12020449972562,126,3.0,76.74,1,0,0
9224349606216324348,"1 (Tract 9.01, Champaign, IL)","9.01 (Champaign, IL)","Champaign County, IL",Illinois,"1 (Tract 4701, Cook, IL)","4701 (Cook, IL)","Cook County, IL",Illinois,private_auto,maintenance,shop,1900-01-01 12:06:46,1900-01-01 14:23:54,137,130.9,unknown_vehicle_type,other_non_bev,,,,retail,retail,office,office,14591421556850108255,18286774173046589638,52.0,female,white_not_hispanic_or_latino,unemployed,unemployed_under_16_not_in_labor_force,97719.0,other_travel_mode,2.0,100617.0,two,core,naics61,single_family,graduate,advanced_degree,owner,english,"1 (Tract 8214.01, Cook, IL)","8214.01 (Cook, IL)","Cook County, IL",Illinois,Does not have work/school location,Does not have work/school location,Does not have work/school location,Does not have work/school location,6.538461538461538,11.564725274725275,12,UIUC1,"3.01 (Champaign, IL)",1900-01-01 13:33:18.307692310,13,23.0,Chicago3_mdw,"9801 (Cook, IL)",32.92,70,99.53846153846153,10,144.4847252747253,137,3.0,78.54,0,1,0
15575785978127199816,"1 (Tract 9.01, Champaign, IL)","9.01 (Champaign, IL)","Champaign County, IL",Illinois,"3 (Tract 7505, Cook, IL)","7505 (Cook, IL)","Cook County, IL",Illinois,auto_passenger,social,eat,1900-01-01 13:22:46,1900-01-01 15:16:47,114,119.9,unknown_vehicle_type,unknown_fuel_type,,,,retail,retail,multi_family,multi_family,13036575919138986727,13107683041748182047,52.0,female,white_not_hispanic_or_latino,unemployed,unemployed_under_16_not_in_labor_force,97719.0,other_travel_mode,2.0,100617.0,two,core,naics61,single_family,graduate,advanced_degree,owner,english,"1 (Tract 8214.01, Cook, IL)","8214.01 (Cook, IL)","Cook County, IL",Illinois,Does not have work/school location,Does not have work/school location,Does not have work/school location,Does not have work/school location,6.555555555555555,11.571904761904761,13,UIUC1,"3.01 (Champaign, IL)",1900-01-01 14:49:19.333333336,14,26.0,Chicago3_mdw,"9801 (Cook, IL)",32.96153846153847,70,102.55555555555556,10,144.53344322344321,114,3.0,71.94,0,1,0
7749506980746860436,"1 (Tract 9.01, Champaign, IL)","9.01 (Champaign, IL)","Champaign County, IL",Illinois,"1 (Tract 7004.01, Cook, IL)","7004.01 (Cook, IL)","Cook County, IL",Illinois,private_auto,maintenance,shop,1900-01-01 09:09:55,1900-01-01 11:16:19,126,123.8,unknown_vehicle_type,other_non_bev,,,,retail,retail,mixed_use,retail,14549327239251774701,16133192133242249483,52.0,female,white_not_hispanic_or_latino,unemployed,unemployed_under_16_not_in_labor_force,97719.0,other_travel_mode,2.0,100617.0,two,core,naics61,single_family,graduate,advanced_degree,owner,english,"1 (Tract 8214.01, Cook, IL)","8214.01 (Cook, IL)","Cook County, IL",Illinois,Does not have work/school location,Does not have work/school location,Does not have work/school location,Does not have work/school location,6.333333333333333,11.478571428571428,9,UIUC1,"3.01 (Champaign, IL)",1900-01-01 10:36:14.999999998,10,11.3,Chicago3_mdw,"9801 (Cook, IL)",16.08684210526316,70,87.63333333333333,10,127.56541353383459,126,3.0,74.28,0,1,0
7862174651865392360,"3 (Tract 7, Champaign, IL)","7 (Champaign, IL)","Champaign County, IL",Illinois,"2 (Tract 4701, Cook, IL)","4701 (Cook, IL)","Cook County, IL",Illinois,auto_passenger,social,shop,1900-01-01 09:21:39,1900-01-01 11:21:57,120,125.7,unknown_vehicle_type,unknown_fuel_type,,,,retail,retail,single_family,single_family,3918215856708611843,9055195023795227074,46.0,female,black_not_hispanic_or_latino,unemployed,unemployed_under_16_not_in_labor_force,0.0,other_travel_mode,2.0,1506.0,zero,core,not_working,multiple_units,not_attending_school,k_12,renter,english,"1 (Tract 8214.01, Cook, IL)","8214.01 (Cook, IL)","Cook County, IL",Illinois,Does not have work/school location,Does not have work/school location,Does not have work/school location,Does not have work/school location,4.416666666666667,8.999799999999999,9,UIUC1,"3.01 (Champaign, IL)",1900-01-01 10:46:04.000000002,10,23.0,Chicago3_mdw,"9801 (Cook, IL)",32.92,70,97.41666666666667,10,141.9198,120,3.0,75.42,1,0,0
4328680587996697484,"1 (Tract 59.02, Champaign, IL)","59.02 (Champaign, IL)","Champaign County, IL",Illinois,"2 (Tract 7205, Cook, IL)","7205 (Cook, IL)","Cook County, IL",Illinois,auto_passenger,shop,other_activity_type,1900-01-01 15:32:00,1900-01-01 17:30:13,118,121.8,unknown_vehicle_type,unknown_fuel_type,,,,industrial,industrial,retail,retail,16477218471428147248,16208053105785080597,25.0,female,white_not_hispanic_or_latino,not_in_labor_force,unemployed_under_16_not_in_labor_force,0.0,other_travel_mode,3.0,59298.0,two,core,not_working,single_family,graduate,advanced_degree,owner,english,"1 (Tract 8218, Cook, IL)","8218 (Cook, IL)","Cook County, IL",Illinois,Does not have work/school location,Does not have work/school location,Does not have work/school location,Does not have work/school location,2.164383561643836,6.15881726917561,15,UIUC1,"3.01 (Champaign, IL)",1900-01-01 16:54:09.863013696,16,23.0,Chicago3_mdw,"9801 (Cook, IL)",28.21142857142857,70,95.16438356164383,10,134.37024584060418,118,3.0,73.08,1,0,0
2692429671981174329,"1 (Tract 3.01, Champaign, IL)","3.01 (Champaign, IL)","Champaign County, IL",Illinois,"2 (Tract 7203, Cook, IL)","7203 (Cook, IL)","Cook County, IL",Illinois,auto_passenger,shop,work,1900-01-01 07:35:00,1900-01-01 09:36:38,121,123.2,unknown_vehicle_type,unknown_fuel_type,,,,retail,retail,retail,retail,1308711532715694919,6508913295633936268,73.0,male,white_not_hispanic_or_latino,not_in_labor_force,unemployed_under_16_not_in_labor_force,47526.0,other_travel_mode,1.0,47526.0,zero,core,not_working,single_family,not_attending_school,k_12,renter,english,"1 (Tract 8219, Cook, IL)","8219 (Cook, IL)","Cook County, IL",Illinois,Does not have work/school location,Does not have work/school location,Does not have work/school location,Does not have work/school location,0.9473684210526316,4.975077017161641,7,UIUC1,"3.01 (Champaign, IL)",1900-01-01 08:55:56.842105266,8,20.5,Chicago3_mdw,"9801 (Cook, IL)",28.509999999999998,70,91.44736842105263,10,133.48507701716164,121,3.0,73.92,0,1,0
12400468353134046483,"3 (Tract 111, Champaign, IL)","111 (Champaign, IL)","Champaign County, IL",Illinois,"2 (Tract 7205, Cook, IL)","7205 (Cook, IL)","Cook County, IL",Illinois,auto_passenger,shop,maintenance,1900-01-01 14:08:00,1900-01-01 16:06:41,118,122.0,unknown_vehicle_type,unknown_fuel_type,,,,civic_institutional,civic_institutional,retail,retail,11538204452676862931,8901779016912596708,66.0,male,white_not_hispanic_or_latino,not_in_labor_force,unemployed_under_16_not_in_labor_force,68591.0,other_travel_mode,1.0,68591.0,two,core,not_working,single_family,not_attending_school,some_college,owner,english,"1 (Tract 8219, Cook, IL)","8219 (Cook, IL)","Cook County, IL",Illinois,Does not have work/school location,Does not have work/school location,Does not have work/school location,Does not have work/school location,2.88,7.065678431372549,14,UIUC1,"3.01 (Champaign, IL)",1900-01-01 15:30:52.800000000,15,25.5,Chicago3_mdw,"9801 (Cook, IL)",29.26142857142857,70,98.38,10,136.3271070028011,118,3.0,73.2,0,1,0
6686497758766452488,"1 (Tract 3.01, Champaign, IL)","3.01 (Champaign, IL)","Champaign County, IL",Illinois,"1 (Tract 7404, Cook, IL)","7404 (Cook, IL)","Cook County, IL",Illinois,auto_passenger,shop,work,1900-01-01 10:42:00,1900-01-01 12:41:52,119,120.2,unknown_vehicle_type,unknown_fuel_type,,,,retail,retail,office,office,1278630760125535685,13464235496782693245,41.0,male,white_not_hispanic_or_latino,not_in_labor_force,unemployed_under_16_not_in_labor_force,0.0,other_travel_mode,4.0,115918.0,two,core,naics71,single_family,not_attending_school,bachelors_degree,owner,asian_pacific,"1 (Tract 8219, Cook, IL)","8219 (Cook, IL)","Cook County, IL",Illinois,Does not have work/school location,Does not have work/school location,Does not have work/school location,Does not have work/school location,0.927536231884058,4.9667474977108395,10,UIUC1,"3.01 (Champaign, IL)",1900-01-01 12:02:55.652173914,12,21.5,Chicago3_mdw,"9801 (Cook, IL)",27.996666666666666,70,92.42753623188406,10,132.9634141643775,119,3.0,72.12,1,0,0
7923408076377828160,"1 (Tract 8, Champaign, IL)","8 (Champaign, IL)","Champaign County, IL",Illinois,"1 (Tract 8314, Cook, IL)","8314 (Cook, IL)","Cook County, IL",Illinois,private_auto,home,eat,1900-01-01 14:58:25,1900-01-01 17:25:57,147,139.0,unknown_vehicle_type,other_non_bev,,,,retail,retail,multi_family,multi_family,3869430585301836336,7349129586072608678,67.0,male,white_not_hispanic_or_latino,not_in_labor_force,unemployed_under_16_not_in_labor_force,107559.0,other_travel_mode,2.0,146606.0,one,core,not_working,several_units,not_attending_school,some_college,renter,indo_european,"1 (Tract 8314, Cook, IL)","8314 (Cook, IL)","Cook County, IL",Illinois,Does not have work/school location,Does not have work/school location,Does not have work/school location,Does not have work/school location,6.981132075471698,12.144301620108008,14,UIUC1,"3.01 (Champaign, IL)",1900-01-01 16:25:23.867924530,16,13.0,Chicago3_mdw,"9801 (Cook, IL)",20.96,70,89.98113207547169,10,133.104301620108,147,3.0,83.39999999999999,0,1,0
14161032419049753767,"1 (Tract 53, Champaign, IL)","53 (Champaign, IL)","Champaign County, IL",Illinois,"1 (Tract 8348, Cook, IL)","8348 (Cook, IL)","Cook County, IL",Illinois,auto_passenger,home,shop,1900-01-01 09:44:00,1900-01-01 11:49:40,125,127.9,unknown_vehicle_type,unknown_fuel_type,,,,retail,retail,single_family,single_family,391586518079049969,1401450346041132629,94.0,female,black_not_hispanic_or_latino,unemployed,unemployed_under_16_not_in_labor_force,13043.0,other_travel_mode,2.0,13043.0,zero,core,not_working,single_family,not_attending_school,high_school,owner,english,"1 (Tract 8348, Cook, IL)","8348 (Cook, IL)","Cook County, IL",Illinois,Does not have work/school location,Does not have work/school location,Does not have work/school location,Does not have work/school location,3.5,8.01516795865633,9,UIUC1,"3.01 (Champaign, IL)",1900-01-01 11:07:30.000000000,11,12.5,Chicago3_mdw,"9801 (Cook, IL)",18.974,70,86.0,10,126.98916795865634,125,3.0,76.74,1,0,0
12372170508566741272,"3 (Tract 53, Champaign, IL)","53 (Champaign, IL)","Champaign County, IL",Illinois,"1 (Tract 8348, Cook, IL)","8348 (Cook, IL)","Cook County, IL",Illinois,auto_passenger,home,shop,1900-01-01 10:12:52,1900-01-01 12:17:22,124,127.2,unknown_vehicle_type,unknown_fuel_type,,,,retail,retail,multi_family,multi_family,7694112495809338749,4414963080842333917,16.0,female,black_not_hispanic_or_latino,unemployed,unemployed_under_16_not_in_labor_force,483.0,other_travel_mode,4.0,87438.0,one,core,naics72,multiple_units,school,k_12,renter,english,"1 (Tract 8348, Cook, IL)","8348 (Cook, IL)","Cook County, IL",Illinois,Does not have work/school location,Does not have work/school location,Does not have work/school location,Does not have work/school location,3.7777777777777777,8.131834625322997,10,UIUC1,"3.01 (Champaign, IL)",1900-01-01 11:36:38.666666668,11,12.5,Chicago3_mdw,"9801 (Cook, IL)",18.974,70,86.27777777777777,10,127.105834625323,124,3.0,76.32,1,0,0
1544705919894427434,"1 (Tract 9.02, Champaign, IL)","9.02 (Champaign, IL)","Champaign County, IL",Illinois,"1 (Tract 7004.02, Cook, IL)","7004.02 (Cook, IL)","Cook County, IL",Illinois,private_auto,social,home,1900-01-01 13:08:00,1900-01-01 15:16:57,128,124.8,unknown_vehicle_type,other_non_bev,,,,single_family,single_family,single_family,single_family,14509970048480218914,1525991477062325572,20.0,male,white_not_hispanic_or_latino,not_in_labor_force,unemployed_under_16_not_in_labor_force,0.0,other_travel_mode,9.0,17028.0,three_plus,core,not_working,single_family,undergraduate,high_school,renter,spanish,"1 (Tract 9.02, Champaign, IL)","9.02 (Champaign, IL)","Champaign County, IL",Illinois,"2 (Tract 110.01, Champaign, IL)","110.01 (Champaign, IL)","Champaign County, IL",Illinois,10.090909090909092,15.755931014323297,13,UIUC1,"3.01 (Champaign, IL)",1900-01-01 14:38:05.454545454,14,13.0,Chicago3_mdw,"9801 (Cook, IL)",17.956363636363637,70,93.0909090909091,10,133.71229465068694,128,3.0,74.88,1,0,0
4545597901061252002,"1 (Tract 9.02, Champaign, IL)","9.02 (Champaign, IL)","Champaign County, IL",Illinois,"1 (Tract 8434, Cook, IL)","8434 (Cook, IL)","Cook County, IL",Illinois,private_auto,shop,home,1900-01-01 15:03:00,1900-01-01 17:21:38,138,137.6,unknown_vehicle_type,other_non_bev,,,,single_family,single_family,retail,retail,4155129591056038859,6116952162925716798,63.0,female,white_not_hispanic_or_latino,not_in_labor_force,unemployed_under_16_not_in_labor_force,10853.0,other_travel_mode,2.0,100933.0,three_plus,core,not_working,single_family,not_attending_school,high_school,owner,english,"1 (Tract 9.02, Champaign, IL)","9.02 (Champaign, IL)","Champaign County, IL",Illinois,Does not have work/school location,Does not have work/school location,Does not have work/school location,Does not have work/school location,10.1875,15.796499196141479,15,UIUC1,"3.01 (Champaign, IL)",1900-01-01 16:33:11.250000000,16,12.0,Chicago3_mdw,"9801 (Cook, IL)",17.74,70,92.1875,10,133.53649919614148,138,3.0,82.55999999999999,1,0,0
12248865389728394696,"1 (Tract 9.01, Champaign, IL)","9.01 (Champaign, IL)","Champaign County, IL",Illinois,"1 (Tract 9801, Cook, IL)","9801 (Cook, IL)","Cook County, IL",Illinois,private_auto,region_departure,shop,1900-01-01 11:53:00,1900-01-01 14:16:38,143,127.5,unknown_vehicle_type,other_non_bev,,,,retail,retail,transportation_utilities,transportation_utilities,10207407495353109327,15155822922622801356,49.0,male,white_not_hispanic_or_latino,not_in_labor_force,unemployed_under_16_not_in_labor_force,66479.0,other_travel_mode,3.0,97345.0,two,core,naics23,single_family,not_attending_school,high_school,owner,english,"1 (Tract 9545, Piatt, IL)","9545 (Piatt, IL)","Piatt County, IL",Illinois,Does not have work/school location,Does not have work/school location,Does not have work/school location,Does not have work/school location,6.0,11.338571428571429,11,UIUC1,"3.01 (Champaign, IL)",1900-01-01 13:19:00.000000000,13,5.015151515151516,Chicago3_mdw,"9801 (Cook, IL)",8.619193825042881,70,81.01515151515152,10,119.95776525361431,143,3.0,76.5,0,1,0
4597919038919432924,"3 (Tract 8, Champaign, IL)","8 (Champaign, IL)","Champaign County, IL",Illinois,"1 (Tract 9801, Cook, IL)","9801 (Cook, IL)","Cook County, IL",Illinois,private_auto,region_departure,shop,1900-01-01 09:01:00,1900-01-01 11:08:19,127,129.3,unknown_vehicle_type,other_non_bev,,,,retail,retail,transportation_utilities,transportation_utilities,12914371375358837995,4222489263612352280,73.0,female,white_not_hispanic_or_latino,not_in_labor_force,unemployed_under_16_not_in_labor_force,30865.0,other_travel_mode,3.0,53658.0,one,core,not_working,several_units,not_attending_school,some_college,renter,english,"2 (Tract 106.01, Champaign, IL)","106.01 (Champaign, IL)","Champaign County, IL",Illinois,Does not have work/school location,Does not have work/school location,Does not have work/school location,Does not have work/school location,7.25,12.257226148409895,9,UIUC1,"3.01 (Champaign, IL)",1900-01-01 10:28:15.000000000,10,5.180851063829787,Chicago3_mdw,"9801 (Cook, IL)",8.688787635487756,70,82.43085106382979,10,120.94601378389766,127,3.0,77.58,1,0,0
1255966435222861756,"1 (Tract 111, Champaign, IL)","111 (Champaign, IL)","Champaign County, IL",Illinois,"1 (Tract 9801, Cook, IL)","9801 (Cook, IL)","Cook County, IL",Illinois,private_auto,region_departure,eat,1900-01-01 19:00:00,1900-01-01 21:13:37,133,133.3,unknown_vehicle_type,other_non_bev,,,,retail,retail,transportation_utilities,transportation_utilities,5039454061071947497,11562330086744280860,27.0,female,white_not_hispanic_or_latino,not_in_labor_force,unemployed_under_16_not_in_labor_force,11159.0,other_travel_mode,2.0,94258.0,one,core,not_working,single_family,not_attending_school,k_12,owner,english,"2 (Tract 11, Champaign, IL)","11 (Champaign, IL)","Champaign County, IL",Illinois,Does not have work/school location,Does not have work/school location,Does not have work/school location,Does not have work/school location,2.111111111111111,6.742745098039216,19,UIUC1,"3.01 (Champaign, IL)",1900-01-01 20:22:06.666666666,20,5.92,Chicago3_mdw,"9801 (Cook, IL)",8.999230188679245,70,78.03111111111112,10,115.74197528671847,133,3.0,79.98,1,0,0
4409275919597659005,"2 (Tract 110.02, Champaign, IL)","110.02 (Champaign, IL)","Champaign County, IL",Illinois,"1 (Tract 9801, Cook, IL)","9801 (Cook, IL)","Cook County, IL",Illinois,private_auto,region_departure,shop,1900-01-01 17:45:00,1900-01-01 20:04:58,139,127.7,unknown_vehicle_type,other_non_bev,,,,mixed_use,retail,transportation_utilities,transportation_utilities,7959272033592743487,7963791586609081196,20.0,female,white_not_hispanic_or_latino,not_in_labor_force,unemployed_under_16_not_in_labor_force,0.0,other_travel_mode,3.0,326463.0,two,core,not_working,single_family,not_attending_school,some_college,owner,english,"2 (Tract 11, Champaign, IL)","11 (Champaign, IL)","Champaign County, IL",Illinois,Does not have work/school location,Does not have work/school location,Does not have work/school location,Does not have work/school location,2.0,6.2690640394088675,17,UIUC1,"3.01 (Champaign, IL)",1900-01-01 19:07:00.000000000,19,5.05,Chicago3_mdw,"9801 (Cook, IL)",8.633830188679244,70,77.05,10,114.90289422808812,139,3.0,76.62,1,0,0
2266163141644851509,"5 (Tract 10, Champaign, IL)","10 (Champaign, IL)","Champaign County, IL",Illinois,"1 (Tract 9801, Cook, IL)","9801 (Cook, IL)","Cook County, IL",Illinois,private_auto,region_departure,shop,1900-01-01 11:29:00,1900-01-01 13:41:32,132,133.3,unknown_vehicle_type,other_non_bev,,,,office,office,transportation_utilities,transportation_utilities,3688456316565481418,10242535938079794733,74.0,male,white_not_hispanic_or_latino,not_in_labor_force,unemployed_under_16_not_in_labor_force,380280.0,other_travel_mode,2.0,552680.0,two,core,not_working,single_family,not_attending_school,advanced_degree,owner,english,"2 (Tract 11, Champaign, IL)","11 (Champaign, IL)","Champaign County, IL",Illinois,Does not have work/school location,Does not have work/school location,Does not have work/school location,Does not have work/school location,6.85,11.342381165919281,11,UIUC1,"3.01 (Champaign, IL)",1900-01-01 12:55:51.000000000,12,5.0608108108108105,Chicago3_mdw,"9801 (Cook, IL)",8.638370729219785,70,81.9108108108108,10,119.98075189513906,132,3.0,79.98,0,0,1
1474301457883265856,"4 (Tract 5, Champaign, IL)","5 (Champaign, IL)","Champaign County, IL",Illinois,"4 (Tract 7402, Cook, IL)","7402 (Cook, IL)","Cook County, IL",Illinois,private_auto,shop,eat,1900-01-01 15:13:00,1900-01-01 17:17:15,124,121.5,unknown_vehicle_type,other_non_bev,,,,retail,retail,mixed_use,retail,7583757563213715269,2186006206422188014,59.0,female,white_not_hispanic_or_latino,not_in_labor_force,unemployed_under_16_not_in_labor_force,0.0,other_travel_mode,3.0,46367.0,two,core,not_working,single_family,not_attending_school,high_school,owner,english,"2 (Tract 12.01, Champaign, IL)","12.01 (Champaign, IL)","Champaign County, IL",Illinois,Does not have work/school location,Does not have work/school location,Does not have work/school location,Does not have work/school location,2.238805970149253,6.729806704183998,15,UIUC1,"3.01 (Champaign, IL)",1900-01-01 16:35:14.328358206,16,27.5,Chicago3_mdw,"9801 (Cook, IL)",27.970000000000002,70,99.73880597014926,10,134.699806704184,124,3.0,72.89999999999999,1,0,0
17140346534570600230,"2 (Tract 12.01, Champaign, IL)","12.01 (Champaign, IL)","Champaign County, IL",Illinois,"3 (Tract 7003.01, Cook, IL)","7003.01 (Cook, IL)","Cook County, IL",Illinois,auto_passenger,shop,home,1900-01-01 13:54:00,1900-01-01 16:05:13,131,129.8,,unknown_fuel_type,,,,single_family,single_family,retail,retail,11590271302878327463,4076395852189450961,82.0,female,white_not_hispanic_or_latino,not_in_labor_force,unemployed_under_16_not_in_labor_force,20181.0,other_travel_mode,2.0,44399.0,one,core,not_working,single_family,not_attending_school,high_school,owner,english,"2 (Tract 12.01, Champaign, IL)","12.01 (Champaign, IL)","Champaign County, IL",Illinois,Does not have work/school location,Does not have work/school location,Does not have work/school location,Does not have work/school location,7.166666666666667,12.31609271523179,13,UIUC1,"3.01 (Champaign, IL)",1900-01-01 15:21:10.000000002,15,12.333333333333334,Chicago3_mdw,"9801 (Cook, IL)",15.748108108108106,70,89.5,10,128.0642008233399,131,3.0,77.88000000000001,1,0,0
10514746674176746718,"2 (Tract 12.01, Champaign, IL)","12.01 (Champaign, IL)","Champaign County, IL",Illinois,"3 (Tract 7003.01, Cook, IL)","7003.01 (Cook, IL)","Cook County, IL",Illinois,auto_passenger,shop,home,1900-01-01 14:40:00,1900-01-01 16:46:04,126,125.0,,unknown_fuel_type,,,,single_family,single_family,office,office,12097913908654880275,1938077414223765454,34.0,male,black_not_hispanic_or_latino,not_in_labor_force,unemployed_under_16_not_in_labor_force,0.0,other_travel_mode,1.0,0.0,two,core,not_working,single_family,not_attending_school,no_school,renter,english,"2 (Tract 12.01, Champaign, IL)","12.01 (Champaign, IL)","Champaign County, IL",Illinois,Does not have work/school location,Does not have work/school location,Does not have work/school location,Does not have work/school location,7.388888888888889,12.409426048565122,14,UIUC1,"3.01 (Champaign, IL)",1900-01-01 16:07:23.333333334,16,12.333333333333334,Chicago3_mdw,"9801 (Cook, IL)",15.748108108108106,70,89.72222222222221,10,128.15753415667322,126,3.0,75.0,1,0,0
160235371010416275,"2 (Tract 12.03, Champaign, IL)","12.03 (Champaign, IL)","Champaign County, IL",Illinois,"1 (Tract 9801, Cook, IL)","9801 (Cook, IL)","Cook County, IL",Illinois,auto_passenger,region_departure,home,1900-01-01 17:00:00,1900-01-01 19:14:56,134,137.9,unknown_vehicle_type,unknown_fuel_type,,,,single_family,single_family,transportation_utilities,transportation_utilities,1919620295070694592,16710704150182456379,15.0,female,black_not_hispanic_or_latino,under_16,unemployed_under_16_not_in_labor_force,0.0,other_travel_mode,3.0,42737.0,one,core,not_working,single_family,school,k_12,renter,english,"2 (Tract 12.03, Champaign, IL)","12.03 (Champaign, IL)","Champaign County, IL",Illinois,Does not have work/school location,Does not have work/school location,Does not have work/school location,Does not have work/school location,9.1,14.456656488549617,17,UIUC1,"3.01 (Champaign, IL)",1900-01-01 18:29:06.000000000,18,4.653846153846154,Chicago3_mdw,"9801 (Cook, IL)",8.46744557329463,70,83.75384615384615,10,122.92410206184424,134,3.0,82.74,1,0,0
9158417452056147972,"1 (Tract 12.01, Champaign, IL)","12.01 (Champaign, IL)","Champaign County, IL",Illinois,"1 (Tract 2212, Cook, IL)","2212 (Cook, IL)","Cook County, IL",Illinois,private_auto,social,recreation,1900-01-01 13:29:00,1900-01-01 16:12:20,163,146.6,unknown_vehicle_type,other_non_bev,,,,open_space,open_space,multi_family,multi_family,9465683317608467666,8858713772700228914,20.0,male,white_not_hispanic_or_latino,not_in_labor_force,unemployed_under_16_not_in_labor_force,0.0,other_travel_mode,9.0,17028.0,three_plus,core,not_working,single_family,undergraduate,some_college,renter,spanish,"2 (Tract 12.05, Champaign, IL)","12.05 (Champaign, IL)","Champaign County, IL",Illinois,"1 (Tract 9.02, Champaign, IL)","9.02 (Champaign, IL)","Champaign County, IL",Illinois,7.166666666666667,12.31609271523179,13,UIUC1,"3.01 (Champaign, IL)",1900-01-01 14:56:10.000000002,14,20.0,Chicago3_mdw,"9801 (Cook, IL)",27.500000000000004,70,97.16666666666667,10,139.8160927152318,163,3.0,87.96,1,0,0
8262352605846201618,"1 (Tract 12.05, Champaign, IL)","12.05 (Champaign, IL)","Champaign County, IL",Illinois,"1 (Tract 9801, Cook, IL)","9801 (Cook, IL)","Cook County, IL",Illinois,private_auto,region_departure,work,1900-01-01 21:29:00,1900-01-01 23:44:25,135,138.2,unknown_vehicle_type,other_non_bev,,,,single_family,single_family,transportation_utilities,transportation_utilities,1793792784601926331,16032929774639407464,57.0,male,black_not_hispanic_or_latino,not_in_labor_force,unemployed_under_16_not_in_labor_force,86661.0,other_travel_mode,2.0,113728.0,two,core,not_working,single_family,not_attending_school,some_college,owner,english,"2 (Tract 12.05, Champaign, IL)","12.05 (Champaign, IL)","Champaign County, IL",Illinois,Does not have work/school location,Does not have work/school location,Does not have work/school location,Does not have work/school location,12.0,18.803661971830987,21,UIUC1,"3.01 (Champaign, IL)",1900-01-01 23:01:00.000000000,23,3.0,Chicago3_mdw,"9801 (Cook, IL)",7.7728301886792455,70,85.0,10,126.57649216051024,135,3.0,82.91999999999999,0,1,0
11751990155539860809,"2 (Tract 13.01, Champaign, IL)","13.01 (Champaign, IL)","Champaign County, IL",Illinois,"1 (Tract 9801, Cook, IL)","9801 (Cook, IL)","Cook County, IL",Illinois,private_auto,region_departure,home,1900-01-01 09:17:00,1900-01-01 11:36:26,139,134.8,unknown_vehicle_type,other_non_bev,,,,single_family,single_family,transportation_utilities,transportation_utilities,3051087302599813173,11782740692734929543,81.0,male,white_not_hispanic_or_latino,not_in_labor_force,unemployed_under_16_not_in_labor_force,259059.0,other_travel_mode,2.0,356933.0,two,core,not_working,single_family,not_attending_school,advanced_degree,owner,english,"2 (Tract 13.01, Champaign, IL)","13.01 (Champaign, IL)","Champaign County, IL",Illinois,Does not have work/school location,Does not have work/school location,Does not have work/school location,Does not have work/school location,5.083333333333333,9.933039215686273,9,UIUC1,"3.01 (Champaign, IL)",1900-01-01 10:42:04.999999998,10,5.180851063829787,Chicago3_mdw,"9801 (Cook, IL)",8.688787635487756,70,80.26418439716312,10,118.62182685117403,139,3.0,80.88000000000001,0,0,1
9851312499308548276,"2 (Tract 13.02, Champaign, IL)","13.02 (Champaign, IL)","Champaign County, IL",Illinois,"1 (Tract 9801, Cook, IL)","9801 (Cook, IL)","Cook County, IL",Illinois,private_auto,region_departure,home,1900-01-01 12:19:00,1900-01-01 14:43:30,144,129.3,unknown_vehicle_type,other_non_bev,,,,mixed_use,multi_family,transportation_utilities,transportation_utilities,15800077129020719188,10704956680969020192,94.0,male,white_not_hispanic_or_latino,not_in_labor_force,unemployed_under_16_not_in_labor_force,31799.0,other_travel_mode,2.0,44823.0,one,core,not_working,multiple_units,not_attending_school,high_school,owner,english,"2 (Tract 13.02, Champaign, IL)","13.02 (Champaign, IL)","Champaign County, IL",Illinois,Does not have work/school location,Does not have work/school location,Does not have work/school location,Does not have work/school location,7.136363636363637,12.981955654101995,12,UIUC1,"3.01 (Champaign, IL)",1900-01-01 13:46:08.181818183,13,5.015151515151516,Chicago3_mdw,"9801 (Cook, IL)",8.619193825042881,70,82.15151515151516,10,121.60114947914488,144,3.0,77.58,1,0,0
10516288329838334914,"1 (Tract 12.03, Champaign, IL)","12.03 (Champaign, IL)","Champaign County, IL",Illinois,"1 (Tract 9801, Cook, IL)","9801 (Cook, IL)","Cook County, IL",Illinois,private_auto,region_departure,shop,1900-01-01 19:46:00,1900-01-01 22:00:20,134,127.8,unknown_vehicle_type,other_non_bev,,,,mixed_use,office,transportation_utilities,transportation_utilities,11980301555732857845,5964234368962832920,69.0,male,white_not_hispanic_or_latino,not_in_labor_force,unemployed_under_16_not_in_labor_force,29203.0,other_travel_mode,2.0,65648.0,one,core,not_working,single_family,not_attending_school,high_school,owner,asian_pacific,"2 (Tract 13.02, Champaign, IL)","13.02 (Champaign, IL)","Champaign County, IL",Illinois,Does not have work/school location,Does not have work/school location,Does not have work/school location,Does not have work/school location,8.5,14.204656488549617,19,UIUC1,"3.01 (Champaign, IL)",1900-01-01 21:14:30.000000000,21,4.333333333333333,Chicago3_mdw,"9801 (Cook, IL)",8.332830188679244,70,82.83333333333333,10,122.53748667722886,134,3.0,76.67999999999999,1,0,0
9557860491214246193,"1 (Tract 3.01, Champaign, IL)","3.01 (Champaign, IL)","Champaign County, IL",Illinois,"1 (Tract 9801, Cook, IL)","9801 (Cook, IL)","Cook County, IL",Illinois,private_auto,region_departure,shop,1900-01-01 13:17:00,1900-01-01 15:36:02,139,126.3,unknown_vehicle_type,other_non_bev,,,,retail,retail,transportation_utilities,transportation_utilities,2791512657318079722,11301920900372001779,21.0,female,white_not_hispanic_or_latino,not_in_labor_force,unemployed_under_16_not_in_labor_force,0.0,other_travel_mode,8.0,74017.0,one,core,not_working,multiple_units,undergraduate,some_college,renter,indo_european,"2 (Tract 3.01, Champaign, IL)","3.01 (Champaign, IL)","Champaign County, IL",Illinois,"2 (Tract 14, Champaign, IL)","14 (Champaign, IL)","Champaign County, IL",Illinois,0.9701492537313432,4.9846449668867,13,UIUC1,"3.01 (Champaign, IL)",1900-01-01 14:37:58.208955222,14,5.041322314049586,Chicago3_mdw,"9801 (Cook, IL)",8.63018556058007,70,76.01147156778093,10,113.61483052746678,139,3.0,75.78,1,0,0
4619189353248718713,"1 (Tract 3.01, Champaign, IL)","3.01 (Champaign, IL)","Champaign County, IL",Illinois,"1 (Tract 9801, Cook, IL)","9801 (Cook, IL)","Cook County, IL",Illinois,auto_passenger,region_departure,eat,1900-01-01 15:04:00,1900-01-01 17:18:20,134,132.0,unknown_vehicle_type,unknown_fuel_type,,,,retail,retail,transportation_utilities,transportation_utilities,3589257894628647737,1634173736631996846,23.0,male,asian_not_hispanic_or_latino,not_in_labor_force,unemployed_under_16_not_in_labor_force,0.0,other_travel_mode,4.0,0.0,zero,core,not_working,multiple_units,graduate,bachelors_degree,renter,asian_pacific,"2 (Tract 4.02, Champaign, IL)","4.02 (Champaign, IL)","Champaign County, IL",Illinois,"1 (Tract 4.02, Champaign, IL)","4.02 (Champaign, IL)","Champaign County, IL",Illinois,0.958904109589041,4.979922006346933,15,UIUC1,"3.01 (Champaign, IL)",1900-01-01 16:24:57.534246576,16,4.228070175438597,Chicago3_mdw,"9801 (Cook, IL)",8.288619662363455,70,75.18697428502765,10,113.2685416687104,134,3.0,79.2,1,0,0
11569578513648384465,"2 (Tract 4.01, Champaign, IL)","4.01 (Champaign, IL)","Champaign County, IL",Illinois,"1 (Tract 9801, Cook, IL)","9801 (Cook, IL)","Cook County, IL",Illinois,auto_passenger,region_departure,eat,1900-01-01 20:28:00,1900-01-01 22:40:34,132,130.2,unknown_vehicle_type,unknown_fuel_type,,,,mixed_use,retail,transportation_utilities,transportation_utilities,9180688601480655269,18256536743579506723,22.0,male,black_not_hispanic_or_latino,not_in_labor_force,unemployed_under_16_not_in_labor_force,0.0,other_travel_mode,1.0,0.0,one,core,not_working,multiple_units,undergraduate,some_college,renter,english,"2 (Tract 4.02, Champaign, IL)","4.02 (Champaign, IL)","Champaign County, IL",Illinois,"1 (Tract 59.01, Champaign, IL)","59.01 (Champaign, IL)","Champaign County, IL",Illinois,1.7450980392156863,5.435775314956901,20,UIUC1,"3.01 (Champaign, IL)",1900-01-01 21:49:44.705882352,21,4.333333333333333,Chicago3_mdw,"9801 (Cook, IL)",8.332830188679244,70,76.07843137254902,10,113.76860550363614,132,3.0,78.11999999999999,1,0,0
2373310374604171340,"1 (Tract 12.01, Champaign, IL)","12.01 (Champaign, IL)","Champaign County, IL",Illinois,"2 (Tract 5101, Cook, IL)","5101 (Cook, IL)","Cook County, IL",Illinois,private_auto,home,shop,1900-01-01 10:33:21,1900-01-01 12:37:53,124,131.0,unknown_vehicle_type,other_non_bev,,,,retail,retail,multi_family,multi_family,2944394663689450541,7958358890756200849,49.0,female,white_not_hispanic_or_latino,not_in_labor_force,unemployed_under_16_not_in_labor_force,2136.0,other_travel_mode,3.0,32052.0,three_plus,core,naics53,several_units,not_attending_school,bachelors_degree,owner,indo_european,"2 (Tract 5101, Cook, IL)","5101 (Cook, IL)","Cook County, IL",Illinois,Does not have work/school location,Does not have work/school location,Does not have work/school location,Does not have work/school location,7.526315789473684,12.467145346810735,10,UIUC1,"3.01 (Champaign, IL)",1900-01-01 12:00:52.578947370,12,24.0,Chicago3_mdw,"9801 (Cook, IL)",36.38000000000001,70,101.52631578947368,10,148.84714534681075,124,3.0,78.6,1,0,0
9599367421480840590,"1 (Tract 12.01, Champaign, IL)","12.01 (Champaign, IL)","Champaign County, IL",Illinois,"2 (Tract 5101, Cook, IL)","5101 (Cook, IL)","Cook County, IL",Illinois,private_auto,home,eat,1900-01-01 10:58:16,1900-01-01 13:03:37,125,129.3,unknown_vehicle_type,other_non_bev,,,,retail,retail,single_family,single_family,5235902803847789928,8489531327922609414,66.0,female,hispanic_or_latino_origin,not_in_labor_force,unemployed_under_16_not_in_labor_force,29559.0,other_travel_mode,3.0,98646.0,two,core,not_working,single_family,not_attending_school,high_school,owner,spanish,"2 (Tract 5101, Cook, IL)","5101 (Cook, IL)","Cook County, IL",Illinois,Does not have work/school location,Does not have work/school location,Does not have work/school location,Does not have work/school location,7.526315789473684,12.467145346810735,10,UIUC1,"3.01 (Champaign, IL)",1900-01-01 12:25:47.578947370,12,24.0,Chicago3_mdw,"9801 (Cook, IL)",36.38000000000001,70,101.52631578947368,10,148.84714534681075,125,3.0,77.58,1,0,0
7176953781724820367,"1 (Tract 12.01, Champaign, IL)","12.01 (Champaign, IL)","Champaign County, IL",Illinois,"2 (Tract 5101, Cook, IL)","5101 (Cook, IL)","Cook County, IL",Illinois,private_auto,home,social,1900-01-01 10:45:56,1900-01-01 12:50:11,124,130.8,unknown_vehicle_type,other_non_bev,,,,single_family,single_family,multi_family,multi_family,2101316941077954628,15984913422074874165,49.0,female,white_not_hispanic_or_latino,not_in_labor_force,unemployed_under_16_not_in_labor_force,2136.0,other_travel_mode,3.0,32052.0,three_plus,core,naics53,several_units,not_attending_school,bachelors_degree,owner,indo_european,"2 (Tract 5101, Cook, IL)","5101 (Cook, IL)","Cook County, IL",Illinois,Does not have work/school location,Does not have work/school location,Does not have work/school location,Does not have work/school location,7.526315789473684,12.467145346810735,10,UIUC1,"3.01 (Champaign, IL)",1900-01-01 12:13:27.578947370,12,24.0,Chicago3_mdw,"9801 (Cook, IL)",36.38000000000001,70,101.52631578947368,10,148.84714534681075,124,3.0,78.48,1,0,0
6934843649971250638,"5 (Tract 12.01, Champaign, IL)","12.01 (Champaign, IL)","Champaign County, IL",Illinois,"3 (Tract 5202, Cook, IL)","5202 (Cook, IL)","Cook County, IL",Illinois,private_auto,maintenance,shop,1900-01-01 11:09:59,1900-01-01 13:17:09,127,129.3,unknown_vehicle_type,other_non_bev,,,,retail,retail,mixed_use,office,4963966707006381176,18398339157984104781,67.0,male,black_not_hispanic_or_latino,not_in_labor_force,unemployed_under_16_not_in_labor_force,14760.0,other_travel_mode,6.0,107923.0,three_plus,core,naics23,single_family,not_attending_school,high_school,owner,spanish,"2 (Tract 5101, Cook, IL)","5101 (Cook, IL)","Cook County, IL",Illinois,Does not have work/school location,Does not have work/school location,Does not have work/school location,Does not have work/school location,7.583333333333333,12.491092715231787,11,UIUC1,"3.01 (Champaign, IL)",1900-01-01 12:37:33.999999998,12,24.0,Chicago3_mdw,"9801 (Cook, IL)",38.652,70,101.58333333333333,10,151.14309271523177,127,3.0,77.58,1,0,0
3614501147669608870,"1 (Tract 12.01, Champaign, IL)","12.01 (Champaign, IL)","Champaign County, IL",Illinois,"2 (Tract 5101, Cook, IL)","5101 (Cook, IL)","Cook County, IL",Illinois,auto_passenger,home,social,1900-01-01 10:45:14,1900-01-01 12:51:31,126,129.4,unknown_vehicle_type,unknown_fuel_type,,,,single_family,single_family,multi_family,multi_family,3216305692656920921,10679513129575614593,44.0,female,hispanic_or_latino_origin,unemployed,unemployed_under_16_not_in_labor_force,21738.0,other_travel_mode,3.0,21738.0,zero,core,naics56,several_units,not_attending_school,k_12,renter,spanish,"2 (Tract 5101, Cook, IL)","5101 (Cook, IL)","Cook County, IL",Illinois,Does not have work/school location,Does not have work/school location,Does not have work/school location,Does not have work/school location,7.526315789473684,12.467145346810735,10,UIUC1,"3.01 (Champaign, IL)",1900-01-01 12:12:45.578947370,12,24.0,Chicago3_mdw,"9801 (Cook, IL)",36.38000000000001,70,101.52631578947368,10,148.84714534681075,126,3.0,77.64,1,0,0
18271847152892493980,"1 (Tract 12.01, Champaign, IL)","12.01 (Champaign, IL)","Champaign County, IL",Illinois,"2 (Tract 5101, Cook, IL)","5101 (Cook, IL)","Cook County, IL",Illinois,private_auto,home,social,1900-01-01 10:36:14,1900-01-01 12:41:00,124,131.1,unknown_vehicle_type,other_non_bev,,,,single_family,single_family,single_family,single_family,2819935704027077948,2456791227646839905,23.0,male,white_not_hispanic_or_latino,not_in_labor_force,unemployed_under_16_not_in_labor_force,0.0,other_travel_mode,6.0,32849.0,three_plus,core,not_working,single_family,undergraduate,bachelors_degree,owner,other,"2 (Tract 5101, Cook, IL)","5101 (Cook, IL)","Cook County, IL",Illinois,Does not have work/school location,Does not have work/school location,Does not have work/school location,Does not have work/school location,7.526315789473684,12.467145346810735,10,UIUC1,"3.01 (Champaign, IL)",1900-01-01 12:03:45.578947370,12,24.0,Chicago3_mdw,"9801 (Cook, IL)",36.38000000000001,70,101.52631578947368,10,148.84714534681075,124,3.0,78.66,1,0,0
11374100977842366696,"1 (Tract 12.01, Champaign, IL)","12.01 (Champaign, IL)","Champaign County, IL",Illinois,"2 (Tract 5101, Cook, IL)","5101 (Cook, IL)","Cook County, IL",Illinois,private_auto,home,social,1900-01-01 11:04:15,1900-01-01 13:13:21,129,130.6,unknown_vehicle_type,other_non_bev,,,,single_family,single_family,single_family,single_family,4284012557133409051,6282533686350305563,44.0,female,hispanic_or_latino_origin,not_in_labor_force,unemployed_under_16_not_in_labor_force,0.0,other_travel_mode,6.0,71366.0,two,core,not_working,single_family,not_attending_school,high_school,owner,spanish,"2 (Tract 5101, Cook, IL)","5101 (Cook, IL)","Cook County, IL",Illinois,Does not have work/school location,Does not have work/school location,Does not have work/school location,Does not have work/school location,7.583333333333333,12.491092715231787,11,UIUC1,"3.01 (Champaign, IL)",1900-01-01 12:31:49.999999998,12,24.0,Chicago3_mdw,"9801 (Cook, IL)",36.38000000000001,70,101.58333333333333,10,148.87109271523178,129,3.0,78.36,1,0,0
13524159410416706895,"5 (Tract 12.01, Champaign, IL)","12.01 (Champaign, IL)","Champaign County, IL",Illinois,"2 (Tract 5101, Cook, IL)","5101 (Cook, IL)","Cook County, IL",Illinois,private_auto,home,eat,1900-01-01 14:02:19,1900-01-01 16:05:49,123,130.0,unknown_vehicle_type,other_non_bev,,,,retail,retail,multi_family,multi_family,8790691692508570067,12214929761040661372,65.0,female,white_not_hispanic_or_latino,not_in_labor_force,unemployed_under_16_not_in_labor_force,30192.0,other_travel_mode,1.0,30192.0,one,core,not_working,several_units,not_attending_school,high_school,owner,indo_european,"2 (Tract 5101, Cook, IL)","5101 (Cook, IL)","Cook County, IL",Illinois,Does not have work/school location,Does not have work/school location,Does not have work/school location,Does not have work/school location,7.388888888888889,12.409426048565122,14,UIUC1,"3.01 (Champaign, IL)",1900-01-01 15:29:42.333333334,15,24.0,Chicago3_mdw,"9801 (Cook, IL)",36.38000000000001,70,101.38888888888889,10,148.78942604856513,123,3.0,78.0,1,0,0
9120407534964105440,"1 (Tract 12.01, Champaign, IL)","12.01 (Champaign, IL)","Champaign County, IL",Illinois,"2 (Tract 5101, Cook, IL)","5101 (Cook, IL)","Cook County, IL",Illinois,private_auto,home,social,1900-01-01 11:06:59,1900-01-01 13:16:30,129,130.9,unknown_vehicle_type,other_non_bev,,,,single_family,single_family,single_family,single_family,2536660723111827177,1013393277203500138,34.0,female,black_not_hispanic_or_latino,not_in_labor_force,unemployed_under_16_not_in_labor_force,8322.0,other_travel_mode,4.0,90625.0,two,core,naics48_49,single_family,not_attending_school,high_school,renter,english,"2 (Tract 5101, Cook, IL)","5101 (Cook, IL)","Cook County, IL",Illinois,Does not have work/school location,Does not have work/school location,Does not have work/school location,Does not have work/school location,7.583333333333333,12.491092715231787,11,UIUC1,"3.01 (Champaign, IL)",1900-01-01 12:34:33.999999998,12,24.0,Chicago3_mdw,"9801 (Cook, IL)",36.38000000000001,70,101.58333333333333,10,148.87109271523178,129,3.0,78.54,1,0,0
10540906417064997207,"1 (Tract 9.01, Champaign, IL)","9.01 (Champaign, IL)","Champaign County, IL",Illinois,"2 (Tract 5304, Cook, IL)","5304 (Cook, IL)","Cook County, IL",Illinois,private_auto,home,shop,1900-01-01 15:58:52,1900-01-01 17:50:51,111,118.5,unknown_vehicle_type,other_non_bev,,,,retail,retail,single_family,single_family,7150599557154929885,15476331927690781509,19.0,female,black_not_hispanic_or_latino,not_in_labor_force,unemployed_under_16_not_in_labor_force,0.0,other_travel_mode,4.0,107011.0,one,core,not_working,single_family,undergraduate,some_college,owner,english,"2 (Tract 5304, Cook, IL)","5304 (Cook, IL)","Cook County, IL",Illinois,Does not have work/school location,Does not have work/school location,Does not have work/school location,Does not have work/school location,6.888888888888889,11.711904761904762,15,UIUC1,"3.01 (Champaign, IL)",1900-01-01 17:25:45.333333334,17,27.75,Chicago3_mdw,"9801 (Cook, IL)",34.48833333333334,70,104.63888888888889,10,146.2002380952381,111,3.0,71.1,1,0,0
2232278266561586090,"3 (Tract 7, Champaign, IL)","7 (Champaign, IL)","Champaign County, IL",Illinois,"3 (Tract 7505, Cook, IL)","7505 (Cook, IL)","Cook County, IL",Illinois,auto_passenger,social,shop,1900-01-01 13:52:03,1900-01-01 15:45:58,113,119.9,unknown_vehicle_type,unknown_fuel_type,,,,retail,retail,multi_family,multi_family,6474508961419978522,2816946797834167524,39.0,female,black_not_hispanic_or_latino,not_in_labor_force,unemployed_under_16_not_in_labor_force,9930.0,other_travel_mode,4.0,19796.0,zero,core,not_working,single_family,not_attending_school,high_school,owner,english,"2 (Tract 5304, Cook, IL)","5304 (Cook, IL)","Cook County, IL",Illinois,Does not have work/school location,Does not have work/school location,Does not have work/school location,Does not have work/school location,4.222222222222222,8.918133333333333,13,UIUC1,"3.01 (Champaign, IL)",1900-01-01 15:16:16.333333332,15,26.0,Chicago3_mdw,"9801 (Cook, IL)",32.96153846153847,70,100.22222222222223,10,141.8796717948718,113,3.0,71.94,1,0,0
5864055030519519515,"3 (Tract 7, Champaign, IL)","7 (Champaign, IL)","Champaign County, IL",Illinois,"2 (Tract 5304, Cook, IL)","5304 (Cook, IL)","Cook County, IL",Illinois,private_auto,home,shop,1900-01-01 16:19:30,1900-01-01 18:12:34,113,118.4,unknown_vehicle_type,other_non_bev,,,,retail,retail,single_family,single_family,17136990518264016751,17779053001368036981,19.0,female,black_not_hispanic_or_latino,not_in_labor_force,unemployed_under_16_not_in_labor_force,0.0,other_travel_mode,4.0,107011.0,one,core,not_working,single_family,undergraduate,some_college,owner,english,"2 (Tract 5304, Cook, IL)","5304 (Cook, IL)","Cook County, IL",Illinois,Does not have work/school location,Does not have work/school location,Does not have work/school location,Does not have work/school location,4.166666666666667,8.8948,16,UIUC1,"3.01 (Champaign, IL)",1900-01-01 17:43:40.000000002,17,27.75,Chicago3_mdw,"9801 (Cook, IL)",34.48833333333334,70,101.91666666666667,10,143.38313333333335,113,3.0,71.04,1,0,0
9858250830233860589,"3 (Tract 7, Champaign, IL)","7 (Champaign, IL)","Champaign County, IL",Illinois,"2 (Tract 5304, Cook, IL)","5304 (Cook, IL)","Cook County, IL",Illinois,private_auto,home,shop,1900-01-01 15:09:02,1900-01-01 17:11:49,122,124.2,unknown_vehicle_type,other_non_bev,,,,retail,retail,single_family,single_family,7633515239299933366,16293300785746743553,75.0,male,black_not_hispanic_or_latino,not_in_labor_force,unemployed_under_16_not_in_labor_force,46134.0,other_travel_mode,2.0,166905.0,one,core,not_working,single_family,not_attending_school,high_school,owner,english,"2 (Tract 5304, Cook, IL)","5304 (Cook, IL)","Cook County, IL",Illinois,Does not have work/school location,Does not have work/school location,Does not have work/school location,Does not have work/school location,4.190476190476191,8.9048,15,UIUC1,"3.01 (Champaign, IL)",1900-01-01 16:33:13.428571430,16,30.5,Chicago3_mdw,"9801 (Cook, IL)",35.64333333333333,70,104.69047619047619,10,144.54813333333334,122,3.0,74.52,0,1,0
6268384506504211080,"1 (Tract 9.01, Champaign, IL)","9.01 (Champaign, IL)","Champaign County, IL",Illinois,"3 (Tract 7505, Cook, IL)","7505 (Cook, IL)","Cook County, IL",Illinois,auto_passenger,maintenance,shop,1900-01-01 14:34:18,1900-01-01 16:27:50,113,119.8,unknown_vehicle_type,unknown_fuel_type,,,,retail,retail,office,office,17144545567058948770,11561308169724659401,16.0,female,black_not_hispanic_or_latino,not_in_labor_force,unemployed_under_16_not_in_labor_force,0.0,other_travel_mode,2.0,94971.0,one,core,not_working,single_family,school,k_12,owner,english,"2 (Tract 5304, Cook, IL)","5304 (Cook, IL)","Cook County, IL",Illinois,Does not have work/school location,Does not have work/school location,Does not have work/school location,Does not have work/school location,6.75,11.653571428571428,14,UIUC1,"3.01 (Champaign, IL)",1900-01-01 16:01:03.000000000,16,27.0,Chicago3_mdw,"9801 (Cook, IL)",33.38153846153847,70,103.75,10,145.03510989010988,113,3.0,71.88,1,0,0
17828171819059671154,"1 (Tract 9.01, Champaign, IL)","9.01 (Champaign, IL)","Champaign County, IL",Illinois,"2 (Tract 5304, Cook, IL)","5304 (Cook, IL)","Cook County, IL",Illinois,auto_passenger,home,shop,1900-01-01 14:55:46,1900-01-01 16:47:46,112,118.7,unknown_vehicle_type,unknown_fuel_type,,,,retail,retail,single_family,single_family,18336223362561820494,7581231819203662519,54.0,male,black_not_hispanic_or_latino,not_in_labor_force,unemployed_under_16_not_in_labor_force,9594.0,other_travel_mode,4.0,19796.0,zero,core,not_working,single_family,not_attending_school,high_school,owner,english,"2 (Tract 5304, Cook, IL)","5304 (Cook, IL)","Cook County, IL",Illinois,Does not have work/school location,Does not have work/school location,Does not have work/school location,Does not have work/school location,6.75,11.653571428571428,14,UIUC1,"3.01 (Champaign, IL)",1900-01-01 16:22:31.000000000,16,30.5,Chicago3_mdw,"9801 (Cook, IL)",35.64333333333333,70,107.25,10,147.29690476190476,112,3.0,71.22,1,0,0
12912879651717277414,"1 (Tract 9.01, Champaign, IL)","9.01 (Champaign, IL)","Champaign County, IL",Illinois,"2 (Tract 5304, Cook, IL)","5304 (Cook, IL)","Cook County, IL",Illinois,private_auto,home,shop,1900-01-01 14:51:53,1900-01-01 16:44:11,112,118.8,unknown_vehicle_type,other_non_bev,,,,retail,retail,single_family,single_family,14904439802610408134,17938127642523177997,59.0,female,black_not_hispanic_or_latino,not_in_labor_force,unemployed_under_16_not_in_labor_force,0.0,other_travel_mode,5.0,181988.0,three_plus,core,not_working,single_family,not_attending_school,high_school,owner,english,"2 (Tract 5304, Cook, IL)","5304 (Cook, IL)","Cook County, IL",Illinois,Does not have work/school location,Does not have work/school location,Does not have work/school location,Does not have work/school location,6.75,11.653571428571428,14,UIUC1,"3.01 (Champaign, IL)",1900-01-01 16:18:38.000000000,16,30.5,Chicago3_mdw,"9801 (Cook, IL)",35.64333333333333,70,107.25,10,147.29690476190476,112,3.0,71.28,1,0,0
4466083288153171974,"1 (Tract 9.01, Champaign, IL)","9.01 (Champaign, IL)","Champaign County, IL",Illinois,"2 (Tract 7004.01, Cook, IL)","7004.01 (Cook, IL)","Cook County, IL",Illinois,auto_passenger,social,eat,1900-01-01 09:18:50,1900-01-01 11:26:37,127,125.8,unknown_vehicle_type,unknown_fuel_type,,,,retail,retail,single_family,single_family,17644945638559152477,18322230637998062908,50.0,male,black_not_hispanic_or_latino,not_in_labor_force,unemployed_under_16_not_in_labor_force,0.0,other_travel_mode,4.0,237556.0,three_plus,core,not_working,single_family,not_attending_school,bachelors_degree,owner,english,"2 (Tract 5304, Cook, IL)","5304 (Cook, IL)","Cook County, IL",Illinois,Does not have work/school location,Does not have work/school location,Does not have work/school location,Does not have work/school location,6.333333333333333,11.478571428571428,9,UIUC1,"3.01 (Champaign, IL)",1900-01-01 10:45:09.999999998,10,11.3,Chicago3_mdw,"9801 (Cook, IL)",16.08684210526316,70,87.63333333333333,10,127.56541353383459,127,3.0,75.47999999999999,1,0,0
2519301920448900031,"3 (Tract 7, Champaign, IL)","7 (Champaign, IL)","Champaign County, IL",Illinois,"2 (Tract 5304, Cook, IL)","5304 (Cook, IL)","Cook County, IL",Illinois,private_auto,home,shop,1900-01-01 15:47:45,1900-01-01 17:38:40,110,118.3,unknown_vehicle_type,other_non_bev,,,,retail,retail,single_family,single_family,17071719440759651330,2967746506928456136,59.0,female,black_not_hispanic_or_latino,not_in_labor_force,unemployed_under_16_not_in_labor_force,0.0,other_travel_mode,5.0,181988.0,three_plus,core,not_working,single_family,not_attending_school,high_school,owner,english,"2 (Tract 5304, Cook, IL)","5304 (Cook, IL)","Cook County, IL",Illinois,Does not have work/school location,Does not have work/school location,Does not have work/school location,Does not have work/school location,4.190476190476191,8.9048,15,UIUC1,"3.01 (Champaign, IL)",1900-01-01 17:11:56.428571430,17,27.75,Chicago3_mdw,"9801 (Cook, IL)",34.48833333333334,70,101.94047619047619,10,143.39313333333334,110,3.0,70.97999999999999,1,0,0
9585264964515068724,"3 (Tract 7, Champaign, IL)","7 (Champaign, IL)","Champaign County, IL",Illinois,"3 (Tract 7004.01, Cook, IL)","7004.01 (Cook, IL)","Cook County, IL",Illinois,auto_passenger,social,shop,1900-01-01 09:05:19,1900-01-01 11:12:26,127,124.1,unknown_vehicle_type,unknown_fuel_type,,,,retail,retail,multi_family,multi_family,6474508961419978522,2816946797834167524,39.0,female,black_not_hispanic_or_latino,not_in_labor_force,unemployed_under_16_not_in_labor_force,9930.0,other_travel_mode,4.0,19796.0,zero,core,not_working,single_family,not_attending_school,high_school,owner,english,"2 (Tract 5304, Cook, IL)","5304 (Cook, IL)","Cook County, IL",Illinois,Does not have work/school location,Does not have work/school location,Does not have work/school location,Does not have work/school location,4.416666666666667,8.999799999999999,9,UIUC1,"3.01 (Champaign, IL)",1900-01-01 10:29:44.000000002,10,11.3,Chicago3_mdw,"9801 (Cook, IL)",16.08684210526316,70,85.71666666666667,10,125.08664210526315,127,3.0,74.46,1,0,0
14731841318786035127,"1 (Tract 9.01, Champaign, IL)","9.01 (Champaign, IL)","Champaign County, IL",Illinois,"2 (Tract 5304, Cook, IL)","5304 (Cook, IL)","Cook County, IL",Illinois,private_auto,home,shop,1900-01-01 11:32:17,1900-01-01 13:23:52,111,118.5,unknown_vehicle_type,other_non_bev,,,,retail,retail,single_family,single_family,7150599557154929885,15476331927690781509,19.0,female,black_not_hispanic_or_latino,not_in_labor_force,unemployed_under_16_not_in_labor_force,0.0,other_travel_mode,4.0,107011.0,one,core,not_working,single_family,undergraduate,some_college,owner,english,"2 (Tract 5304, Cook, IL)","5304 (Cook, IL)","Cook County, IL",Illinois,Does not have work/school location,Does not have work/school location,Does not have work/school location,Does not have work/school location,6.0,11.338571428571429,11,UIUC1,"3.01 (Champaign, IL)",1900-01-01 12:58:17.000000000,12,34.375,Chicago3_mdw,"9801 (Cook, IL)",37.270833333333336,70,110.375,10,148.60940476190476,111,3.0,71.1,1,0,0
16067034973309988250,"3 (Tract 7, Champaign, IL)","7 (Champaign, IL)","Champaign County, IL",Illinois,"2 (Tract 5304, Cook, IL)","5304 (Cook, IL)","Cook County, IL",Illinois,auto_passenger,home,shop,1900-01-01 18:06:12,1900-01-01 19:57:47,111,118.3,unknown_vehicle_type,unknown_fuel_type,,,,retail,retail,single_family,single_family,6474508961419978522,2816946797834167524,39.0,female,black_not_hispanic_or_latino,not_in_labor_force,unemployed_under_16_not_in_labor_force,9930.0,other_travel_mode,4.0,19796.0,zero,core,not_working,single_family,not_attending_school,high_school,owner,english,"2 (Tract 5304, Cook, IL)","5304 (Cook, IL)","Cook County, IL",Illinois,Does not have work/school location,Does not have work/school location,Does not have work/school location,Does not have work/school location,4.444444444444445,9.011466666666665,18,UIUC1,"3.01 (Champaign, IL)",1900-01-01 19:30:38.666666664,19,25.0,Chicago3_mdw,"9801 (Cook, IL)",33.333333333333336,70,99.44444444444444,10,142.3448,111,3.0,70.97999999999999,1,0,0
17239076451012542579,"3 (Tract 7, Champaign, IL)","7 (Champaign, IL)","Champaign County, IL",Illinois,"2 (Tract 5304, Cook, IL)","5304 (Cook, IL)","Cook County, IL",Illinois,private_auto,home,shop,1900-01-01 10:24:26,1900-01-01 12:16:17,111,118.4,unknown_vehicle_type,electric,,,,retail,retail,single_family,single_family,18377480781137495216,11925716122339268876,74.0,female,white_not_hispanic_or_latino,not_in_labor_force,unemployed_under_16_not_in_labor_force,12583.0,other_travel_mode,1.0,12583.0,one,core,not_working,single_family,not_attending_school,k_12,owner,english,"2 (Tract 5304, Cook, IL)","5304 (Cook, IL)","Cook County, IL",Illinois,Does not have work/school location,Does not have work/school location,Does not have work/school location,Does not have work/school location,4.833333333333333,9.1748,10,UIUC1,"3.01 (Champaign, IL)",1900-01-01 11:49:15.999999998,11,32.75,Chicago3_mdw,"9801 (Cook, IL)",36.58833333333334,70,107.58333333333333,10,145.76313333333334,111,3.0,71.04,1,0,0
2670068968195705627,"3 (Tract 7, Champaign, IL)","7 (Champaign, IL)","Champaign County, IL",Illinois,"2 (Tract 5304, Cook, IL)","5304 (Cook, IL)","Cook County, IL",Illinois,private_auto,social,shop,1900-01-01 08:56:59,1900-01-01 10:47:58,110,118.2,unknown_vehicle_type,other_non_bev,,,,retail,retail,single_family,single_family,17071719440759651330,2967746506928456136,59.0,female,black_not_hispanic_or_latino,not_in_labor_force,unemployed_under_16_not_in_labor_force,0.0,other_travel_mode,5.0,181988.0,three_plus,core,not_working,single_family,not_attending_school,high_school,owner,english,"2 (Tract 5304, Cook, IL)","5304 (Cook, IL)","Cook County, IL",Illinois,Does not have work/school location,Does not have work/school location,Does not have work/school location,Does not have work/school location,4.375,8.982299999999999,8,UIUC1,"3.01 (Champaign, IL)",1900-01-01 10:21:21.500000000,10,29.5,Chicago3_mdw,"9801 (Cook, IL)",35.223333333333336,70,103.875,10,144.20563333333334,110,3.0,70.92,1,0,0
82150017950165287,"3 (Tract 7, Champaign, IL)","7 (Champaign, IL)","Champaign County, IL",Illinois,"2 (Tract 4701, Cook, IL)","4701 (Cook, IL)","Cook County, IL",Illinois,private_auto,social,shop,1900-01-01 13:09:54,1900-01-01 15:09:59,120,125.6,unknown_vehicle_type,other_non_bev,,,,retail,retail,single_family,single_family,17071719440759651330,2967746506928456136,59.0,female,black_not_hispanic_or_latino,not_in_labor_force,unemployed_under_16_not_in_labor_force,0.0,other_travel_mode,5.0,181988.0,three_plus,core,not_working,single_family,not_attending_school,high_school,owner,english,"2 (Tract 5304, Cook, IL)","5304 (Cook, IL)","Cook County, IL",Illinois,Does not have work/school location,Does not have work/school location,Does not have work/school location,Does not have work/school location,4.222222222222222,8.918133333333333,13,UIUC1,"3.01 (Champaign, IL)",1900-01-01 14:34:07.333333332,14,21.5,Chicago3_mdw,"9801 (Cook, IL)",32.29,70,95.72222222222223,10,141.20813333333334,120,3.0,75.36,1,0,0
7859417598348395542,"3 (Tract 7, Champaign, IL)","7 (Champaign, IL)","Champaign County, IL",Illinois,"2 (Tract 5304, Cook, IL)","5304 (Cook, IL)","Cook County, IL",Illinois,private_auto,home,shop,1900-01-01 11:27:32,1900-01-01 13:20:17,112,118.5,unknown_vehicle_type,other_non_bev,,,,retail,retail,single_family,single_family,17136990518264016751,17779053001368036981,19.0,female,black_not_hispanic_or_latino,not_in_labor_force,unemployed_under_16_not_in_labor_force,0.0,other_travel_mode,4.0,107011.0,one,core,not_working,single_family,undergraduate,some_college,owner,english,"2 (Tract 5304, Cook, IL)","5304 (Cook, IL)","Cook County, IL",Illinois,Does not have work/school location,Does not have work/school location,Does not have work/school location,Does not have work/school location,4.2727272727272725,8.939345454545455,11,UIUC1,"3.01 (Champaign, IL)",1900-01-01 12:51:48.363636362,12,34.375,Chicago3_mdw,"9801 (Cook, IL)",37.270833333333336,70,108.64772727272727,10,146.2101787878788,112,3.0,71.1,1,0,0
10413038952680132385,"1 (Tract 8, Champaign, IL)","8 (Champaign, IL)","Champaign County, IL",Illinois,"1 (Tract 9801, Cook, IL)","9801 (Cook, IL)","Cook County, IL",Illinois,auto_passenger,region_departure,work,1900-01-01 21:59:00,1900-01-01 00:05:52,126,129.8,unknown_vehicle_type,unknown_fuel_type,,,,non_retail_attraction,non_retail_attraction,transportation_utilities,transportation_utilities,8141029130038994577,7077368915437400152,74.0,male,white_not_hispanic_or_latino,not_in_labor_force,unemployed_under_16_not_in_labor_force,15432.0,other_travel_mode,1.0,15432.0,one,core,not_working,single_family,not_attending_school,advanced_degree,renter,english,"2 (Tract 54.02, Champaign, IL)","54.02 (Champaign, IL)","Champaign County, IL",Illinois,Does not have work/school location,Does not have work/school location,Does not have work/school location,Does not have work/school location,6.090909090909091,11.770407966591712,21,UIUC1,"3.01 (Champaign, IL)",1900-01-01 23:25:05.454545454,23,3.0,Chicago3_mdw,"9801 (Cook, IL)",7.7728301886792455,70,79.0909090909091,10,119.54323815527096,126,3.0,77.88000000000001,1,0,0
16296360683683155306,"1 (Tract 57.02, Champaign, IL)","57.02 (Champaign, IL)","Champaign County, IL",Illinois,"1 (Tract 9801, Cook, IL)","9801 (Cook, IL)","Cook County, IL",Illinois,private_auto,region_departure,social,1900-01-01 12:41:08,1900-01-01 15:10:37,149,131.0,unknown_vehicle_type,other_non_bev,,,,single_family,single_family,transportation_utilities,transportation_utilities,4831337090387721464,15531534222310988843,34.0,female,hispanic_or_latino_origin,not_in_labor_force,unemployed_under_16_not_in_labor_force,0.0,other_travel_mode,3.0,18115.0,two,core,not_working,mobile,not_attending_school,k_12,renter,spanish,"2 (Tract 55, Champaign, IL)","55 (Champaign, IL)","Champaign County, IL",Illinois,Does not have work/school location,Does not have work/school location,Does not have work/school location,Does not have work/school location,9.0,14.725000000000001,12,UIUC1,"3.01 (Champaign, IL)",1900-01-01 14:10:08.000000000,14,5.041322314049586,Chicago3_mdw,"9801 (Cook, IL)",8.63018556058007,70,84.04132231404958,10,123.35518556058007,149,3.0,78.6,1,0,0
17053476081592050347,"1 (Tract 56.02, Champaign, IL)","56.02 (Champaign, IL)","Champaign County, IL",Illinois,"1 (Tract 9801, Cook, IL)","9801 (Cook, IL)","Cook County, IL",Illinois,auto_passenger,region_departure,shop,1900-01-01 11:37:00,1900-01-01 13:58:19,141,135.9,unknown_vehicle_type,unknown_fuel_type,,,,retail,retail,transportation_utilities,transportation_utilities,17599987503104650401,4581267588501210923,16.0,female,white_not_hispanic_or_latino,not_in_labor_force,unemployed_under_16_not_in_labor_force,0.0,other_travel_mode,7.0,668549.0,three_plus,core,not_working,single_family,school,k_12,owner,english,"2 (Tract 56.02, Champaign, IL)","56.02 (Champaign, IL)","Champaign County, IL",Illinois,Does not have work/school location,Does not have work/school location,Does not have work/school location,Does not have work/school location,8.0,13.862748091603054,11,UIUC1,"3.01 (Champaign, IL)",1900-01-01 13:05:00.000000000,13,5.015151515151516,Chicago3_mdw,"9801 (Cook, IL)",8.619193825042881,70,83.01515151515152,10,122.48194191664594,141,3.0,81.54,1,0,0
2484716446683793324,"1 (Tract 57.01, Champaign, IL)","57.01 (Champaign, IL)","Champaign County, IL",Illinois,"1 (Tract 6609, Cook, IL)","6609 (Cook, IL)","Cook County, IL",Illinois,private_auto,social,shop,1900-01-01 10:44:00,1900-01-01 13:04:09,140,129.3,unknown_vehicle_type,other_non_bev,,,,retail,retail,multi_family,multi_family,16287690738865005648,3751046998153666945,76.0,female,white_not_hispanic_or_latino,not_in_labor_force,unemployed_under_16_not_in_labor_force,0.0,other_travel_mode,2.0,313979.0,two,core,not_working,single_family,not_attending_school,advanced_degree,owner,other,"2 (Tract 57.01, Champaign, IL)","57.01 (Champaign, IL)","Champaign County, IL",Illinois,Does not have work/school location,Does not have work/school location,Does not have work/school location,Does not have work/school location,6.416666666666667,11.418357664233575,10,UIUC1,"3.01 (Champaign, IL)",1900-01-01 12:10:25.000000002,12,8.347826086956522,Chicago3_mdw,"9801 (Cook, IL)",13.478019729630983,70,84.76449275362319,10,124.89637739386457,140,3.0,77.58,1,0,0
6314093514319226326,"1 (Tract 3.01, Champaign, IL)","3.01 (Champaign, IL)","Champaign County, IL",Illinois,"1 (Tract 6609, Cook, IL)","6609 (Cook, IL)","Cook County, IL",Illinois,auto_passenger,social,eat,1900-01-01 12:17:00,1900-01-01 14:30:48,133,126.1,unknown_vehicle_type,unknown_fuel_type,,,,retail,retail,multi_family,multi_family,16248142777889391336,1296823094021596449,74.0,male,white_not_hispanic_or_latino,not_in_labor_force,unemployed_under_16_not_in_labor_force,358516.0,other_travel_mode,2.0,428913.0,two,core,not_working,single_family,not_attending_school,advanced_degree,owner,english,"2 (Tract 57.01, Champaign, IL)","57.01 (Champaign, IL)","Champaign County, IL",Illinois,Does not have work/school location,Does not have work/school location,Does not have work/school location,Does not have work/school location,1.1690140845070425,5.068168195812493,12,UIUC1,"3.01 (Champaign, IL)",1900-01-01 13:38:10.140845070,13,11.8125,Chicago3_mdw,"9801 (Cook, IL)",14.933182773109243,70,82.98151408450704,10,120.00135096892173,133,3.0,75.66,0,0,1
16358945829203967584,"2 (Tract 57.01, Champaign, IL)","57.01 (Champaign, IL)","Champaign County, IL",Illinois,"1 (Tract 6401, Cook, IL)","6401 (Cook, IL)","Cook County, IL",Illinois,private_auto,eat,home,1900-01-01 16:14:00,1900-01-01 18:34:39,140,128.4,unknown_vehicle_type,other_non_bev,,,,multi_family,multi_family,retail,retail,14364956419635913200,9139061410394693301,20.0,female,white_not_hispanic_or_latino,unemployed,unemployed_under_16_not_in_labor_force,0.0,other_travel_mode,1.0,0.0,one,core,not_working,multiple_units,undergraduate,some_college,renter,english,"2 (Tract 57.01, Champaign, IL)","57.01 (Champaign, IL)","Champaign County, IL",Illinois,"1 (Tract 109.02, Champaign, IL)","109.02 (Champaign, IL)","Champaign County, IL",Illinois,6.823529411764706,11.589240017174752,16,UIUC1,"3.01 (Champaign, IL)",1900-01-01 17:40:49.411764708,17,4.888888888888889,Chicago3_mdw,"9801 (Cook, IL)",8.356915422885573,70,81.7124183006536,10,119.94615544006032,140,3.0,77.04,1,0,0
13704892143664788799,"1 (Tract 3.01, Champaign, IL)","3.01 (Champaign, IL)","Champaign County, IL",Illinois,"2 (Tract 5806, Cook, IL)","5806 (Cook, IL)","Cook County, IL",Illinois,private_auto,home,eat,1900-01-01 22:41:59,1900-01-01 00:52:45,130,133.6,unknown_vehicle_type,other_non_bev,,,,retail,retail,single_family,single_family,13515144396555393417,13637959863989488556,67.0,male,hispanic_or_latino_origin,unemployed,unemployed_under_16_not_in_labor_force,5564.0,other_travel_mode,2.0,51931.0,one,core,naics62,single_family,not_attending_school,no_school,renter,english,"2 (Tract 5806, Cook, IL)","5806 (Cook, IL)","Cook County, IL",Illinois,Does not have work/school location,Does not have work/school location,Does not have work/school location,Does not have work/school location,1.0,4.997182280319535,22,UIUC1,"3.01 (Champaign, IL)",1900-01-02 00:02:59.000000000,0,13.0,Chicago3_mdw,"9801 (Cook, IL)",16.367179487179488,70,84.0,10,121.36436176749902,130,3.0,80.16,1,0,0
14698314952802229234,"4 (Tract 10, Champaign, IL)","10 (Champaign, IL)","Champaign County, IL",Illinois,"2 (Tract 5806, Cook, IL)","5806 (Cook, IL)","Cook County, IL",Illinois,private_auto,home,work,1900-01-01 10:58:23,1900-01-01 13:10:54,132,133.9,unknown_vehicle_type,other_non_bev,,,,mixed_use,office,multi_family,multi_family,14000116379253042740,17870200243917034901,65.0,male,hispanic_or_latino_origin,not_in_labor_force,unemployed_under_16_not_in_labor_force,22465.0,other_travel_mode,1.0,22465.0,one,core,not_working,several_units,not_attending_school,some_college,owner,spanish,"2 (Tract 5806, Cook, IL)","5806 (Cook, IL)","Cook County, IL",Illinois,Does not have work/school location,Does not have work/school location,Does not have work/school location,Does not have work/school location,7.095238095238095,11.445381165919281,10,UIUC1,"3.01 (Champaign, IL)",1900-01-01 12:25:28.714285712,12,11.0,Chicago3_mdw,"9801 (Cook, IL)",15.527179487179488,70,88.0952380952381,10,126.97256065309878,132,3.0,80.34,1,0,0
15779156518215954464,"1 (Tract 9.02, Champaign, IL)","9.02 (Champaign, IL)","Champaign County, IL",Illinois,"2 (Tract 5806, Cook, IL)","5806 (Cook, IL)","Cook County, IL",Illinois,private_auto,home,eat,1900-01-01 23:28:40,1900-01-01 01:37:03,128,133.0,unknown_vehicle_type,other_non_bev,,,,retail,retail,single_family,single_family,12984102554205802108,9743112762103446346,72.0,male,hispanic_or_latino_origin,not_in_labor_force,unemployed_under_16_not_in_labor_force,14681.0,other_travel_mode,5.0,101034.0,three_plus,core,not_working,single_family,not_attending_school,high_school,owner,spanish,"2 (Tract 5806, Cook, IL)","5806 (Cook, IL)","Cook County, IL",Illinois,Does not have work/school location,Does not have work/school location,Does not have work/school location,Does not have work/school location,12.0,16.55774919614148,23,UIUC1,"3.01 (Champaign, IL)",1900-01-02 01:00:40.000000000,1,13.0,Chicago3_mdw,"9801 (Cook, IL)",16.367179487179488,70,95.0,10,132.92492868332099,128,3.0,79.8,1,0,0
5254280227981886157,"1 (Tract 9.02, Champaign, IL)","9.02 (Champaign, IL)","Champaign County, IL",Illinois,"2 (Tract 6113, Cook, IL)","6113 (Cook, IL)","Cook County, IL",Illinois,private_auto,home,shop,1900-01-01 19:21:27,1900-01-01 21:23:58,122,130.4,unknown_vehicle_type,other_non_bev,,,,office,office,single_family,single_family,5466223691754188755,1655443971669700124,70.0,male,asian_not_hispanic_or_latino,not_in_labor_force,unemployed_under_16_not_in_labor_force,10144.0,other_travel_mode,2.0,20289.0,one,core,not_working,single_family,not_attending_school,high_school,owner,asian_pacific,"2 (Tract 6113, Cook, IL)","6113 (Cook, IL)","Cook County, IL",Illinois,Does not have work/school location,Does not have work/school location,Does not have work/school location,Does not have work/school location,8.6,15.129749196141479,19,UIUC1,"3.01 (Champaign, IL)",1900-01-01 20:50:03.000000000,20,10.0,Chicago3_mdw,"9801 (Cook, IL)",16.39090909090909,70,88.6,10,131.52065828705057,122,3.0,78.24,1,0,0
5476231029744687630,"5 (Tract 10, Champaign, IL)","10 (Champaign, IL)","Champaign County, IL",Illinois,"2 (Tract 6113, Cook, IL)","6113 (Cook, IL)","Cook County, IL",Illinois,private_auto,home,eat,1900-01-01 17:56:00,1900-01-01 20:01:31,125,132.5,unknown_vehicle_type,other_non_bev,,,,retail,retail,single_family,single_family,11284239005125716311,13537290846606048944,73.0,male,asian_not_hispanic_or_latino,not_in_labor_force,unemployed_under_16_not_in_labor_force,0.0,other_travel_mode,5.0,53183.0,one,core,not_working,single_family,not_attending_school,high_school,owner,asian_pacific,"2 (Tract 6113, Cook, IL)","6113 (Cook, IL)","Cook County, IL",Illinois,Does not have work/school location,Does not have work/school location,Does not have work/school location,Does not have work/school location,6.153846153846154,11.049996550534667,17,UIUC1,"3.01 (Champaign, IL)",1900-01-01 19:22:09.230769228,19,10.0,Chicago3_mdw,"9801 (Cook, IL)",16.39090909090909,70,86.15384615384616,10,127.44090564144376,125,3.0,79.5,1,0,0
7314967034859940667,"1 (Tract 55, Champaign, IL)","55 (Champaign, IL)","Champaign County, IL",Illinois,"2 (Tract 6408, Cook, IL)","6408 (Cook, IL)","Cook County, IL",Illinois,private_auto,eat,work,1900-01-01 18:07:00,1900-01-01 20:15:29,128,123.9,,,,,,retail,retail,retail,retail,6024736567933053863,16621098521706888905,50.0,female,hispanic_or_latino_origin,not_in_labor_force,unemployed_under_16_not_in_labor_force,0.0,other_travel_mode,5.0,32052.0,one,core,not_working,several_units,not_attending_school,k_12,owner,spanish,"2 (Tract 6305, Cook, IL)","6305 (Cook, IL)","Cook County, IL",Illinois,Does not have work/school location,Does not have work/school location,Does not have work/school location,Does not have work/school location,5.8,10.45557894736842,18,UIUC1,"3.01 (Champaign, IL)",1900-01-01 19:32:48.000000000,19,5.0,Chicago3_mdw,"9801 (Cook, IL)",8.663703703703705,70,80.8,10,119.11928265107213,128,3.0,74.34,1,0,0
8457783409860447099,"1 (Tract 111, Champaign, IL)","111 (Champaign, IL)","Champaign County, IL",Illinois,"1 (Tract 6202, Cook, IL)","6202 (Cook, IL)","Cook County, IL",Illinois,private_auto,shop,work,1900-01-01 18:59:00,1900-01-01 21:16:14,137,128.1,unknown_vehicle_type,other_non_bev,,,,retail,retail,retail,retail,11290587728570657291,10897228404722830706,29.0,female,hispanic_or_latino_origin,not_in_labor_force,unemployed_under_16_not_in_labor_force,203.0,other_travel_mode,4.0,43023.0,one,core,not_working,several_units,not_attending_school,no_school,owner,spanish,"2 (Tract 6305, Cook, IL)","6305 (Cook, IL)","Cook County, IL",Illinois,Does not have work/school location,Does not have work/school location,Does not have work/school location,Does not have work/school location,2.8484848484848486,7.052442067736186,18,UIUC1,"3.01 (Champaign, IL)",1900-01-01 20:21:50.909090910,20,4.0,Chicago3_mdw,"9801 (Cook, IL)",8.685,70,76.84848484848484,10,115.73744206773618,137,3.0,76.86,1,0,0
2670304053893713131,"1 (Tract 111, Champaign, IL)","111 (Champaign, IL)","Champaign County, IL",Illinois,"2 (Tract 6305, Cook, IL)","6305 (Cook, IL)","Cook County, IL",Illinois,private_auto,home,work,1900-01-01 16:19:00,1900-01-01 18:39:09,140,141.8,unknown_vehicle_type,other_non_bev,,,,office,office,multi_family,multi_family,14534791455870817890,11129487733999473873,26.0,male,black_not_hispanic_or_latino,unemployed,unemployed_under_16_not_in_labor_force,45893.0,other_travel_mode,7.0,144925.0,two,core,naics48_49,several_units,not_attending_school,high_school,owner,english,"2 (Tract 6305, Cook, IL)","6305 (Cook, IL)","Cook County, IL",Illinois,Does not have work/school location,Does not have work/school location,Does not have work/school location,Does not have work/school location,2.702702702702702,6.991213566507684,16,UIUC1,"3.01 (Champaign, IL)",1900-01-01 17:41:42.162162162,17,9.6,Chicago3_mdw,"9801 (Cook, IL)",14.417333333333332,70,82.3027027027027,10,121.40854689984101,140,3.0,85.08,0,1,0
5791735339874380735,"1 (Tract 13.01, Champaign, IL)","13.01 (Champaign, IL)","Champaign County, IL",Illinois,"2 (Tract 6503.02, Cook, IL)","6503.02 (Cook, IL)","Cook County, IL",Illinois,private_auto,home,maintenance,1900-01-01 03:29:59,1900-01-01 05:42:01,132,129.9,unknown_vehicle_type,other_non_bev,,,,retail,retail,single_family,single_family,1548466511466820057,5675265718484860136,42.0,female,hispanic_or_latino_origin,not_in_labor_force,unemployed_under_16_not_in_labor_force,0.0,other_travel_mode,4.0,112146.0,two,core,not_working,single_family,not_attending_school,high_school,owner,spanish,"2 (Tract 6503.02, Cook, IL)","6503.02 (Cook, IL)","Cook County, IL",Illinois,Does not have work/school location,Does not have work/school location,Does not have work/school location,Does not have work/school location,5.0,9.898039215686275,3,UIUC1,"3.01 (Champaign, IL)",1900-01-01 04:54:59.000000000,4,9.0,Chicago3_mdw,"9801 (Cook, IL)",12.692363636363638,70,84.0,10,122.59040285204992,132,3.0,77.94,1,0,0
1857241553785450901,"1 (Tract 8, Champaign, IL)","8 (Champaign, IL)","Champaign County, IL",Illinois,"2 (Tract 6603.02, Cook, IL)","6603.02 (Cook, IL)","Cook County, IL",Illinois,auto_passenger,home,eat,1900-01-01 20:14:48,1900-01-01 22:19:59,125,126.7,unknown_vehicle_type,unknown_fuel_type,,,,retail,retail,mixed_use,multi_family,2836447093628635585,4865347904093602507,73.0,female,black_not_hispanic_or_latino,not_in_labor_force,unemployed_under_16_not_in_labor_force,14142.0,other_travel_mode,1.0,14142.0,three_plus,core,not_working,several_units,not_attending_school,some_college,owner,spanish,"2 (Tract 6603.02, Cook, IL)","6603.02 (Cook, IL)","Cook County, IL",Illinois,Does not have work/school location,Does not have work/school location,Does not have work/school location,Does not have work/school location,6.67741935483871,12.016742277442152,20,UIUC1,"3.01 (Champaign, IL)",1900-01-01 21:41:28.645161288,21,8.666666666666666,Chicago3_mdw,"9801 (Cook, IL)",13.039259259259259,70,85.34408602150538,10,125.0560015367014,125,3.0,76.02,1,0,0
15447676100029625967,"1 (Tract 8, Champaign, IL)","8 (Champaign, IL)","Champaign County, IL",Illinois,"2 (Tract 6604, Cook, IL)","6604 (Cook, IL)","Cook County, IL",Illinois,auto_passenger,home,shop,1900-01-01 14:22:00,1900-01-01 16:32:19,130,124.0,unknown_vehicle_type,unknown_fuel_type,,,,office,office,single_family,single_family,6753779785450438284,11930946160490947621,60.0,female,hispanic_or_latino_origin,not_in_labor_force,unemployed_under_16_not_in_labor_force,12171.0,other_travel_mode,3.0,71869.0,three_plus,core,not_working,single_family,not_attending_school,high_school,owner,spanish,"2 (Tract 6604, Cook, IL)","6604 (Cook, IL)","Cook County, IL",Illinois,Does not have work/school location,Does not have work/school location,Does not have work/school location,Does not have work/school location,6.981132075471698,12.144301620108008,14,UIUC1,"3.01 (Champaign, IL)",1900-01-01 15:48:58.867924530,15,7.833333333333333,Chicago3_mdw,"9801 (Cook, IL)",12.27888888888889,70,84.81446540880502,10,124.4231905089969,130,3.0,74.39999999999999,1,0,0
7060230692463444431,"4 (Tract 5, Champaign, IL)","5 (Champaign, IL)","Champaign County, IL",Illinois,"2 (Tract 6604, Cook, IL)","6604 (Cook, IL)","Cook County, IL",Illinois,private_auto,home,eat,1900-01-01 09:43:16,1900-01-01 11:59:10,135,126.8,unknown_vehicle_type,other_non_bev,,,,retail,retail,single_family,single_family,6753779785450438284,11930946160490947621,60.0,female,hispanic_or_latino_origin,not_in_labor_force,unemployed_under_16_not_in_labor_force,12171.0,other_travel_mode,3.0,71869.0,three_plus,core,not_working,single_family,not_attending_school,high_school,owner,spanish,"2 (Tract 6604, Cook, IL)","6604 (Cook, IL)","Cook County, IL",Illinois,Does not have work/school location,Does not have work/school location,Does not have work/school location,Does not have work/school location,3.4285714285714284,7.229508196721311,9,UIUC1,"3.01 (Champaign, IL)",1900-01-01 11:06:41.714285716,11,6.5,Chicago3_mdw,"9801 (Cook, IL)",11.718888888888888,70,79.92857142857143,10,118.9483970856102,135,3.0,76.08,1,0,0
17409470636696293700,"2 (Tract 7, Champaign, IL)","7 (Champaign, IL)","Champaign County, IL",Illinois,"1 (Tract 9801, Cook, IL)","9801 (Cook, IL)","Cook County, IL",Illinois,private_auto,region_departure,home,1900-01-01 13:04:00,1900-01-01 15:19:54,135,124.9,unknown_vehicle_type,other_non_bev,,,,single_family,single_family,transportation_utilities,transportation_utilities,18195042054116999737,6166429037449913459,78.0,male,white_not_hispanic_or_latino,not_in_labor_force,unemployed_under_16_not_in_labor_force,45671.0,other_travel_mode,3.0,65378.0,one,core,not_working,single_family,not_attending_school,high_school,owner,english,"2 (Tract 7, Champaign, IL)","7 (Champaign, IL)","Champaign County, IL",Illinois,Does not have work/school location,Does not have work/school location,Does not have work/school location,Does not have work/school location,4.222222222222222,8.918133333333333,13,UIUC1,"3.01 (Champaign, IL)",1900-01-01 14:28:13.333333332,14,5.041322314049586,Chicago3_mdw,"9801 (Cook, IL)",8.63018556058007,70,79.26354453627181,10,117.5483188939134,135,3.0,74.94,0,1,0
1219441543711350867,"1 (Tract 111, Champaign, IL)","111 (Champaign, IL)","Champaign County, IL",Illinois,"5 (Tract 7102, Cook, IL)","7102 (Cook, IL)","Cook County, IL",Illinois,auto_passenger,recreation,eat,1900-01-01 12:55:00,1900-01-01 15:00:07,125,126.9,unknown_vehicle_type,unknown_fuel_type,,,,retail,retail,non_retail_attraction,non_retail_attraction,5725728551380724665,4542251186172576832,33.0,female,white_not_hispanic_or_latino,not_in_labor_force,unemployed_under_16_not_in_labor_force,0.0,other_travel_mode,3.0,59691.0,two,core,not_working,single_family,not_attending_school,some_college,renter,english,"2 (Tract 7, Champaign, IL)","7 (Champaign, IL)","Champaign County, IL",Illinois,Does not have work/school location,Does not have work/school location,Does not have work/school location,Does not have work/school location,2.833333333333333,7.046078431372549,12,UIUC1,"3.01 (Champaign, IL)",1900-01-01 14:17:49.999999998,14,18.875,Chicago3_mdw,"9801 (Cook, IL)",23.320833333333333,70,91.70833333333333,10,130.3669117647059,125,3.0,76.14,1,0,0
16204216347966155566,"1 (Tract 11, Champaign, IL)","11 (Champaign, IL)","Champaign County, IL",Illinois,"2 (Tract 7003.02, Cook, IL)","7003.02 (Cook, IL)","Cook County, IL",Illinois,private_auto,home,shop,1900-01-01 18:52:14,1900-01-01 20:55:17,123,127.8,unknown_vehicle_type,other_non_bev,,,,retail,retail,single_family,single_family,4065867270145587262,10957879717154107974,69.0,female,white_not_hispanic_or_latino,not_in_labor_force,unemployed_under_16_not_in_labor_force,16279.0,other_travel_mode,2.0,81398.0,two,core,not_working,single_family,not_attending_school,high_school,owner,english,"2 (Tract 7003.02, Cook, IL)","7003.02 (Cook, IL)","Cook County, IL",Illinois,Does not have work/school location,Does not have work/school location,Does not have work/school location,Does not have work/school location,4.666666666666667,9.413246753246753,18,UIUC1,"3.01 (Champaign, IL)",1900-01-01 20:16:54.000000002,20,11.5,Chicago3_mdw,"9801 (Cook, IL)",16.222957746478873,70,86.16666666666667,10,125.63620449972562,123,3.0,76.67999999999999,1,0,0
16559700493214047547,"1 (Tract 11, Champaign, IL)","11 (Champaign, IL)","Champaign County, IL",Illinois,"2 (Tract 7003.02, Cook, IL)","7003.02 (Cook, IL)","Cook County, IL",Illinois,private_auto,home,shop,1900-01-01 15:21:00,1900-01-01 17:30:29,129,125.4,unknown_vehicle_type,other_non_bev,,,,retail,retail,single_family,single_family,6356905357216168554,16298789339212303959,17.0,male,hispanic_or_latino_origin,not_in_labor_force,unemployed_under_16_not_in_labor_force,0.0,other_travel_mode,4.0,77164.0,three_plus,core,not_working,single_family,not_attending_school,k_12,owner,spanish,"2 (Tract 7003.02, Cook, IL)","7003.02 (Cook, IL)","Cook County, IL",Illinois,Does not have work/school location,Does not have work/school location,Does not have work/school location,Does not have work/school location,4.0,9.133246753246754,15,UIUC1,"3.01 (Champaign, IL)",1900-01-01 16:45:00.000000000,16,13.0,Chicago3_mdw,"9801 (Cook, IL)",16.852957746478875,70,87.0,10,125.98620449972563,129,3.0,75.24,1,0,0
5119110220266587538,"1 (Tract 11, Champaign, IL)","11 (Champaign, IL)","Champaign County, IL",Illinois,"2 (Tract 7003.02, Cook, IL)","7003.02 (Cook, IL)","Cook County, IL",Illinois,private_auto,home,shop,1900-01-01 08:08:00,1900-01-01 10:17:50,129,125.5,unknown_vehicle_type,other_non_bev,,,,retail,retail,single_family,single_family,4065867270145587262,10957879717154107974,69.0,female,white_not_hispanic_or_latino,not_in_labor_force,unemployed_under_16_not_in_labor_force,16279.0,other_travel_mode,2.0,81398.0,two,core,not_working,single_family,not_attending_school,high_school,owner,english,"2 (Tract 7003.02, Cook, IL)","7003.02 (Cook, IL)","Cook County, IL",Illinois,Does not have work/school location,Does not have work/school location,Does not have work/school location,Does not have work/school location,5.0,9.553246753246754,8,UIUC1,"3.01 (Champaign, IL)",1900-01-01 09:33:00.000000000,9,12.0,Chicago3_mdw,"9801 (Cook, IL)",16.432957746478873,70,87.0,10,125.98620449972563,129,3.0,75.3,1,0,0
17568076244380563117,"1 (Tract 11, Champaign, IL)","11 (Champaign, IL)","Champaign County, IL",Illinois,"2 (Tract 7003.02, Cook, IL)","7003.02 (Cook, IL)","Cook County, IL",Illinois,private_auto,home,shop,1900-01-01 17:57:01,1900-01-01 20:04:39,127,125.6,unknown_vehicle_type,other_non_bev,,,,retail,retail,single_family,single_family,15521706847195035198,10112455774821437683,28.0,female,hispanic_or_latino_origin,not_in_labor_force,unemployed_under_16_not_in_labor_force,0.0,other_travel_mode,3.0,138657.0,three_plus,core,not_working,single_family,not_attending_school,k_12,owner,spanish,"2 (Tract 7003.02, Cook, IL)","7003.02 (Cook, IL)","Cook County, IL",Illinois,Does not have work/school location,Does not have work/school location,Does not have work/school location,Does not have work/school location,6.333333333333333,10.113246753246752,17,UIUC1,"3.01 (Champaign, IL)",1900-01-01 19:23:20.999999998,19,10.75,Chicago3_mdw,"9801 (Cook, IL)",15.907957746478873,70,87.08333333333333,10,126.02120449972563,127,3.0,75.36,1,0,0
16589144113679473514,"3 (Tract 12.01, Champaign, IL)","12.01 (Champaign, IL)","Champaign County, IL",Illinois,"2 (Tract 7003.02, Cook, IL)","7003.02 (Cook, IL)","Cook County, IL",Illinois,private_auto,home,other_activity_type,1900-01-01 12:32:25,1900-01-01 14:45:37,133,125.8,unknown_vehicle_type,other_non_bev,,,,mixed_use,healthcare,single_family,single_family,3934019369096745029,8486220531045485524,64.0,female,black_not_hispanic_or_latino,not_in_labor_force,unemployed_under_16_not_in_labor_force,114732.0,other_travel_mode,2.0,321976.0,two,core,not_working,single_family,not_attending_school,advanced_degree,owner,english,"2 (Tract 7003.02, Cook, IL)","7003.02 (Cook, IL)","Cook County, IL",Illinois,Does not have work/school location,Does not have work/school location,Does not have work/school location,Does not have work/school location,7.45,12.43509271523179,12,UIUC1,"3.01 (Champaign, IL)",1900-01-01 13:59:52.000000000,13,11.5,Chicago3_mdw,"9801 (Cook, IL)",16.222957746478873,70,88.95,10,128.65805046171067,133,3.0,75.47999999999999,0,1,0
1829790986792706365,"5 (Tract 12.01, Champaign, IL)","12.01 (Champaign, IL)","Champaign County, IL",Illinois,"2 (Tract 7003.02, Cook, IL)","7003.02 (Cook, IL)","Cook County, IL",Illinois,private_auto,home,shop,1900-01-01 18:44:51,1900-01-01 20:53:17,128,125.6,unknown_vehicle_type,other_non_bev,,,,retail,retail,single_family,single_family,7405146711388480456,12499911208985168978,64.0,male,white_not_hispanic_or_latino,unemployed,unemployed_under_16_not_in_labor_force,0.0,other_travel_mode,3.0,96212.0,three_plus,core,not_working,single_family,not_attending_school,high_school,owner,english,"2 (Tract 7003.02, Cook, IL)","7003.02 (Cook, IL)","Cook County, IL",Illinois,Does not have work/school location,Does not have work/school location,Does not have work/school location,Does not have work/school location,6.7,12.120092715231788,18,UIUC1,"3.01 (Champaign, IL)",1900-01-01 20:11:33.000000000,20,11.5,Chicago3_mdw,"9801 (Cook, IL)",16.222957746478873,70,88.2,10,128.34305046171067,128,3.0,75.36,1,0,0
6587527513403202804,"1 (Tract 56.02, Champaign, IL)","56.02 (Champaign, IL)","Champaign County, IL",Illinois,"2 (Tract 7003.02, Cook, IL)","7003.02 (Cook, IL)","Cook County, IL",Illinois,private_auto,home,shop,1900-01-01 19:05:21,1900-01-01 21:15:54,130,130.1,unknown_vehicle_type,other_non_bev,,,,retail,retail,single_family,single_family,18408182217349943338,2790631594342765986,74.0,male,white_not_hispanic_or_latino,not_in_labor_force,unemployed_under_16_not_in_labor_force,38484.0,other_travel_mode,3.0,70014.0,three_plus,core,not_working,single_family,not_attending_school,high_school,owner,english,"2 (Tract 7003.02, Cook, IL)","7003.02 (Cook, IL)","Cook County, IL",Illinois,Does not have work/school location,Does not have work/school location,Does not have work/school location,Does not have work/school location,8.0,13.862748091603054,19,UIUC1,"3.01 (Champaign, IL)",1900-01-01 20:33:21.000000000,20,11.5,Chicago3_mdw,"9801 (Cook, IL)",16.222957746478873,70,89.5,10,130.08570583808194,130,3.0,78.05999999999999,1,0,0
9694604626906148987,"1 (Tract 11, Champaign, IL)","11 (Champaign, IL)","Champaign County, IL",Illinois,"2 (Tract 7003.02, Cook, IL)","7003.02 (Cook, IL)","Cook County, IL",Illinois,private_auto,home,shop,1900-01-01 10:26:23,1900-01-01 12:31:18,124,127.5,unknown_vehicle_type,other_non_bev,,,,retail,retail,single_family,single_family,15593198127623327499,965251157963005194,74.0,male,white_not_hispanic_or_latino,not_in_labor_force,unemployed_under_16_not_in_labor_force,15845.0,other_travel_mode,2.0,217712.0,two,core,not_working,single_family,not_attending_school,some_college,owner,english,"2 (Tract 7003.02, Cook, IL)","7003.02 (Cook, IL)","Cook County, IL",Illinois,Does not have work/school location,Does not have work/school location,Does not have work/school location,Does not have work/school location,5.125,9.605746753246754,10,UIUC1,"3.01 (Champaign, IL)",1900-01-01 11:51:30.500000000,11,12.5,Chicago3_mdw,"9801 (Cook, IL)",16.642957746478874,70,87.625,10,126.24870449972562,124,3.0,76.5,1,0,0
7539824881757011105,"1 (Tract 12.01, Champaign, IL)","12.01 (Champaign, IL)","Champaign County, IL",Illinois,"2 (Tract 7003.02, Cook, IL)","7003.02 (Cook, IL)","Cook County, IL",Illinois,private_auto,home,maintenance,1900-01-01 09:27:00,1900-01-01 11:32:32,125,128.0,unknown_vehicle_type,other_non_bev,,,,mixed_use,retail,single_family,single_family,5075076016339956290,14695816366122253397,94.0,female,white_not_hispanic_or_latino,not_in_labor_force,unemployed_under_16_not_in_labor_force,30718.0,other_travel_mode,1.0,30718.0,one,core,not_working,single_family,not_attending_school,some_college,owner,english,"2 (Tract 7003.02, Cook, IL)","7003.02 (Cook, IL)","Cook County, IL",Illinois,Does not have work/school location,Does not have work/school location,Does not have work/school location,Does not have work/school location,7.72,12.548492715231788,9,UIUC1,"3.01 (Champaign, IL)",1900-01-01 10:54:43.200000000,10,12.25,Chicago3_mdw,"9801 (Cook, IL)",16.537957746478874,70,89.97,10,129.08645046171065,125,3.0,76.8,1,0,0
17503803417184387615,"1 (Tract 11, Champaign, IL)","11 (Champaign, IL)","Champaign County, IL",Illinois,"2 (Tract 7003.02, Cook, IL)","7003.02 (Cook, IL)","Cook County, IL",Illinois,private_auto,home,shop,1900-01-01 10:42:24,1900-01-01 12:52:06,129,125.4,unknown_vehicle_type,other_non_bev,,,,retail,retail,single_family,single_family,5333390098701619603,7399728221498810173,74.0,female,black_not_hispanic_or_latino,not_in_labor_force,unemployed_under_16_not_in_labor_force,21368.0,other_travel_mode,2.0,67666.0,one,core,not_working,single_family,not_attending_school,some_college,owner,english,"2 (Tract 7003.02, Cook, IL)","7003.02 (Cook, IL)","Cook County, IL",Illinois,Does not have work/school location,Does not have work/school location,Does not have work/school location,Does not have work/school location,5.125,9.605746753246754,10,UIUC1,"3.01 (Champaign, IL)",1900-01-01 12:07:31.500000000,12,10.5,Chicago3_mdw,"9801 (Cook, IL)",15.802957746478874,70,85.625,10,125.40870449972562,129,3.0,75.24,1,0,0
5498720321386001171,"1 (Tract 9.01, Champaign, IL)","9.01 (Champaign, IL)","Champaign County, IL",Illinois,"1 (Tract 4701, Cook, IL)","4701 (Cook, IL)","Cook County, IL",Illinois,private_auto,social,eat,1900-01-01 13:54:03,1900-01-01 15:54:24,120,125.7,unknown_vehicle_type,other_non_bev,,,,retail,retail,multi_family,multi_family,3245846546938883893,9867682765495052798,69.0,female,black_not_hispanic_or_latino,not_in_labor_force,unemployed_under_16_not_in_labor_force,61786.0,other_travel_mode,2.0,131423.0,two,core,not_working,single_family,not_attending_school,bachelors_degree,owner,english,"2 (Tract 8214.01, Cook, IL)","8214.01 (Cook, IL)","Cook County, IL",Illinois,Does not have work/school location,Does not have work/school location,Does not have work/school location,Does not have work/school location,6.555555555555555,11.571904761904761,13,UIUC1,"3.01 (Champaign, IL)",1900-01-01 15:20:36.333333336,15,20.75,Chicago3_mdw,"9801 (Cook, IL)",31.974999999999998,70,97.30555555555556,10,143.54690476190476,120,3.0,75.42,0,1,0
764234857208504785,"3 (Tract 7, Champaign, IL)","7 (Champaign, IL)","Champaign County, IL",Illinois,"3 (Tract 7505, Cook, IL)","7505 (Cook, IL)","Cook County, IL",Illinois,auto_passenger,social,shop,1900-01-01 13:54:47,1900-01-01 15:48:02,113,119.4,unknown_vehicle_type,unknown_fuel_type,,,,retail,retail,single_family,single_family,7801459648184905482,14779999345211086335,33.0,male,black_not_hispanic_or_latino,unemployed,unemployed_under_16_not_in_labor_force,9853.0,other_travel_mode,2.0,27240.0,zero,core,naics56,single_family,not_attending_school,high_school,owner,english,"2 (Tract 8214.01, Cook, IL)","8214.01 (Cook, IL)","Cook County, IL",Illinois,Does not have work/school location,Does not have work/school location,Does not have work/school location,Does not have work/school location,4.222222222222222,8.918133333333333,13,UIUC1,"3.01 (Champaign, IL)",1900-01-01 15:19:00.333333332,15,26.0,Chicago3_mdw,"9801 (Cook, IL)",32.96153846153847,70,100.22222222222223,10,141.8796717948718,113,3.0,71.64,1,0,0
4638610558870270625,"1 (Tract 9.01, Champaign, IL)","9.01 (Champaign, IL)","Champaign County, IL",Illinois,"2 (Tract 7004.01, Cook, IL)","7004.01 (Cook, IL)","Cook County, IL",Illinois,private_auto,maintenance,shop,1900-01-01 12:22:18,1900-01-01 14:32:59,130,124.1,unknown_vehicle_type,other_non_bev,,,,retail,retail,mixed_use,office,17552696928534763552,18434817768893615235,65.0,male,white_not_hispanic_or_latino,unemployed,unemployed_under_16_not_in_labor_force,36231.0,other_travel_mode,5.0,149756.0,three_plus,core,naics23,single_family,not_attending_school,k_12,owner,indo_european,"2 (Tract 8214.01, Cook, IL)","8214.01 (Cook, IL)","Cook County, IL",Illinois,Does not have work/school location,Does not have work/school location,Does not have work/school location,Does not have work/school location,6.538461538461538,11.564725274725275,12,UIUC1,"3.01 (Champaign, IL)",1900-01-01 13:48:50.307692310,13,10.77777777777778,Chicago3_mdw,"9801 (Cook, IL)",15.867508771929824,70,87.31623931623932,10,127.4322340466551,130,3.0,74.46,1,0,0
17376828975789453211,"1 (Tract 9.01, Champaign, IL)","9.01 (Champaign, IL)","Champaign County, IL",Illinois,"2 (Tract 4401.01, Cook, IL)","4401.01 (Cook, IL)","Cook County, IL",Illinois,private_auto,social,eat,1900-01-01 13:38:03,1900-01-01 15:37:07,119,125.5,unknown_vehicle_type,other_non_bev,,,,retail,retail,multi_family,multi_family,5233582719876640920,17291306019053477311,58.0,male,black_not_hispanic_or_latino,unemployed,unemployed_under_16_not_in_labor_force,89717.0,other_travel_mode,3.0,150786.0,two,core,naics56,single_family,not_attending_school,high_school,owner,english,"2 (Tract 8214.01, Cook, IL)","8214.01 (Cook, IL)","Cook County, IL",Illinois,Does not have work/school location,Does not have work/school location,Does not have work/school location,Does not have work/school location,6.555555555555555,11.571904761904761,13,UIUC1,"3.01 (Champaign, IL)",1900-01-01 15:04:36.333333336,15,21.875,Chicago3_mdw,"9801 (Cook, IL)",28.180833333333332,70,98.43055555555556,10,139.7527380952381,119,3.0,75.3,0,1,0
11159771041896695809,"2 (Tract 2, Champaign, IL)","2 (Champaign, IL)","Champaign County, IL",Illinois,"4 (Tract 6810, Cook, IL)","6810 (Cook, IL)","Cook County, IL",Illinois,private_auto,social,shop,1900-01-01 12:10:10,1900-01-01 14:35:10,145,128.2,unknown_vehicle_type,other_non_bev,,,,retail,retail,multi_family,multi_family,8375156988089199478,18267861127922560656,65.0,female,black_not_hispanic_or_latino,not_in_labor_force,unemployed_under_16_not_in_labor_force,2039.0,other_travel_mode,3.0,82377.0,one,core,not_working,several_units,not_attending_school,high_school,renter,english,"2 (Tract 8347, Cook, IL)","8347 (Cook, IL)","Cook County, IL",Illinois,Does not have work/school location,Does not have work/school location,Does not have work/school location,Does not have work/school location,1.8888888888888888,6.190107526881721,12,UIUC1,"3.01 (Champaign, IL)",1900-01-01 13:32:03.333333334,13,12.0,Chicago3_mdw,"9801 (Cook, IL)",16.54,70,83.88888888888889,10,122.73010752688171,145,3.0,76.91999999999999,1,0,0
6493266134138080610,"2 (Tract 9.02, Champaign, IL)","9.02 (Champaign, IL)","Champaign County, IL",Illinois,"1 (Tract 9801, Cook, IL)","9801 (Cook, IL)","Cook County, IL",Illinois,private_auto,region_departure,home,1900-01-01 10:55:00,1900-01-01 13:11:46,136,133.4,unknown_vehicle_type,other_non_bev,,,,single_family,single_family,transportation_utilities,transportation_utilities,1868227076425718812,5204990730516914162,21.0,male,white_not_hispanic_or_latino,not_in_labor_force,unemployed_under_16_not_in_labor_force,8453.0,other_travel_mode,9.0,17028.0,three_plus,core,naics23,single_family,undergraduate,some_college,renter,spanish,"2 (Tract 9.02, Champaign, IL)","9.02 (Champaign, IL)","Champaign County, IL",Illinois,"1 (Tract 9.02, Champaign, IL)","9.02 (Champaign, IL)","Champaign County, IL",Illinois,9.947368421052632,15.695643932983582,10,UIUC1,"3.01 (Champaign, IL)",1900-01-01 12:24:56.842105266,12,5.0608108108108105,Chicago3_mdw,"9801 (Cook, IL)",8.638370729219785,70,85.00817923186344,10,124.33401466220337,136,3.0,80.04,1,0,0
13884850500191153216,"2 (Tract 110.02, Champaign, IL)","110.02 (Champaign, IL)","Champaign County, IL",Illinois,"1 (Tract 9801, Cook, IL)","9801 (Cook, IL)","Cook County, IL",Illinois,private_auto,region_departure,maintenance,1900-01-01 11:12:00,1900-01-01 13:27:55,135,129.6,unknown_vehicle_type,other_non_bev,,,,mixed_use,healthcare,transportation_utilities,transportation_utilities,14289427557835076237,3798870483082606336,20.0,male,white_not_hispanic_or_latino,unemployed,unemployed_under_16_not_in_labor_force,1207.0,other_travel_mode,3.0,72462.0,three_plus,core,naics72,single_family,not_attending_school,high_school,owner,english,"2 (Tract 9.02, Champaign, IL)","9.02 (Champaign, IL)","Champaign County, IL",Illinois,Does not have work/school location,Does not have work/school location,Does not have work/school location,Does not have work/school location,2.0625,6.295314039408868,11,UIUC1,"3.01 (Champaign, IL)",1900-01-01 12:34:03.750000000,12,5.0608108108108105,Chicago3_mdw,"9801 (Cook, IL)",8.638370729219785,70,77.1233108108108,10,114.93368476862865,135,3.0,77.75999999999999,1,0,0
2539540559649452310,"1 (Tract 8, Champaign, IL)","8 (Champaign, IL)","Champaign County, IL",Illinois,"1 (Tract 9801, Cook, IL)","9801 (Cook, IL)","Cook County, IL",Illinois,private_auto,region_departure,shop,1900-01-01 10:47:00,1900-01-01 13:01:05,134,124.9,unknown_vehicle_type,other_non_bev,,,,office,office,transportation_utilities,transportation_utilities,17356532716033871518,4266669413524630007,72.0,male,hispanic_or_latino_origin,not_in_labor_force,unemployed_under_16_not_in_labor_force,23647.0,other_travel_mode,3.0,23647.0,two,core,not_working,single_family,not_attending_school,advanced_degree,owner,spanish,"2 (Tract 9506, Iroquois, IL)","9506 (Iroquois, IL)","Iroquois County, IL",Illinois,Does not have work/school location,Does not have work/school location,Does not have work/school location,Does not have work/school location,7.333333333333333,12.292226148409894,10,UIUC1,"3.01 (Champaign, IL)",1900-01-01 12:14:19.999999998,12,5.0608108108108105,Chicago3_mdw,"9801 (Cook, IL)",8.638370729219785,70,82.39414414414414,10,120.93059687762968,134,3.0,74.94,1,0,0
8408256740662792614,"3 (Tract 13.02, Champaign, IL)","13.02 (Champaign, IL)","Champaign County, IL",Illinois,"4 (Tract 8428, Cook, IL)","8428 (Cook, IL)","Cook County, IL",Illinois,private_auto,shop,shop,1900-01-01 16:52:00,1900-01-01 19:18:00,146,131.2,unknown_vehicle_type,other_non_bev,,,,retail,retail,mixed_use,retail,12535457867224016682,9951924980082283147,32.0,male,hispanic_or_latino_origin,not_in_labor_force,unemployed_under_16_not_in_labor_force,10.0,other_travel_mode,3.0,19112.0,one,core,not_working,single_family,not_attending_school,high_school,renter,english,"2 (Tract 9524, Douglas, IL)","9524 (Douglas, IL)","Douglas County, IL",Illinois,Does not have work/school location,Does not have work/school location,Does not have work/school location,Does not have work/school location,7.2105263157894735,13.013103979460848,16,UIUC1,"3.01 (Champaign, IL)",1900-01-01 18:19:12.631578948,18,7.0,Chicago3_mdw,"9801 (Cook, IL)",12.867826086956521,70,84.21052631578948,10,125.88093006641738,146,3.0,78.71999999999998,1,0,0
884253708029003521,"1 (Tract 8, Champaign, IL)","8 (Champaign, IL)","Champaign County, IL",Illinois,"1 (Tract 9801, Cook, IL)","9801 (Cook, IL)","Cook County, IL",Illinois,private_auto,region_departure,recreation,1900-01-01 13:58:35,1900-01-01 16:21:13,142,126.1,unknown_vehicle_type,other_non_bev,,,,non_retail_attraction,non_retail_attraction,transportation_utilities,transportation_utilities,5280098513435942040,6842795848891914427,62.0,male,white_not_hispanic_or_latino,not_in_labor_force,unemployed_under_16_not_in_labor_force,116933.0,other_travel_mode,1.0,116933.0,one,core,not_working,mobile,not_attending_school,high_school,owner,english,"2 (Tract 9714, De Witt, IL)","9714 (De Witt, IL)","De Witt County, IL",Illinois,Does not have work/school location,Does not have work/school location,Does not have work/school location,Does not have work/school location,7.186440677966102,12.230531233155657,13,UIUC1,"3.01 (Champaign, IL)",1900-01-01 15:25:46.186440680,15,5.063291139240507,Chicago3_mdw,"9801 (Cook, IL)",8.639412467160257,70,82.24973181720661,10,120.86994370031591,142,3.0,75.66,0,1,0
13187620598050984295,"1 (Tract 3.01, Champaign, IL)","3.01 (Champaign, IL)","Champaign County, IL",Illinois,"2 (Tract 7109, Cook, IL)","7109 (Cook, IL)","Cook County, IL",Illinois,auto_passenger,work,shop,1900-01-01 13:29:44,1900-01-01 15:30:55,121,124.5,unknown_vehicle_type,unknown_fuel_type,,,,retail,retail,multi_family,multi_family,1452315988171962056,10216130841223688002,28.0,male,white_not_hispanic_or_latino,not_in_labor_force,unemployed_under_16_not_in_labor_force,19323.0,other_travel_mode,2.0,106278.0,two,core,not_working,single_family,not_attending_school,bachelors_degree,owner,english,"3 (Tract 10, Champaign, IL)","10 (Champaign, IL)","Champaign County, IL",Illinois,Does not have work/school location,Does not have work/school location,Does not have work/school location,Does not have work/school location,0.9701492537313432,4.9846449668867,13,UIUC1,"3.01 (Champaign, IL)",1900-01-01 14:50:42.208955222,14,17.5,Chicago3_mdw,"9801 (Cook, IL)",26.45,70,88.47014925373135,10,131.4346449668867,121,3.0,74.7,1,0,0
5373796318084781476,"1 (Tract 54.01, Champaign, IL)","54.01 (Champaign, IL)","Champaign County, IL",Illinois,"1 (Tract 9801, Cook, IL)","9801 (Cook, IL)","Cook County, IL",Illinois,auto_passenger,region_departure,eat,1900-01-01 20:33:00,1900-01-01 22:47:16,134,131.2,unknown_vehicle_type,unknown_fuel_type,,,,mixed_use,retail,transportation_utilities,transportation_utilities,12496127885887814342,9844542429729639411,37.0,female,white_not_hispanic_or_latino,not_in_labor_force,unemployed_under_16_not_in_labor_force,0.0,other_travel_mode,7.0,81606.0,one,core,not_working,single_family,not_attending_school,some_college,renter,english,"3 (Tract 104, Champaign, IL)","104 (Champaign, IL)","Champaign County, IL",Illinois,Does not have work/school location,Does not have work/school location,Does not have work/school location,Does not have work/school location,5.333333333333333,10.187904191616767,20,UIUC1,"3.01 (Champaign, IL)",1900-01-01 21:58:19.999999998,21,4.333333333333333,Chicago3_mdw,"9801 (Cook, IL)",8.332830188679244,70,79.66666666666666,10,118.520734380296,134,3.0,78.71999999999998,1,0,0
14886034069213767699,"1 (Tract 8, Champaign, IL)","8 (Champaign, IL)","Champaign County, IL",Illinois,"1 (Tract 9801, Cook, IL)","9801 (Cook, IL)","Cook County, IL",Illinois,private_auto,region_departure,shop,1900-01-01 16:50:00,1900-01-01 19:02:14,132,125.2,unknown_vehicle_type,other_non_bev,,,,office,office,transportation_utilities,transportation_utilities,16027990203788648420,1629293954429047426,64.0,female,white_not_hispanic_or_latino,not_in_labor_force,unemployed_under_16_not_in_labor_force,6511.0,other_travel_mode,2.0,115042.0,three_plus,core,not_working,single_family,not_attending_school,advanced_degree,owner,english,"3 (Tract 105, Champaign, IL)","105 (Champaign, IL)","Champaign County, IL",Illinois,Does not have work/school location,Does not have work/school location,Does not have work/school location,Does not have work/school location,7.610169491525424,12.408497334850573,16,UIUC1,"3.01 (Champaign, IL)",1900-01-01 18:17:36.610169490,18,4.653846153846154,Chicago3_mdw,"9801 (Cook, IL)",8.46744557329463,70,82.26401564537159,10,120.8759429081452,132,3.0,75.12,1,0,0
3981203601208131009,"3 (Tract 11, Champaign, IL)","11 (Champaign, IL)","Champaign County, IL",Illinois,"3 (Tract 6609, Cook, IL)","6609 (Cook, IL)","Cook County, IL",Illinois,private_auto,work,home,1900-01-01 17:32:00,1900-01-01 19:42:05,130,126.3,unknown_vehicle_type,other_non_bev,,,,single_family,single_family,office,office,11205925854930869128,4426259852130265818,34.0,male,black_not_hispanic_or_latino,not_in_labor_force,unemployed_under_16_not_in_labor_force,0.0,other_travel_mode,1.0,0.0,two,core,not_working,single_family,not_attending_school,no_school,renter,english,"3 (Tract 11, Champaign, IL)","11 (Champaign, IL)","Champaign County, IL",Illinois,Does not have work/school location,Does not have work/school location,Does not have work/school location,Does not have work/school location,6.333333333333333,10.113246753246752,17,UIUC1,"3.01 (Champaign, IL)",1900-01-01 18:58:19.999999998,18,7.166666666666667,Chicago3_mdw,"9801 (Cook, IL)",12.981932773109243,70,83.5,10,123.09517952635599,130,3.0,75.78,1,0,0
6672474966558234761,"2 (Tract 14, Champaign, IL)","14 (Champaign, IL)","Champaign County, IL",Illinois,"1 (Tract 9801, Cook, IL)","9801 (Cook, IL)","Cook County, IL",Illinois,private_auto,region_departure,social,1900-01-01 20:21:00,1900-01-01 22:35:41,134,126.9,unknown_vehicle_type,other_non_bev,,,,single_family,single_family,transportation_utilities,transportation_utilities,15652251841872800403,8249907192058743111,64.0,female,white_not_hispanic_or_latino,not_in_labor_force,unemployed_under_16_not_in_labor_force,75347.0,other_travel_mode,2.0,289796.0,three_plus,core,not_working,single_family,not_attending_school,advanced_degree,owner,english,"3 (Tract 110, Vermilion, IL)","110 (Vermilion, IL)","Vermilion County, IL",Illinois,Does not have work/school location,Does not have work/school location,Does not have work/school location,Does not have work/school location,2.859375,7.377591296653796,20,UIUC1,"3.01 (Champaign, IL)",1900-01-01 21:43:51.562500000,21,4.333333333333333,Chicago3_mdw,"9801 (Cook, IL)",8.332830188679244,70,77.19270833333333,10,115.71042148533303,134,3.0,76.14,0,1,0
14903266606668195370,"3 (Tract 12.01, Champaign, IL)","12.01 (Champaign, IL)","Champaign County, IL",Illinois,"1 (Tract 6611, Cook, IL)","6611 (Cook, IL)","Cook County, IL",Illinois,private_auto,work,home,1900-01-01 09:58:00,1900-01-01 12:10:26,132,126.3,unknown_vehicle_type,other_non_bev,,,,single_family,single_family,single_family,single_family,7696433118431292802,18110138596223522334,69.0,female,black_not_hispanic_or_latino,not_in_labor_force,unemployed_under_16_not_in_labor_force,15628.0,other_travel_mode,3.0,29411.0,two,core,not_working,single_family,not_attending_school,some_college,renter,english,"3 (Tract 12.01, Champaign, IL)","12.01 (Champaign, IL)","Champaign County, IL",Illinois,Does not have work/school location,Does not have work/school location,Does not have work/school location,Does not have work/school location,7.72,12.548492715231788,9,UIUC1,"3.01 (Champaign, IL)",1900-01-01 11:25:43.200000000,11,13.5,Chicago3_mdw,"9801 (Cook, IL)",17.341428571428573,70,91.22,10,129.88992128666035,132,3.0,75.78,1,0,0
16250945755828519000,"3 (Tract 13.02, Champaign, IL)","13.02 (Champaign, IL)","Champaign County, IL",Illinois,"1 (Tract 9801, Cook, IL)","9801 (Cook, IL)","Cook County, IL",Illinois,private_auto,region_departure,home,1900-01-01 17:21:00,1900-01-01 19:50:46,149,131.7,unknown_vehicle_type,other_non_bev,,,,single_family,single_family,transportation_utilities,transportation_utilities,13525132321393011678,488603056130580139,87.0,male,white_not_hispanic_or_latino,not_in_labor_force,unemployed_under_16_not_in_labor_force,32559.0,other_travel_mode,5.0,296940.0,two,core,not_working,single_family,not_attending_school,high_school,owner,english,"3 (Tract 13.02, Champaign, IL)","13.02 (Champaign, IL)","Champaign County, IL",Illinois,Does not have work/school location,Does not have work/school location,Does not have work/school location,Does not have work/school location,7.5625,13.160932926829268,17,UIUC1,"3.01 (Champaign, IL)",1900-01-01 18:48:33.750000000,18,4.653846153846154,Chicago3_mdw,"9801 (Cook, IL)",8.46744557329463,70,82.21634615384616,10,121.6283785001239,149,3.0,79.02,1,0,0
4852108531143444610,"3 (Tract 13.02, Champaign, IL)","13.02 (Champaign, IL)","Champaign County, IL",Illinois,"1 (Tract 9801, Cook, IL)","9801 (Cook, IL)","Cook County, IL",Illinois,private_auto,region_departure,eat,1900-01-01 17:40:00,1900-01-01 20:09:16,149,131.7,unknown_vehicle_type,other_non_bev,,,,retail,retail,transportation_utilities,transportation_utilities,2577098523640340127,1912155711858394858,68.0,female,white_not_hispanic_or_latino,not_in_labor_force,unemployed_under_16_not_in_labor_force,101442.0,other_travel_mode,2.0,273230.0,two,core,not_working,single_family,not_attending_school,advanced_degree,owner,english,"3 (Tract 13.02, Champaign, IL)","13.02 (Champaign, IL)","Champaign County, IL",Illinois,Does not have work/school location,Does not have work/school location,Does not have work/school location,Does not have work/school location,7.5625,13.160932926829268,17,UIUC1,"3.01 (Champaign, IL)",1900-01-01 19:07:33.750000000,19,5.05,Chicago3_mdw,"9801 (Cook, IL)",8.633830188679244,70,82.6125,10,121.79476311550852,149,3.0,79.02,0,1,0
10015958992794230006,"1 (Tract 59.01, Champaign, IL)","59.01 (Champaign, IL)","Champaign County, IL",Illinois,"1 (Tract 9801, Cook, IL)","9801 (Cook, IL)","Cook County, IL",Illinois,private_auto,region_departure,recreation,1900-01-01 20:30:00,1900-01-01 22:42:19,132,132.8,unknown_vehicle_type,other_non_bev,,,,non_retail_attraction,non_retail_attraction,transportation_utilities,transportation_utilities,6440652829068806322,5951285973216865772,80.0,female,white_not_hispanic_or_latino,not_in_labor_force,unemployed_under_16_not_in_labor_force,67269.0,other_travel_mode,1.0,67269.0,one,core,not_working,single_family,not_attending_school,bachelors_degree,owner,english,"3 (Tract 13.02, Champaign, IL)","13.02 (Champaign, IL)","Champaign County, IL",Illinois,Does not have work/school location,Does not have work/school location,Does not have work/school location,Does not have work/school location,2.590909090909091,6.721896103896104,20,UIUC1,"3.01 (Champaign, IL)",1900-01-01 21:52:35.454545454,21,4.333333333333333,Chicago3_mdw,"9801 (Cook, IL)",8.332830188679244,70,76.92424242424242,10,115.05472629257534,132,3.0,79.68,0,1,0
18050736235422133931,"1 (Tract 13.02, Champaign, IL)","13.02 (Champaign, IL)","Champaign County, IL",Illinois,"2 (Tract 4902, Cook, IL)","4902 (Cook, IL)","Cook County, IL",Illinois,private_auto,social,social,1900-01-01 17:07:31,1900-01-01 19:11:44,124,127.8,unknown_vehicle_type,other_non_bev,,,,single_family,single_family,single_family,single_family,11054010175930937415,4922556319430415252,29.0,male,white_not_hispanic_or_latino,not_in_labor_force,unemployed_under_16_not_in_labor_force,0.0,other_travel_mode,3.0,65009.0,one,core,not_working,single_family,not_attending_school,some_college,owner,english,"3 (Tract 407, Lake, IN)","407 (Lake, IN)","Lake County, IN",Indiana,Does not have work/school location,Does not have work/school location,Does not have work/school location,Does not have work/school location,7.5625,13.160932926829268,17,UIUC1,"3.01 (Champaign, IL)",1900-01-01 18:35:04.750000000,18,20.03125,Chicago3_mdw,"9801 (Cook, IL)",31.033125,70,97.59375,10,144.19405792682926,124,3.0,76.67999999999999,1,0,0
18022861409584777616,"2 (Tract 110.02, Champaign, IL)","110.02 (Champaign, IL)","Champaign County, IL",Illinois,"2 (Tract 6304, Cook, IL)","6304 (Cook, IL)","Cook County, IL",Illinois,auto_passenger,work,shop,1900-01-01 16:56:00,1900-01-01 19:02:13,126,131.4,unknown_vehicle_type,unknown_fuel_type,,,,mixed_use,retail,multi_family,multi_family,17888002660343232093,3554761981071162448,65.0,female,black_not_hispanic_or_latino,not_in_labor_force,unemployed_under_16_not_in_labor_force,9971.0,other_travel_mode,1.0,9971.0,zero,core,not_working,multiple_units,not_attending_school,some_college,renter,english,"3 (Tract 5, Champaign, IL)","5 (Champaign, IL)","Champaign County, IL",Illinois,Does not have work/school location,Does not have work/school location,Does not have work/school location,Does not have work/school location,2.2222222222222223,6.362397372742201,16,UIUC1,"3.01 (Champaign, IL)",1900-01-01 18:18:13.333333332,18,7.0,Chicago3_mdw,"9801 (Cook, IL)",11.219999999999999,70,79.22222222222223,10,117.58239737274221,126,3.0,78.84,1,0,0
981566588647488063,"2 (Tract 110.02, Champaign, IL)","110.02 (Champaign, IL)","Champaign County, IL",Illinois,"1 (Tract 9801, Cook, IL)","9801 (Cook, IL)","Cook County, IL",Illinois,auto_passenger,region_departure,maintenance,1900-01-01 11:44:54,1900-01-01 13:58:13,133,131.3,unknown_vehicle_type,unknown_fuel_type,,,,mixed_use,healthcare,transportation_utilities,transportation_utilities,11266910651926287583,16607664425932909535,38.0,male,white_not_hispanic_or_latino,not_in_labor_force,unemployed_under_16_not_in_labor_force,0.0,other_travel_mode,1.0,0.0,zero,core,not_working,multiple_units,not_attending_school,advanced_degree,renter,english,"3 (Tract 54.01, Champaign, IL)","54.01 (Champaign, IL)","Champaign County, IL",Illinois,Does not have work/school location,Does not have work/school location,Does not have work/school location,Does not have work/school location,2.0625,6.295314039408868,11,UIUC1,"3.01 (Champaign, IL)",1900-01-01 13:06:57.750000000,13,5.015151515151516,Chicago3_mdw,"9801 (Cook, IL)",8.619193825042881,70,77.07765151515152,10,114.91450786445175,133,3.0,78.78,1,0,0
14114562664351641391,"3 (Tract 56.01, Champaign, IL)","56.01 (Champaign, IL)","Champaign County, IL",Illinois,"1 (Tract 9801, Cook, IL)","9801 (Cook, IL)","Cook County, IL",Illinois,private_auto,region_departure,home,1900-01-01 07:06:00,1900-01-01 09:34:18,148,130.3,unknown_vehicle_type,other_non_bev,,,,mixed_use,multi_family,transportation_utilities,transportation_utilities,14057020512672525086,13055955451583787917,25.0,female,asian_not_hispanic_or_latino,not_in_labor_force,unemployed_under_16_not_in_labor_force,55350.0,other_travel_mode,5.0,77056.0,one,core,naics62,several_units,not_attending_school,some_college,renter,asian_pacific,"3 (Tract 56.01, Champaign, IL)","56.01 (Champaign, IL)","Champaign County, IL",Illinois,Does not have work/school location,Does not have work/school location,Does not have work/school location,Does not have work/school location,6.896551724137931,11.218580709645178,7,UIUC1,"3.01 (Champaign, IL)",1900-01-01 08:32:53.793103446,8,5.442622950819672,Chicago3_mdw,"9801 (Cook, IL)",8.798731828023508,70,82.3391746749576,10,120.01731253766869,148,3.0,78.18,0,1,0
8788331428765206732,"3 (Tract 57.01, Champaign, IL)","57.01 (Champaign, IL)","Champaign County, IL",Illinois,"1 (Tract 9801, Cook, IL)","9801 (Cook, IL)","Cook County, IL",Illinois,private_auto,region_departure,home,1900-01-01 17:18:00,1900-01-01 19:38:00,140,129.2,unknown_vehicle_type,electric,,,,single_family,single_family,transportation_utilities,transportation_utilities,15788753332900903787,62621455718400910,84.0,female,white_not_hispanic_or_latino,not_in_labor_force,unemployed_under_16_not_in_labor_force,13910.0,other_travel_mode,2.0,246906.0,one,core,not_working,single_family,not_attending_school,advanced_degree,owner,english,"3 (Tract 57.01, Champaign, IL)","57.01 (Champaign, IL)","Champaign County, IL",Illinois,Does not have work/school location,Does not have work/school location,Does not have work/school location,Does not have work/school location,6.666666666666667,11.523357664233576,17,UIUC1,"3.01 (Champaign, IL)",1900-01-01 18:44:40.000000002,18,4.653846153846154,Chicago3_mdw,"9801 (Cook, IL)",8.46744557329463,70,81.32051282051283,10,119.9908032375282,140,3.0,77.52,1,0,0
13773097545796759660,"2 (Tract 55, Champaign, IL)","55 (Champaign, IL)","Champaign County, IL",Illinois,"1 (Tract 9801, Cook, IL)","9801 (Cook, IL)","Cook County, IL",Illinois,private_auto,region_departure,shop,1900-01-01 08:11:00,1900-01-01 10:31:41,140,134.8,unknown_vehicle_type,other_non_bev,,,,retail,retail,transportation_utilities,transportation_utilities,5366419902830603143,17742520761200281126,55.0,female,white_not_hispanic_or_latino,not_in_labor_force,unemployed_under_16_not_in_labor_force,31993.0,other_travel_mode,2.0,95748.0,two,core,naics61,single_family,not_attending_school,bachelors_degree,owner,english,"3 (Tract 58, Champaign, IL)","58 (Champaign, IL)","Champaign County, IL",Illinois,Does not have work/school location,Does not have work/school location,Does not have work/school location,Does not have work/school location,5.4,10.28757894736842,8,UIUC1,"3.01 (Champaign, IL)",1900-01-01 09:36:24.000000000,9,4.908163265306122,Chicago3_mdw,"9801 (Cook, IL)",8.574258760107817,70,80.30816326530612,10,118.86183770747624,140,3.0,80.88000000000001,1,0,0
2593244393817544537,"1 (Tract 59.01, Champaign, IL)","59.01 (Champaign, IL)","Champaign County, IL",Illinois,"1 (Tract 9801, Cook, IL)","9801 (Cook, IL)","Cook County, IL",Illinois,private_auto,region_departure,maintenance,1900-01-01 20:46:00,1900-01-01 22:58:48,132,133.0,unknown_vehicle_type,other_non_bev,,,,mixed_use,industrial,transportation_utilities,transportation_utilities,7374706572619561773,14582169518861873065,18.0,male,two_races_not_hispanic_or_latino,not_in_labor_force,unemployed_under_16_not_in_labor_force,0.0,other_travel_mode,2.0,20390.0,one,core,not_working,several_units,school,high_school,renter,english,"3 (Tract 58, Champaign, IL)","58 (Champaign, IL)","Champaign County, IL",Illinois,Does not have work/school location,Does not have work/school location,Does not have work/school location,Does not have work/school location,2.590909090909091,6.721896103896104,20,UIUC1,"3.01 (Champaign, IL)",1900-01-01 22:08:35.454545454,22,3.333333333333333,Chicago3_mdw,"9801 (Cook, IL)",7.912830188679245,70,75.92424242424242,10,114.63472629257535,132,3.0,79.8,1,0,0
12186277852780947745,"1 (Tract 59.01, Champaign, IL)","59.01 (Champaign, IL)","Champaign County, IL",Illinois,"1 (Tract 9801, Cook, IL)","9801 (Cook, IL)","Cook County, IL",Illinois,private_auto,region_departure,eat,1900-01-01 12:45:00,1900-01-01 15:06:11,141,127.4,unknown_vehicle_type,other_non_bev,,,,retail,retail,transportation_utilities,transportation_utilities,11079537473113441767,15595691569218007443,20.0,female,white_not_hispanic_or_latino,not_in_labor_force,unemployed_under_16_not_in_labor_force,0.0,other_travel_mode,3.0,326463.0,two,core,not_working,single_family,not_attending_school,some_college,owner,english,"3 (Tract 58, Champaign, IL)","58 (Champaign, IL)","Champaign County, IL",Illinois,Does not have work/school location,Does not have work/school location,Does not have work/school location,Does not have work/school location,2.6333333333333333,6.739714285714286,12,UIUC1,"3.01 (Champaign, IL)",1900-01-01 14:07:37.999999998,14,5.041322314049586,Chicago3_mdw,"9801 (Cook, IL)",8.63018556058007,70,77.67465564738292,10,115.36989984629436,141,3.0,76.44,1,0,0
5514779726772046580,"2 (Tract 59.02, Champaign, IL)","59.02 (Champaign, IL)","Champaign County, IL",Illinois,"3 (Tract 5806, Cook, IL)","5806 (Cook, IL)","Cook County, IL",Illinois,private_auto,home,shop,1900-01-01 20:19:38,1900-01-01 22:30:29,130,134.3,unknown_vehicle_type,other_non_bev,,,,retail,retail,multi_family,multi_family,15845310690702110972,8410482458019259402,71.0,male,hispanic_or_latino_origin,not_in_labor_force,unemployed_under_16_not_in_labor_force,0.0,other_travel_mode,5.0,106297.0,two,core,not_working,several_units,not_attending_school,no_school,renter,spanish,"3 (Tract 5806, Cook, IL)","5806 (Cook, IL)","Cook County, IL",Illinois,Does not have work/school location,Does not have work/school location,Does not have work/school location,Does not have work/school location,2.054054054054054,6.112478875987902,20,UIUC1,"3.01 (Champaign, IL)",1900-01-01 21:41:41.243243246,21,9.0,Chicago3_mdw,"9801 (Cook, IL)",14.687179487179488,70,81.05405405405405,10,120.7996583631674,130,3.0,80.58,1,0,0
2805908101265071278,"2 (Tract 59.02, Champaign, IL)","59.02 (Champaign, IL)","Champaign County, IL",Illinois,"1 (Tract 5801, Cook, IL)","5801 (Cook, IL)","Cook County, IL",Illinois,auto_passenger,social,eat,1900-01-01 11:59:00,1900-01-01 14:15:29,136,134.8,unknown_vehicle_type,unknown_fuel_type,,,,retail,retail,multi_family,multi_family,16007361948166001126,17813832878423703881,53.0,male,hispanic_or_latino_origin,not_in_labor_force,unemployed_under_16_not_in_labor_force,0.0,other_travel_mode,5.0,106297.0,two,core,not_working,several_units,not_attending_school,no_school,renter,spanish,"3 (Tract 5806, Cook, IL)","5806 (Cook, IL)","Cook County, IL",Illinois,Does not have work/school location,Does not have work/school location,Does not have work/school location,Does not have work/school location,2.135135135135135,6.146532930041956,11,UIUC1,"3.01 (Champaign, IL)",1900-01-01 13:21:08.108108106,13,11.09375,Chicago3_mdw,"9801 (Cook, IL)",16.783375,70,83.22888513513513,10,122.92990793004196,136,3.0,80.88000000000001,1,0,0
6351605976072660728,"2 (Tract 59.02, Champaign, IL)","59.02 (Champaign, IL)","Champaign County, IL",Illinois,"1 (Tract 6502, Cook, IL)","6502 (Cook, IL)","Cook County, IL",Illinois,auto_passenger,shop,shop,1900-01-01 10:06:19,1900-01-01 12:19:42,133,125.2,,unknown_fuel_type,,,,retail,retail,retail,retail,15845310690702110972,8410482458019259402,71.0,male,hispanic_or_latino_origin,not_in_labor_force,unemployed_under_16_not_in_labor_force,0.0,other_travel_mode,5.0,106297.0,two,core,not_working,several_units,not_attending_school,no_school,renter,spanish,"3 (Tract 5806, Cook, IL)","5806 (Cook, IL)","Cook County, IL",Illinois,Does not have work/school location,Does not have work/school location,Does not have work/school location,Does not have work/school location,2.014084507042253,6.095691666242946,10,UIUC1,"3.01 (Champaign, IL)",1900-01-01 11:28:19.845070420,11,4.0,Chicago3_mdw,"9801 (Cook, IL)",8.272649572649572,70,76.01408450704226,10,114.36834123889251,133,3.0,75.12,1,0,0
10190829253208425639,"2 (Tract 59.02, Champaign, IL)","59.02 (Champaign, IL)","Champaign County, IL",Illinois,"2 (Tract 6703, Cook, IL)","6703 (Cook, IL)","Cook County, IL",Illinois,auto_passenger,work,eat,1900-01-01 14:24:00,1900-01-01 16:36:10,132,128.4,unknown_vehicle_type,unknown_fuel_type,,,,retail,retail,retail,retail,17131267369667214423,10034233931425249705,81.0,male,hispanic_or_latino_origin,not_in_labor_force,unemployed_under_16_not_in_labor_force,15292.0,other_travel_mode,2.0,22429.0,two,core,not_working,several_units,not_attending_school,k_12,owner,spanish,"3 (Tract 5806, Cook, IL)","5806 (Cook, IL)","Cook County, IL",Illinois,Does not have work/school location,Does not have work/school location,Does not have work/school location,Does not have work/school location,2.2857142857142856,6.209776173285199,14,UIUC1,"3.01 (Champaign, IL)",1900-01-01 15:46:17.142857142,15,9.0703125,Chicago3_mdw,"9801 (Cook, IL)",15.62953125,70,81.35602678571429,10,121.8393074232852,132,3.0,77.04,1,0,0
441529614375297905,"5 (Tract 10, Champaign, IL)","10 (Champaign, IL)","Champaign County, IL",Illinois,"3 (Tract 6113, Cook, IL)","6113 (Cook, IL)","Cook County, IL",Illinois,private_auto,home,eat,1900-01-01 18:31:00,1900-01-01 20:36:50,125,132.9,unknown_vehicle_type,other_non_bev,,,,retail,retail,multi_family,multi_family,5832693952168650986,692121797957980397,40.0,female,hispanic_or_latino_origin,not_in_labor_force,unemployed_under_16_not_in_labor_force,151.0,other_travel_mode,5.0,66355.0,one,core,not_working,several_units,not_attending_school,no_school,renter,spanish,"3 (Tract 6113, Cook, IL)","6113 (Cook, IL)","Cook County, IL",Illinois,Does not have work/school location,Does not have work/school location,Does not have work/school location,Does not have work/school location,5.95,10.964381165919281,18,UIUC1,"3.01 (Champaign, IL)",1900-01-01 19:56:57.000000000,19,10.0,Chicago3_mdw,"9801 (Cook, IL)",16.39090909090909,70,85.95,10,127.35529025682837,125,3.0,79.74,1,0,0
10047128184403696253,"1 (Tract 111, Champaign, IL)","111 (Champaign, IL)","Champaign County, IL",Illinois,"1 (Tract 8424, Cook, IL)","8424 (Cook, IL)","Cook County, IL",Illinois,private_auto,shop,work,1900-01-01 12:41:54,1900-01-01 14:44:21,122,127.9,unknown_vehicle_type,other_non_bev,,,,office,office,mixed_use,retail,5223266325206428752,1261689579622357569,61.0,male,hispanic_or_latino_origin,not_in_labor_force,unemployed_under_16_not_in_labor_force,7814.0,other_travel_mode,4.0,7814.0,two,core,not_working,several_units,not_attending_school,k_12,owner,spanish,"3 (Tract 6305, Cook, IL)","6305 (Cook, IL)","Cook County, IL",Illinois,Does not have work/school location,Does not have work/school location,Does not have work/school location,Does not have work/school location,2.833333333333333,7.046078431372549,12,UIUC1,"3.01 (Champaign, IL)",1900-01-01 14:04:43.999999998,14,21.0,Chicago3_mdw,"9801 (Cook, IL)",28.89333333333333,70,93.83333333333333,10,135.93941176470588,122,3.0,76.74,1,0,0
9713260131409026802,"2 (Tract 14, Champaign, IL)","14 (Champaign, IL)","Champaign County, IL",Illinois,"3 (Tract 6603.02, Cook, IL)","6603.02 (Cook, IL)","Cook County, IL",Illinois,private_auto,home,work,1900-01-01 21:48:52,1900-01-01 00:02:48,133,136.9,unknown_vehicle_type,other_non_bev,,,,industrial,industrial,mixed_use,multi_family,7818357232076439424,734782523557759709,75.0,male,hispanic_or_latino_origin,not_in_labor_force,unemployed_under_16_not_in_labor_force,14326.0,other_travel_mode,3.0,44714.0,two,core,not_working,single_family,not_attending_school,k_12,owner,spanish,"3 (Tract 6603.02, Cook, IL)","6603.02 (Cook, IL)","Cook County, IL",Illinois,Does not have work/school location,Does not have work/school location,Does not have work/school location,Does not have work/school location,2.7142857142857144,7.316653796653797,21,UIUC1,"3.01 (Champaign, IL)",1900-01-01 23:11:34.857142858,23,8.666666666666666,Chicago3_mdw,"9801 (Cook, IL)",13.039259259259259,70,81.38095238095238,10,120.35591305591305,133,3.0,82.14,1,0,0
2761584413821498665,"1 (Tract 4.01, Champaign, IL)","4.01 (Champaign, IL)","Champaign County, IL",Illinois,"3 (Tract 6603.02, Cook, IL)","6603.02 (Cook, IL)","Cook County, IL",Illinois,auto_passenger,home,work,1900-01-01 23:18:04,1900-01-01 01:28:46,130,129.2,unknown_vehicle_type,unknown_fuel_type,,,,non_retail_attraction,non_retail_attraction,multi_family,multi_family,13569214050824115798,11692912605803145759,63.0,female,hispanic_or_latino_origin,not_in_labor_force,unemployed_under_16_not_in_labor_force,0.0,other_travel_mode,3.0,44714.0,two,core,not_working,single_family,not_attending_school,k_12,owner,spanish,"3 (Tract 6603.02, Cook, IL)","6603.02 (Cook, IL)","Cook County, IL",Illinois,Does not have work/school location,Does not have work/school location,Does not have work/school location,Does not have work/school location,1.4545454545454546,5.313743229395404,23,UIUC1,"3.01 (Champaign, IL)",1900-01-02 00:39:31.272727270,0,9.0,Chicago3_mdw,"9801 (Cook, IL)",13.17925925925926,70,80.45454545454545,10,118.49300248865465,130,3.0,77.52,1,0,0
5536824502750954942,"2 (Tract 14, Champaign, IL)","14 (Champaign, IL)","Champaign County, IL",Illinois,"3 (Tract 6603.02, Cook, IL)","6603.02 (Cook, IL)","Cook County, IL",Illinois,auto_passenger,home,work,1900-01-01 21:18:47,1900-01-01 23:29:34,130,129.1,unknown_vehicle_type,unknown_fuel_type,,,,retail,retail,multi_family,multi_family,11550443816482573273,5098887014211891530,51.0,male,black_not_hispanic_or_latino,not_in_labor_force,unemployed_under_16_not_in_labor_force,1020.0,other_travel_mode,3.0,41707.0,one,core,not_working,several_units,not_attending_school,high_school,renter,english,"3 (Tract 6603.02, Cook, IL)","6603.02 (Cook, IL)","Cook County, IL",Illinois,Does not have work/school location,Does not have work/school location,Does not have work/school location,Does not have work/school location,2.7142857142857144,7.316653796653797,21,UIUC1,"3.01 (Champaign, IL)",1900-01-01 22:41:29.857142858,22,8.666666666666666,Chicago3_mdw,"9801 (Cook, IL)",13.039259259259259,70,81.38095238095238,10,120.35591305591305,130,3.0,77.46,1,0,0
15342142787125132766,"2 (Tract 59.02, Champaign, IL)","59.02 (Champaign, IL)","Champaign County, IL",Illinois,"3 (Tract 6603.02, Cook, IL)","6603.02 (Cook, IL)","Cook County, IL",Illinois,auto_passenger,home,work,1900-01-01 20:44:00,1900-01-01 22:56:51,132,127.7,unknown_vehicle_type,unknown_fuel_type,,,,education,education,multi_family,multi_family,8674678948368763940,1617533922640614444,26.0,female,hispanic_or_latino_origin,not_in_labor_force,unemployed_under_16_not_in_labor_force,0.0,other_travel_mode,5.0,53421.0,two,core,not_working,single_family,not_attending_school,high_school,renter,spanish,"3 (Tract 6603.02, Cook, IL)","6603.02 (Cook, IL)","Cook County, IL",Illinois,Does not have work/school location,Does not have work/school location,Does not have work/school location,Does not have work/school location,2.054054054054054,6.112478875987902,20,UIUC1,"3.01 (Champaign, IL)",1900-01-01 22:06:03.243243246,22,8.666666666666666,Chicago3_mdw,"9801 (Cook, IL)",13.039259259259259,70,80.72072072072072,10,119.15173813524716,132,3.0,76.62,1,0,0
11718966439209223769,"2 (Tract 14, Champaign, IL)","14 (Champaign, IL)","Champaign County, IL",Illinois,"3 (Tract 6603.02, Cook, IL)","6603.02 (Cook, IL)","Cook County, IL",Illinois,private_auto,home,work,1900-01-01 15:21:00,1900-01-01 17:38:46,137,136.9,unknown_vehicle_type,other_non_bev,,,,industrial,industrial,mixed_use,multi_family,7818357232076439424,734782523557759709,75.0,male,hispanic_or_latino_origin,not_in_labor_force,unemployed_under_16_not_in_labor_force,14326.0,other_travel_mode,3.0,44714.0,two,core,not_working,single_family,not_attending_school,k_12,owner,spanish,"3 (Tract 6603.02, Cook, IL)","6603.02 (Cook, IL)","Cook County, IL",Illinois,Does not have work/school location,Does not have work/school location,Does not have work/school location,Does not have work/school location,3.204081632653061,7.522368082368082,15,UIUC1,"3.01 (Champaign, IL)",1900-01-01 16:44:12.244897962,16,9.0,Chicago3_mdw,"9801 (Cook, IL)",13.17925925925926,70,82.20408163265306,10,120.70162734162733,137,3.0,82.14,1,0,0
1081739460983930895,"2 (Tract 59.02, Champaign, IL)","59.02 (Champaign, IL)","Champaign County, IL",Illinois,"3 (Tract 6603.02, Cook, IL)","6603.02 (Cook, IL)","Cook County, IL",Illinois,auto_passenger,home,work,1900-01-01 19:45:00,1900-01-01 21:56:21,131,129.4,unknown_vehicle_type,unknown_fuel_type,,,,education,education,mixed_use,multi_family,11491005941076716360,10109972079466997040,70.0,male,black_not_hispanic_or_latino,not_in_labor_force,unemployed_under_16_not_in_labor_force,22793.0,other_travel_mode,5.0,144700.0,one,core,not_working,single_family,not_attending_school,k_12,owner,english,"3 (Tract 6603.02, Cook, IL)","6603.02 (Cook, IL)","Cook County, IL",Illinois,Does not have work/school location,Does not have work/school location,Does not have work/school location,Does not have work/school location,1.898876404494382,6.0473042631728395,19,UIUC1,"3.01 (Champaign, IL)",1900-01-01 21:06:53.932584270,21,8.666666666666666,Chicago3_mdw,"9801 (Cook, IL)",13.039259259259259,70,80.56554307116106,10,119.08656352243209,131,3.0,77.64,1,0,0
3409480323395592481,"2 (Tract 59.02, Champaign, IL)","59.02 (Champaign, IL)","Champaign County, IL",Illinois,"3 (Tract 6603.02, Cook, IL)","6603.02 (Cook, IL)","Cook County, IL",Illinois,auto_passenger,home,work,1900-01-01 21:23:00,1900-01-01 23:34:26,131,129.4,unknown_vehicle_type,unknown_fuel_type,,,,education,education,mixed_use,multi_family,15802424311114156680,5346608706090983932,63.0,female,hispanic_or_latino_origin,not_in_labor_force,unemployed_under_16_not_in_labor_force,0.0,other_travel_mode,3.0,44714.0,two,core,not_working,single_family,not_attending_school,k_12,owner,spanish,"3 (Tract 6603.02, Cook, IL)","6603.02 (Cook, IL)","Cook County, IL",Illinois,Does not have work/school location,Does not have work/school location,Does not have work/school location,Does not have work/school location,2.1724137931034484,6.162189966388647,21,UIUC1,"3.01 (Champaign, IL)",1900-01-01 22:45:10.344827586,22,8.666666666666666,Chicago3_mdw,"9801 (Cook, IL)",13.039259259259259,70,80.83908045977012,10,119.2014492256479,131,3.0,77.64,1,0,0
14249929560874048984,"1 (Tract 110.02, Champaign, IL)","110.02 (Champaign, IL)","Champaign County, IL",Illinois,"1 (Tract 8418, Cook, IL)","8418 (Cook, IL)","Cook County, IL",Illinois,private_auto,recreation,social,1900-01-01 12:43:00,1900-01-01 14:44:27,121,127.0,unknown_vehicle_type,other_non_bev,,,,mixed_use,multi_family,open_space,open_space,2425852705135891327,7635860404647650424,52.0,female,white_not_hispanic_or_latino,not_in_labor_force,unemployed_under_16_not_in_labor_force,0.0,other_travel_mode,5.0,89035.0,three_plus,core,not_working,single_family,not_attending_school,some_college,renter,english,"3 (Tract 7, Champaign, IL)","7 (Champaign, IL)","Champaign County, IL",Illinois,Does not have work/school location,Does not have work/school location,Does not have work/school location,Does not have work/school location,2.2666666666666666,6.381064039408868,12,UIUC1,"3.01 (Champaign, IL)",1900-01-01 14:05:16.000000002,14,17.5,Chicago3_mdw,"9801 (Cook, IL)",25.41,70,89.76666666666667,10,131.79106403940887,121,3.0,76.2,1,0,0
17753108594534905630,"5 (Tract 12.01, Champaign, IL)","12.01 (Champaign, IL)","Champaign County, IL",Illinois,"1 (Tract 9801, Cook, IL)","9801 (Cook, IL)","Cook County, IL",Illinois,private_auto,region_departure,social,1900-01-01 19:02:00,1900-01-01 21:11:36,129,134.0,unknown_vehicle_type,other_non_bev,,,,single_family,single_family,transportation_utilities,transportation_utilities,5955678557417519667,11717454964183064463,17.0,male,black_not_hispanic_or_latino,unemployed,unemployed_under_16_not_in_labor_force,11159.0,other_travel_mode,5.0,94971.0,two,core,naics72,multiple_units,not_attending_school,high_school,renter,english,"3 (Tract 8, Champaign, IL)","8 (Champaign, IL)","Champaign County, IL",Illinois,Does not have work/school location,Does not have work/school location,Does not have work/school location,Does not have work/school location,6.833333333333333,12.176092715231789,19,UIUC1,"3.01 (Champaign, IL)",1900-01-01 20:28:49.999999998,20,5.92,Chicago3_mdw,"9801 (Cook, IL)",8.999230188679245,70,82.75333333333333,10,121.17532290391104,129,3.0,80.39999999999999,1,0,0
4151988032937780096,"3 (Tract 9.02, Champaign, IL)","9.02 (Champaign, IL)","Champaign County, IL",Illinois,"1 (Tract 9801, Cook, IL)","9801 (Cook, IL)","Cook County, IL",Illinois,private_auto,region_departure,home,1900-01-01 14:25:00,1900-01-01 16:38:53,133,132.4,unknown_vehicle_type,other_non_bev,,,,single_family,single_family,transportation_utilities,transportation_utilities,18063229668304276807,9404982303450902060,38.0,male,white_not_hispanic_or_latino,not_in_labor_force,unemployed_under_16_not_in_labor_force,60544.0,other_travel_mode,2.0,117538.0,two,core,not_working,single_family,not_attending_school,bachelors_degree,owner,indo_european,"3 (Tract 9.02, Champaign, IL)","9.02 (Champaign, IL)","Champaign County, IL",Illinois,Does not have work/school location,Does not have work/school location,Does not have work/school location,Does not have work/school location,10.79310344827586,16.05085264441734,14,UIUC1,"3.01 (Champaign, IL)",1900-01-01 15:55:47.586206898,15,5.063291139240507,Chicago3_mdw,"9801 (Cook, IL)",8.639412467160257,70,85.85639458751636,10,124.6902651115776,133,3.0,79.44,0,1,0
423216898650149749,"1 (Tract 12.01, Champaign, IL)","12.01 (Champaign, IL)","Champaign County, IL",Illinois,"2 (Tract 6303, Cook, IL)","6303 (Cook, IL)","Cook County, IL",Illinois,private_auto,shop,recreation,1900-01-01 12:28:00,1900-01-01 14:52:02,144,129.1,unknown_vehicle_type,other_non_bev,,,,open_space,open_space,mixed_use,retail,13431750862716497411,9173516491588301940,30.0,female,white_not_hispanic_or_latino,not_in_labor_force,unemployed_under_16_not_in_labor_force,0.0,other_travel_mode,5.0,89035.0,three_plus,core,not_working,single_family,not_attending_school,high_school,renter,english,"4 (Tract 12.01, Champaign, IL)","12.01 (Champaign, IL)","Champaign County, IL",Illinois,Does not have work/school location,Does not have work/school location,Does not have work/school location,Does not have work/school location,7.45,12.43509271523179,12,UIUC1,"3.01 (Champaign, IL)",1900-01-01 13:55:27.000000000,13,11.0,Chicago3_mdw,"9801 (Cook, IL)",13.17,70,88.45,10,125.60509271523179,144,3.0,77.46,1,0,0
2402595331330579332,"4 (Tract 13.01, Champaign, IL)","13.01 (Champaign, IL)","Champaign County, IL",Illinois,"1 (Tract 9801, Cook, IL)","9801 (Cook, IL)","Cook County, IL",Illinois,private_auto,region_departure,shop,1900-01-01 17:53:22,1900-01-01 20:15:57,142,129.8,unknown_vehicle_type,other_non_bev,,,,retail,retail,transportation_utilities,transportation_utilities,1224154431653699041,1137515618381649351,85.0,male,white_not_hispanic_or_latino,not_in_labor_force,unemployed_under_16_not_in_labor_force,80638.0,other_travel_mode,2.0,115693.0,two,core,not_working,multiple_units,not_attending_school,high_school,renter,english,"4 (Tract 13.01, Champaign, IL)","13.01 (Champaign, IL)","Champaign County, IL",Illinois,Does not have work/school location,Does not have work/school location,Does not have work/school location,Does not have work/school location,4.918918918918919,9.86398516163222,17,UIUC1,"3.01 (Champaign, IL)",1900-01-01 19:18:17.135135134,19,5.05,Chicago3_mdw,"9801 (Cook, IL)",8.633830188679244,70,79.96891891891892,10,118.49781535031146,142,3.0,77.88000000000001,0,1,0
11063402916703013436,"4 (Tract 53, Champaign, IL)","53 (Champaign, IL)","Champaign County, IL",Illinois,"4 (Tract 8428, Cook, IL)","8428 (Cook, IL)","Cook County, IL",Illinois,private_auto,other_activity_type,home,1900-01-01 12:46:00,1900-01-01 15:09:25,143,128.1,unknown_vehicle_type,other_non_bev,,,,mixed_use,multi_family,industrial,industrial,5929992913475102782,15593557489005669600,20.0,female,white_not_hispanic_or_latino,not_in_labor_force,unemployed_under_16_not_in_labor_force,0.0,other_travel_mode,3.0,0.0,two,core,not_working,multiple_units,undergraduate,some_college,renter,english,"4 (Tract 53, Champaign, IL)","53 (Champaign, IL)","Champaign County, IL",Illinois,"1 (Tract 59.02, Champaign, IL)","59.02 (Champaign, IL)","Champaign County, IL",Illinois,3.48,8.00676795865633,12,UIUC1,"3.01 (Champaign, IL)",1900-01-01 14:09:28.800000000,14,9.333333333333334,Chicago3_mdw,"9801 (Cook, IL)",13.84782608695652,70,82.81333333333333,10,121.85459404561284,143,3.0,76.86,1,0,0
12468171606227926762,"4 (Tract 53, Champaign, IL)","53 (Champaign, IL)","Champaign County, IL",Illinois,"1 (Tract 9801, Cook, IL)","9801 (Cook, IL)","Cook County, IL",Illinois,auto_passenger,region_departure,home,1900-01-01 13:48:00,1900-01-01 16:01:18,133,131.5,unknown_vehicle_type,unknown_fuel_type,,,,mixed_use,multi_family,transportation_utilities,transportation_utilities,13738670651424683556,3770322701847499282,20.0,female,black_not_hispanic_or_latino,unemployed,unemployed_under_16_not_in_labor_force,37209.0,other_travel_mode,1.0,37209.0,one,core,naics44_45,multiple_units,not_attending_school,some_college,renter,english,"4 (Tract 53, Champaign, IL)","53 (Champaign, IL)","Champaign County, IL",Illinois,Does not have work/school location,Does not have work/school location,Does not have work/school location,Does not have work/school location,4.043478260869565,8.243428828221548,13,UIUC1,"3.01 (Champaign, IL)",1900-01-01 15:12:02.608695654,15,5.063291139240507,Chicago3_mdw,"9801 (Cook, IL)",8.639412467160257,70,79.10676940011007,10,116.88284129538181,133,3.0,78.89999999999999,1,0,0
18437860514118241498,"4 (Tract 53, Champaign, IL)","53 (Champaign, IL)","Champaign County, IL",Illinois,"4 (Tract 8428, Cook, IL)","8428 (Cook, IL)","Cook County, IL",Illinois,private_auto,other_activity_type,home,1900-01-01 10:47:00,1900-01-01 13:31:19,164,146.1,unknown_vehicle_type,other_non_bev,,,,mixed_use,multi_family,industrial,industrial,498488825665154611,7797169574073451275,19.0,female,hispanic_or_latino_origin,not_in_labor_force,unemployed_under_16_not_in_labor_force,0.0,other_travel_mode,4.0,33833.0,one,core,not_working,multiple_units,undergraduate,some_college,renter,spanish,"4 (Tract 53, Champaign, IL)","53 (Champaign, IL)","Champaign County, IL",Illinois,"2 (Tract 59.02, Champaign, IL)","59.02 (Champaign, IL)","Champaign County, IL",Illinois,3.7777777777777777,8.131834625322997,10,UIUC1,"3.01 (Champaign, IL)",1900-01-01 12:10:46.666666668,12,10.0,Chicago3_mdw,"9801 (Cook, IL)",14.12782608695652,70,83.77777777777777,10,122.25966071227951,164,3.0,87.66,1,0,0
11784633722991071012,"1 (Tract 57.02, Champaign, IL)","57.02 (Champaign, IL)","Champaign County, IL",Illinois,"1 (Tract 9801, Cook, IL)","9801 (Cook, IL)","Cook County, IL",Illinois,private_auto,region_departure,eat,1900-01-01 20:47:00,1900-01-01 23:05:13,138,136.0,unknown_vehicle_type,other_non_bev,,,,mixed_use,retail,transportation_utilities,transportation_utilities,8794707931657591263,4494672805528096934,49.0,female,white_not_hispanic_or_latino,not_in_labor_force,unemployed_under_16_not_in_labor_force,0.0,other_travel_mode,8.0,185042.0,three_plus,core,not_working,single_family,not_attending_school,high_school,owner,english,"4 (Tract 57.01, Champaign, IL)","57.01 (Champaign, IL)","Champaign County, IL",Illinois,Does not have work/school location,Does not have work/school location,Does not have work/school location,Does not have work/school location,8.0,14.305,20,UIUC1,"3.01 (Champaign, IL)",1900-01-01 22:15:00.000000000,22,3.333333333333333,Chicago3_mdw,"9801 (Cook, IL)",7.912830188679245,70,81.33333333333333,10,122.21783018867926,138,3.0,81.6,1,0,0
1457153978264854497,"1 (Tract 57.01, Champaign, IL)","57.01 (Champaign, IL)","Champaign County, IL",Illinois,"1 (Tract 9801, Cook, IL)","9801 (Cook, IL)","Cook County, IL",Illinois,private_auto,region_departure,shop,1900-01-01 12:18:00,1900-01-01 14:37:47,139,134.9,unknown_vehicle_type,other_non_bev,,,,retail,retail,transportation_utilities,transportation_utilities,12055891138473253687,13977917828021644018,61.0,female,white_not_hispanic_or_latino,not_in_labor_force,unemployed_under_16_not_in_labor_force,10684.0,other_travel_mode,6.0,322902.0,two,core,not_working,single_family,not_attending_school,some_college,owner,english,"4 (Tract 57.01, Champaign, IL)","57.01 (Champaign, IL)","Champaign County, IL",Illinois,Does not have work/school location,Does not have work/school location,Does not have work/school location,Does not have work/school location,6.857142857142857,11.603357664233577,12,UIUC1,"3.01 (Champaign, IL)",1900-01-01 13:44:51.428571426,13,5.015151515151516,Chicago3_mdw,"9801 (Cook, IL)",8.619193825042881,70,81.87229437229438,10,120.22255148927647,139,3.0,80.94,1,0,0
11306843009628361046,"2 (Tract 59.02, Champaign, IL)","59.02 (Champaign, IL)","Champaign County, IL",Illinois,"4 (Tract 5806, Cook, IL)","5806 (Cook, IL)","Cook County, IL",Illinois,auto_passenger,home,recreation,1900-01-01 15:20:41,1900-01-01 17:35:31,134,131.1,unknown_vehicle_type,unknown_fuel_type,,,,office,office,single_family,single_family,15039144125796213752,1386714522187662437,62.0,female,white_not_hispanic_or_latino,not_in_labor_force,unemployed_under_16_not_in_labor_force,1223.0,other_travel_mode,2.0,12234.0,one,core,not_working,single_family,not_attending_school,no_school,owner,english,"4 (Tract 5806, Cook, IL)","5806 (Cook, IL)","Cook County, IL",Illinois,Does not have work/school location,Does not have work/school location,Does not have work/school location,Does not have work/school location,2.164383561643836,6.15881726917561,15,UIUC1,"3.01 (Champaign, IL)",1900-01-01 16:42:50.863013696,16,11.666666666666666,Chicago3_mdw,"9801 (Cook, IL)",15.807179487179488,70,83.8310502283105,10,121.9659967563551,134,3.0,78.66,1,0,0
6048634097371773833,"1 (Tract 59.01, Champaign, IL)","59.01 (Champaign, IL)","Champaign County, IL",Illinois,"1 (Tract 6502, Cook, IL)","6502 (Cook, IL)","Cook County, IL",Illinois,auto_passenger,eat,eat,1900-01-01 09:32:18,1900-01-01 11:44:57,132,125.1,,unknown_fuel_type,,,,retail,retail,mixed_use,retail,10828133642543363936,13701708300645661876,62.0,female,white_not_hispanic_or_latino,not_in_labor_force,unemployed_under_16_not_in_labor_force,1223.0,other_travel_mode,2.0,12234.0,one,core,not_working,single_family,not_attending_school,no_school,owner,english,"4 (Tract 5806, Cook, IL)","5806 (Cook, IL)","Cook County, IL",Illinois,Does not have work/school location,Does not have work/school location,Does not have work/school location,Does not have work/school location,2.526315789473684,6.694766917293234,9,UIUC1,"3.01 (Champaign, IL)",1900-01-01 10:54:49.578947370,10,3.0,Chicago3_mdw,"9801 (Cook, IL)",7.852649572649573,70,75.52631578947368,10,114.5474164899428,132,3.0,75.05999999999999,1,0,0
1093704848393832694,"1 (Tract 8, Champaign, IL)","8 (Champaign, IL)","Champaign County, IL",Illinois,"4 (Tract 6308, Cook, IL)","6308 (Cook, IL)","Cook County, IL",Illinois,auto_passenger,home,eat,1900-01-01 19:30:00,1900-01-01 21:33:55,123,126.7,unknown_vehicle_type,unknown_fuel_type,,,,retail,retail,single_family,single_family,17944222218218186251,14962807792029747156,72.0,male,hispanic_or_latino_origin,not_in_labor_force,unemployed_under_16_not_in_labor_force,14681.0,other_travel_mode,5.0,101034.0,three_plus,core,not_working,single_family,not_attending_school,high_school,owner,spanish,"4 (Tract 6308, Cook, IL)","6308 (Cook, IL)","Cook County, IL",Illinois,Does not have work/school location,Does not have work/school location,Does not have work/school location,Does not have work/school location,6.630434782608695,11.997008757105547,19,UIUC1,"3.01 (Champaign, IL)",1900-01-01 20:56:37.826086956,20,6.1,Chicago3_mdw,"9801 (Cook, IL)",11.723176470588236,70,82.73043478260868,10,123.72018522769378,123,3.0,76.02,1,0,0
3808014480932894496,"1 (Tract 8, Champaign, IL)","8 (Champaign, IL)","Champaign County, IL",Illinois,"4 (Tract 6308, Cook, IL)","6308 (Cook, IL)","Cook County, IL",Illinois,auto_passenger,home,eat,1900-01-01 20:09:03,1900-01-01 22:13:18,124,126.7,unknown_vehicle_type,unknown_fuel_type,,,,retail,retail,single_family,single_family,16732005307983815092,17797117266807422878,67.0,female,hispanic_or_latino_origin,not_in_labor_force,unemployed_under_16_not_in_labor_force,37869.0,other_travel_mode,2.0,40006.0,one,core,not_working,single_family,not_attending_school,some_college,owner,spanish,"4 (Tract 6308, Cook, IL)","6308 (Cook, IL)","Cook County, IL",Illinois,Does not have work/school location,Does not have work/school location,Does not have work/school location,Does not have work/school location,6.67741935483871,12.016742277442152,20,UIUC1,"3.01 (Champaign, IL)",1900-01-01 21:35:43.645161288,21,7.0,Chicago3_mdw,"9801 (Cook, IL)",12.101176470588236,70,83.6774193548387,10,124.11791874803038,124,3.0,76.02,1,0,0
1671451726189611142,"1 (Tract 8, Champaign, IL)","8 (Champaign, IL)","Champaign County, IL",Illinois,"4 (Tract 6308, Cook, IL)","6308 (Cook, IL)","Cook County, IL",Illinois,auto_passenger,home,shop,1900-01-01 20:59:34,1900-01-01 23:04:06,124,126.5,unknown_vehicle_type,unknown_fuel_type,,,,office,office,single_family,single_family,16995113036799213718,6825160968472144812,49.0,female,hispanic_or_latino_origin,not_in_labor_force,unemployed_under_16_not_in_labor_force,0.0,other_travel_mode,7.0,96592.0,two,core,not_working,single_family,not_attending_school,k_12,owner,spanish,"4 (Tract 6308, Cook, IL)","6308 (Cook, IL)","Cook County, IL",Illinois,Does not have work/school location,Does not have work/school location,Does not have work/school location,Does not have work/school location,6.67741935483871,12.016742277442152,20,UIUC1,"3.01 (Champaign, IL)",1900-01-01 22:26:14.645161288,22,11.0,Chicago3_mdw,"9801 (Cook, IL)",13.781176470588235,70,87.6774193548387,10,125.79791874803038,124,3.0,75.89999999999999,1,0,0
3516690367211076396,"2 (Tract 59.02, Champaign, IL)","59.02 (Champaign, IL)","Champaign County, IL",Illinois,"4 (Tract 6308, Cook, IL)","6308 (Cook, IL)","Cook County, IL",Illinois,auto_passenger,home,eat,1900-01-01 22:45:15,1900-01-01 00:54:51,129,129.1,unknown_vehicle_type,unknown_fuel_type,,,,retail,retail,single_family,single_family,16880033050904667730,14325638281699129219,66.0,female,hispanic_or_latino_origin,not_in_labor_force,unemployed_under_16_not_in_labor_force,10084.0,other_travel_mode,2.0,11823.0,one,core,not_working,single_family,not_attending_school,high_school,renter,spanish,"4 (Tract 6308, Cook, IL)","6308 (Cook, IL)","Cook County, IL",Illinois,Does not have work/school location,Does not have work/school location,Does not have work/school location,Does not have work/school location,2.0,6.089776173285199,22,UIUC1,"3.01 (Champaign, IL)",1900-01-02 00:07:15.000000000,0,11.0,Chicago3_mdw,"9801 (Cook, IL)",13.781176470588235,70,83.0,10,119.87095264387344,129,3.0,77.46,1,0,0
17552762291406848023,"1 (Tract 8, Champaign, IL)","8 (Champaign, IL)","Champaign County, IL",Illinois,"4 (Tract 6308, Cook, IL)","6308 (Cook, IL)","Cook County, IL",Illinois,auto_passenger,home,shop,1900-01-01 21:12:40,1900-01-01 23:17:14,124,126.5,unknown_vehicle_type,unknown_fuel_type,,,,office,office,single_family,single_family,18239107467292222685,13935603696081058599,42.0,female,two_races_not_hispanic_or_latino,not_in_labor_force,unemployed_under_16_not_in_labor_force,29084.0,other_travel_mode,2.0,39056.0,one,core,naics44_45,mobile,not_attending_school,some_college,owner,english,"4 (Tract 6308, Cook, IL)","6308 (Cook, IL)","Cook County, IL",Illinois,Does not have work/school location,Does not have work/school location,Does not have work/school location,Does not have work/school location,6.090909090909091,11.770407966591712,21,UIUC1,"3.01 (Champaign, IL)",1900-01-01 22:38:45.454545454,22,11.0,Chicago3_mdw,"9801 (Cook, IL)",13.781176470588235,70,87.0909090909091,10,125.55158443717994,124,3.0,75.89999999999999,1,0,0
16959114166679188977,"1 (Tract 8, Champaign, IL)","8 (Champaign, IL)","Champaign County, IL",Illinois,"4 (Tract 6308, Cook, IL)","6308 (Cook, IL)","Cook County, IL",Illinois,auto_passenger,home,shop,1900-01-01 21:13:24,1900-01-01 23:18:22,124,127.3,unknown_vehicle_type,unknown_fuel_type,,,,office,office,single_family,single_family,18066676135263695286,12128540863290914443,39.0,female,hispanic_or_latino_origin,not_in_labor_force,unemployed_under_16_not_in_labor_force,14977.0,other_travel_mode,2.0,32233.0,zero,core,not_working,single_family,not_attending_school,high_school,owner,spanish,"4 (Tract 6308, Cook, IL)","6308 (Cook, IL)","Cook County, IL",Illinois,Does not have work/school location,Does not have work/school location,Does not have work/school location,Does not have work/school location,6.090909090909091,11.770407966591712,21,UIUC1,"3.01 (Champaign, IL)",1900-01-01 22:39:29.454545454,22,11.0,Chicago3_mdw,"9801 (Cook, IL)",13.781176470588235,70,87.0909090909091,10,125.55158443717994,124,3.0,76.38,1,0,0
12547263888630389839,"1 (Tract 8, Champaign, IL)","8 (Champaign, IL)","Champaign County, IL",Illinois,"4 (Tract 6308, Cook, IL)","6308 (Cook, IL)","Cook County, IL",Illinois,auto_passenger,home,shop,1900-01-01 02:48:05,1900-01-01 04:52:21,124,127.3,unknown_vehicle_type,unknown_fuel_type,,,,office,office,single_family,single_family,18066676135263695286,12128540863290914443,39.0,female,hispanic_or_latino_origin,not_in_labor_force,unemployed_under_16_not_in_labor_force,14977.0,other_travel_mode,2.0,32233.0,zero,core,not_working,single_family,not_attending_school,high_school,owner,spanish,"4 (Tract 6308, Cook, IL)","6308 (Cook, IL)","Cook County, IL",Illinois,Does not have work/school location,Does not have work/school location,Does not have work/school location,Does not have work/school location,6.6,11.984226148409894,2,UIUC1,"3.01 (Champaign, IL)",1900-01-01 04:14:41.000000000,4,11.0,Chicago3_mdw,"9801 (Cook, IL)",13.781176470588235,70,87.6,10,125.76540261899812,124,3.0,76.38,1,0,0
17274551364723828728,"1 (Tract 8, Champaign, IL)","8 (Champaign, IL)","Champaign County, IL",Illinois,"4 (Tract 6308, Cook, IL)","6308 (Cook, IL)","Cook County, IL",Illinois,auto_passenger,home,shop,1900-01-01 09:05:08,1900-01-01 11:14:35,129,124.3,unknown_vehicle_type,unknown_fuel_type,,,,office,office,single_family,single_family,16880033050904667730,14325638281699129219,66.0,female,hispanic_or_latino_origin,not_in_labor_force,unemployed_under_16_not_in_labor_force,10084.0,other_travel_mode,2.0,11823.0,one,core,not_working,single_family,not_attending_school,high_school,renter,spanish,"4 (Tract 6308, Cook, IL)","6308 (Cook, IL)","Cook County, IL",Illinois,Does not have work/school location,Does not have work/school location,Does not have work/school location,Does not have work/school location,7.25,12.257226148409895,9,UIUC1,"3.01 (Champaign, IL)",1900-01-01 10:32:23.000000000,10,7.5,Chicago3_mdw,"9801 (Cook, IL)",12.311176470588235,70,84.75,10,124.56840261899814,129,3.0,74.58,1,0,0
8134483217596904638,"1 (Tract 8, Champaign, IL)","8 (Champaign, IL)","Champaign County, IL",Illinois,"4 (Tract 6308, Cook, IL)","6308 (Cook, IL)","Cook County, IL",Illinois,auto_passenger,home,shop,1900-01-01 18:57:00,1900-01-01 21:01:24,124,126.6,unknown_vehicle_type,unknown_fuel_type,,,,retail,retail,single_family,single_family,17690699693462295479,2485200813624374580,42.0,female,hispanic_or_latino_origin,not_in_labor_force,unemployed_under_16_not_in_labor_force,0.0,other_travel_mode,5.0,47485.0,three_plus,core,not_working,single_family,not_attending_school,high_school,owner,spanish,"4 (Tract 6308, Cook, IL)","6308 (Cook, IL)","Cook County, IL",Illinois,Does not have work/school location,Does not have work/school location,Does not have work/school location,Does not have work/school location,7.183098591549296,12.229127556860599,18,UIUC1,"3.01 (Champaign, IL)",1900-01-01 20:24:10.985915490,20,6.1,Chicago3_mdw,"9801 (Cook, IL)",11.723176470588236,70,83.28309859154929,10,123.95230402744883,124,3.0,75.96,1,0,0
16263494429525412824,"1 (Tract 8, Champaign, IL)","8 (Champaign, IL)","Champaign County, IL",Illinois,"4 (Tract 6308, Cook, IL)","6308 (Cook, IL)","Cook County, IL",Illinois,auto_passenger,home,social,1900-01-01 23:54:20,1900-01-01 01:58:55,124,126.7,unknown_vehicle_type,unknown_fuel_type,,,,retail,retail,single_family,single_family,16785726330611009844,14049951807119369624,50.0,female,hispanic_or_latino_origin,not_in_labor_force,unemployed_under_16_not_in_labor_force,0.0,other_travel_mode,7.0,123942.0,three_plus,core,not_working,single_family,not_attending_school,high_school,owner,spanish,"4 (Tract 6308, Cook, IL)","6308 (Cook, IL)","Cook County, IL",Illinois,Does not have work/school location,Does not have work/school location,Does not have work/school location,Does not have work/school location,7.0,12.152226148409895,23,UIUC1,"3.01 (Champaign, IL)",1900-01-02 01:21:20.000000000,1,11.0,Chicago3_mdw,"9801 (Cook, IL)",13.781176470588235,70,88.0,10,125.93340261899813,124,3.0,76.02,1,0,0
17542517797105859033,"1 (Tract 8, Champaign, IL)","8 (Champaign, IL)","Champaign County, IL",Illinois,"4 (Tract 6308, Cook, IL)","6308 (Cook, IL)","Cook County, IL",Illinois,auto_passenger,home,maintenance,1900-01-01 09:00:18,1900-01-01 11:09:11,128,126.3,unknown_vehicle_type,unknown_fuel_type,,,,office,office,single_family,single_family,17512864801420785621,5484853990708251061,39.0,female,hispanic_or_latino_origin,not_in_labor_force,unemployed_under_16_not_in_labor_force,14977.0,other_travel_mode,2.0,32233.0,zero,core,not_working,single_family,not_attending_school,high_school,owner,spanish,"4 (Tract 6308, Cook, IL)","6308 (Cook, IL)","Cook County, IL",Illinois,Does not have work/school location,Does not have work/school location,Does not have work/school location,Does not have work/school location,7.25,12.257226148409895,9,UIUC1,"3.01 (Champaign, IL)",1900-01-01 10:27:33.000000000,10,7.5,Chicago3_mdw,"9801 (Cook, IL)",12.311176470588235,70,84.75,10,124.56840261899814,128,3.0,75.78,1,0,0
1648606600898488557,"1 (Tract 3.01, Champaign, IL)","3.01 (Champaign, IL)","Champaign County, IL",Illinois,"4 (Tract 6308, Cook, IL)","6308 (Cook, IL)","Cook County, IL",Illinois,auto_passenger,home,eat,1900-01-01 17:36:34,1900-01-01 19:45:38,129,128.8,unknown_vehicle_type,unknown_fuel_type,,,,retail,retail,single_family,single_family,16751285445911312633,14200549365390535812,49.0,female,hispanic_or_latino_origin,not_in_labor_force,unemployed_under_16_not_in_labor_force,0.0,other_travel_mode,7.0,96592.0,two,core,not_working,single_family,not_attending_school,k_12,owner,spanish,"4 (Tract 6308, Cook, IL)","6308 (Cook, IL)","Cook County, IL",Illinois,Does not have work/school location,Does not have work/school location,Does not have work/school location,Does not have work/school location,0.8970588235294118,4.953946986201888,17,UIUC1,"3.01 (Champaign, IL)",1900-01-01 18:57:27.823529410,18,7.666666666666667,Chicago3_mdw,"9801 (Cook, IL)",12.381176470588235,70,78.56372549019608,10,117.33512345679011,129,3.0,77.28,1,0,0
2643031831921109975,"1 (Tract 8, Champaign, IL)","8 (Champaign, IL)","Champaign County, IL",Illinois,"4 (Tract 6308, Cook, IL)","6308 (Cook, IL)","Cook County, IL",Illinois,auto_passenger,home,eat,1900-01-01 21:52:23,1900-01-01 23:56:51,124,126.7,unknown_vehicle_type,unknown_fuel_type,,,,retail,retail,single_family,single_family,17426966527890498436,7539584949170011570,69.0,female,hispanic_or_latino_origin,not_in_labor_force,unemployed_under_16_not_in_labor_force,0.0,other_travel_mode,2.0,42269.0,one,core,not_working,single_family,not_attending_school,high_school,owner,spanish,"4 (Tract 6308, Cook, IL)","6308 (Cook, IL)","Cook County, IL",Illinois,Does not have work/school location,Does not have work/school location,Does not have work/school location,Does not have work/school location,6.090909090909091,11.770407966591712,21,UIUC1,"3.01 (Champaign, IL)",1900-01-01 23:18:28.454545454,23,5.666666666666667,Chicago3_mdw,"9801 (Cook, IL)",11.541176470588235,70,81.75757575757576,10,123.31158443717995,124,3.0,76.02,1,0,0
8149192480304165770,"2 (Tract 14, Champaign, IL)","14 (Champaign, IL)","Champaign County, IL",Illinois,"1 (Tract 9801, Cook, IL)","9801 (Cook, IL)","Cook County, IL",Illinois,auto_passenger,region_departure,recreation,1900-01-01 12:13:00,1900-01-01 14:33:23,140,131.5,unknown_vehicle_type,unknown_fuel_type,,,,office,office,transportation_utilities,transportation_utilities,8417456669129013248,3061825137648805620,70.0,female,white_not_hispanic_or_latino,not_in_labor_force,unemployed_under_16_not_in_labor_force,39175.0,other_travel_mode,2.0,92834.0,two,core,not_working,single_family,not_attending_school,some_college,owner,indo_european,"4 (Tract 8, Champaign, IL)","8 (Champaign, IL)","Champaign County, IL",Illinois,Does not have work/school location,Does not have work/school location,Does not have work/school location,Does not have work/school location,3.0521739130434784,7.4585668401320575,12,UIUC1,"3.01 (Champaign, IL)",1900-01-01 13:36:03.130434780,13,5.015151515151516,Chicago3_mdw,"9801 (Cook, IL)",8.619193825042881,70,78.06732542819499,10,116.07776066517494,140,3.0,78.89999999999999,1,0,0
9959871141302119641,"2 (Tract 9.01, Champaign, IL)","9.01 (Champaign, IL)","Champaign County, IL",Illinois,"1 (Tract 9801, Cook, IL)","9801 (Cook, IL)","Cook County, IL",Illinois,private_auto,region_departure,social,1900-01-01 14:56:00,1900-01-01 17:10:23,134,125.2,unknown_vehicle_type,other_non_bev,,,,single_family,single_family,transportation_utilities,transportation_utilities,3840738962434825553,4197528894497897034,37.0,female,white_not_hispanic_or_latino,not_in_labor_force,unemployed_under_16_not_in_labor_force,0.0,other_travel_mode,6.0,4341.0,two,core,not_working,single_family,not_attending_school,bachelors_degree,owner,indo_european,"4 (Tract 9.01, Champaign, IL)","9.01 (Champaign, IL)","Champaign County, IL",Illinois,Does not have work/school location,Does not have work/school location,Does not have work/school location,Does not have work/school location,6.75,11.653571428571428,14,UIUC1,"3.01 (Champaign, IL)",1900-01-01 16:22:45.000000000,16,4.228070175438597,Chicago3_mdw,"9801 (Cook, IL)",8.288619662363455,70,80.9780701754386,10,119.94219109093488,134,3.0,75.12,1,0,0
13618885097260246422,"1 (Tract 8, Champaign, IL)","8 (Champaign, IL)","Champaign County, IL",Illinois,"1 (Tract 9801, Cook, IL)","9801 (Cook, IL)","Cook County, IL",Illinois,private_auto,region_departure,shop,1900-01-01 17:50:00,1900-01-01 19:57:23,127,130.2,unknown_vehicle_type,other_non_bev,,,,retail,retail,transportation_utilities,transportation_utilities,18116444669167333949,4137736734239378861,34.0,male,white_not_hispanic_or_latino,not_in_labor_force,unemployed_under_16_not_in_labor_force,5795.0,other_travel_mode,3.0,65378.0,one,core,not_working,single_family,not_attending_school,bachelors_degree,owner,english,"4 (Tract 9.01, Champaign, IL)","9.01 (Champaign, IL)","Champaign County, IL",Illinois,Does not have work/school location,Does not have work/school location,Does not have work/school location,Does not have work/school location,7.0,12.152226148409895,17,UIUC1,"3.01 (Champaign, IL)",1900-01-01 19:17:00.000000000,19,5.05,Chicago3_mdw,"9801 (Cook, IL)",8.633830188679244,70,82.05,10,120.78605633708914,127,3.0,78.11999999999999,1,0,0
13831184326312483927,"1 (Tract 9.02, Champaign, IL)","9.02 (Champaign, IL)","Champaign County, IL",Illinois,"1 (Tract 9801, Cook, IL)","9801 (Cook, IL)","Cook County, IL",Illinois,private_auto,region_departure,recreation,1900-01-01 17:49:00,1900-01-01 20:08:01,139,128.1,unknown_vehicle_type,other_non_bev,,,,non_retail_attraction,non_retail_attraction,transportation_utilities,transportation_utilities,4002690014199269970,606640850221475772,73.0,female,white_not_hispanic_or_latino,not_in_labor_force,unemployed_under_16_not_in_labor_force,30865.0,other_travel_mode,3.0,53658.0,one,core,not_working,several_units,not_attending_school,some_college,renter,english,"4 (Tract 9.01, Champaign, IL)","9.01 (Champaign, IL)","Champaign County, IL",Illinois,Does not have work/school location,Does not have work/school location,Does not have work/school location,Does not have work/school location,9.75,15.612749196141479,17,UIUC1,"3.01 (Champaign, IL)",1900-01-01 19:18:45.000000000,19,5.05,Chicago3_mdw,"9801 (Cook, IL)",8.633830188679244,70,84.8,10,124.24657938482072,139,3.0,76.86,1,0,0
13702085895816286683,"1 (Tract 9.01, Champaign, IL)","9.01 (Champaign, IL)","Champaign County, IL",Illinois,"1 (Tract 9801, Cook, IL)","9801 (Cook, IL)","Cook County, IL",Illinois,private_auto,region_departure,work,1900-01-01 11:43:00,1900-01-01 14:05:06,142,127.8,unknown_vehicle_type,other_non_bev,,,,retail,retail,transportation_utilities,transportation_utilities,8808058281385960672,6702374334376370778,75.0,female,white_not_hispanic_or_latino,not_in_labor_force,unemployed_under_16_not_in_labor_force,133935.0,other_travel_mode,1.0,133935.0,one,core,not_working,single_family,not_attending_school,bachelors_degree,owner,english,"5 (Tract 102.04, Champaign, IL)","102.04 (Champaign, IL)","Champaign County, IL",Illinois,Does not have work/school location,Does not have work/school location,Does not have work/school location,Does not have work/school location,6.0,11.338571428571429,11,UIUC1,"3.01 (Champaign, IL)",1900-01-01 13:09:00.000000000,13,5.015151515151516,Chicago3_mdw,"9801 (Cook, IL)",8.619193825042881,70,81.01515151515152,10,119.95776525361431,142,3.0,76.67999999999999,0,1,0
4271489186979375086,"1 (Tract 109.02, Champaign, IL)","109.02 (Champaign, IL)","Champaign County, IL",Illinois,"1 (Tract 9801, Cook, IL)","9801 (Cook, IL)","Cook County, IL",Illinois,private_auto,region_departure,shop,1900-01-01 13:27:00,1900-01-01 15:53:57,146,130.2,unknown_vehicle_type,other_non_bev,,,,retail,retail,transportation_utilities,transportation_utilities,2530041533768101576,15422645026081734024,64.0,female,white_not_hispanic_or_latino,not_in_labor_force,unemployed_under_16_not_in_labor_force,0.0,other_travel_mode,5.0,308444.0,two,core,not_working,single_family,not_attending_school,high_school,owner,indo_european,"5 (Tract 109.01, Champaign, IL)","109.01 (Champaign, IL)","Champaign County, IL",Illinois,Does not have work/school location,Does not have work/school location,Does not have work/school location,Does not have work/school location,10.333333333333334,16.773333333333333,13,UIUC1,"3.01 (Champaign, IL)",1900-01-01 14:57:19.999999998,14,5.041322314049586,Chicago3_mdw,"9801 (Cook, IL)",8.63018556058007,70,85.37465564738291,10,125.40351889391341,146,3.0,78.11999999999999,1,0,0
2406417532302036081,"5 (Tract 12.01, Champaign, IL)","12.01 (Champaign, IL)","Champaign County, IL",Illinois,"1 (Tract 9801, Cook, IL)","9801 (Cook, IL)","Cook County, IL",Illinois,private_auto,region_departure,home,1900-01-01 15:05:00,1900-01-01 17:29:25,144,130.3,unknown_vehicle_type,other_non_bev,,,,mixed_use,multi_family,transportation_utilities,transportation_utilities,13586247898305531149,1422208168849957181,25.0,male,asian_not_hispanic_or_latino,not_in_labor_force,unemployed_under_16_not_in_labor_force,0.0,other_travel_mode,1.0,0.0,one,core,not_working,multiple_units,graduate,advanced_degree,renter,asian_pacific,"5 (Tract 12.01, Champaign, IL)","12.01 (Champaign, IL)","Champaign County, IL",Illinois,"1 (Tract 9.02, Champaign, IL)","9.02 (Champaign, IL)","Champaign County, IL",Illinois,7.5,12.456092715231787,15,UIUC1,"3.01 (Champaign, IL)",1900-01-01 16:32:30.000000000,16,4.228070175438597,Chicago3_mdw,"9801 (Cook, IL)",8.288619662363455,70,81.7280701754386,10,120.74471237759525,144,3.0,78.18,1,0,0
4379349543459144350,"2 (Tract 14, Champaign, IL)","14 (Champaign, IL)","Champaign County, IL",Illinois,"5 (Tract 2306, Cook, IL)","2306 (Cook, IL)","Cook County, IL",Illinois,auto_passenger,home,recreation,1900-01-01 14:43:38,1900-01-01 17:18:42,155,141.9,unknown_vehicle_type,unknown_fuel_type,,,,non_retail_attraction,non_retail_attraction,multi_family,multi_family,4594046777997134571,11383446363853223290,62.0,female,black_not_hispanic_or_latino,not_in_labor_force,unemployed_under_16_not_in_labor_force,1376.0,other_travel_mode,2.0,4879.0,zero,core,naics44_45,multiple_units,not_attending_school,some_college,renter,english,"5 (Tract 2306, Cook, IL)","2306 (Cook, IL)","Cook County, IL",Illinois,Does not have work/school location,Does not have work/school location,Does not have work/school location,Does not have work/school location,3.2580645161290325,7.5450408934279904,14,UIUC1,"3.01 (Champaign, IL)",1900-01-01 16:06:53.483870965,16,21.0,Chicago3_mdw,"9801 (Cook, IL)",28.375384615384615,70,94.25806451612904,10,135.9204255088126,155,3.0,85.14,1,0,0
2329469969254572010,"1 (Tract 4.01, Champaign, IL)","4.01 (Champaign, IL)","Champaign County, IL",Illinois,"5 (Tract 2306, Cook, IL)","2306 (Cook, IL)","Cook County, IL",Illinois,private_auto,home,recreation,1900-01-01 14:48:00,1900-01-01 17:31:51,163,134.4,unknown_vehicle_type,other_non_bev,,,,non_retail_attraction,non_retail_attraction,multi_family,multi_family,5960485247070152829,8351931446576598959,61.0,female,black_not_hispanic_or_latino,not_in_labor_force,unemployed_under_16_not_in_labor_force,14601.0,other_travel_mode,4.0,14601.0,one,core,not_working,multiple_units,not_attending_school,high_school,renter,english,"5 (Tract 2306, Cook, IL)","2306 (Cook, IL)","Cook County, IL",Illinois,Does not have work/school location,Does not have work/school location,Does not have work/school location,Does not have work/school location,1.7826086956521738,5.451529790660225,14,UIUC1,"3.01 (Champaign, IL)",1900-01-01 16:09:46.956521742,16,21.0,Chicago3_mdw,"9801 (Cook, IL)",28.375384615384615,70,92.78260869565217,10,133.82691440604484,163,3.0,80.64,1,0,0
2501949837773352477,"1 (Tract 4.02, Champaign, IL)","4.02 (Champaign, IL)","Champaign County, IL",Illinois,"5 (Tract 2306, Cook, IL)","2306 (Cook, IL)","Cook County, IL",Illinois,auto_passenger,home,social,1900-01-01 14:46:00,1900-01-01 17:29:32,163,137.9,unknown_vehicle_type,unknown_fuel_type,,,,multi_family,multi_family,multi_family,multi_family,5364456500089992886,6143131092029913089,41.0,female,hispanic_or_latino_origin,not_in_labor_force,unemployed_under_16_not_in_labor_force,0.0,other_travel_mode,7.0,28979.0,one,core,naics56,several_units,not_attending_school,no_school,renter,spanish,"5 (Tract 2306, Cook, IL)","2306 (Cook, IL)","Cook County, IL",Illinois,Does not have work/school location,Does not have work/school location,Does not have work/school location,Does not have work/school location,1.818181818181818,5.741941883533668,14,UIUC1,"3.01 (Champaign, IL)",1900-01-01 16:07:49.090909092,16,21.0,Chicago3_mdw,"9801 (Cook, IL)",28.375384615384615,70,92.81818181818181,10,134.1173264989183,163,3.0,82.74,1,0,0
3098401239582656810,"5 (Tract 55, Champaign, IL)","55 (Champaign, IL)","Champaign County, IL",Illinois,"1 (Tract 9801, Cook, IL)","9801 (Cook, IL)","Cook County, IL",Illinois,auto_passenger,region_departure,work,1900-01-01 13:16:00,1900-01-01 15:35:08,139,133.7,unknown_vehicle_type,unknown_fuel_type,,,,single_family,single_family,transportation_utilities,transportation_utilities,12924648999007250230,11989113612654418951,94.0,male,white_not_hispanic_or_latino,not_in_labor_force,unemployed_under_16_not_in_labor_force,153141.0,other_travel_mode,1.0,153141.0,zero,core,not_working,multiple_units,not_attending_school,bachelors_degree,owner,english,"5 (Tract 56.01, Champaign, IL)","56.01 (Champaign, IL)","Champaign County, IL",Illinois,Does not have work/school location,Does not have work/school location,Does not have work/school location,Does not have work/school location,5.363636363636363,10.272306220095693,13,UIUC1,"3.01 (Champaign, IL)",1900-01-01 14:41:21.818181816,14,5.041322314049586,Chicago3_mdw,"9801 (Cook, IL)",8.63018556058007,70,80.40495867768594,10,118.90249178067576,139,3.0,80.21999999999998,0,0,1
15168265153064027748,"2 (Tract 56.01, Champaign, IL)","56.01 (Champaign, IL)","Champaign County, IL",Illinois,"1 (Tract 9801, Cook, IL)","9801 (Cook, IL)","Cook County, IL",Illinois,auto_passenger,region_departure,other_activity_type,1900-01-01 13:13:00,1900-01-01 15:37:03,144,132.7,unknown_vehicle_type,unknown_fuel_type,,,,education,education,transportation_utilities,transportation_utilities,10865890429569534095,12623709084670758748,63.0,female,black_not_hispanic_or_latino,not_in_labor_force,unemployed_under_16_not_in_labor_force,27066.0,other_travel_mode,2.0,113728.0,two,core,not_working,single_family,not_attending_school,high_school,owner,english,"5 (Tract 56.01, Champaign, IL)","56.01 (Champaign, IL)","Champaign County, IL",Illinois,Does not have work/school location,Does not have work/school location,Does not have work/school location,Does not have work/school location,6.0,10.842028985507246,13,UIUC1,"3.01 (Champaign, IL)",1900-01-01 14:39:00.000000000,14,5.041322314049586,Chicago3_mdw,"9801 (Cook, IL)",8.63018556058007,70,81.04132231404958,10,119.47221454608732,144,3.0,79.61999999999999,1,0,0
11887351778279452393,"1 (Tract 57.02, Champaign, IL)","57.02 (Champaign, IL)","Champaign County, IL",Illinois,"5 (Tract 7005.01, Cook, IL)","7005.01 (Cook, IL)","Cook County, IL",Illinois,auto_passenger,home,social,1900-01-01 17:26:03,1900-01-01 19:41:17,135,131.0,unknown_vehicle_type,unknown_fuel_type,,,,single_family,single_family,single_family,single_family,10260498639294362823,7099761807222122468,47.0,male,black_not_hispanic_or_latino,not_in_labor_force,unemployed_under_16_not_in_labor_force,0.0,other_travel_mode,3.0,28622.0,one,core,not_working,single_family,not_attending_school,k_12,owner,english,"5 (Tract 7005.01, Cook, IL)","7005.01 (Cook, IL)","Cook County, IL",Illinois,Does not have work/school location,Does not have work/school location,Does not have work/school location,Does not have work/school location,7.75,14.2,17,UIUC1,"3.01 (Champaign, IL)",1900-01-01 18:53:48.000000000,18,15.75,Chicago3_mdw,"9801 (Cook, IL)",20.82357142857143,70,93.5,10,135.02357142857144,135,3.0,78.6,1,0,0
8964206889298796793,"1 (Tract 57.02, Champaign, IL)","57.02 (Champaign, IL)","Champaign County, IL",Illinois,"3 (Tract 6505, Cook, IL)","6505 (Cook, IL)","Cook County, IL",Illinois,private_auto,social,social,1900-01-01 10:42:26,1900-01-01 13:00:37,138,124.3,,,,,,single_family,single_family,mixed_use,multi_family,9861030402350123979,7099761807222122468,50.0,male,black_not_hispanic_or_latino,not_in_labor_force,unemployed_under_16_not_in_labor_force,2898.0,other_travel_mode,3.0,28622.0,one,core,not_working,single_family,not_attending_school,k_12,owner,english,"5 (Tract 7005.01, Cook, IL)","7005.01 (Cook, IL)","Cook County, IL",Illinois,Does not have work/school location,Does not have work/school location,Does not have work/school location,Does not have work/school location,9.333333333333334,14.865,10,UIUC1,"3.01 (Champaign, IL)",1900-01-01 12:11:45.999999998,12,6.428571428571429,Chicago3_mdw,"9801 (Cook, IL)",11.328648648648649,70,85.76190476190476,10,126.19364864864865,138,3.0,74.58,1,0,0
9703045950728168407,"1 (Tract 10, Champaign, IL)","10 (Champaign, IL)","Champaign County, IL",Illinois,"5 (Tract 7102, Cook, IL)","7102 (Cook, IL)","Cook County, IL",Illinois,auto_passenger,home,shop,1900-01-01 11:41:22,1900-01-01 13:43:36,122,127.3,unknown_vehicle_type,unknown_fuel_type,,,,retail,retail,multi_family,multi_family,17797360532734217707,7063857008727284796,27.0,male,black_not_hispanic_or_latino,unemployed,unemployed_under_16_not_in_labor_force,10195.0,other_travel_mode,2.0,32624.0,one,core,naics23,multiple_units,not_attending_school,k_12,renter,english,"5 (Tract 7102, Cook, IL)","7102 (Cook, IL)","Cook County, IL",Illinois,Does not have work/school location,Does not have work/school location,Does not have work/school location,Does not have work/school location,6.85,11.342381165919281,11,UIUC1,"3.01 (Champaign, IL)",1900-01-01 13:08:13.000000000,13,18.25,Chicago3_mdw,"9801 (Cook, IL)",23.058333333333334,70,95.1,10,134.40071449925262,122,3.0,76.38,1,0,0
13532517916331185797,"5 (Tract 12.01, Champaign, IL)","12.01 (Champaign, IL)","Champaign County, IL",Illinois,"5 (Tract 7102, Cook, IL)","7102 (Cook, IL)","Cook County, IL",Illinois,auto_passenger,home,shop,1900-01-01 11:52:22,1900-01-01 13:54:15,121,127.0,unknown_vehicle_type,unknown_fuel_type,,,,retail,retail,multi_family,multi_family,2380180755606439612,16591362868851308221,74.0,male,black_not_hispanic_or_latino,not_in_labor_force,unemployed_under_16_not_in_labor_force,17688.0,other_travel_mode,1.0,17688.0,zero,core,not_working,multiple_units,not_attending_school,high_school,renter,english,"5 (Tract 7102, Cook, IL)","7102 (Cook, IL)","Cook County, IL",Illinois,Does not have work/school location,Does not have work/school location,Does not have work/school location,Does not have work/school location,7.583333333333333,12.491092715231787,11,UIUC1,"3.01 (Champaign, IL)",1900-01-01 13:19:56.999999998,13,18.25,Chicago3_mdw,"9801 (Cook, IL)",23.058333333333334,70,95.83333333333333,10,135.54942604856512,121,3.0,76.2,1,0,0
