GEOID,median_household_income,share_bach_plus,share_mgmt_prof,vot_personal,vot_business,biz_share_pi,vot_mixed
36005000200,121171.0,0.24492949584701565,0.2696542399072822,27.022087907992365,48.76052734235494,0.19415335334049055,31.242678820563015
36005000400,98242.0,0.2612251195803117,0.3112174047214936,24.331459141786777,43.90537040668787,0.21658328506774754,28.570841145163648
36005001600,42957.0,0.1172849775411745,0.16985526534686407,16.089276985874157,29.032605957750576,0.14029594869273265,17.90517360322569
36005001901,67361.0,0.221990837151187,0.30903790087463556,20.147623165930902,36.355766941875316,0.2154070964232388,23.638972355117478
36005001902,76429.0,0.09297625063163213,0.2405255179383527,21.46093529316786,38.725598322308485,0.17843377933822535,24.541534366458357
36005002001,23208.0,0.025116279069767444,0.13279069767441862,11.826014696245295,21.33968015020799,0.12029372494222106,12.970448951556595
36005002002,18029.0,0.07237733803198698,0.21116833830306317,10.423303315980375,18.808530564590285,0.1625909161234585,11.786665096235248
36005002300,18750.0,0.03269273249392534,0.10315882482880495,10.629680047651279,19.18093103570594,0.10430262109224142,11.521597939322998
36005002500,27207.0,0.08608058608058608,0.2141025641025641,12.8044192245964,23.105181058908588,0.16417439718533994,14.49554058929436
36005002701,18788.0,0.05618374558303887,0.13780918727915195,10.640446004775567,19.200357874539154,0.1230019975126878,11.693332263289054
36005002702,31379.0,0.06380915438324282,0.15205585725368503,13.751152741960134,24.813532601414096,0.13069033973344854,15.196898924052629
36005002800,66235.0,0.32214022140221404,0.20129151291512914,19.978520646506183,36.05062664146088,0.15726079941738777,22.50603288359375
36005003100,43480.0,0.14577811435062477,0.1904581597879591,16.186923870603117,29.20880676092071,0.15141448400551122,18.15862554922075
36005003300,37957.0,0.1256237158790725,0.17053125917229234,15.123959175782323,27.290719630042965,0.14066075477571938,16.835344884454
36005003500,34508.0,0.10427883253046188,0.1700198356474922,14.42047118761539,26.021297170948444,0.14038476051983784,16.049050365117914
36005003800,42614.0,0.031275720164609055,0.1094650205761317,16.024913990522595,28.916464910272616,0.10770581574076088,17.41340899849783
36005003900,28508.0,0.08966277970375039,0.22360542073747242,13.106988896764435,23.651158735502303,0.16930269832621034,14.892145302072597
36005004001,76050.0,0.19811320754716982,0.2358490566037736,21.407658376034668,38.62946176234189,0.17591008536716612,24.43714727989652
36005004100,21819.0,0.06552933673469388,0.1611926020408163,11.466661115696855,20.691237655698796,0.135621065357948,12.717708013527853
36005004200,52974.0,0.13603309929789367,0.15922768304914744,17.866971311291746,32.24040074607393,0.1345606793399503,19.801069740480877
36005004300,29704.0,0.09363221583019242,0.10216226939099385,13.379103843392208,24.14218179561834,0.10376482108272705,14.495932701404396
36005004400,21016.0,0.04371963913948647,0.09599814943326394,11.253680637114945,20.306920926190656,0.10043829889827519,12.16297269126704
36005004600,21346.0,0.1289237668161435,0.15134529147982062,11.341690950007742,20.465732831578215,0.1303068765908619,12.5306163494794
36005004800,45118.0,0.08383667552548925,0.27542884754771685,16.48900601451141,29.75390470774964,0.19726967173697507,19.105768225350747
36005005001,35164.0,0.0626495540569937,0.1553186860996302,14.556893080779531,26.267466285428988,0.1324511543533028,16.107972019874207
36005005002,36066.0,0.03660460713158725,0.21426317450299778,14.742412053063056,26.60222957061099,0.16426107201706938,16.690518392422298
36005005100,25468.0,0.05047829286239882,0.07108167770419425,12.388450134347593,22.35457761672778,0.08699190321918412,13.25542253176486
36005005200,35147.0,0.05036373810856184,0.10464465584778959,14.553373897821896,26.261116027913253,0.1051044630227835,15.783909847614366
36005005300,22352.0,0.034377719756309835,0.17123585726718887,11.605871315515708,20.94243818386354,0.14104099740724968,12.922710018986969
36005005400,58452.0,0.0638899359215982,0.24538258575197888,18.768053997298065,33.86637676607416,0.18105493920276583,21.501679908262556
36005005600,47628.0,0.1442117740023706,0.2568154879494271,16.9414558737103,30.57033657658339,0.1872248066052955,19.49312042755236
36005005902,46902.0,0.2457293035479632,0.23653088042049936,16.811839593857286,30.33644798221175,0.17627803765683264,19.195931020633548
36005006000,53371.0,0.12704918032786885,0.17704918032786884,17.93379605228775,32.36098393792706,0.14417820892476524,20.013882161460298
36005006100,75608.0,0.305606258148631,0.1877444589308996,21.345357432085336,38.517041623260134,0.14995001119108223,23.92025166872173
36005006200,27243.0,0.07831131163390267,0.1795037060908798,12.812887756755362,23.12046226498314,0.14550281559351208,14.312668869642415
36005006301,58118.0,0.17456758488148622,0.27962844330557335,18.71435600195642,33.76948038341857,0.1995360209563346,21.718395616036076
36005006400,40778.0,0.07642318689888225,0.16844294255263842,15.675901186718656,28.28668202966551,0.13953377612976897,17.43553105767998
36005006500,24184.0,0.08394442300270166,0.13527595522964106,12.072122217156677,21.783773609729646,0.12163491629609093,13.253398121389104
36005006800,33996.0,0.05837466615795498,0.12170927127050744,14.313092130369132,25.827534961504075,0.11431353457915795,15.629348789105814
36005006900,32199.0,0.10576333537706928,0.2208767627222563,13.92966745289418,25.135656912205697,0.1678301537482911,15.81037038675216
36005007000,43672.0,0.09473934777433944,0.20209473934777433,16.222623801202907,29.273226188762788,0.15769426770899386,18.280628987870408
36005007100,34853.0,0.2392661982825917,0.1760343481654957,14.492377550784745,26.15104999387415,0.14363054571821193,16.166919036135557
36005007200,64464.0,0.11133867063861479,0.2396201824613666,19.709616836486223,35.56539797868743,0.17794520699225908,22.531077093859174
36005007300,31442.0,0.0566410537870472,0.17738748627881448,13.76494999851847,24.83842932693556,0.14436077874149006,15.363526097746554
36005007400,52641.0,0.18012800975312404,0.17037488570557757,17.810725973399965,32.138907762056924,0.14057636644297222,19.824929706983724
36005007500,35892.0,0.12517193947730398,0.1508482347546997,14.706806758560598,26.53798091069873,0.13003863550626518,16.245316501741634
36005007600,53650.0,0.1453827346247884,0.25371450065826595,17.980609931313047,32.44545814421293,0.18555133122057088,20.664581773120116
36005007700,44447.0,0.11773547094188377,0.1908817635270541,16.365933532061646,29.531824194725765,0.15164308553260336,18.362449815932923
36005007800,58513.0,0.10652099692727894,0.2302833731649027,18.77784453278333,33.884043486530814,0.17290651477509433,21.389804745374985
36005007900,36514.0,0.11736081293831402,0.17460998998139401,14.833692163961013,26.766941726030208,0.14286187815000895,16.53849860883099
36005008300,53560.0,0.12128111718275653,0.19201578627808136,17.96552200833695,32.41823245079796,0.15225507100089955,20.166020462909295
36005008400,57083.0,0.19329896907216496,0.23048600883652431,18.54696921771938,33.46743607443218,0.1730158689183675,21.128446755601246
36005008500,43531.0,0.12003530450132392,0.15569285083848192,16.19641433957007,29.225932020564986,0.13265307568399803,17.924819934633078
36005008600,24023.0,0.047364585863492834,0.11440369200874423,12.031871280833002,21.711142031894187,0.11037101372440859,13.100182205740644
36005008700,40708.0,0.10588982378155262,0.19685664391173202,15.662440688375582,28.262392973996164,0.15486748289757565,17.613763583479198
36005008900,36625.0,0.0701637153357835,0.2499164717674574,14.856221746959008,26.807595666300333,0.18350169113421588,17.049319072535503
36005009000,33275.0,0.07598107431116059,0.11912051210687448,14.160500006494352,25.552187162556848,0.11291648766133652,15.44680930869369
36005009200,56913.0,0.08370044052863436,0.23665198237885463,18.51933107886451,33.41756390208512,0.17634339140624244,21.14653598087103
36005009301,54241.0,0.09955476402493321,0.23472840605520925,18.079374474475824,32.62367572768542,0.17530531632691687,20.629067806423706
36005009600,53523.0,0.133078231292517,0.1836734693877551,17.95931551884665,32.40703303121491,0.1477530654598494,20.09401007019701
36005009800,67500.0,0.22100279750376586,0.23821820529373788,20.168399849655117,36.39325782926594,0.17718861753874537,23.043260004824837
36005011502,30172.0,0.08415584415584415,0.19532467532467532,13.484088864148047,24.331624039775527,0.15404074241788449,15.155051236005821
36005011701,35298.0,0.10849772382397573,0.16995447647951442,14.58460279650024,26.31746761603116,0.14034948886326293,16.231304376823164
36005011800,100500.0,0.20819790538100397,0.27843986998916576,24.60948851209093,44.407065862599836,0.1988945967900318,28.547119676639866
36005011900,36250.0,0.061470538291730346,0.21259976226863644,14.779970319202574,26.670002307834814,0.163363396803505,16.722366332967873
36005012101,51205.0,0.1233518898329915,0.19455024904775858,17.56611581237755,31.697516242446643,0.15362281638658531,19.737021345931367
36005012102,43032.0,0.02274247491638796,0.1705685618729097,16.103316252245733,29.057939382543978,0.14068088551003255,17.92578410566484
36005012300,36154.0,0.10263929618768329,0.23949169110459434,14.760386625531934,26.634664134339747,0.17787586548824158,16.872534014458687
36005012500,58333.0,0.10926193921852388,0.2337192474674385,18.7489397128849,33.83188562716102,0.1747607149153821,21.384846123893837
36005012701,49784.0,0.08050314465408805,0.2561844863731656,17.320660548792862,31.254599761229578,0.18688428098991944,19.92469475986634
36005012901,35521.0,0.06519673065957042,0.13457517582208706,14.630600385136521,26.4004688513916,0.12125673445316425,16.057776200297884
36005013000,65357.0,0.16027088036117382,0.24153498871331827,19.845662941084978,35.810888994248316,0.17897854922435774,22.70309593811907
36005013100,18408.0,0.09289827255278311,0.12821497120921305,10.532291228857003,19.00519590458554,0.11782439343977322,11.530606082947736
36005013200,108582.0,0.19786696603985404,0.2681728880157171,25.579878354523203,46.1581045168212,0.19335392861091633,29.558759226847464
36005013300,31762.0,0.08256252141144227,0.16015758821514217,13.834818856763913,24.964505534830973,0.13506251093721483,15.33802228544812
36005013500,30865.0,0.021547799696509863,0.08224582701062215,13.638063151166147,24.609465909646175,0.09301673573267114,14.658587222168382
36005013800,90032.0,0.22691917483936422,0.23165370307744335,23.292601967746478,42.030784556324654,0.17364602550579777,26.54641289945502
36005014100,35238.0,0.13694638694638694,0.18269230769230768,14.572201975623083,26.29509071578914,0.14722357282037743,16.2980875397261
36005014300,16734.0,0.07418397626112759,0.16142433234421366,10.041982004941458,18.120447975397155,0.13574612067814734,11.138602421461243
36005014400,32197.0,0.07300850734725445,0.12095901005413766,13.929234834372938,25.134876265376867,0.11390864943780729,15.205654315862933
36005014500,28022.0,0.03871951219512195,0.10426829268292682,12.994785669719148,23.448691459884273,0.10490135529192948,14.09141455520162
36005014701,23500.0,0.050669772859638904,0.12774218598330422,11.900178824455235,21.473507040776767,0.11756925068569773,13.025707849416404
36005014702,21533.0,0.07301905717151454,0.10631895687061184,11.391261629659995,20.555181599889266,0.10600801446793089,12.362710590447021
36005014900,35213.0,0.11167192429022083,0.18696109358569926,14.567031851220275,26.285761385162843,0.14952726111204265,16.31930138214351
36005015100,30558.0,0.05688954562246029,0.2009604728481714,13.570067869346142,24.48677051284248,0.1570821506996099,15.284886999134663
36005015200,84265.0,0.14109957708573626,0.2979623221837755,22.53425315776755,40.662367429938094,0.2094300618305575,26.33082525065964
36005015300,34704.0,0.07167332952598515,0.14962878355225587,14.461366202047495,26.095090967940454,0.12938054781400687,15.966543885376105
36005015500,42118.0,0.10970196575776792,0.17596702599873176,15.931381097699086,28.747687679088294,0.14359421471187506,17.771728576760303
36005015700,45731.0,0.11931532136264474,0.283436818258097,16.600642827345837,29.955349906327964,0.20159124438695492,19.29283484582112
36005015800,81000.0,0.15261538461538462,0.288,22.093375092879818,39.8668165083809,0.20405380601784767,25.720113459748056
36005015900,24654.0,0.14212726428239666,0.15234556432884347,12.188864588100406,21.994431631041515,0.13084668273441477,13.471890507999156
36005016000,97445.0,0.19542210189515136,0.25670686684715727,24.232562215740078,43.72691394236897,0.18716618826092873,27.88124572103106
36005016100,23466.0,0.15243265817498433,0.14804760910419712,11.89156706843661,21.457967391648182,0.1285272529535848,13.121110222633279
36005016200,102361.0,0.18423973362930077,0.2025527192008879,24.83629538958059,44.81633190410353,0.15794142061189997,27.991970740561978
36005016400,95781.0,0.21138211382113822,0.21318879855465223,24.024770071394617,43.35195940257241,0.16368127547658656,27.188269072499274
36005016500,59000.0,0.11273317112733171,0.26277372262773724,18.855826016748892,34.02475867826755,0.19044022096671043,21.744600904637657
36005016600,107344.0,0.20444072056975282,0.223292836196062,25.43363554627038,45.894213862823094,0.1691340092970141,28.89421518948449
36005016700,36181.0,0.06931002185451139,0.22135497970652512,14.7658971646216,26.64460773280881,0.16808822779909816,16.762568572566607
36005016900,47610.0,0.15747583854462763,0.13700966458214894,16.938254237874528,30.564559323092027,0.12257052797497738,18.608437646517757
36005017701,46070.0,0.09329829172141918,0.22120017520805957,16.66205879390119,30.066173130894324,0.16800468617402758,18.914012816528505
36005017702,38897.0,0.08575248281130635,0.17016806722689076,15.310085283658312,27.626578472746562,0.14046475501064706,17.040118482053895
36005017901,45292.0,0.10174243941518125,0.2179050670939315,16.520770788775227,29.811223266896082,0.16622645175987272,18.729995546496465
36005017902,46230.0,0.1304956594791375,0.21450574068888267,16.690967180493114,30.11833742625294,0.16439197501767244,18.898319094487103
36005018101,55400.0,0.06457399103139014,0.18863976083707026,18.27150995331641,32.97037829564917,0.15043316883127772,20.48270729628728
36005018102,36334.0,0.0936161533754844,0.2272078319396288,14.797084789754035,26.700884844081305,0.17124677158624863,16.83557211866579
36005018301,54226.0,0.25570363677433927,0.2243053986898577,18.07687443420448,32.61916448183267,0.16968044765672374,20.54441671943995
36005018302,65196.0,0.0884580430172675,0.2275068161163284,19.82120403163541,35.766753643677305,0.17140812105761055,22.554400729866423
36005018400,101705.0,0.17401101652478718,0.271657486229344,24.756583402927404,44.672494073438834,0.19523442304337707,28.64485473206814
36005018502,32656.0,0.05181736257134274,0.1479423250225293,14.028170966597118,25.313403476038374,0.12847043546207926,15.47798970137585
36005018900,48054.0,0.12692537313432836,0.20608955223880596,17.017052099159592,30.70674764261759,0.15985010403208275,19.205351355948892
36005019300,41268.0,0.12258737610850287,0.215962441314554,15.769802976193374,28.456124923522122,0.1651780964722564,17.865305486687344
36005019400,87188.0,0.150559511698881,0.23245167853509666,22.92175753244183,41.36160716747884,0.17407666006202555,26.131704968955034
36005019500,37374.0,0.10527038155366457,0.22701070546253088,15.0073616059879,27.08032289795582,0.17114039052882182,17.07353291633464
36005019700,24383.0,0.06672907194437015,0.22719978603904786,12.121688677676486,21.87321476474584,0.1712424295444065,13.7915636965919
36005019900,31228.0,0.07863013698630136,0.1789041095890411,13.718026636905133,24.753757562683564,0.1451792380059953,15.320185643548843
36005020000,47161.0,0.1480203045685279,0.22030456852791877,16.858194458940716,30.420093911943304,0.1675213640598472,19.130102354550203
36005020100,36218.0,0.04126582278481013,0.15240506329113923,14.773445305775269,26.65822812159448,0.13087879187884835,16.328911322452186
36005020200,52061.0,0.15209857527916826,0.2849441663457836,17.712334666479173,31.96136367191493,0.2024046981950841,20.596405081897398
36005020400,60504.0,0.10182063385030343,0.2437626432906271,19.09464551023038,34.45570111622577,0.18018072283900666,21.862411612888803
36005020501,20821.0,0.03060527394452794,0.15384615384615385,11.201349510833742,20.21249101675586,0.13165648921990167,12.387724765367185
36005020502,41125.0,0.10870470637234486,0.31445231153685965,15.742456863352757,28.40677970314492,0.2183290313153453,18.507446201229385
36005020601,59138.0,0.15783274440518258,0.24303101688260698,18.877864865883588,34.06452710435977,0.17978589413779716,21.608212515396747
36005020900,39795.0,0.06870813397129187,0.20478468899521532,15.485805882023731,27.9436608932607,0.1591459229718104,17.46842271603603
36005021001,46223.0,0.1961697034180077,0.22782284878308284,16.689703485994286,30.116057128358406,0.17157867089833062,18.99337939896208
36005021002,70500.0,0.21924057426539648,0.22353414732322555,20.61171434311174,37.19320521131336,0.1692642349940105,23.418367709978057
36005021100,50204.0,0.08567795263074234,0.18137021141312987,17.39356950254361,31.386161728053555,0.14651009179910834,19.443625474010563
36005021200,69088.0,0.18806198584273962,0.2092978764109432,20.404260842326206,36.81886174341545,0.16158150471972577,23.05655675529797
36005021301,47959.0,0.0707395498392283,0.23633440514469453,17.000222909795635,30.676379887508325,0.17617200802597816,19.409578946637772
36005021302,30473.0,0.08779443254817987,0.15613847251962884,13.551181505737567,24.45269065001807,0.13289355938943745,14.999921858637503
36005021501,43750.0,0.12250650477016478,0.20923677363399826,16.237104477174597,29.299356123616732,0.1615485300624458,18.347292029963086
36005021601,54565.0,0.0698869475847893,0.265775950668037,18.133291214787974,32.72096682891908,0.19206040004293312,20.935006028934534
36005021602,59408.0,0.21847414880201765,0.25756620428751575,18.92091010772326,34.14220092064029,0.18762993735713152,21.776879949445565
36005021700,41416.0,0.1450980392156863,0.23941176470588235,15.798055399768982,28.50710555377308,0.17783273249597958,18.05814051608398
36005021800,58807.0,0.10163880152292666,0.2872041052805827,18.824960292991186,33.96906242813493,0.2036242943505237,21.90866740383209
36005021900,48623.0,0.19373776908023482,0.28864970645792565,17.117503760291267,30.888009578626143,0.20440442588905267,19.932256096289866
36005022000,23468.0,0.039978958442924775,0.13992635455023672,11.892073814950741,21.458881800162512,0.12414454566940028,13.079740845781247
36005022101,58186.0,0.13384985305904354,0.21346513491851457,18.72530101199272,33.78923031772988,0.16383040285422723,21.193230618719237
36005022102,37022.0,0.06343283582089553,0.17961329715061058,14.936522406549232,26.95249573919219,0.14556195738405348,16.68559100472333
36005022200,56029.0,0.16348773841961853,0.2591583409022101,18.374942642782422,33.15701940569119,0.18848914804832145,21.161203698207984
36005022300,45007.0,0.07086614173228346,0.20722104858843865,16.46871027029543,29.717281660924154,0.16046072610538606,18.594585655494758
36005022401,67824.0,0.2634493670886076,0.26186708860759494,20.216746063289893,36.480497086271704,0.1899509478503753,23.3060609857078
36005022403,91225.0,0.25753228120516497,0.31384505021520803,23.446417417690206,42.30833980957507,0.2180013173396138,27.558341346678663
36005022404,59482.0,0.18159426780116436,0.24160322436184506,18.932690605343197,34.163458466624874,0.17901537319925626,21.659232198141773
36005022500,53191.0,0.0625,0.23713860544217688,17.903528588104177,32.306367228813684,0.17660600187240927,20.44715633605333
36005022701,37134.0,0.09349349349349349,0.1977977977977978,14.959098539670167,26.99323367772885,0.15537538496671932,16.828906919487558
36005022702,27446.0,0.18245888801879404,0.14956930305403288,12.860536489352842,23.20644293888809,0.12934844863387446,14.198763438311422
36005022703,66146.0,0.16087962962962962,0.15856481481481483,19.96509356079844,36.02639787786534,0.13420295659899184,22.12056808698497
36005022800,87961.0,0.2701404943980082,0.29592744086786416,23.023144300452262,41.54455647511777,0.20833192002174716,26.881745660314493
36005022901,52763.0,0.11460025266197438,0.24796968056307525,17.831352966146845,32.176128536678384,0.18245108793793124,20.44857287521578
36005022902,35313.0,0.18555109601728928,0.2942266131522075,14.587701354566285,26.323058868854247,0.20741405321077322,17.021779422482254
36005023000,55460.0,0.06457925636007827,0.24735812133072407,18.281401595268076,32.98822745961781,0.18212105455644728,20.959824230861482
36005023100,59388.0,0.04203821656050955,0.2178343949044586,18.917724930166273,34.136453365607295,0.16618831288397193,21.446899733091545
36005023200,45125.0,0.12632006498781478,0.28310316815597075,16.49028508899958,29.756212758362373,0.20141118714047385,19.1621913294056
36005023301,42778.0,0.08043826830571886,0.21779796900053447,16.055720324132054,28.97205399270756,0.1661686553207961,18.20201012151397
36005023302,65156.0,0.0965893587994543,0.24474761255115962,19.81512260172771,35.755779890268435,0.1807122702648571,22.695794969853942
36005023501,37194.0,0.04966887417218543,0.20650210716435882,14.971178892555239,27.015032303325935,0.1600727429686329,16.89907154392943
36005023502,47484.0,0.13258636788048553,0.17763772175536882,16.915825819890753,30.524087931981637,0.14449582054304538,18.882162819942163
36005023600,54583.0,0.14107365792759052,0.2877652933832709,18.136281889469668,32.72636340948996,0.20392714450367516,21.111595551923248
36005023702,44583.0,0.07506702412868632,0.32439678284182305,16.390952846598225,29.57697077905713,0.22369565374246447,19.34060774825948
36005023703,27763.0,0.06514465656366857,0.17004526667978745,12.934592560883633,23.34007484449952,0.1403984846027051,14.395506505063599
36005023704,32984.0,0.06559169171904893,0.18775621754577754,14.09844509562239,25.44021098260353,0.14995635683223102,15.799214988078159
36005023800,67750.0,0.14578111946532998,0.2819548872180451,20.205714219854766,36.460590463760276,0.20079150711474647,23.469555318832242
36005023900,51172.0,0.0792838874680307,0.24605711849957373,17.560454497578625,31.687300573842997,0.18141895680209885,20.123332175638332
36005024000,72608.0,0.13817217265493129,0.2572944297082228,20.917597095197408,37.745161238819904,0.18748327178712515,24.072483877051468
36005024100,29527.0,0.13064926798217696,0.14974538510502863,13.33918262593141,24.07014518533992,0.12944347287949876,14.728235686961124
36005024300,24293.0,0.06725744149057032,0.12133605998636673,12.099296836118878,21.832809374672614,0.1141121277887815,13.21000866275203
36005024400,78854.0,0.2140221402214022,0.253690036900369,21.798741469511512,39.33515918800122,0.1855381291359396,25.052415604746436
36005024501,49904.0,0.08685306365258774,0.25639500297441997,17.341522957144456,31.29224533607631,0.18699788814699458,19.95027858012973
36005024502,37448.0,0.0860377358490566,0.2389937106918239,15.022211442593461,27.10711897183066,0.1776071259273857,17.168577135959502
36005024600,95703.0,0.1865847897968824,0.273972602739726,24.01498570010089,43.334303805209984,0.1964837962684583,27.810918662710684
36005024700,47283.0,0.20372460496613995,0.304176072234763,16.87998546561072,30.459415113923253,0.21278336733645192,19.76946223268711
36005024800,78839.0,0.19160997732426305,0.2508503401360544,21.796668038401386,39.33141774527177,0.18400566150902992,25.02316125760934
36005025000,109667.0,0.22831215970961888,0.3161524500907441,25.707363477511876,46.38814750411361,0.21924652621403662,30.241553534727043
36005025100,50410.0,0.14903699174564353,0.29746254967899727,17.42921812882741,31.45048857883382,0.20916035515130338,20.361912035823227
36005025200,80583.0,0.23047177107501934,0.23588553750966745,22.036431726054083,39.76406395260039,0.1759297726126443,25.15525003263096
36005025300,43421.0,0.062086240830202186,0.2288423689389873,16.17593775389628,29.18898265088547,0.1721288640223076,18.415858389486317
36005025400,66053.0,0.19572953736654805,0.22877478393492628,19.951053355794894,36.00106275933939,0.17209239117348457,22.71313785240778
36005025500,55042.0,0.04508758568164509,0.18461538461538463,18.21237816352591,32.863676797870774,0.14826137839374248,20.384599894312235
36005025600,58924.0,0.13641826923076922,0.28125,18.843677672993856,34.002837365234726,0.20041110845533633,21.8817416701673
36005025700,55962.0,0.17486662714878481,0.2839359810314167,18.3639528926189,33.137188739195004,0.20186062201920202,21.346087469845124
36005026100,60357.0,0.39876718824087243,0.23992413466097676,19.071435310267137,34.413819023554666,0.1781092375013909,21.804055574894537
36005026300,44709.0,0.1055120437416876,0.21235407122801833,16.414098472879896,29.618736350503948,0.16323080744723975,18.569502175692875
36005026400,58307.0,0.1961639058413252,0.24707933740191804,18.744760888177524,33.8243450663762,0.1819706063286059,21.488801964267587
36005026500,60495.0,0.08277720739219713,0.25667351129363447,19.09322528842002,34.453138369607075,0.18714818763966745,21.967805183866997
36005026601,47266.0,0.1497905027932961,0.25593575418994413,16.87695070099412,30.453938974419554,0.18675005045398774,19.41245394606952
36005026602,51442.0,0.1806993553428404,0.2389138503613987,17.606720863679065,31.770786809878985,0.17756402858946257,20.12174947429314
36005026701,44750.0,0.11758446395317904,0.21415270018621974,16.42162295140688,29.632314040806833,0.1642014535690031,18.59083763093743
36005026702,61494.0,0.13477018956115294,0.17982342248766553,19.250230240994423,34.73644898235307,0.1456753533919219,21.506190628846447
36005026900,29140.0,0.11302270011947431,0.3058542413381123,13.251478314021261,23.911885449323282,0.21368900622567444,15.52949012072504
36005027300,54096.0,0.12556179775280898,0.23174157303370788,18.055192917766952,32.58004085161299,0.17369344530957595,20.578063797994346
36005027401,104811.0,0.2925063588338877,0.27137546468401486,25.13176492289096,45.349497598289275,0.19508222760697025,29.075885250369893
36005027402,101667.0,0.36851161456839693,0.23917407513622024,24.751958074483564,44.66414781038096,0.17770446120471406,28.290443022907247
36005027700,54482.0,0.16141356255969436,0.2034383954154728,18.119494495713752,32.696071073271185,0.15841938366198036,20.428706773032058
36005027900,65000.0,0.20710059171597633,0.19280078895463512,19.791387169848498,35.71295003274338,0.15267870468037323,22.222270764242424
36005028100,79886.0,0.37585421412300685,0.1958997722095672,21.94092305815474,39.5917214959999,0.15435109856911464,24.665343187658156
36005028300,14194.0,0.1504424778761062,0.14601769911504425,9.248513970180491,16.688659286973735,0.12743179396549525,10.196625035263434
36005028500,74965.0,0.4418253248715624,0.3366576004835298,21.254398999084888,38.35290992572301,0.23031231308140382,25.19239660084657
36005028600,72857.0,0.3165680473372781,0.33925049309664695,20.953433530983126,37.8098269860757,0.23171159065201952,24.85925527111892
36005028700,64127.0,0.22399767576990123,0.2568274259151656,19.658031110665714,35.47231312148059,0.1872312490347321,22.618958884138078
36005028800,97424.0,0.309932785660941,0.2419716206123973,24.22995094155266,43.72220197833245,0.17921418151391177,27.723238756972847
36005028900,55977.0,0.21022727272727273,0.2711363636363636,18.36641385574926,33.14162947154755,0.1949531945990483,21.246889340938882
36005029301,119643.0,0.6128857606930157,0.20682187330806714,26.851169345011375,48.45211004714343,0.16024530761341213,30.3126187325636
36005029302,132405.0,0.5431575064551826,0.20103282921431206,28.246962233833937,50.97077542753275,0.15712119845643552,31.817354996328056
36005029500,100600.0,0.35568010347057555,0.2563052381978875,24.621728994574777,44.42915343713773,0.1869494457865984,28.32471601657184
36005029600,56747.0,0.37676206749252455,0.21999145664246048,18.49230338839339,33.36879326508975,0.16735239044474315,20.98191953068555
36005029700,90714.0,0.47278830016782547,0.2047470630544234,23.380657238895385,42.189677587503965,0.15912561779806078,26.373654222044024
36005030000,84279.0,0.2394655704008222,0.27558361474086035,22.53612502889824,40.66574516387783,0.19735319322989664,26.11406345458149
36005030100,86672.0,0.4356687898089172,0.17388535031847133,22.853828582568415,41.23903146463463,0.1424708199079604,25.473183511350587
36005030201,75000.0,0.2185124864277959,0.24429967426710097,21.259360095302558,38.36186207141188,0.18047053638404287,24.345857800440157
36005030202,78435.0,0.20074772431729518,0.22464239271781533,21.74074924191553,39.23051399518836,0.16986230948253445,24.711601075212684
36005030701,121764.0,0.5706482155863074,0.21576839038601603,27.08812904337752,48.879696541960556,0.16507337516197662,30.685336640438656
36005030900,122500.0,0.517939034259509,0.1475586727812247,27.169872525418906,49.027200143633,0.12826339411626408,29.973367552042205
36005031000,142671.0,0.3095940122476752,0.26105692900884553,29.32158273099016,52.9098950955856,0.1895137380139887,33.79189198064623
36005031200,124474.0,0.2534869617950273,0.25894481503941785,27.387909203808356,49.42064063033575,0.18837391691648048,31.538301122992156
36005031400,111917.0,0.2442817932296432,0.21225983531564502,25.96973909600872,46.86159624587049,0.16317995219860223,29.37887134706319
36005031600,78864.0,0.23289902280130292,0.23072747014115091,21.80012364735934,39.33765328545847,0.1731461756599681,24.836679834719547
36005031800,98017.0,0.1987242394504416,0.23748773307163887,24.30358045213614,43.85506416782108,0.17679441170423837,27.760173513595653
36005032300,101512.0,0.562876740802328,0.22926626480981085,24.73308264339266,44.63008767494877,0.1723576232008865,28.16248313944775
36005032400,40955.0,0.12487343908201147,0.22848464394195073,15.709885567377281,28.348005800351185,0.1719358145445662,17.88283106394581
36005032600,99962.0,0.26133720930232557,0.24593023255813953,24.54352994750107,44.28804565945724,0.18135048167475376,28.124207382299065
36005032800,49422.0,0.10996055226824458,0.21794871794871795,17.257572821501352,31.14075989578177,0.16625000833207004,19.56565278827616
36005033000,48750.0,0.13257575757575757,0.1646730462519936,17.139844065222203,30.928321972440067,0.13749931804602386,19.035750374357324
36005033201,35400.0,0.24642250788260975,0.22532136793596896,14.6056600283706,26.355464743931307,0.17022872450063425,16.605814298232037
36005033202,47557.0,0.16339677891654467,0.15051244509516837,16.92882368280305,30.5475421762312,0.1298574236285924,18.697315379482696
36005033500,106597.0,0.37731586082241303,0.26344328965205605,25.344985531650185,45.734247635324074,0.19080155876929178,29.23528852318681
36005033601,23453.0,0.08461384953103172,0.20714428257832768,11.888272689583829,21.452022786232273,0.16041929864495422,13.422482772503786
36005033602,47398.0,0.20952380952380953,0.22164502164502164,16.90050044386587,30.49643376183618,0.16824475151204443,19.18794486652211
36005033700,147543.0,0.426367461430575,0.18478260869565216,29.81802409437364,53.80570828202618,0.1483516223566438,33.376635960190704
36005033801,70418.0,0.10429447852760736,0.14016045304388863,20.59972390107421,37.17156882707805,0.124270879004543,22.659121636755682
36005033802,70508.0,0.16804864566058597,0.21890547263681592,20.612883768907306,37.19531540422938,0.16676632951284867,23.378275027127714
36005034000,50208.0,0.10773842982949222,0.20835675473112236,17.394262404426268,31.38741204821053,0.16107362003096876,19.64818967318566
36005034200,70910.0,0.1785243741765481,0.34782608695652173,20.67156222857356,37.30119888172771,0.23633948618541994,24.601802010630237
36005034300,89554.0,0.27238403451995685,0.2777777777777778,23.23068686454068,41.91906065500916,0.19853729283676058,26.941026004421765
36005034400,71920.0,0.17010309278350516,0.2737113402061856,20.818258450476446,37.56590770672565,0.19634280361748008,24.106538859450616
36005034500,115461.0,0.3193742478941035,0.22695547533092658,26.377717561521884,47.597780851237815,0.17111058509685556,30.008695006817483
36005034800,53024.0,0.15698612455630848,0.1792513714101323,17.875401275672015,32.255612357776876,0.14536664093773488,19.96580425665319
36005035000,69293.0,0.3158675234799802,0.2713791398912506,20.434510489012503,36.87344630140245,0.19508421096525758,23.64148731108111
36005035100,105086.0,0.3325275315605694,0.29196884233145315,25.16471331531937,45.40895196004557,0.2061956270973701,29.3389867977775
36005035600,86014.0,0.1677917068466731,0.21745419479267117,22.766911993327263,41.08219314997042,0.1659831345105683,25.806939769149245
36005035800,85296.0,0.20146764509673115,0.2752501667778519,22.671689708291858,40.910367462448434,0.19717324506958916,26.267868986857437
36005035900,28955.0,0.04967801287948482,0.14259429622815087,13.209346761827787,23.835860357935058,0.12558432413563142,14.543870289713018
36005036000,83351.0,0.2563469675599436,0.1847672778561354,22.4117084297168,40.44123923351132,0.14834334893268247,25.08626940883664
36005036100,26083.0,0.06989986255645003,0.13979972511290006,12.537135715259812,22.62287617893251,0.12407620896677385,13.788536156615113
36005036300,28259.0,0.07301883854896465,0.14510353417406197,13.049622578434567,23.547642976728298,0.12693845672071755,14.382225086416586
36005036400,60313.0,0.13020189534404614,0.23939019365471775,19.064482544702404,34.40127297172557,0.17782109148627617,21.791687358331934
36005036501,54097.0,0.08811692438042787,0.23935606862952763,18.055359798030537,32.58034198192102,0.17780267561278273,20.637940493554265
36005036502,26886.0,0.1509581540868205,0.24794681267109894,12.72865904967611,22.96847415109153,0.18243874707654434,14.596798087073818
36005036700,31815.0,0.1095579901775595,0.23687193048734417,13.846356854527162,24.98532549727527,0.17646208836012006,15.811962523404386
36005036800,71875.0,0.26498855835240276,0.16613272311212815,20.81174448900997,37.55415346340906,0.13828704565201888,23.127002763177465
36005036901,16277.0,0.04806629834254143,0.16353591160220995,9.903911210613167,17.87130346943046,0.13688565321387364,10.994532904372534
36005036902,21976.0,0.08376511226252159,0.16839378238341968,11.507841713173072,20.765546778519006,0.1395072464070155,12.799358654887762
36005037000,113182.0,0.19703770197486534,0.26526032315978454,26.116094922240162,47.1256908373384,0.19178213706997388,30.145360125814292
36005037100,22791.0,0.12689969604863222,0.15577507598784193,11.719288537200985,21.14709607550792,0.13269744921750187,12.97033454924785
36005037200,69972.0,0.21894635089415176,0.28999516674722087,20.534384992123325,37.05366677349628,0.2051305155062781,23.92299377972983
36005037300,51283.0,0.0794040853939487,0.1566579634464752,17.57948985440672,31.721649290354026,0.13317390729061818,19.462856484018708
36005037400,35884.0,0.08065821418937145,0.18451578095495008,14.705167660560681,26.53502320872123,0.1482076263921007,16.458442471914978
36005037504,44198.0,0.04829026363873662,0.2417123466457844,16.320026711851387,29.448986748201108,0.17907426201077054,18.67108554132961
36005037600,70429.0,0.18459152016546018,0.28490175801447776,20.601332780298428,37.17447200020331,0.20238181216173923,23.95543472883157
36005037800,65500.0,0.17947141979102643,0.20743700061462814,19.86736206406348,35.850044394930194,0.1605772665378927,22.433817504697537
36005037900,46430.0,0.12670864690523728,0.15742589463984027,16.727032406598497,30.183416018610696,0.13358832819228444,18.52464819684126
36005038000,46250.0,0.13410818059901655,0.1790344210996871,16.694577209124166,30.124851611995005,0.1452495617722468,18.64531868062218
36005038100,44741.0,0.08267823258335592,0.2624017348875034,16.41997153198427,29.629334105200666,0.19023947447269063,18.932913726032183
36005038200,85972.0,0.19272603670972127,0.21481985044187626,22.761352857257364,41.07216185974374,0.16456148714087107,25.77460681745897
36005038301,43900.0,0.05549603599742876,0.20955646025283908,16.26491569563171,29.349540612787948,0.16172105179092267,18.380974999523932
36005038303,23958.0,0.03976801988400994,0.06987020160176746,12.015582695501168,21.681749780150152,0.08633811936061363,12.850141383015227
36005038304,22551.0,0.03173076923076923,0.12115384615384615,11.657420407828347,21.03545693703104,0.11401379447269579,12.726645937226298
36005038500,17598.0,0.044671689989235736,0.09436670254754216,10.297960298015882,18.58235293999514,0.09955787406953659,11.122736817408647
36005038600,66161.0,0.14396228695757282,0.18965308835972441,19.96735718541058,36.03048251892524,0.15098002004561817,22.392568170259903
36005038700,41088.0,0.08483221476510067,0.2523489932885906,15.735373556670627,28.39399809388052,0.1848144230180364,18.074869946717033
36005038800,68125.0,0.16183315431435732,0.22448979591836735,20.2615569266715,36.56135691237371,0.16977995926188316,23.028936304220863
36005038900,48796.0,0.09548342778636441,0.23767817276318048,17.147928649072618,30.942910355589138,0.17689718417833972,19.588222068747097
36005039000,65478.0,0.10863239573229874,0.23698674426123506,19.864025280299256,35.844023271154526,0.17652404863483045,22.684879222821486
36005039100,36027.0,0.11914569031273836,0.3318077803203661,14.734439037120987,26.587842508324464,0.22769506447592613,17.43340050475583
36005039200,65815.0,0.2851511169513798,0.2542706964520368,19.915077429665395,35.93614530604426,0.18585148722979283,22.892616721499866
36005039300,30854.0,0.1065528329083047,0.14901873821931477,13.635632694931523,24.60508022604962,0.1290513314218104,15.051254503784003
36005039400,66188.0,0.09725016767270288,0.219763022579924,19.971431063165348,36.0378337061587,0.16722911397025483,22.658201341842485
36005039600,43552.0,0.11597602293458431,0.16914255929111285,16.20032056376343,29.23298068209826,0.13991133052798124,18.023737381238615
36005039700,21987.0,0.03464322647362978,0.14322647362978283,11.510721455215416,20.770743184550724,0.12592548429563136,12.676794176070034
36005039800,29325.0,0.08418367346938775,0.16723356009070295,13.293476337653049,23.987669592524774,0.13888112212291914,14.778697897088987
36005039901,41065.0,0.04213036565977742,0.22774244833068363,15.73096881254276,28.38604986844308,0.17153528207877813,17.90176171119642
36005039902,48929.0,0.05688037529319781,0.2621188428459734,17.171282228813478,30.98505117266343,0.19008680926526317,19.797097491277498
36005040100,26875.0,0.07775377969762419,0.2099352051835853,12.726054914182603,22.963775068608832,0.16192544486292898,14.383802304570242
36005040302,40865.0,0.07814992025518341,0.19047619047619047,15.692614570876804,28.31684081783915,0.15142421442685502,17.60422811306996
36005040303,40027.0,0.09985279685966635,0.2070657507360157,15.530880463148069,28.024996589926406,0.16037691823746247,17.53464830366176
36005040304,41336.0,0.14919129949804796,0.24595649749023982,15.782790099653822,28.479559788760806,0.18136465577907102,18.085535363824853
36005040400,97500.0,0.13889682766504716,0.25464418405258643,24.239399933997248,43.73925239486655,0.18605304313677806,27.867406825060172
36005040501,42639.0,0.07078651685393259,0.2205056179775281,16.029613902634527,28.92494575726789,0.16762986218429698,18.191256604247492
36005040502,39518.0,0.13049180327868853,0.17950819672131146,15.431815947446045,27.84623771522387,0.14550523900218282,17.238179353840458
36005040600,49375.0,0.14255654918463967,0.16964755391899,17.249364949971753,31.12594904380378,0.140183855372433,19.194638007644905
36005040701,47198.0,0.10363440086362001,0.21230658510255487,16.864806181572693,30.432024562279217,0.16320518113709476,19.079046514922425
36005040702,35440.0,0.10350877192982456,0.2038011695906433,14.613909484000583,26.370350633140717,0.15861515797363007,16.47865925407913
36005040800,39738.0,0.07345651194231635,0.21045515998197387,15.474711432464835,27.92364129992258,0.1622060430965151,17.49400308705118
36005040900,65925.0,0.23791273584905662,0.2653301886792453,19.931713029006612,35.96616373390579,0.19181984061922475,23.007438807637186
36005041100,61750.0,0.08489322436066438,0.21724228842604798,19.290258054300406,34.808677941558834,0.1658687773542455,21.864279387469768
36005041300,65845.0,0.17635295588051494,0.2852143482064742,19.919615789121856,35.94433463623665,0.20255050424032445,23.165430671914386
36005041400,123548.0,0.23636705528394134,0.26288078224896577,27.285845529388798,49.236469865880345,0.19049799664393896,31.46739549057413
36005041500,44973.0,0.14703820539782686,0.23729407641079564,16.46248854991394,29.706054757665935,0.17668990316402833,18.80249298070804
36005041800,61706.0,0.23242660921088068,0.24697010503635874,19.283384187041964,34.79627425929919,0.18191165811056587,22.10535974217321
36005041900,50768.0,0.2011577424023155,0.2551857211770381,17.490997746987205,31.561968001546745,0.18634528846466686,20.113056758050853
36005042000,32279.0,0.11725616291532691,0.16162915326902466,13.946961189902934,25.166862929266188,0.13585665411274886,15.471259499686637
36005042100,55830.0,0.2403426268055089,0.2601612361437689,18.342282179516303,33.09808460326126,0.1890303693893408,21.13157696231294
36005042200,63365.0,0.11777150916784203,0.32475317348377997,19.540887123378454,35.260930395816985,0.22388798312361385,23.06041590626065
36005042300,65682.0,0.14298766560073092,0.245317496573778,19.89494490069495,35.89981677611435,0.18101981324857647,22.79214381865076
36005042400,108550.0,0.24105102817974106,0.11614623000761615,25.57610877749837,46.15130243090488,0.11131138986086402,27.866362179715477
36005042500,47021.0,0.1260927544821455,0.24448066380204475,16.833153626628935,30.374908499447745,0.18056820899704729,19.278364050690865
36005042600,95876.0,0.23338140815523797,0.22053231939163498,24.03668155436915,43.37345330760467,0.16764427184001296,27.27838057467685
36005042800,101163.0,0.24899955535793686,0.14895509115162295,24.690529655902996,44.5533021165177,0.1290169837153894,27.253164646996606
36005042901,42775.0,0.13427109974424553,0.2528772378516624,16.055157324395196,28.971038076981277,0.18509949489689737,18.44588032784744
36005042902,42647.0,0.14648537711646997,0.21523858388917394,16.031117583499224,28.92765910318575,0.1647874603716582,18.156305908106013
36005043000,84316.0,0.18801338606632187,0.15059324612108305,22.541071368608165,40.67467068190189,0.1299010286212069,24.89664457200983
36005043101,42637.0,0.09631147540983606,0.2584016393442623,16.029237960377998,28.92426738101728,0.1880807873193311,18.45454524631777
36005043102,48835.0,0.13430085233817093,0.2874913614374568,17.154779985687647,30.955273381995028,0.20377931469162908,19.967035072393514
36005043400,74048.0,0.22930268999738834,0.25985897101070776,21.124003118654297,38.11761456606334,0.18886724932068388,24.33353976875093
36005043501,30885.0,0.14782608695652175,0.11690821256038647,13.642481053177448,24.617437878079976,0.11172260052570145,14.868631770312852
36005043503,105625.0,0.5714285714285714,0.4107142857142857,25.229167345031847,45.525257276230654,0.2702776622336621,30.714747084120425
36005043600,88833.0,0.114726741760534,0.2060909470171047,23.136982653315766,41.749974285033474,0.1598508567366026,26.112285312077056
36005044400,100000.0,0.31934679065547744,0.21705602177364483,24.54819454764424,44.29646278708989,0.16576825689784752,27.82183055044827
36005044800,102760.0,0.2907309105757452,0.25438954675377706,24.88465386462393,44.903593286444305,0.18591562585267474,28.606487516138447
36005044901,78083.0,0.37059415911379656,0.3293051359516616,21.691910400615207,39.142385806696716,0.2263444901734502,25.64172935968906
36005044902,99250.0,0.3517151541467651,0.24142422926617454,24.45596556328073,44.13003841865741,0.17891877690315244,27.976026615268243
36005045101,70855.0,0.4968789013732834,0.2815230961298377,20.663543920374288,37.28673009095472,0.20055848721185354,23.997464991386906
36005045102,96901.0,0.36340598073998986,0.26609224531170805,24.16482675637314,43.60468738719846,0.19223109126182736,27.90177237941453
36005045600,76943.0,0.2266065388951522,0.2922773393461105,21.532978866730442,38.85559873717281,0.20636211025638257,25.107711258364073
36005045800,31225.0,0.09328160818197849,0.06824193263974608,13.717367691914227,24.75256851669439,0.0854594095266776,14.660429438408244
36005046000,31768.0,0.1454399357171555,0.19967858577742065,13.836125528152863,24.96686338320321,0.15639036893545605,15.576865727828034
36005046203,40020.0,0.12134831460674157,0.17036516853932585,15.529522368402255,28.02254594968675,0.14057112248773967,17.285680716489217
36005046204,64922.0,0.2176614573526643,0.18715872717002446,19.779508772957826,35.691515830532836,0.149633915834397,22.160484697767334
36005046205,63924.0,0.2509298998569385,0.1876967095851216,19.626891781969366,35.41612315964305,0.14992424283175232,21.994080341162437
36005046206,63601.0,0.24306987399770905,0.30057273768613973,19.577242866852153,35.32653321783936,0.21083879578427667,22.897804278911224
36005046207,73464.0,0.2435265104808878,0.24583847102342787,21.040538083435756,37.9670044745796,0.18130096174603877,24.109322719112136
36005046208,110724.0,0.23780245934153113,0.14597381991273303,25.830953629668112,46.61116213621676,0.1274081141635243,28.478520807412302
36005046209,27500.0,0.11603620329542817,0.1042005105592945,12.873181824085776,23.229261056869866,0.1048647760657758,13.95916975375111
36005048401,86273.0,0.23401717557251908,0.25286259541984735,22.80116338255091,41.143998729407514,0.18509159297827782,26.19626799663886
36005051601,100306.0,0.38403931663936347,0.20149777673765504,24.58572459674456,44.36418460753348,0.15737211152458025,27.698302611346882
36047000100,167778.0,0.7088241372184335,0.26327753668113246,31.797067074857473,57.37683053172606,0.19071210870363808,36.67543770385714
36047000200,81154.0,0.16874480465502908,0.2310889443059019,22.114367463986568,39.904696597026046,0.17334124840942727,25.198165325522236
36047000301,179250.0,0.6293723641776234,0.2607293475564376,32.86617312787671,59.30599955477195,0.18933695576832793,37.872209374588046
36047000501,144125.0,0.5599467140319716,0.2622113676731794,29.47061620173529,53.178821414304466,0.19013674111156464,33.978417078457404
36047000502,179185.0,0.6785073555794762,0.2866881951919627,32.86021358825074,59.29524574863122,0.2033458788805546,38.23566843613903
36047000700,189145.0,0.6419784082349987,0.3449661059502887,33.7611311581549,60.920923821698516,0.23479607198686675,40.13814379153267
36047000900,236222.0,0.7260016694490818,0.30446577629382304,37.729385124262706,68.08151617394891,0.21293970870975376,44.19255906870316
36047001100,164250.0,0.7192429022082019,0.43785488958990537,31.460979923378368,56.7703715935822,0.28492433061629996,38.67224140331695
36047001300,173000.0,0.7022425249169435,0.31976744186046513,32.288108803393136,58.26290024299432,0.221197388689305,38.03366484158223
36047001501,114828.0,0.38050761421319795,0.24040609137055838,26.305311974006212,47.467127193318476,0.17836932972823966,30.079930770507804
36047001502,135022.0,0.6059431524547804,0.27703949796973054,28.524748553481725,51.472032306003335,0.19813887356902354,33.07149750767511
36047002000,78839.0,0.09415041782729805,0.18384401114206128,21.796668038401386,39.33141774527177,0.14784509983506683,24.389094859396543
36047002100,250001.0,0.7275080906148867,0.3233009708737864,38.81418123587089,70.03899742562177,0.2231042890632144,45.7805716530148
36047002200,41429.0,0.24620938628158845,0.24356197352587244,15.800534618024518,28.511579226938096,0.18007242961486714,18.089443303694544
36047002300,25968.0,0.05134541460735859,0.08649093904448106,12.50946705535299,22.572948932285005,0.09530764821538602,13.46859384590154
36047002901,23832.0,0.10269461077844311,0.08413173652694611,11.983944845268415,21.624660251517867,0.09403448358426081,12.890504539877908
36047003000,128506.0,0.39933993399339934,0.35203520352035206,27.827952874974216,50.21468591405962,0.2386109733924408,33.1696730365071
36047003101,149650.0,0.5046518184381167,0.27262475331265856,30.030178734550752,54.188534811507786,0.19575641733177523,34.75933196880118
36047003300,131173.0,0.6471567927670712,0.2793242921722579,28.115239154936546,50.73308517901958,0.19937188309085857,32.62460170821707
36047003400,111088.0,0.3829302987197724,0.29160739687055476,25.873377820691726,46.687715285382275,0.20600056983820042,30.161143199222586
36047003500,147829.0,0.5618823529411765,0.376,29.846909999521174,53.85783201030916,0.25154378905503244,35.88670830081966
36047003600,89487.0,0.43868179362506754,0.24149108589951376,23.22199519669068,41.90337680743626,0.1789548566802343,26.565119165430417
36047003700,167917.0,0.651309635173059,0.28811973807296537,31.810235896990743,57.40059326663693,0.20411842373437078,37.03369930608216
36047003800,144028.0,0.5335868187579215,0.26425855513307983,29.4606972739971,53.16092301397242,0.19124152404048067,33.99316456461341
36047003900,181518.0,0.6163472819710598,0.2631990614000782,33.07344279501934,59.68001130050976,0.19066975881993237,38.14651079498721
36047004100,221452.0,0.6126634958382877,0.3171819262782402,36.530814874436494,65.91873298571501,0.21980209219905228,42.99034076066994
36047004300,155859.0,0.6275303643724697,0.326417004048583,30.646825759287065,55.30125542038951,0.22478588409292338,36.188793527464775
36047004400,139375.0,0.47182175622542594,0.22935779816513763,28.980908563594163,52.295159028161535,0.17240701999056607,33.000449009503896
36047004500,174609.0,0.6960811953763744,0.40118409923879333,32.43791033706606,58.53321250766668,0.26513461230113555,39.35667816094923
36047004600,139375.0,0.33361702127659576,0.2765957446808511,28.980908563594163,52.295159028161535,0.19789939815809648,33.59478469903917
36047004700,158125.0,0.5187406296851574,0.2688655672163918,30.86880559864345,55.70181121989852,0.19372773910512375,35.67964763283402
36047004900,143750.0,0.5812173913043478,0.21565217391304348,29.432251313001416,53.10959315139362,0.1650106579082254,33.339265067272464
36047005000,124167.0,0.45712037765538943,0.2073170731707317,27.354113877431946,49.3596580022934,0.16051254662566164,30.886279804796825
36047005100,173125.0,0.6725773195876289,0.3150515463917526,32.29977147626883,58.283945177848224,0.21865241373686983,37.98127377507726
36047005201,49125.0,0.45767659077641565,0.2183304144775248,17.205640253662217,31.047049172809476,0.16645599426023355,19.509625737261338
36047005202,106087.0,0.5046695402298851,0.2984913793103448,25.284282883567364,45.62471157202379,0.20971557221654025,29.549987525096732
36047005301,121136.0,0.4858532272325376,0.34261715296198053,27.01818498822275,48.75348464355278,0.2335284386053907,32.09399557935226
36047005302,134750.0,0.5225225225225225,0.17117117117117117,28.496002708314453,51.42016131165122,0.14100608897994715,31.72844865612698
36047005400,81641.0,0.44002429395687825,0.25113877922866684,22.1806216731802,40.0242502817721,0.1841613202319325,25.466727875466766
36047005601,112569.0,0.43710470836261417,0.3236120871398454,26.04527579145483,46.997899891843076,0.22327218572455226,30.723413971013443
36047005602,99643.0,0.4037057832678271,0.29927007299270075,24.504336842377118,44.217322905518486,0.2101358011911567,28.646740962625437
36047005800,76111.0,0.36363636363636365,0.2649071358748778,21.416242238004596,38.64495107751667,0.19159153640896054,24.717117034909354
36047005900,99896.0,0.48872180451127817,0.3349282296650718,24.535426165836604,44.27342263444259,0.22937904273102233,29.062908901233744
36047006000,74107.0,0.31789191003692513,0.2131587781134609,21.132417039508056,38.132797227715656,0.16366507467837127,23.914785532571756
36047006200,80739.0,0.4049981624402793,0.25652333700845276,22.057751490841024,39.80253481308185,0.18706714475039588,25.37721744114706
36047006300,184091.0,0.6216879293424926,0.33464180569185475,33.30702437652892,60.1015020872561,0.22922447148523234,39.4489743684932
36047006400,100547.0,0.4149401809162533,0.2057192880070032,24.61524229697614,44.41744839063293,0.15965028764472378,27.77667019582855
36047006500,196433.0,0.5604715000807363,0.28806717261424186,34.405413452980746,62.083511426328386,0.2040900563168353,40.05423802710415
36047006600,101622.0,0.3944389763779528,0.31176181102362205,24.74647959379263,44.65426206030737,0.21687707877289997,29.0640212999767
36047006700,235455.0,0.6025051124744376,0.28962167689161555,37.66808269056013,67.97089781592693,0.204928958382332,43.878007030253926
36047006800,76279.0,0.2823198773633112,0.19391926417986716,21.43986527182982,38.687578116206886,0.15328229978802982,24.083634362699478
36047006901,154531.0,0.7238979118329466,0.3648491879350348,30.51598297807905,55.06515364200857,0.2455261541025775,36.54344643760149
36047006902,229141.0,0.6693589096415952,0.3407370015143867,37.159593845244224,67.05334531851332,0.23251379814682738,44.11030354115134
36047007000,83138.0,0.31816486385676984,0.23088399850801938,22.38305401919764,40.389533230172276,0.17323064758596152,25.502328073657928
36047007100,65115.0,0.2886503767983558,0.1957067823704042,19.808887198445174,35.74452829663571,0.1542469498851578,22.26691123230563
36047007200,73125.0,0.18873994638069705,0.2809651474530831,20.99193611533246,37.87930371649377,0.200257385243732,24.373756194790744
36047007400,72860.0,0.15578358208955223,0.29328358208955224,20.953864921608005,37.81060541720327,0.20690513810657962,24.441611141875917
36047007500,156556.0,0.6078181431909921,0.3516039940514128,30.71527547806266,55.424770834716426,0.23837826736556122,36.605482168659165
36047007600,61975.0,0.10871404399323181,0.23096446700507614,19.32537029338602,34.87203689812114,0.17327407312641896,22.019204539526946
36047007700,207551.0,0.6343770384866275,0.3558382257012394,35.36567662763552,63.81627681969986,0.24066330815221781,42.21269218877385
36047007800,71616.0,0.1998046875,0.25703125,20.774213313383612,37.48642961018383,0.18734124451577022,23.9051007130429
36047008000,77552.0,0.24583215597626448,0.2786097767730997,21.618027136058302,39.00906572595996,0.19898628849783778,25.078605358185506
36047008200,43142.0,0.24320794148380356,0.26332288401253917,16.123885064119797,29.095055171568127,0.1907365807945391,18.597961699318823
36047008400,105670.0,0.2603043753963221,0.3642993024730501,25.234541033246835,45.53495393150127,0.24522940352005423,30.212799179496585
36047008500,24672.0,0.06329445682086227,0.12960293539509893,12.193313349580045,22.002459284437734,0.1185734206629998,13.35641733685868
36047008800,83438.0,0.31237484981978375,0.3988786543852623,22.42340181134358,40.462339581363,0.2638904584717338,27.18370536981708
36047009001,49500.0,0.09615384615384616,0.3330769230769231,17.271185787222322,31.165324074149776,0.22837996865752452,20.444328653714123
36047009002,61801.0,0.09608540925266904,0.2763938315539739,19.29822242767016,34.82304940858918,0.19779043394252394,22.368884693108736
36047009201,59148.0,0.2145945945945946,0.23243243243243245,18.87946088425506,34.067407070471425,0.1740662737314681,21.523170082523805
36047009202,54667.0,0.21528262386601535,0.34473133286810886,18.15023185562561,32.75153569478811,0.23466937460402237,21.576710695965183
36047009401,48304.0,0.1052896725440806,0.2256926952141058,17.0612601171304,30.78651965269899,0.17042911457040655,19.400443947026382
36047009402,82691.0,0.2172224020718679,0.28747167368080284,22.322800525292873,40.280807651785466,0.20376869001856618,25.982080112802343
36047009600,80253.0,0.2381274294405949,0.26635119148217,21.991264117683897,39.68256039112793,0.192370833866859,25.394553533991978
36047009800,57341.0,0.05814469596094097,0.27518863737239235,18.58883565235721,33.542982769337314,0.19714004017843506,21.536896815832897
36047010000,56350.0,0.09237749546279492,0.21288566243194193,18.427504106684015,33.25186495228456,0.16351768537061528,20.851549279255394
36047010100,112857.0,0.33340616124098754,0.33952370548394145,26.078572026798636,47.05798192545229,0.2318590321479077,30.942837700934703
36047010200,51250.0,0.0835343126507345,0.24753343565007674,17.573832847983322,31.71144139608164,0.182215664488859,20.14992658385843
36047010401,56121.0,0.14750343563902885,0.20293174530462665,18.39002234562669,33.18423026613085,0.15814596542141363,20.729666639859943
36047010402,29803.0,0.10424502955400322,0.18108543793659324,13.401380800845324,24.18237988085497,0.1463564112585383,14.979249135977138
36047010601,46172.0,0.07399103139013453,0.26188340807174887,16.680493679267407,30.09943831510264,0.189959754794419,19.229553111890553
36047010602,65615.0,0.19160583941605838,0.17335766423357665,19.884795229483004,35.8815020062738,0.14218604941681715,22.159303769754114
36047010801,62813.0,0.13121476166068682,0.3054843669912865,19.455586372196223,35.107007811281456,0.21348940024321256,22.796998948180285
36047010802,65227.0,0.13075435203094776,0.21392649903288202,19.825915856750225,35.775255987320236,0.16407938210383266,22.442873730338015
36047011000,83083.0,0.11494252873563218,0.26807563959955505,22.37564903205643,40.3761711584035,0.1933014476378035,25.855176017315635
36047011200,61400.0,0.13229391787588762,0.2610373572090151,19.235511620621903,34.709889684138965,0.18950317591805738,22.167955409015104
36047011400,72043.0,0.09033047735618115,0.16572827417380662,20.83605288803902,37.59801722255086,0.1380687811836064,23.150356873948148
36047011600,48469.0,0.12081339712918661,0.208433014354067,17.09037476610856,30.839056142195894,0.16111477421506037,19.305490461771676
36047011700,124675.0,0.47388535031847134,0.3560509554140127,27.41001321425628,49.46052663801552,0.24077810963461677,32.71929415290177
36047011800,63125.0,0.19326424870466322,0.26735751295336785,19.503845680154985,35.19409024966514,0.1929139042031901,22.53071201796209
36047011901,139750.0,0.5954979536152797,0.30218281036834926,29.01987014322625,52.365464001464126,0.21170768583389898,33.962311793371875
36047012000,71292.0,0.13168086754453912,0.28272656855151046,20.727167435469475,37.40153676903151,0.2012079518128872,24.082183136847107
36047012100,119801.0,0.5094798249878464,0.3169664560038892,26.868893261283507,48.48409230946689,0.21968581174821195,31.617445810282852
36047012200,50107.0,0.18856159965598795,0.2889701139539884,17.376758172913977,31.355826200286117,0.20457733664533684,20.23655867873775
36047012600,67679.0,0.24046076313894887,0.2750179985601152,20.195123948542662,36.441480644576984,0.19704795342501996,23.396435286109092
36047012700,73646.0,0.36363636363636365,0.20956155561060194,21.066584916820513,38.01400518510071,0.16172380154607863,23.80738614900585
36047012801,80433.0,0.2593167701863354,0.265527950310559,22.015912482423243,39.727037607948084,0.19192656444327577,25.415147880190208
36047012901,244837.0,0.6302061421960454,0.3264619267984855,38.41121822476452,69.31186305362536,0.22481012705463765,45.35799611481096
36047012902,162377.0,0.6720741599073001,0.38296639629200463,31.28108534281994,56.44575735045162,0.25530326680205073,37.705708314370426
36047013000,79219.0,0.2590827873734366,0.277744689299186,21.84913431299636,39.42609152568617,0.19851943634486224,25.3385019515173
36047013100,109875.0,0.5905649388468258,0.31391962725684336,25.73173087424267,46.43211772279543,0.21804156350373,30.24527558783316
36047013200,83281.0,0.21468682505399567,0.2004319654427646,22.402295530586922,40.424253946254616,0.15679693697554403,25.228083408464247
36047013300,209286.0,0.6118960802187785,0.3124430264357338,35.51318675822067,64.08245431790657,0.21724470273160285,41.719708796484255
36047013400,105057.0,0.30527311421139747,0.27406006148025536,25.161240792617978,45.40268589952853,0.19653099415600594,29.139312122633328
36047013500,214028.0,0.6218955904713634,0.3256462240243284,35.913261934199085,64.80437768014696,0.2243699257943183,42.39555943023247
36047013600,92414.0,0.4400630914826498,0.314931650893796,23.59871963618035,42.58316448316342,0.21858771106454944,27.74848598111356
36047013700,160652.0,0.580354367423065,0.30338824992228786,31.114485552818707,56.14513314838236,0.2123582120153637,36.42994912179927
36047013800,99984.0,0.3738651994497937,0.29491059147180193,24.546230613519924,44.292918928306904,0.20778316819708387,28.649260072966698
36047013900,173226.0,0.5982421321236178,0.30195633683016726,32.30919184091881,58.30094393640656,0.2115854673738236,37.80866885590714
36047014000,59417.0,0.39424083769633506,0.20785340314136125,18.922343262702526,34.14478700476489,0.1608019818666563,21.370142385279834
36047014101,155625.0,0.5770081061164333,0.2579218865143699,30.623811204651137,55.259726363700096,0.18782188443576708,35.250975214623395
36047014102,148125.0,0.5023786869647955,0.27450047573739295,29.87677649164886,53.91172517766806,0.1967686676287423,34.60610132112205
36047014200,79444.0,0.28109808407206177,0.21990277380611953,21.880140570899904,39.48204136536687,0.1673045319629986,24.82501834497733
36047014300,128828.0,0.4416551724137931,0.3522758620689655,27.86279558527201,50.27755851420592,0.2387408469196159,33.2141150704281
36047014500,142200.0,0.5548329221798609,0.37205651491365777,29.27314302548779,52.82248713537741,0.24941565223846673,35.146718046444
36047014700,159297.0,0.5053214133673903,0.2473392933163048,30.982992003256808,55.90785707850251,0.18211089385093143,35.522081461223664
36047014800,76103.0,0.278030303030303,0.2356060606060606,21.41511668164449,38.642920045649,0.17577895041478553,24.443401874921513
36047014901,162279.0,0.6098654708520179,0.2729019859064702,31.27164432271425,56.42872131975811,0.19590602836788285,36.200067362550136
36047014902,150202.0,0.5840929808568824,0.3340929808568824,30.085512515356864,54.28838291877244,0.22892829327951392,35.62623432927605
36047015000,103750.0,0.3954983922829582,0.1762057877813505,25.004237143573842,45.11937763896286,0.14372306463240336,27.895246781082513
36047015100,185357.0,0.6420089064819396,0.2991093518060366,33.42135491313813,60.30780802761797,0.21004906657265215,39.068829293284
36047015200,79783.0,0.2962671905697446,0.25579567779960705,21.92677387060511,39.56618972181816,0.18667445698352164,25.21960224613683
36047015300,149956.0,0.6102661596958175,0.3015209125475285,30.060865477012538,54.24390809539134,0.21135048678522705,35.17196330635479
36047015500,214340.0,0.6483926521239954,0.2873134328358209,35.9394287375816,64.85159487284278,0.20368329393852092,41.828353970909355
36047015700,198203.0,0.7232572744400251,0.3592212685786058,34.560074364991834,62.36259228990147,0.24248899734381096,41.30187906023651
36047015900,212109.0,0.7111601397315683,0.3789299503585218,35.75189817151543,64.51320172848874,0.25312496283714603,43.03210206552217
36047016000,88944.0,0.36479296784640297,0.26648160999306036,23.151433382827385,41.77605018242036,0.1924412153767444,26.73557727566719
36047016100,170893.0,0.5825405707890319,0.29882484611080024,32.0908849389252,57.90701583951307,0.2098955305426436,37.50957543086243
36047016200,98125.0,0.3921998247151621,0.310692375109553,24.31696621203901,43.87921836027151,0.21629994816587161,28.548280337709407
36047016300,151923.0,0.6337579617834395,0.31259186673199413,30.257380054553515,54.59851261240662,0.217325025721883,35.5473173137887
36047016400,126696.0,0.2956926658905704,0.13969732246798602,27.63128028930887,49.85979627623891,0.12402094646825192,30.3880818805926
36047016500,250001.0,0.6549525988885256,0.3576332134684537,38.81418123587089,70.03899742562177,0.2416319892728651,46.35909568647996
36047016600,126250.0,0.3289070480081716,0.20684371807967314,27.58260307930708,49.771959746459146,0.16025709633878737,31.138604948410585
36047016700,193594.0,0.6382189239332097,0.28798185941043086,34.15588188748041,61.63323938355404,0.20404401628726904,39.762472267940375
36047016800,116991.0,0.30253807106598984,0.29441624365482233,26.551910962213615,47.912107490474845,0.20751638899886993,30.984501814064586
36047016900,154155.0,0.5789250952179433,0.3076597545493017,30.478835099484137,54.99812143649931,0.21466336749581993,35.742227673182065
36047017000,94926.0,0.23297991071428573,0.23604910714285715,23.917299774816446,43.15803255455705,0.17601804442066227,27.304015931926923
36047017100,168973.0,0.5487485101311085,0.23766388557806914,31.91010357452316,57.58080142218425,0.17688947397176485,36.45097981328405
36047017200,131513.0,0.296113074204947,0.24946996466431096,28.151652879505033,50.79879262614595,0.18326072960291584,32.301984232893645
36047017400,107143.0,0.2885181550539745,0.310107948969578,25.409812341905536,45.851225622544625,0.21598455739912276,29.824841941936917
36047017600,97955.0,0.2229669347631814,0.3136729222520107,24.29589270232756,43.841191859507276,0.21790842695265394,28.55497809598763
36047017800,75655.0,0.3085908063300678,0.22720422004521476,21.351990830261908,38.52901138645026,0.17124482239528893,24.29346666468661
36047017900,106106.0,0.3637042569081404,0.21782424695046054,25.286546968077943,45.628797042956286,0.16618283645029885,28.66707978530253
36047018000,58667.0,0.2692434753881731,0.23059134456557648,18.80253894118893,33.92860378773198,0.17307271428184362,21.420448040583317
36047018100,163382.0,0.6804481194985329,0.3966391037610029,31.377740031319203,56.62016776601175,0.26268186504949526,38.008468027045346
36047018200,73229.0,0.16502890173410403,0.24653179190751445,21.006858410527983,37.90623053966781,0.18167511853040919,24.077053845178956
36047018300,191944.0,0.7269885376866968,0.3601945119833275,34.01001527337138,61.37002756032936,0.24301421680723467,40.65888723112279
36047018400,76118.0,0.3243868579361407,0.22952336881073576,21.41722705129636,38.646728142842036,0.17249637166273551,24.38925347514713
36047018501,46029.0,0.16035994462390402,0.20466082141209044,16.65464294335501,30.052791456445075,0.15907907672838476,18.786008038687157
36047018600,83250.0,0.25372417107160017,0.24363286881307064,22.398125697132215,40.41672960990897,0.18011068888744053,25.64346886065237
36047018700,122115.0,0.5379834254143646,0.24861878453038674,27.127143412155466,48.950096771654835,0.18280138266971524,31.116409460208658
36047018800,50265.0,0.19443478260869565,0.23478260869565218,17.404133258846876,31.405223701718107,0.17533456726413515,19.859008392873722
36047019000,60645.0,0.16833618372831663,0.28634253603713655,19.116881876961138,34.495825956751105,0.20315934084192577,22.241258019056104
36047019100,160471.0,0.5207079646017699,0.3263716814159292,31.096952907608497,56.113496028813096,0.22476142533092425,36.71970679638297
36047019200,69327.0,0.14345718901453958,0.22294022617124395,20.439523175369054,36.882491539911754,0.16894372015954423,23.217459421340592
36047019300,75986.0,0.37412119183126885,0.16002678272514229,21.39864865540476,38.61320399830021,0.13499192059060955,23.722474543255554
36047019400,56140.0,0.1592999110056363,0.34559477899733015,18.393135091799962,33.189847120957474,0.2351353409907297,21.872365020317545
36047019500,116479.0,0.4859862506610259,0.2554204124801692,26.49374629615277,47.80715113775053,0.18647194171471992,30.46809828151742
36047019600,82044.0,0.1288384512683578,0.27770360480640854,22.23529877574425,40.12291343332622,0.19849726473275892,25.785941357867877
36047019700,131875.0,0.5796099728462109,0.28733646013330044,28.190371086689,50.86865844134384,0.2036957208245061,32.8098411764607
36047019800,76973.0,0.2488962472406181,0.2980132450331126,21.537176301263923,38.863172878817025,0.20945754279932144,25.166236970947647
36047019900,131250.0,0.6024217961654894,0.29919273461150353,28.12348992227049,50.747973435158485,0.21009406484557513,32.87675962852482
36047020000,97875.0,0.232766761095373,0.21340887629839472,24.28596942925224,43.8232856181479,0.16380004238928192,27.486182649166153
36047020100,153250.0,0.5881925961771111,0.35930316961045244,30.389237134696682,54.83644466205044,0.24253319596441464,36.318496508711085
36047020200,77434.0,0.35088723526044646,0.25186033199771035,21.601574315447596,38.97937711670153,0.18455071260423145,24.80866020591482
36047020300,171250.0,0.623991935483871,0.3644153225806452,32.12438680547297,57.96746892831157,0.24529201480348228,38.46348848811591
36047020400,102368.0,0.42360319270239455,0.26567844925883694,24.837144595311084,44.81786426975129,0.19200778253987616,28.673598273551224
36047020500,162596.0,0.6589497459062676,0.2941840767927724,31.302172841009558,56.4838090929949,0.20739109808590916,36.524620034908736
36047020600,70806.0,0.2644694533762058,0.20056270096463022,20.656397714994213,37.27383498292252,0.1568674895632231,23.26313338218847
36047020700,184638.0,0.7049775688955351,0.24076052125614186,33.356471195384934,60.190727352566114,0.178560600969765,38.14801210138782
36047020800,67114.0,0.27055414704817093,0.38355668236146323,20.110650487071506,36.28905087890557,0.25562181993188793,24.2462026388189
36047021000,72341.0,0.17337778917671198,0.24236983842010773,20.8791017345741,37.67569754339349,0.17942908329724444,23.8928995230649
36047021100,95236.0,0.3697784235379586,0.29822012350163457,23.95632132591806,43.22844574453371,0.20956918660569496,27.995164764491093
36047021200,61989.0,0.21809744779582366,0.2624709976798144,19.327552946926925,34.87597542937093,0.19027685275487194,22.286057842189464
36047021300,70109.0,0.3119369369369369,0.2222972972972973,20.554477565407538,37.089923204618074,0.16859675787184147,23.342300090144512
36047021400,69088.0,0.07051792828685259,0.21195219123505976,20.404260842326206,36.81886174341545,0.16301392933305126,23.080069433646607
36047021500,112650.0,0.6073234524847428,0.2816041848299913,26.05464465840856,47.01480572439087,0.20060224745043082,30.25930007516763
36047021600,41250.0,0.10817438692098093,0.1673024523160763,15.766363417540473,28.449918345617725,0.13891830042535522,17.528341311500604
36047021700,103269.0,0.4982314300151592,0.2657908034360788,24.946208178536615,45.01466615456607,0.19206841547136905,28.800725102946352
36047021800,68062.0,0.09263578807064311,0.14761746084638455,20.252186113201553,36.544447567397214,0.12829511961873263,22.342403745327253
36047021900,130970.0,0.5031505250875146,0.2744457409568261,28.093475516790598,50.693813362700354,0.1967391295173711,32.53984631139338
36047022000,51198.0,0.12470588235294118,0.19185520361990951,17.564915079896405,31.69534955757843,0.15216841114052856,19.715120843090624
36047022100,78156.0,0.4490016189962223,0.2512142471667566,21.702047943520654,39.160678691380845,0.18420204717624766,24.917963468170687
36047022200,50731.0,0.0648711943793911,0.18711943793911007,17.4846228171659,31.55046463656193,0.14961271305133259,19.58905157311663
36047022400,53084.0,0.08416119962511714,0.16738519212746017,17.885511988188266,32.2738568278481,0.13896295170079975,19.884958857196366
36047022600,84194.0,0.049766718506998445,0.18973561430793157,22.5247577021578,40.64523317205011,0.1510245559078964,25.261394462838215
36047022700,121250.0,0.4309604519774011,0.2440677966101695,27.03089528397369,48.77641998169554,0.18034540154319767,30.95260066735186
36047022800,65208.0,0.17051316861254412,0.1927776269345642,19.823028096796556,35.7700451132139,0.15266620509014284,22.257598667200924
36047022900,129886.0,0.614014598540146,0.34043795620437955,27.976973253344646,50.48358860799062,0.23235241568433201,33.20643969987472
36047023000,51250.0,0.07693881727030898,0.12584407612031923,17.573832847983322,31.71144139608164,0.11654491880847194,19.221499288367397
36047023100,162933.0,0.580936266215454,0.3090806542583192,31.334594831617604,56.542313578840705,0.21543016866716969,36.765097933046455
36047023200,67750.0,0.07776774969915765,0.16817087845968712,20.205714219854766,36.460590463760276,0.13938695432114073,22.47143191235982
36047023300,75990.0,0.3950617283950617,0.20664315108759554,21.39921187407793,38.61422030909035,0.16014885857683753,24.1561758253358
36047023400,37450.0,0.06117308384310903,0.1486146095717884,15.022612585802008,27.107842822424853,0.12883323980117556,16.579591950929256
36047023500,84175.0,0.23467192542129794,0.1710290426676228,22.522215985740896,40.640646722873235,0.14092938806832658,25.075635342283316
36047023600,32500.0,0.08877865206979131,0.11529250769757099,13.994624076888305,25.25286914432918,0.11085067101969912,15.242608097118344
36047023800,50566.0,0.09307692307692307,0.13807692307692307,17.456165735833927,31.499114707677982,0.12314648351830823,19.185505519943565
36047024000,47750.0,0.10603461718384531,0.13316700452206456,16.963139922332864,30.60946477605316,0.1204968022809879,18.607478430093728
36047024100,135968.0,0.4746218487394958,0.32201680672268906,28.62450011987723,51.65203094257176,0.22241127845238967,33.74608268975453
36047024200,60091.0,0.08691341705221414,0.1807666886979511,19.029363939394923,34.33790252751151,0.14618439539562658,21.267233397289367
36047024300,114142.0,0.45906976744186045,0.31953488372093025,26.226618291360566,47.32512686094672,0.22107188661996785,30.890905385706535
36047024400,67500.0,0.15877738707059777,0.1817690018934271,20.168399849655117,36.39325782926594,0.1467253026302982,22.548997046847127
36047024500,91758.0,0.46923597025016905,0.30268199233716475,23.5148128118138,42.43175719673663,0.21197707382516623,27.524771328243148
36047024600,80398.0,0.20378331900257954,0.23846374319289196,22.011121906533464,39.71839316095145,0.1773211242508569,25.150995152781743
36047024700,61250.0,0.4889955982392957,0.32372949179671867,19.212001106697777,34.66746568415297,0.22333554419231816,22.66375569884883
36047024800,75150.0,0.15589660743134087,0.2386914378029079,21.280608836334224,38.40020477170924,0.17744400167321273,24.318378446135632
36047024900,88771.0,0.45190380761523047,0.29158316633266534,23.1289071447268,41.73540227791484,0.20598749361282143,26.96161244213136
36047025000,48125.0,0.14472900536033353,0.22096486003573557,17.0296188443239,30.72942394813754,0.16787769624741328,19.329510564190688
36047025100,52011.0,0.2801735828586927,0.16842961757526445,17.70382705545853,31.946011949235224,0.13952658518716143,19.690990479291365
36047025200,54172.0,0.2550030946977512,0.20239323292758407,18.067871424935454,32.60291882823549,0.1578553524253788,20.36230645530297
36047025300,77328.0,0.39437037037037037,0.29155555555555557,21.586783971192265,38.9526883949447,0.20597259321126932,25.163684338811606
36047025400,85819.0,0.2212566844919786,0.3302139037433155,22.741090226582987,41.03559856528662,0.22683491479856815,26.89092346687452
36047025500,26833.0,0.07395367736692401,0.1621292157659488,12.716106945895849,22.945824265499212,0.136126517288845,14.108642737462832
36047025600,68269.0,0.18721901091843288,0.22800256904303148,20.282959671722967,36.59997750819284,0.1716756585357897,23.084194454139162
36047025700,95263.0,0.22598353156450138,0.33638304361085697,23.959716968521032,43.234573077275385,0.2301641460220178,28.396097764489745
36047025800,65234.0,0.2179830432842481,0.21664435519857206,19.826979662289173,35.77717559172851,0.1655460973675386,22.467472350655456
36047025901,71964.0,0.2510402219140083,0.3042071197411003,20.824625687086805,37.577397189547696,0.21280012239951218,24.389617513341545
36047025902,21953.0,0.09415674328440875,0.09194129050124619,11.501818104485476,20.75467736172519,0.09824897887707319,12.410902078202552
36047026000,66120.0,0.15474642392717816,0.2539011703511053,19.961169336714534,36.01931673608265,0.18565206918132654,22.94239762862596
36047026100,86822.0,0.36178787323685657,0.2187213775416743,22.87359616817488,41.27470146547758,0.16666698095664978,25.940452834341738
36047026200,114625.0,0.19497334348819498,0.2319116527037319,26.282049614195437,47.425150979805174,0.1737852303168988,29.956408354631463
36047026300,82778.0,0.31277533039647576,0.2854625550660793,22.334540455230847,40.301991994634434,0.20268445128069218,25.97626351140729
36047026400,70151.0,0.17011834319526628,0.2969146238377008,20.56063339992648,37.10103121886175,0.20886466209552146,24.015338001303896
36047026500,84179.0,0.40956041316358394,0.27552245976459283,22.522751107770663,40.641612334133654,0.1973201904027877,26.097968254838293
36047026600,52192.0,0.20657276995305165,0.23210093896713616,17.734605253236655,32.001550261427035,0.17388738033324244,20.21544694606931
36047026700,106063.0,0.4544303797468354,0.3220253164556962,25.28142269752487,45.619550454192925,0.22241587080552788,29.804945093078274
36047026800,87836.0,0.1780373831775701,0.25537383177570094,23.00677956950975,41.51502682095894,0.18644680402307157,26.45758311761125
36047026900,83426.0,0.4199743918053777,0.2573623559539053,22.421789293682625,40.459429842790435,0.1875199287900256,25.8042063649914
36047027000,57792.0,0.2467948717948718,0.19831730769230768,18.66179518157009,33.674635998028705,0.15565574310396849,20.998630074957543
36047027100,98088.0,0.2874331550802139,0.2748663101604278,24.312381179779447,43.87094481044001,0.19696609343038257,28.16475505122022
36047027200,68250.0,0.14350112697220135,0.33433508640120213,20.280136991948204,36.59488406926967,0.22905894769079743,24.017175789320973
36047027300,111989.0,0.39228690739376076,0.281012036354704,25.97809135965841,46.87666764899255,0.20028268925671622,30.163714420522897
36047027400,53949.0,0.15606204495093384,0.20481164925609371,18.030644717539218,32.535744378576354,0.1591604723164899,20.339283230587647
36047027500,104537.0,0.3562134640769376,0.23477277013011502,25.098893325707575,45.290181811193,0.175329257794698,28.639016949786367
36047027600,61811.0,0.17778950145080455,0.17093115273015036,19.29978368410865,34.82586664786086,0.14087656089253026,21.487044856174165
36047027700,75724.0,0.25617140195621796,0.1481136469492315,21.36172549154018,38.5465772836172,0.12856289086427225,23.571059717003674
36047027800,67913.0,0.19539857420609202,0.32274789371354506,20.230006122564223,36.50442445580025,0.2228058160523267,23.85604118007782
36047027900,83438.0,0.3417447728911319,0.25594808940158614,22.42340181134358,40.462339581363,0.18675670726071092,25.792294431753277
36047028000,91250.0,0.23606168446026096,0.3487544483985765,23.449629915810057,42.31413666372429,0.23684048469832397,27.91750883758087
36047028100,57019.0,0.21005104043973302,0.21790341578327443,18.536569107995117,33.44866939599119,0.16622556061538302,21.015341338320077
36047028200,54219.0,0.22972972972972974,0.22263513513513514,18.07570763041124,32.61705902023928,0.1687790750671624,20.529983468213015
36047028300,49986.0,0.21888726207906295,0.20839433870180576,17.355764513115474,31.317943786236302,0.16109390255517586,19.604986460397498
36047028400,61587.0,0.2848616386326641,0.2650569723277265,19.264781213835697,34.762705765748215,0.19167239698400756,22.235305560978073
36047028501,56667.0,0.3629976580796253,0.41217798594847777,18.479263879385087,33.34526387173957,0.2710675610892679,22.50895424046569
36047028502,28466.0,0.06388132001211021,0.1901301846805934,13.097330266912246,23.633730034707575,0.15123748932044964,14.690828914270181
36047028600,43329.0,0.25778379423709147,0.1931928060336492,16.158791955799856,29.15804358504667,0.15289026018528987,18.146250919609457
36047028700,79350.0,0.27497763197136893,0.2567849686847599,21.86719219237175,39.45867641416802,0.18720833661255287,25.1604646920802
36047028800,70000.0,0.27270334298499604,0.2521716241116083,20.53849310159568,37.06107973081232,0.1847187041634204,23.590523893172435
36047028900,66691.0,0.24524759446139405,0.2586247359774701,20.04717452421107,36.174510454302656,0.18820118340258896,23.0823582313854
36047029000,60701.0,0.31717661314753104,0.16479854589518328,19.125706168839695,34.5117491203085,0.1375670450451858,21.242318632611568
36047029100,82356.0,0.3945961995249406,0.288895486935867,22.277537271339636,40.19913150079722,0.20453706351096523,25.94316752846795
36047029200,48750.0,0.27211394302848574,0.222263868065967,17.139844065222203,30.928321972440067,0.16857871748969577,19.464287986955995
36047029300,51364.0,0.23020706455542023,0.20188794153471376,17.59336752200054,31.746691115118296,0.15758266742905783,19.823686006790652
36047029400,61188.0,0.188987400839944,0.1885207652823145,19.202275019729207,34.649915259064436,0.1503689518213135,21.52512049063079
36047029500,98603.0,0.42408376963350786,0.2787334829219646,24.376122332868512,43.98596376266217,0.19905304762182852,28.279521032849736
36047029600,76714.0,0.2289490861618799,0.18929503916449086,21.50091144918867,38.79773406753039,0.150786795611435,24.109043906067807
36047029700,71382.0,0.3308123932666504,0.2568919248597219,20.740246439422567,37.42513742979603,0.18726605646408317,23.864760177722914
36047029800,60057.0,0.20390292719539654,0.2094070552914686,19.02397968951442,34.32818681403999,0.16164042407409135,21.49775821924046
36047029900,45395.0,0.22351993556182037,0.171163914619412,16.539545330100953,29.84510134984697,0.14100217291722045,18.415657640756947
36047030000,75179.0,0.1468498342018001,0.2318806252960682,21.28471447924955,38.40761327819891,0.17376848610026657,24.260134681191055
36047030100,95441.0,0.265556253928347,0.251414204902577,23.98209102381425,43.27494637258102,0.184309956147637,27.537956347108157
36047030200,72300.0,0.21800461656835085,0.25596306745319314,20.873184174004695,37.66501948717048,0.18676479029953758,24.009307775012473
36047030300,45197.0,0.09846903270702853,0.20789839944328461,16.50343552998821,29.779942325062525,0.16082626452137308,18.63864652373264
36047030400,65000.0,0.29077471967380225,0.22986748216106015,19.791387169848498,35.71295003274338,0.17268207549421022,22.540755690124726
36047030500,124792.0,0.5187299818966717,0.3336582648656176,27.42287152390676,49.48372906269209,0.22869369492665986,32.46805054770224
36047030600,70417.0,0.17306707629288273,0.23860727086533537,20.599577633095603,37.171304891004915,0.1773985802364217,23.53937852071392
36047030700,51134.0,0.2612996499771724,0.15751027240907015,17.55393314606219,31.675532995408307,0.13363386340625538,19.441057091407504
36047030800,77500.0,0.2866507747318236,0.2270560190703218,21.61077828423742,38.995985395579254,0.17116484442047347,24.586514554667957
36047030900,76278.0,0.22721700040866366,0.20310584389047814,21.43972473553844,38.68732452278724,0.1582399192724237,24.168983533515764
36047031100,90250.0,0.31808793154322806,0.23546768958394806,23.32078482026203,42.08163964773539,0.17570427726145638,26.617147258530345
36047031300,102782.0,0.4509894155545329,0.34836631385181777,24.887317513351324,44.908399758728926,0.23663102443648631,29.62492671540217
36047031401,87411.0,0.2869582827055488,0.2669096800324018,22.9510522040696,41.414468502315536,0.19267222718250632,26.50843974365043
36047031500,96461.0,0.5716510903426791,0.27453271028037385,24.109901517864223,43.50557648195611,0.19678606328668974,27.926700038836074
36047031701,94335.0,0.3944578313253012,0.2166265060240964,23.84273014216577,43.0234739436846,0.1655364649017082,27.017842665254552
36047031702,112113.0,0.48530954879328436,0.2660020986358867,25.992469522375895,46.902612601829134,0.1921824428060817,30.011031898809904
36047031900,98201.0,0.35458879618593564,0.25,24.326381405537163,43.896207787645274,0.18354676788815427,27.918359786105437
36047032100,67292.0,0.3330739299610895,0.34571984435797665,20.137301598675695,36.337141990906424,0.23520283362545286,23.94754996320843
36047032300,84015.0,0.38716119828815976,0.2833095577746077,22.50080066885364,40.602003441562715,0.20152256713465705,26.148601519834944
36047032500,92274.0,0.3612349347861978,0.22370810632326235,23.58083775164223,42.550897171957764,0.1693581135162936,26.79357122835886
36047032600,48238.0,0.10490827962320277,0.14387704511650967,17.049600336656635,30.765479937095492,0.1262765709873261,18.78159458067507
36047032700,71980.0,0.44131803035912626,0.344687152906331,20.826940563226355,37.58157431241404,0.23464553249452902,24.758340521055306
36047032800,47587.0,0.12795347146492184,0.14467466375863322,16.934162377870894,30.55717568744301,0.12670701298487821,18.660293702180017
36047032900,102868.0,0.30943907812235216,0.1528554482291137,24.897727224108944,44.9271837619396,0.13112184611821892,27.52402654209393
36047033000,19619.0,0.14032220406257295,0.11347186551482606,10.873215362539106,19.620383028492355,0.1098681452654339,11.834250450323164
36047033100,50293.0,0.17262047470630545,0.2414289139295133,17.408980049711523,31.413969586909623,0.17892130502340808,19.914771054546183
36047033300,62253.0,0.19481062983887842,0.21092278719397364,19.36866550629942,34.95016177952353,0.16245840228248776,21.900010496017945
36047033500,92935.0,0.2015900056785917,0.23083475298126066,23.665147087107957,42.70303077729537,0.17320407179925212,26.962586060688988
36047033600,82798.0,0.2629911280101394,0.24693705111956063,22.337238417437664,40.30686038453835,0.1818938202702471,25.605801605845762
36047033701,90083.0,0.2323049001814882,0.1898366606170599,23.2991982586139,42.042687360515586,0.1510790864477427,26.130947468972426
36047033702,84941.0,0.25013535462912834,0.1889550622631294,22.62446098897978,40.82514468961156,0.15060332405144986,25.365544454303972
36047033900,57475.0,0.31138573743922204,0.18253646677471638,18.6105430731288,33.582153143131855,0.14713947188250345,20.81345787205982
36047034000,31413.0,0.12371638141809291,0.043031784841075796,13.758600599029117,24.826972030650307,0.07185452894345291,14.55391321441943
36047034100,49638.0,0.27831957989497375,0.22918229557389347,17.295244017284286,31.208736411077233,0.17231230845555282,19.692710010337525
36047034200,20120.0,0.15408320493066255,0.07781201848998459,11.011171951089352,19.869321453641682,0.09062399151181658,11.813932816419056
36047034300,50417.0,0.2831365560258409,0.15036756515927824,17.430428209086966,31.45267213148095,0.12977923788202592,19.250224338731126
36047034500,57937.0,0.2952416635443986,0.2529037092544024,18.685191716688877,33.71685432676261,0.18511378042493254,21.467759608511734
36047034700,52644.0,0.21634463097877732,0.2511878365536902,17.81123348101446,32.13982354395347,0.18418779445390077,20.450384882341275
36047034800,53485.0,0.17110799438990182,0.24158485273492286,17.952939052990114,32.395526894501714,0.17900545878731416,20.538241115635984
36047034901,65868.0,0.21205643437366395,0.20478837109876016,19.923094497918967,35.95061185937333,0.15914791005175227,22.473840389312603
36047034902,46571.0,0.18519577022006287,0.1660474421263218,16.75241172690429,30.22921222229098,0.1382410230091855,18.615458414277242
36047035000,54150.0,0.3977936404931862,0.22647631408176508,18.064202245872313,32.59629790735619,0.170852001465097,20.547039875119086
36047035101,52987.0,0.13850415512465375,0.1296398891966759,17.869163484610677,32.244356455470665,0.11859336311084129,19.57396596439229
36047035102,49688.0,0.17891177374731018,0.1865969873962496,17.303952512220505,31.224450622610185,0.1493307679670347,19.382711185528652
36047035200,12170.0,0.3004891684136967,0.039832285115303984,8.563767057803016,15.45305452329818,0.07012789044681222,9.046898254439856
36047035301,49222.0,0.17854763491005995,0.21652231845436376,17.222618615597458,31.077686105240108,0.16548023915262539,19.515358497259292
36047035302,84052.0,0.17372216995923487,0.24709940420194418,22.505754772191878,40.610942968815515,0.18198143555579743,25.800562911221327
36047035400,50559.0,0.4528512858740216,0.1468505404398062,17.454957439851125,31.496934374703425,0.1278812441971499,19.25066292126772
36047035500,75965.0,0.14922937443336357,0.24460562103354488,21.395691514129442,38.60786792773078,0.18063564327891446,24.504824072830477
36047035601,31525.0,0.5367424242424242,0.12613636363636363,13.783106252286501,24.871191728986258,0.11670265436732341,15.077115259269132
36047035602,58372.0,0.40990923969647375,0.20919506025889004,18.755206204173195,33.84319331814493,0.16152601906839675,21.19230869844832
36047035701,49288.0,0.09936018065487391,0.14151298456906286,17.2341613408656,31.098514598321728,0.12500078467713144,18.96721637708856
36047035900,66582.0,0.1083270817704426,0.18154538634658665,20.0307852392668,36.14493649320211,0.1466046265106811,22.39319436538661
36047036001,32071.0,0.49057873485868103,0.1806864064602961,13.901952726617823,25.085646540209815,0.1461410703717127,15.536349711245657
36047036002,25085.0,0.35689700820757214,0.13238019592268996,12.294945533204459,22.185851437011397,0.1200721940191946,13.482568305911963
36047036100,26250.0,0.10716747070985527,0.09131633356305996,12.57720704614542,22.69518366427358,0.09791171530442053,13.567875492236368
36047036200,52340.0,0.28058629973078075,0.2677236015554891,17.759732317643238,32.04689127708808,0.19311146717483607,20.518746546061735
36047036300,45565.0,0.20065186392340598,0.22957832552454674,16.570485909619475,29.900932674899945,0.17252602954235668,18.870334962059065
36047036400,59938.0,0.3598781549173194,0.2484769364664926,19.005122802522322,34.29416014086431,0.1827248330998495,21.798809598428228
36047036501,63864.0,0.2394000576867609,0.17911739255840783,19.61767857591227,35.39949821240035,0.14529433805823788,21.910687613350305
36047036502,62740.0,0.03326713008937438,0.18669314796425024,19.444277640772274,35.086601552901925,0.1493826618732074,21.780969624649124
36047036600,48278.0,0.18791485465781643,0.2767223620965896,17.056667821762304,30.778232996811308,0.1979677283731605,19.773094909191023
36047036700,68438.0,0.14833501513622604,0.28355196770938446,20.30804940068391,36.6452511531894,0.20165338581295927,23.602501448786054
36047036900,39513.0,0.17890772128060264,0.26760828625235406,15.430839664226719,27.844476042152124,0.19304923624540637,17.82728268601341
36047037000,82500.0,0.28720817120622566,0.2821011673151751,22.29700497438876,40.234260372779715,0.2008704484707849,25.90006951059856
36047037100,91285.0,0.22887994918484014,0.280753758204531,23.454126673954327,42.32225092562708,0.20014330715477768,27.23045546149138
36047037300,81220.0,0.26759224039558765,0.19722327881323698,22.123358096746752,39.9209199175933,0.15506534068454508,24.883143083850577
36047037401,58560.0,0.2653895824365045,0.2264313387860525,18.78538457976011,33.89764926962299,0.17082773014656877,21.366978454103524
36047037402,62857.0,0.3719948614424665,0.22536245182602313,19.462399419969493,35.119301746648866,0.1702508957874726,22.128001066343618
36047037500,92955.0,0.3950041174855888,0.2852045017842438,23.667693369349795,42.70762546536304,0.20254519053095288,27.524140043433203
36047037700,66302.0,0.307991007561823,0.25464949928469244,19.988622726593537,36.0688555345794,0.1860559115490798,22.980445099604765
36047037900,59333.0,0.16301199834505586,0.1894911046752172,18.90896292536644,34.120642597169606,0.15089260410891875,21.20429288391552
36047038100,68790.0,0.22670697012802277,0.2594238975817923,20.360208035090174,36.7393698063359,0.1886324580734211,23.449849581182466
36047038200,24170.0,0.09028701767724767,0.07622125071279225,12.0686274648856,21.777467436637142,0.0897655195259647,12.940146528944329
36047038300,85254.0,0.32386363636363635,0.23295454545454544,22.66610721782054,40.90029402992198,0.1743480366696913,25.845201888778803
36047038500,96602.0,0.48318356867779205,0.26238767650834405,24.1275161742239,43.53736158812469,0.1902318877432837,27.819887708115566
36047038600,74886.0,0.2627337201805287,0.22437137330754353,21.24319683725632,38.33269596890386,0.16971605144620994,24.143559151072974
36047038700,79550.0,0.2602484472049689,0.2492753623188406,21.894732747608998,39.508372499875456,0.1831557107155819,25.120771454723588
36047038800,94612.0,0.23724744948989798,0.254250850170034,23.877709710355614,43.08659349969197,0.18584077700711482,27.447503599205255
36047038900,95330.0,0.3669141039236479,0.3425238600212089,23.96814111471419,43.249774190238455,0.23347809223976868,28.46998002045482
36047039000,79682.0,0.17327844311377247,0.22679640718562874,21.912890552789847,39.54113770140291,0.17102474255683342,24.92775698310963
36047039100,101785.0,0.49685294678619113,0.3816517261110052,24.766318112923848,44.69006005851622,0.2545937933407421,29.83877915239427
36047039200,56375.0,0.23481546062191225,0.24033711130485325,18.431591387228163,33.259240324439645,0.1783321040219869,21.075837219900464
36047039300,115435.0,0.4048603929679421,0.35832471561530505,26.374747470885428,47.592421413944095,0.2420051645595031,31.509534145045222
36047039400,40833.0,0.12138728323699421,0.197495183044316,15.686469189601569,28.305751666152553,0.15521207622229147,17.645134223222627
36047039500,82875.0,0.341222366710013,0.26527958387516254,22.34762253095899,40.325598198322645,0.19179253128641233,25.795663991608194
36047039600,86500.0,0.22093608454957223,0.23603422244589833,22.83114068656835,41.198091853416635,0.17601001176150216,26.063907977468254
36047039700,85486.0,0.2762364294330519,0.27593486127864897,22.696926676416126,40.95590679599111,0.19754274654945858,26.30385575842893
36047039800,87245.0,0.159369527145359,0.23257443082311735,22.929248968810924,41.37512523422306,0.17414290442652416,26.14146743636208
36047039900,50592.0,0.21853986551392893,0.2687319884726225,17.460652960280303,31.507211766315855,0.19365565214744496,20.180848466290556
36047040000,51307.0,0.17791970802919707,0.2258211678832117,17.583602897771563,31.729071150727457,0.17049844598945862,19.995383252693767
36047040100,76250.0,0.25197072072072074,0.2713963963963964,21.43578934530066,38.680223232022975,0.19509352359181048,24.800066714607336
36047040200,70486.0,0.20350194552529183,0.24863813229571985,20.609667688302533,37.18951208559619,0.18281182386343658,23.64065928194377
36047040300,90773.0,0.29050416054821343,0.24987763093489965,23.388259343044002,42.203395350855935,0.18348073033331458,26.84047423907798
36047040400,100833.0,0.2722753346080306,0.23709369024856597,24.650225738636017,44.480574936197954,0.17658176298851497,28.15190376061939
36047040500,70091.0,0.21596578759800428,0.33499643620812547,20.55183878617295,37.08516160856907,0.22941585099889333,24.34484511131238
36047040600,77763.0,0.21355759429153925,0.2321610601427115,21.647415838629826,39.06209673674544,0.1739198252606089,24.676174097399358
36047040800,92739.0,0.1686358754027927,0.27201933404940926,23.640179007308262,42.65797664447245,0.19542969743925143,27.35682144550017
36047040900,66864.0,0.2392431311560394,0.276049766718507,20.073159401904746,36.221399367682864,0.19760475629252378,23.26412842489552
36047041000,75288.0,0.23272727272727273,0.20424242424242425,21.300138956488617,38.435446273440355,0.1588532849728137,24.022138812805093
36047041100,80169.0,0.23058980339886703,0.3488837054315228,21.979752088116694,39.661787287495486,0.2369102394063019,26.168807280392183
36047041200,98056.0,0.16055625790139064,0.22376738305941846,24.308415049054886,43.863788049411895,0.16939010273441352,27.620901690595137
36047041300,107131.0,0.2845303867403315,0.3243093922651934,25.40838935446694,45.84865788543476,0.22364849264017178,29.979824600578233
36047041401,58750.0,0.23857868020304568,0.18189509306260576,18.815834824291798,33.952595800258386,0.14679334885172357,21.037810658722016
36047041402,56579.0,0.19990525817148272,0.20180009474182853,18.464909783994703,33.31936234765524,0.15753526012560337,20.805009832634404
36047041500,94470.0,0.2878116989046842,0.29410393847587973,23.859784352276346,43.05424774181709,0.2073478507301153,27.839715082015505
36047041600,67679.0,0.25653206650831356,0.2180522565320665,20.195123948542662,36.441480644576984,0.16630588384987594,22.896988658217
36047041700,33981.0,0.12123893805309735,0.17728613569321533,14.309934110753357,25.821836412141533,0.1443060839961388,15.971171651212824
36047041800,60833.0,0.17992831541218637,0.16702508960573476,19.146490193926336,34.549253254962046,0.13876861917070443,21.28391035531979
36047041900,65046.0,0.1732513901082821,0.2350014632718759,19.798389037504954,35.72558468778827,0.1754526740835951,22.592858104999763
36047042000,85332.0,0.1910828025477707,0.2009264620729589,22.67647360629656,40.91899985940665,0.1570637964821335,25.54171403703502
36047042100,92635.0,0.38664710198092445,0.34531670335045245,23.6269199238455,42.6340510357659,0.23498527499353333,28.093315855018258
36047042200,68684.0,0.20502901353965183,0.26531270148291425,20.344515244784493,36.71105264841,0.191810403498121,23.483787388040994
36047042300,113750.0,0.3447240821981067,0.2964673285615331,26.181544276206793,47.24379218555751,0.2086232752196372,30.575619418543496
36047042400,70585.0,0.21804290332059947,0.2618277990008816,20.6241361016469,37.21561989291592,0.18992974486450764,23.77535238504624
36047042500,90392.0,0.3161688980432544,0.368692070030896,23.339124154685916,42.114732413204194,0.24759999962014972,27.987964752363123
36047042600,62219.0,0.2562358276643991,0.26848072562358277,19.363375604063112,34.940616313477015,0.19352005591518623,22.377884097153206
36047042700,84779.0,0.3774614472123369,0.4398576512455516,22.602875936390895,40.78619512544279,0.28600513876464273,27.80339866425747
36047042800,85625.0,0.3130841121495327,0.2284527518172378,22.715371751609595,40.98919036742961,0.1719186036756839,25.85698113186409
36047042900,66250.0,0.24635396137169885,0.293653921955065,19.98078274996268,36.05470853764215,0.2071049953103432,23.30977307483884
36047043000,57487.0,0.26035986913849507,0.29116684841875684,18.61248578614496,33.585658709077215,0.2057628239461215,21.6934081302011
36047043100,89548.0,0.47775292070594083,0.38926174496644295,23.229908638800325,41.91765637057265,0.25870060773116704,28.064440334136563
36047043200,88088.0,0.21766715470961445,0.3321132259638848,23.039758963061978,41.57453712329061,0.22785990093535213,27.263091678510403
36047043300,44975.0,0.19165976249654793,0.15465341066003865,16.462854598554845,29.706715281191144,0.13209213254260666,18.212264399221457
36047043400,68333.0,0.24969219404087664,0.16769268653041122,20.292464756955763,36.61712914243973,0.13912889379148355,22.563697254425374
36047043500,86367.0,0.23737678535505935,0.27539730436531884,22.81358167018052,41.16640714786764,0.19725264917791802,26.43372511555429
36047043600,79464.0,0.25549989109126553,0.2718362012633413,21.88289455655832,39.48701084786781,0.19533086820170686,25.321521875663613
36047043700,62054.0,0.2591813312930375,0.34410864575363426,19.337683468357074,34.894255644018635,0.2343333359619329,22.983106922412432
36047043800,74808.0,0.21863197650020982,0.25094418799832147,21.232130676384994,38.312727421633255,0.18405630734297468,24.375922240529825
36047043900,91742.0,0.21211372064276884,0.30951792336217554,23.512762563292192,42.428057586275855,0.21566614482995172,27.59215131922025
36047044000,89831.0,0.18669690098261527,0.21201814058956917,23.26658661209705,41.98384064640976,0.1630495194890395,26.318425888546024
36047044100,66866.0,0.24324324324324326,0.3368140868140868,20.07345960843292,36.22194108113873,0.2303967623221278,23.794017456163203
36047044200,72857.0,0.26902059688944935,0.20638923917612442,20.953433530983126,37.8098269860757,0.1600118327544659,23.65065594136287
36047044300,91908.0,0.3958333333333333,0.3714887640449438,23.53402520517827,42.466425370237886,0.2491092604302329,28.25026140846549
36047044400,71929.0,0.2240596627756161,0.23022049286640725,20.819560998201506,37.56825811407311,0.17287258086249294,23.714951494706423
36047044500,85741.0,0.3235591506572295,0.25151668351870576,22.730753306616567,41.01694591082207,0.18436525964470102,26.102091954003928
36047044600,65037.0,0.16224188790560473,0.23942969518190757,19.797019301738253,35.72311304168411,0.17784240883691466,22.629354175812733
36047044700,90774.0,0.32793522267206476,0.27530364372469635,23.38838817097152,42.20362781689274,0.19720210437979968,27.09879302355742
36047044800,86932.0,0.38052602126468943,0.18746502518186905,22.888081547081406,41.30083988663293,0.14979921228197451,25.64629824228458
36047044901,61451.0,0.17880794701986755,0.23802103622906115,19.243498652100925,34.72430203703128,0.1770822134985527,21.98487358224028
36047045000,88558.0,0.2190034762456547,0.22711471610660486,23.101142356971767,41.685301571518885,0.17119652079839864,26.282685756465735
36047045200,74236.0,0.2340909090909091,0.22916666666666666,21.150801918729904,38.16597217737296,0.1723038741766995,24.082581674070255
36047045300,66856.0,0.3157894736842105,0.27038183694530443,20.071958530891624,36.21923243283796,0.19454600755632667,23.21334620143375
36047045400,90859.0,0.2788313685289595,0.23731419784725782,23.399335952399532,42.22338275209525,0.17670076187625872,26.725559363500114
36047045600,76047.0,0.23251670378619155,0.22271714922049,21.4072361300879,38.62869983250498,0.16882333469809774,24.3146210607122
36047045800,68393.0,0.3621908127208481,0.18639575971731448,20.301371732610114,36.63320150632998,0.14922217365954332,22.73844287128224
36047046000,105900.0,0.3604197901049475,0.2572713643178411,25.261988698959964,45.584482400916585,0.18747082434396634,29.071863345990838
36047046201,43711.0,0.2407766990291262,0.19223300970873786,16.22986575418969,29.286294070409326,0.15237229755813997,18.219303734635233
36047046202,91328.0,0.30644288034650785,0.24526258798050893,23.459650082552002,42.33221774672791,0.18099018133763395,26.875399526397967
36047046400,68315.0,0.11596820809248555,0.15895953757225434,20.28979190179862,36.6123060574355,0.1344159722473463,22.483798511549622
36047046800,40250.0,0.15440180586907448,0.17878103837471784,15.574083499791206,28.10295514208134,0.14511282153007968,17.39218341439213
36047047000,67303.0,0.12992759452936445,0.1830249396621078,20.13894742036279,36.340111825570844,0.14740308062268917,22.527048963365118
36047047200,72153.0,0.12778904665314403,0.11561866125760649,20.85195375005093,37.62670983947738,0.11102668269053553,22.71439927160281
36047047400,64625.0,0.10188298587760591,0.1476126429051782,19.734214049425308,35.609782893655726,0.12829251957388985,21.770930776120377
36047047600,75026.0,0.08856473039854129,0.17426413128418858,21.263044731744923,38.36851088465704,0.1426752324265595,23.70357109087631
36047047700,174977.0,0.5794734275962945,0.35470502194051684,32.472074864781234,58.594861348180665,0.24005176465932704,38.742895857940084
36047047800,57591.0,0.10708752904725019,0.15375677769171184,18.629314145969495,33.616024967308086,0.13160825658287462,20.601689029077566
36047048000,43074.0,0.13355970571590267,0.19185059422750425,16.11117289768725,29.07211645783789,0.152165923640902,18.083386845775173
36047048100,96031.0,0.4235010337698139,0.328394210889042,24.056103417267124,43.40849946244291,0.22585290135785985,28.42689821229645
36047048200,58071.0,0.23281393217231897,0.2234647112740605,18.706787325883997,33.755822940002965,0.1692267632122262,21.253486912326867
36047048400,86908.0,0.32358964811022156,0.29100726121765036,22.884921882770687,41.295138369468894,0.20567670129301358,26.671474479845028
36047048500,125417.0,0.44875579924082665,0.40573597638127373,27.491457204263973,49.607489815515436,0.2675910733043599,33.40951010794298
36047048600,61281.0,0.1665625,0.2078125,19.21686230421025,34.676237565697825,0.16077990812245843,21.702419238382827
36047048800,74012.0,0.4163788850518007,0.23680315737543167,21.118867554130805,38.10834759767737,0.17642497433832305,24.116236134834956
36047048900,33102.0,0.07156133828996282,0.06536555142503098,14.12364111919539,25.485676432961515,0.08390714480968559,15.076997061600327
36047049000,73988.0,0.3192176224838587,0.25902012913026967,21.115443150537644,38.102168366612624,0.18841456083576474,24.31598952216222
36047049100,46933.0,0.201534170153417,0.20781032078103207,16.817394590863582,30.34647180362535,0.16077873208755136,18.992582471446003
36047049200,111964.0,0.4092062341428054,0.2747372236317506,25.975191572476835,46.871435072123006,0.19689643073655066,30.089587333359017
36047049301,22521.0,0.04426002766251729,0.07422775472568004,11.649663789491443,21.021460357573947,0.08868971167809361,12.480845725020428
36047049302,71328.0,0.3272223406523129,0.20763163504583246,20.732400027155176,37.4109788199504,0.16068230274057846,23.412352474021688
36047049400,100878.0,0.3942307692307692,0.29517416545718433,24.655725606858752,44.490499279415516,0.20792540824361633,28.77987902014485
36047049500,96875.0,0.5270500170125894,0.2980605648179653,24.16158464511557,43.59883709705212,0.20948307934227578,28.23336014270044
36047049600,79213.0,0.30778831752371444,0.318771842236645,21.848306877101987,39.42459844303878,0.2206601044933158,25.72669321064658
36047049700,142054.0,0.5689969604863222,0.3617021276595745,29.25811146266216,52.79536314212223,0.24382781502191153,34.997148111285725
36047049800,79632.0,0.4143646408839779,0.31659860677396107,21.906014367081294,39.528729835571276,0.21948729863810368,25.77397657992808
36047049900,112321.0,0.5851203501094092,0.3715536105032823,26.016569887115818,46.94610096948832,0.24914425539848878,31.23104232447304
36047050001,120787.0,0.47871873628784556,0.25362000877577884,26.979236418067117,48.68320314545072,0.18550033783538378,31.0053295783647
36047050002,167604.0,0.5353418308227115,0.3174971031286211,31.780574671555733,57.34707049671789,0.21997218019085119,37.40449249805695
36047050100,132159.0,0.4775008093234056,0.3331175137584979,28.220709511899063,50.92340319744915,0.2284018737800183,33.40604728953249
36047050202,96310.0,0.5015344147303814,0.24375274002630426,24.091023313243312,43.471511341774246,0.1801753784542941,27.582910078412787
36047050300,168029.0,0.4868593955321945,0.48455978975032854,31.820842781743117,57.41973306426272,0.3101290455750716,39.7598021928419
36047050401,152739.0,0.5286827195467422,0.33888101983002833,30.338529575887037,54.74494443023192,0.2315122011160603,35.98891240016813
36047050402,171681.0,0.4532299741602067,0.3297157622739018,32.164786542818256,58.04036901301842,0.22656608832206165,38.02731604614642
36047050500,82541.0,0.40476190476190477,0.3011204481792717,22.30254475410132,40.244256735054336,0.21113437262550533,26.090656857027348
36047050600,69977.0,0.2777092511013216,0.28704845814977975,20.535118643375718,37.05499062463887,0.20354029799141438,23.897578309222034
36047050700,58125.0,0.09614887567846989,0.13000775394158698,18.71548298970269,33.7715139981786,0.11879188459374816,20.504017287701455
36047050801,69446.0,0.23722431414739106,0.22108660570199032,20.457057904902943,36.91413242057905,0.16794339737951886,23.22091490999349
36047050803,79242.0,0.3485429447852761,0.34930981595092025,21.852305860346434,39.4318144854296,0.23714019373968998,26.021113941547206
36047050804,108871.0,0.38403547671840355,0.3049519586104952,25.613897217618824,46.21949051000492,0.21320208132306895,30.007052594452208
36047050900,40598.0,0.05846884706742189,0.17339667458432304,15.64126507274201,28.22418222623279,0.1422071016997174,17.430645252067592
36047051001,58877.0,0.1470335339638865,0.21625107480653483,18.83616096054552,33.98927368858214,0.1653338601045079,21.341483580470566
36047051002,64128.0,0.2509930486593843,0.32522343594836145,19.65818438428271,35.472589699012936,0.22414176444709105,23.202853095207796
36047051100,85383.0,0.4145843957164712,0.3187149413564508,22.683249068054483,40.93122597196424,0.22062939742700644,26.709289216626026
36047051200,82240.0,0.28158905024202974,0.29377399432482054,22.261842574312887,40.170810902251745,0.2071697934331037,25.972039843411977
36047051300,133132.0,0.4939587775408671,0.3253375977256574,28.32440428622431,51.110517231566774,0.22420337286603742,33.433127663076576
36047051400,88929.0,0.2565844191849182,0.28236761851954534,23.14948110868064,41.77252736370864,0.20101424123414602,26.892978621103495
36047051500,226450.0,0.6780556533990841,0.42726312081718915,36.94075088422932,66.65844991958699,0.2792083883509582,45.238181737390356
36047051601,68202.0,0.2124792703150912,0.24004975124378108,20.273004260876643,36.582013275213164,0.17817702760805648,23.178895010284123
36047051602,80341.0,0.17177589852008457,0.33773784355179703,22.003317879052116,39.70431103314991,0.23089527586535896,26.090393576458357
36047051700,220795.0,0.5881528215913074,0.35856992639327023,36.476585124698744,65.82087706859048,0.2421374947377543,43.581938460845954
36047051800,101985.0,0.4927494199535963,0.3619489559164733,24.790638164065847,44.73394484353781,0.24396101808706178,29.65602756561233
36047051900,212881.0,0.7848034934497816,0.5159825327510917,35.81690106404024,64.63049745075418,0.32708660843970866,45.24144258312114
36047052000,121325.0,0.3033295711060948,0.2748306997742664,27.039254062285313,48.79150314032489,0.19694687596862404,31.32329156349659
36047052300,77976.0,0.30596465390279826,0.28258468335787923,21.677042695046776,39.11555748882742,0.20113138220562837,25.184475279133174
36047052500,51393.0,0.20622679234504426,0.27306483861753783,17.59833340922636,31.755651906034156,0.19599391328249832,20.373081663002417
36047052600,88520.0,0.4547563805104408,0.23949471513276618,23.096185506095296,41.67635708641777,0.1778774974319528,26.40117992865935
36047052700,63608.0,0.2806958284073636,0.2703935146090187,19.57832018426509,35.32847720400907,0.1945523095114597,22.64254960762441
36047052800,120670.0,0.48630887185104055,0.2858707557502738,26.96616657018507,48.659619006535074,0.20290474041214862,31.36787090542596
36047052900,41576.0,0.17796337937680695,0.24670735624799228,15.828541833758669,28.562117387173465,0.18176986338894585,18.143122122555695
36047053000,76684.0,0.36879823594266814,0.24035281146637266,21.49670693360236,38.79014714834393,0.17834057675385329,24.580829035557652
36047053102,68487.0,0.035496305814327014,0.1511403790555734,20.315318142963875,36.65836737529236,0.13019629377777545,22.443122582040765
36047053200,67273.0,0.29921602787456447,0.2269163763066202,20.134458498888723,36.332011704698644,0.17108948496047965,22.90568953449071
36047053300,34889.0,0.07572597465105085,0.13733354724851596,14.499860277343616,26.164552344033453,0.12274531413783883,15.931646569390617
36047053400,67240.0,0.20075757575757575,0.20298573975044562,20.129519529068276,36.32309948541371,0.15817510400455054,22.69094072286922
36047053500,24912.0,0.06339181286549708,0.12678362573099416,12.252475818966733,22.109216142604776,0.11705195511612589,13.406226544920521
36047053700,42471.0,0.028462090408993064,0.1380052618990672,15.998003956438183,28.867906580611916,0.1231078109260264,17.582389495331334
36047053800,70978.0,0.31174646916982435,0.20771615570099897,20.681471475491353,37.3190798133168,0.16072791506421652,23.355599575285062
36047053900,43688.0,0.06739811912225706,0.1700626959247649,16.225595249858877,29.27858807656099,0.1404078904498452,18.058338436713083
36047054200,57472.0,0.3051224944320713,0.19178421182875527,18.61005736318714,33.581276694466176,0.1521300997887366,20.88763045401368
36047054400,67500.0,0.4185867895545315,0.20404505888376856,20.168399849655117,36.39325782926594,0.15874677500082862,22.744043728764794
36047054500,36559.0,0.11483767104910116,0.13120472229675342,14.842829900330848,26.78343049054114,0.1194378392174175,16.268989433783787
36047054600,71667.0,0.3659378596087457,0.21595703874184888,20.781608981411786,37.49977486589948,0.16517518092582317,23.543035056129966
36047054700,91108.0,0.23424170616113743,0.23732227488151658,23.43137707249777,42.28119996880883,0.1767051207196671,26.762237302934764
36047054800,100104.0,0.24731663685152058,0.17173524150268335,24.560956291617828,44.3194909619696,0.14131049455353006,27.353044597538307
36047054900,171250.0,0.46006458557588803,0.32055974165769646,32.12438680547297,57.96746892831157,0.2216249603248832,37.851858855619774
36047055000,59632.0,0.26708428246013666,0.2744874715261959,18.956547532210976,34.20650755812372,0.1967616497904564,21.957154826148077
36047055100,162577.0,0.5103722230395763,0.35751066647050167,31.30034389485014,56.4805088158469,0.24156585569497874,37.383011980531414
36047055200,107734.0,0.37142857142857144,0.309479305740988,25.479796136098685,45.97750922882612,0.2156453044870525,29.900031717268135
36047055300,141250.0,0.5723308270676691,0.3843609022556391,29.175196159802404,52.6457450257887,0.25605582435384905,35.18496689771982
36047055400,61740.0,0.3960371819960861,0.24094911937377692,19.288696026842942,34.8058593110071,0.17866237962212106,22.061029344176717
36047055500,188015.0,0.6855058259827943,0.40760100185124687,33.66013132045736,60.73867271792027,0.268597550894507,40.93336122161142
36047055600,68589.0,0.32114183764495985,0.21082366934284866,20.33044065883711,36.685655490527296,0.16240491245216265,22.986607891714062
36047055700,146765.0,0.6985915492957746,0.46535211267605636,29.73930438151632,53.66366097893727,0.2997634517291522,36.91095209555834
36047055800,69063.0,0.28109995635093843,0.27717154081187256,20.400568792506725,36.812199552959065,0.19821013166372248,23.653520286352382
36047056000,72283.0,0.335559265442404,0.20228158041179745,20.87073005925947,37.66059111251848,0.15779509815173376,23.52008783211245
36047056100,160810.0,0.5670391061452514,0.3905027932960894,31.129782220701955,56.172735515568334,0.2593703505052947,37.625181794479175
36047056200,92500.0,0.2975871313672922,0.2353887399463807,23.60969750722817,42.60297371416033,0.17566167138703748,26.946088150853523
36047056301,146458.0,0.5313938886563415,0.3949351192967769,29.708184067019992,53.60750532763943,0.2617622946710666,35.96412524128074
36047056302,74732.0,0.4051401869158878,0.2714953271028037,21.221342712676584,38.29326087259518,0.1951469124278234,24.552874830805187
36047056400,84128.0,0.3654446177847114,0.23868954758190328,22.51592734924002,40.629299071533666,0.17744298159862815,25.730018034448083
36047056500,118032.0,0.5844311377245509,0.3476047904191617,26.669780388701827,48.12479924888654,0.23622006153990383,31.737886264194458
36047056600,73929.0,0.29037875489769266,0.22464083587287767,21.1070224633607,38.08697349533802,0.16986146931731078,23.991261894588355
36047056800,74476.0,0.2991178829190056,0.23817161186848437,21.18496389089833,38.227616406481346,0.17716347298221202,24.204299399388052
36047056900,164519.0,0.6456422018348624,0.2826834862385321,31.486731951897514,56.81684033778155,0.20118470205933553,36.58276226064227
36047057000,78184.0,0.27395747031206846,0.22231427782380558,21.70593505984994,39.1676928733605,0.16860592156406695,24.650090828125432
36047057100,117832.0,0.44024856596558315,0.33460803059273425,26.64717542762246,48.084009291184664,0.22920624445245608,31.560631610440787
36047057200,40428.0,0.10692853246044735,0.16566648481542098,15.608482614314111,28.165027287281887,0.13803543600654264,17.34173073298285
36047057300,148875.0,0.5116841257050766,0.36744560838033846,29.952318398557388,54.04803822756445,0.2469273354992238,35.90221029286991
36047057400,94231.0,0.36450747412801837,0.2399386738213875,23.829583760996943,42.99975170280454,0.17811708368867823,27.244118168613902
36047057500,128304.0,0.5882112992045686,0.36977360799510506,27.806072740025275,50.17520388283891,0.24818366120622193,33.35772560505088
36047057600,92719.0,0.2814994793474488,0.203748698368622,23.637629761176743,42.65337660815692,0.15858684141176949,26.653276990725146
36047057800,46746.0,0.2752752752752753,0.2702702702702703,16.78385750996865,30.28595517161941,0.19448579960740753,19.409823770072105
36047057901,137366.0,0.48423265592151365,0.27049754730203224,28.771279930052234,51.91689060003839,0.19460845167994295,33.27561138572501
36047058000,41278.0,0.2285054818234276,0.2351413733410271,15.771713517988852,28.459572437488266,0.1755281777973533,17.99879027427848
36047058200,57143.0,0.28459958932238194,0.3010266940451745,18.556714026905723,33.485020283187424,0.21108377737280148,21.70783730125969
36047058400,69643.0,0.3694303440496334,0.22870840383530738,20.48605299758798,36.96645317441853,0.17205656856206514,23.321614100543094
36047058600,84176.0,0.37527304499781566,0.2809086937527305,22.5223497674403,40.640888127839204,0.20022691950200322,26.150168889221845
36047058800,115865.0,0.4471008518823853,0.3064028579280022,26.423825304672253,47.68098085703429,0.21398507205008116,30.972539267124226
36047058901,110313.0,0.49093816631130066,0.24893390191897655,25.78296768162575,46.52457296740289,0.18297143857242948,29.5780890390659
36047059000,97567.0,0.25434674615002484,0.21212121212121213,24.247726912918733,43.75427817247347,0.16310514295823658,27.429345744730576
36047059100,135339.0,0.527927927927928,0.3418275418275418,28.5582136339346,51.53241901542389,0.23310231793061265,33.91355416097371
36047059200,58063.0,0.37750385208012327,0.21956856702619415,18.705498735596716,33.75349771842313,0.16712417430038987,21.220383140474688
36047059300,106544.0,0.4149058778332693,0.29888590088359585,25.338683988244465,45.7228766938713,0.20992847929405722,29.61790656457372
36047059402,74917.0,0.34432809773123907,0.26457242582897034,21.247593326342567,38.34062929837234,0.19141090715438647,24.519386847771347
36047059403,63750.0,0.2824938358576964,0.24269108841141246,19.60016155322403,35.367889283191964,0.1796024487135826,22.432084064175335
36047059404,62854.0,0.30230914231856737,0.30230914231856737,19.461934969749603,35.11846366049789,0.2117758619949548,22.777609829081563
36047059600,56359.0,0.2912751677852349,0.2912751677852349,18.42897563210868,33.254520274698905,0.20582127945608336,21.480388199079883
36047059800,81724.0,0.3234069804674992,0.22574447646493756,22.191893729667527,40.04459036135537,0.17045705878317524,25.235011888853336
36047060000,99383.0,0.46070376685785147,0.2272515889009456,24.47234619034826,44.15959675688541,0.17127038541977924,27.844189182734848
36047060600,64353.0,0.4945770065075922,0.23282718727404195,19.69264061677463,35.53476491183355,0.1742793066943304,22.453595055482904
36047060800,65705.0,0.3929611008203228,0.26435564964276265,19.89842792253861,35.90610178201101,0.1912939219565925,22.960598636519105
36047061002,75132.0,0.6062366840983924,0.24268835948092193,21.278060107798066,38.39560566937863,0.17960097602196096,24.35238799775832
36047061003,50361.0,0.17244748412310698,0.180752320468979,17.42074521348117,31.4351994634325,0.14617664145301112,19.469331067535933
36047061004,38443.0,0.42551687577310476,0.23237321081463155,15.220474515884792,27.464878595702725,0.17403431425845903,17.351420983419384
36047061200,153854.0,0.4826325411334552,0.3080438756855576,30.44906437505665,54.94440107901284,0.21487066188496778,35.71239358573086
36047061600,168438.0,0.5898261429491307,0.23245331616226658,31.859546858196346,57.489573380991175,0.17407754382209967,36.32115892337974
36047062000,91486.0,0.44493635860542335,0.22468179302711677,23.479934239421315,42.368819884542376,0.1698835722100388,26.688845607881404
36047062200,68997.0,0.2794880664130059,0.2193012798339675,20.390818568981896,36.79460557419638,0.16697993038874326,23.129921781224382
36047062600,65694.0,0.28403100775193796,0.22573643410852715,19.89676220555379,35.903096046893154,0.17045271865397627,22.62508532449323
36047062800,111894.0,0.2262758762041402,0.22176675548268088,25.96707044562377,46.856780748248475,0.16831044626074315,29.483026908916173
36047063200,79500.0,0.26975476839237056,0.2840599455040872,21.88785085752933,39.495954340681415,0.20192752054993313,25.443411535468872
36047063600,142986.0,0.3552158273381295,0.27967625899280574,29.353934105929984,52.96827215762785,0.1995618251174207,34.06645450646656
36047063800,104091.0,0.31820637493246895,0.24959481361426256,25.045294735329023,45.19346480173896,0.18332810544968187,28.739020581881945
36047064000,144857.0,0.31562302340290954,0.18785578747628084,29.54536093420761,53.31369598742491,0.1500100906312153,33.110851029693826
36047064200,68319.0,0.2917752139933011,0.21213248976553778,20.29038590003933,36.613377909009515,0.16311122903934708,22.952849188221897
36047064400,95833.0,0.3220269718022068,0.20228851655087862,24.03129077241304,43.36372580720342,0.1577988413009077,27.081926620428035
36047064600,96462.0,0.24279835390946503,0.20759030635573844,24.11002648981679,43.5058019900046,0.16065999934522035,27.226151768977005
36047064800,110156.0,0.2669425763062597,0.2405587170201759,25.764613692398843,46.49145375779233,0.17845169551814166,29.463353444801662
36047065000,90254.0,0.24847560975609756,0.24009146341463414,23.321301618631534,42.08257219451389,0.17819953795221843,26.664551366650322
36047065200,92969.0,0.26016949152542374,0.15,23.669475603936412,42.71084145291319,0.12958087807317153,26.136872510359325
36047065400,127143.0,0.2586696986924389,0.21716884593519045,27.679980750727644,49.947674762486194,0.16582914346055191,31.372613375539228
36047065600,122708.0,0.3383947939262473,0.25108459869848154,27.192929409444933,49.06880558240622,0.18413208122671154,31.220980017830122
36047065800,94400.0,0.35714285714285715,0.20703125,23.850942950714693,43.03829370436227,0.16035829960827888,26.927793891557243
36047066000,150219.0,0.39644351464435146,0.23326359832635984,30.087215020123384,54.29145503631203,0.17451481980196468,34.31121360499205
36047066200,63681.0,0.22727272727272727,0.2263986013986014,19.58955153524839,35.34874383176106,0.1708100631241286,22.281380166201004
36047067000,88920.0,0.24403387220939185,0.22093918398768284,23.148309665160486,41.7704135298706,0.16786383993961232,26.274287527645022
36047067200,81834.0,0.2065426555484285,0.2065426555484285,22.20682378346712,40.07153118469206,0.16009462526490165,25.06686742033334
36047067400,122609.0,0.25026178010471206,0.2324607329842932,27.18195765852897,49.0490073949992,0.1740815463761023,30.988607491336847
36047067600,124934.0,0.2835654596100279,0.2796657381615599,27.438469241041414,49.51187466400211,0.19955614745722294,31.843352988508823
36047067800,95044.0,0.18504672897196262,0.19177570093457944,23.932160639356876,43.18484852800152,0.1521255068089634,26.860985541851733
36047068000,93994.0,0.2291557420031463,0.25013109596224437,23.79959805090662,42.94564341029519,0.1836175149906909,27.3151473216966
36047068200,118611.0,0.299929676511955,0.22011251758087202,26.73511399274768,48.24269172993017,0.16741772205737532,30.335863664478694
36047068600,107431.0,0.2633410672853828,0.27784222737819025,25.443940165682594,45.91280823193004,0.19857207363710533,29.50848574260168
36047068800,91000.0,0.31142506142506143,0.2868550368550369,23.417485103007568,42.25613233671198,0.2034359164686147,27.24994256802516
36047069000,127989.0,0.2326388888888889,0.27199074074074076,27.771918327306764,50.113573294525615,0.19541426680580093,32.13779645195402
36047069200,92717.0,0.2972027972027972,0.2784090909090909,23.637374821442368,42.65291657723958,0.19887798658559253,27.41914747966958
36047069601,98607.0,0.22313564298297123,0.28772753963593656,24.376616757482836,43.98685593668691,0.2039067703579877,28.375277294462013
36047069602,101724.0,0.40017761989342804,0.27726465364120784,24.758895743119385,44.676666620265706,0.19826038083060515,28.70780058251915
36047069800,126500.0,0.25895316804407714,0.21074380165289255,27.60989908111714,49.821214543021426,0.16236181114260317,31.216168487371625
36047070000,93493.0,0.28245363766048504,0.2724679029957204,23.736085860318624,42.83103761387104,0.1956717716625619,27.47242889974737
36047070201,117604.0,0.3168724279835391,0.2173721340388007,26.621382358544697,48.03746649055831,0.1659388496945532,30.175142724372808
36047070601,145577.0,0.4326625386996904,0.25541795665634676,29.61869633344037,53.446027462018094,0.18647061640754187,34.061793456332865
36047072000,72619.0,0.21517027863777088,0.2585139318885449,20.919181527036887,37.74802029739058,0.18814138699004906,24.085382594723146
36047072200,55068.0,0.19524462734339276,0.2940100594421582,18.216679114858394,32.87143773239811,0.20729718807421776,21.254569368180785
36047072400,65722.0,0.27744982290436837,0.21369539551357733,19.90100193819164,35.91074651416704,0.16395466503324613,22.525874247413515
36047072600,101250.0,0.2576501700037779,0.14544767661503588,24.701144280039998,44.572455879625245,0.12712417625122013,27.22726839816859
36047072800,64654.0,0.27545909849749584,0.19782971619365608,19.738641345509176,35.61777181340483,0.15539261001305893,22.206140873653368
36047073000,137244.0,0.3801551653736219,0.18946508779093507,28.75850065475696,51.893830790427366,0.15087856386581378,32.24912604018839
36047073200,87908.0,0.22625843279709393,0.21380384016606124,23.016207075363365,41.53203846559982,0.16401318815491583,26.05304761301491
36047073400,124205.0,0.27518593644354294,0.2420554428668019,27.358299276172556,49.36721042571919,0.1792594169393642,31.30360385631056
36047073600,79256.0,0.23940149625935161,0.2504453152832205,21.854236142082566,39.43529761951212,0.18378708624322632,25.085408204082377
36047073800,57222.0,0.1504041570438799,0.22979214780600463,18.569536893047264,33.50815875114115,0.17264142063916815,21.148561793019923
36047074000,79688.0,0.20885744234800838,0.24475890985324947,21.913715550081406,39.54262638366645,0.18071836695445492,25.099583527112593
36047074200,72635.0,0.19364058592354413,0.2222222222222222,20.921485940965315,37.75217854151842,0.16855624293954793,23.758404251784995
36047074400,145929.0,0.24739243807040417,0.16753585397653195,29.65448318996786,53.510603745025804,0.13904425770826304,32.971539764344726
36047074600,85587.0,0.2824569567240577,0.2280130293159609,22.710330700998487,40.98009394649448,0.17168130351515315,25.846907469898472
36047074800,79808.0,0.3404388714733542,0.2031347962382445,21.930208978405524,39.572388268296,0.15825554366451816,24.722181653354045
36047075000,105881.0,0.3546572934973638,0.22987697715289981,25.259722413237768,45.58039295796536,0.17268719955104436,28.76884210260617
36047075200,162938.0,0.3344917463075586,0.18158123370981755,31.33507561749954,56.54318114219191,0.14662397185922388,35.03118817257638
36047075400,116726.0,0.3940809968847352,0.2749221183800623,26.521822128732307,47.85781311497506,0.19699621083269825,30.724931507382735
36047075600,87885.0,0.4155977424320164,0.24114930733709594,23.013195930796538,41.52660494775018,0.17877041283782868,26.32284570379292
36047075800,58314.0,0.36095890410958903,0.17534246575342466,18.745886048006327,33.82637538271533,0.14325716521806442,20.90627420019799
36047076000,65795.0,0.3832470892626132,0.27652005174644245,19.912051282036675,35.93068471563043,0.19785854979251577,23.08147486286544
36047076200,43365.0,0.32766164316966456,0.20442391832766163,16.16550334690571,29.17015408408125,0.1589512298708736,18.232608575620922
36047076400,79868.0,0.28029580152671757,0.25047709923664124,21.938451042629872,39.58726081994106,0.1838042387365082,25.182377088354
36047076600,74773.0,0.2478713339640492,0.2833491012298959,21.22716321625776,38.30376379246512,0.2015439071121669,24.668848016580473
36047076800,61354.0,0.3461730865432716,0.21635817908954477,19.22830478574561,34.69688517204376,0.16539165988386417,21.786678971882445
36047077000,84476.0,0.2865003668378577,0.23624358033749082,22.562448462291613,40.71324499061559,0.1761229936105979,25.75922108327688
36047077200,75739.0,0.3388837496145544,0.2143077397471477,21.363841135297974,38.55039489777232,0.1642851220476231,24.18733621774411
36047077400,76061.0,0.2553122987765615,0.26754668383773345,21.409206539923836,38.632255376510614,0.19301599195420888,24.733530395593416
36047077600,72240.0,0.30948225712623617,0.24898196625945318,20.864521304084374,37.64938760457683,0.1829973769214514,23.936107809051755
36047078000,117232.0,0.29311121116614136,0.2305267897343539,26.579245195023738,47.961431273702054,0.17303787669275578,30.279173273127633
36047078200,59422.0,0.12488083889418494,0.17183031458531936,18.92313941301287,34.14622363353719,0.1413618015885491,21.075102024160397
36047078400,93409.0,0.31191088260497,0.258783204798629,23.725420466869636,42.81179223909996,0.18828670251200663,27.319130470781126
36047078601,84458.0,0.3698441796516957,0.22089825847846012,22.560044550478317,40.70890720561171,0.16784175412439895,25.6061814938787
36047078602,62237.0,0.29168539325842696,0.22696629213483147,19.366176320534347,34.94567012029382,0.1711164224813324,22.032083563619288
36047078801,58493.0,0.24113856068743286,0.20784103114930183,18.77463508370458,33.87825213428257,0.16079530521105362,21.203225797143144
36047078802,51037.0,0.11978609625668449,0.15508021390374332,17.537275542584663,31.645474861758917,0.1323224607108311,19.40410719269667
36047079001,68977.0,0.2178164041281912,0.12656165127648017,20.387863035198837,36.78927240429734,0.11693216462658546,22.305715335654284
36047079002,59896.0,0.22250157133878065,0.19736015084852293,18.998462962029937,34.28214266332776,0.15513920489629504,21.369560878778927
36047079201,86434.0,0.20944992947813823,0.191114245416079,22.822428878303345,41.18237166308369,0.15176854645267432,25.608890707703722
36047079202,91143.0,0.2179176755447942,0.145682001614205,23.43587733290598,42.289320550439285,0.12725063182208068,25.834989894358817
36047079400,97500.0,0.21509433962264152,0.1828092243186583,24.239399933997248,43.73925239486655,0.1472866679181292,27.11146822785382
36047079601,71509.0,0.3953488372093023,0.28077141236528647,20.758688348846313,37.45841528870033,0.2001528343797187,24.101186029225442
36047079602,87847.0,0.24692168773600395,0.2748317189295682,23.008220132902974,41.517626273338884,0.19694742596485126,26.653600028399836
36047079801,79054.0,0.43143297380585516,0.24622496147919876,21.826368396178484,39.38501112829972,0.1815095347595455,25.013429469494888
36047079802,98516.0,0.4386594853381209,0.3393177737881508,24.365366115300695,43.966554498559354,0.2317478992758632,28.90790034643134
36047080000,106250.0,0.4686946249261666,0.25132900177200235,25.30369975953719,45.659748728103416,0.18426397552007218,29.054586268366467
36047080200,96627.0,0.3752446183953033,0.24584148727984345,24.13063799822381,43.54299482361056,0.18130258949565253,27.650148558880034
36047080400,56250.0,0.3055651572761839,0.2350501209816799,18.411145910733183,33.22234709031742,0.17547893264965442,21.010199684985928
36047080600,68400.0,0.23361667123663285,0.24622977789964354,20.302410625231413,36.63507615614384,0.18151213398369576,23.266987599389278
36047080800,12132.0,0.07629164654756157,0.061323032351521006,8.550386713781052,15.428910103638435,0.08172556342072554,9.112537913319784
36047081000,83362.0,0.37421231216674744,0.19486185167232187,22.41318724016621,40.44390770152897,0.15379097551561774,25.1861493291686
36047081400,52250.0,0.15449010654490106,0.2511415525114155,17.744456585772006,32.0193266882925,0.18416281685864494,20.373356874143436
36047081600,109043.0,0.24230254350736277,0.23427041499330656,25.634122308093282,46.25598606432475,0.175058157375088,29.244147778899276
36047081800,73463.0,0.32769973661106233,0.21992976294995611,21.040394879896024,37.966746068192265,0.16731909689462343,23.872496674442985
36047082000,61548.0,0.23623188405797102,0.2701863354037267,19.258680531471846,34.75169727187378,0.19444050340981228,22.271150505812248
36047082200,87104.0,0.3117677688102057,0.30656079146055715,22.91071305606599,41.34167774921405,0.2140703022862407,26.85623523935522
36047082400,69886.0,0.16769020812009552,0.22040259297168202,20.52176208538067,37.030889126133836,0.1675742638231602,23.28826689559791
36047082600,69732.0,0.299327110918168,0.22965053179943565,20.499138853898767,36.99006620005196,0.17256499630110275,23.344895670389448
36047082800,74076.0,0.19912416280267903,0.25244719216898504,21.127996583596612,38.12482065084752,0.1848674169176296,24.270155544712686
36047083000,81016.0,0.18990066225165564,0.3177152317880795,22.095557046871892,39.870753777316324,0.22008989526286937,26.007698233552304
36047083200,97104.0,0.30803771890435566,0.22900763358778625,24.190125222749298,43.65033769244706,0.17221805056058154,27.54152507777537
36047083400,90625.0,0.2936708860759494,0.14873417721518986,23.369184979183007,42.16897624735258,0.12889776554386795,25.792436066341185
36047083600,82464.0,0.22388059701492538,0.20095948827292112,22.292139642482045,40.22548103084749,0.15708161936481518,25.10913794838855
36047083800,58625.0,0.24750277469478357,0.18590455049944507,18.795807320133807,33.916456784375534,0.1489570882342669,21.048135236538283
36047084000,76607.0,0.14760302775441547,0.1576955424726661,21.485911577599285,38.77066726013726,0.13373384604463573,23.79746843296696
36047084600,68555.0,0.15871421396283275,0.2169763937719739,20.325401070375225,36.67656170799552,0.1657252849382039,23.03520182611519
36047084800,92578.0,0.23209549071618038,0.34681697612732093,23.619649768574988,42.620932263964924,0.23579491054722235,28.10005547485796
36047085000,120179.0,0.19448183041722747,0.288021534320323,26.911248678948755,48.56052135922038,0.20406542720542564,31.329116757135132
36047085400,71042.0,0.2151839776432231,0.23893805309734514,20.690793490321095,37.335901102646446,0.17757708981127562,23.64658325971334
36047085600,91061.0,0.23626373626373626,0.2683632157316368,23.42533250567569,42.2702927337053,0.19345664065637697,27.07101520469333
36047085800,57105.0,0.14175399889685603,0.19415333701047988,18.55054290880057,33.47388469018203,0.1534086192738851,20.83991216643458
36047086000,75528.0,0.1152567417805689,0.26006649427410417,21.334061798425576,38.49665899939364,0.18897924109634884,24.57743639270684
36047086200,56386.0,0.19088712461166724,0.19710044874007593,18.433389503557226,33.26248497010606,0.15499905434260333,20.731885277628482
36047086400,62206.0,0.16674218396012688,0.22202084277299503,19.36135261242884,34.93696588723193,0.16844756672786798,21.985026768863698
36047086600,77728.0,0.21525215252152521,0.2859778597785978,21.642543696181356,39.05330510539988,0.20296254005406134,25.176276056071575
36047086800,47708.0,0.1649951472015529,0.22581688773859593,16.95567805206599,30.59600006043193,0.17049613617133136,19.28130025062516
36047087000,57366.0,0.11430395913154534,0.24872286079182632,18.59288746736864,33.55029414502833,0.18285754835028728,21.327962182123706
36047087200,80372.0,0.23375394321766563,0.20441640378548895,22.007562517958107,39.7119703536339,0.15894717458132457,24.821628121074237
36047087401,35298.0,0.1401107852720756,0.15347018572825025,14.58460279650024,26.31746761603116,0.13145359467965434,16.126930052918034
36047087600,46789.0,0.14553990610328638,0.21387584767866458,16.79157517545085,30.29988146184706,0.16405204764982584,19.007640482015162
36047087800,57900.0,0.1289483463396507,0.18171683389074694,18.679224351210774,33.70608639911218,0.14669714970345316,20.883622182624904
36047088001,60500.0,0.17375132837407015,0.12964930924548354,19.094014313578462,34.4545621412617,0.11859844672400133,20.91575142677143
36047088002,103529.0,0.2607204116638079,0.2521440823327616,24.977591927792286,45.071297165792785,0.1847038409973949,28.68897646512045
36047088200,48028.0,0.12768377648229773,0.1407649651642258,17.012447870399754,30.698439453291176,0.12459710934932237,18.717682860207184
36047088400,47269.0,0.14563990533406154,0.1602038958674677,16.87748628734304,30.45490542352962,0.13508750127384475,18.71162591219817
36047088600,54158.0,0.11108331248436328,0.24893670252689518,18.065536579028652,32.59870567053774,0.18297294994541302,20.72471339975757
36047088800,61346.0,0.15031568722680913,0.20568237008256435,19.227051147409053,34.694623020185055,0.1596303645582991,21.69614528429198
36047089000,59583.0,0.1410608469431999,0.19121260297730885,18.948757572773868,34.19245081567575,0.15182162598579235,21.26307986693987
36047089200,31496.0,0.10323997803404723,0.10406370126304229,13.776765220606398,24.85974953215568,0.10479094571170368,14.938161627921621
36047089400,62157.0,0.14796879203658864,0.15523271455474846,19.353725589497905,34.923203158702925,0.13240475904411966,21.415198515491323
36047089800,79554.0,0.2628318584070796,0.18451327433628317,21.89528320537197,39.509365783995236,0.14820627367303285,24.50580074851881
36047090000,22396.0,0.07748024582967515,0.14442493415276558,11.617288801125326,20.9630406858295,0.1265722441809403,12.800201590730587
36047090200,42424.0,0.09804426145136387,0.15362840967575914,15.989149510780857,28.851929005487246,0.1315389816408279,17.681106426585057
36047090600,27706.0,0.02838328792007266,0.05835603996366939,12.921307782821494,23.31610287067789,0.08012439957787862,13.754184497971067
36047090800,31003.0,0.04197645600991326,0.16062577447335813,13.668517609303999,24.664420043604423,0.13531517181745256,15.156430036489304
36047091000,17028.0,0.04529382050850311,0.09580737497895268,10.129811810832525,18.2789341614464,0.10033534576646644,10.947456819574608
36047091200,21840.0,0.08286140089418778,0.16870342771982116,11.472177912318983,20.701192545692916,0.13967434926807518,12.761234525621031
36047091600,43109.0,0.09870967741935484,0.14344086021505376,16.11771717671626,29.083925408264534,0.12604117992401678,17.7519933613611
36047091800,46657.0,0.1453260015710919,0.14846818538884524,16.76787245250549,30.25711062658812,0.12875422068794595,18.50466880128359
36047092000,43901.0,0.19473684210526315,0.11649122807017544,16.265100944186063,29.349874888112282,0.11149757113516859,17.724021457786577
36047092200,50603.0,0.05953177257525084,0.23578595317725753,17.462551054283438,31.510636818623187,0.17587603104154298,19.93327262224671
36047092400,33231.0,0.1427627230667548,0.09715796430931924,14.151134595412659,25.53528756602396,0.10106420331634494,15.301664945818892
36047092800,86313.0,0.17784256559766765,0.1657642648896293,22.806448586748445,41.15353571798742,0.1380882038936509,25.339964895381552
36047093000,96250.0,0.20358684822318165,0.16937894387246763,24.08351793168729,43.457968111368686,0.14003889757069476,26.79669457588822
36047093400,83357.0,0.25267489711934155,0.20534979423868313,22.412515065694254,40.44269478334773,0.15945088704483895,25.287443215251965
36047093600,78929.0,0.2824281150159744,0.25303514376996805,21.809105668189666,39.35386106606292,0.18518471023078154,25.058126112614765
36047093800,74781.0,0.23735563520509756,0.23257666268418956,21.22829873819592,38.30581280691219,0.1741441088702112,24.202247207411013
36047094401,85607.0,0.2850130890052356,0.25752617801047123,22.712984024998217,40.98488178812528,0.1876083368205646,26.140944374893884
36047094402,27044.0,0.02114029468289558,0.12780269058295965,12.766005291189133,23.035864296391566,0.11760190253128078,13.973760248928945
36047094600,93819.0,0.23727959697732998,0.19546599496221662,23.777432433665062,42.90564623504925,0.15411700681776697,26.725415490504695
36047095000,92895.0,0.16165123456790123,0.2638888888888889,23.660053700535734,42.69383991772649,0.19104203036245743,27.296306864952815
36047095400,95081.0,0.2174226061915047,0.20830333573314136,23.936818501934123,43.19325349790348,0.16104479199337807,27.037967070394014
36047095600,100404.0,0.2099161322150962,0.23951652688702516,24.597731918317354,44.38585145037154,0.17788926833922292,28.11782602368356
36047095800,67091.0,0.1419484432541011,0.219953130231001,20.10720422700215,36.282832208501084,0.1673317072557649,22.81389967308049
36047096200,96500.0,0.09614126880313931,0.2537606278613473,24.114774944103786,43.514370429863256,0.1855762241761605,27.714878624895917
36047096400,82350.0,0.2084006462035541,0.23465266558966075,22.276725747842605,40.19766713158191,0.17526444231073363,25.417629545147022
36047096600,72396.0,0.20813844714686622,0.11786716557530402,20.887037292618768,37.690017014055094,0.1122401080531093,22.77300555216699
36047096800,90357.0,0.21060171919770773,0.2621776504297994,23.33460523468099,42.1065781609048,0.19011854530115357,26.9035054198473
36047097000,102566.0,0.17209908735332463,0.20686657974793568,24.861152971702207,44.861186647261526,0.16026943384149178,28.06654704569487
36047097400,80769.0,0.18481717011128776,0.1685214626391097,22.06184908361863,39.80992879334535,0.13957615019311667,24.539057722822854
36047098200,23580.0,0.05625606207565471,0.11711930164888458,11.92041723843809,21.510026636958116,0.11183651663061178,12.992885749416745
36047098400,114292.0,0.16540975364504776,0.1975867269984917,26.243845522027677,47.35621286935721,0.1552614787317342,29.52178289590164
36047098600,98750.0,0.27916331456154464,0.24658085277554304,24.39428585457316,44.018739279481174,0.18170159466439179,27.960080336296027
36047098800,78892.0,0.127136021872864,0.16233766233766234,21.803993279207127,39.3446359172285,0.13623900733605904,24.19371302024771
36047099000,91848.0,0.20619946091644206,0.32547169811320753,23.526342130570082,42.452561498179534,0.2242757413334242,27.771034009879706
36047099200,90897.0,0.23933518005540166,0.22548476454293628,23.40422859823339,42.232211381169755,0.17031690293351165,26.61095231430859
36047099400,92730.0,0.16344086021505377,0.18978494623655914,23.63903188056945,42.65590668951918,0.15105117832214315,26.511553228465992
36047099600,83462.0,0.2169327251995439,0.21493728620296465,22.42662649883612,40.46815843086071,0.1646248623943034,25.3967112105281
36047099800,99609.0,0.2649973917579551,0.24517475221700574,24.500155823459448,44.20977838534861,0.18094277998628366,28.066469722288048
36047100400,80772.0,0.2413299964247408,0.16017161244190203,22.062258801039178,39.810668115841644,0.13507007923597547,24.459537853502074
36047100600,108088.0,0.2779313067508883,0.2656928543229372,25.52162346297337,46.0529853549743,0.1920155563608963,29.463964339512835
36047100800,87800.0,0.2075386012715713,0.21435059037238874,23.00206436761739,41.50651838402467,0.16430824676882572,26.042498764467627
36047101000,69700.0,0.1874125874125874,0.1737762237762238,20.494434788928586,36.98157785935158,0.1424119287984122,22.8424006339629
36047101200,101953.0,0.2853860294117647,0.2665441176470588,24.786748559419046,44.72692617146566,0.19247494818842714,28.62473321216575
36047101400,74219.0,0.26835196888672824,0.22168206125425377,21.148380019516985,38.16160193465914,0.16826474026675053,24.011105386168968
36047101600,173292.0,0.33597285067873306,0.20248868778280543,32.31534623917801,58.31204935896368,0.15790686548737062,36.42040414182912
36047101800,97845.0,0.34553089382123575,0.2855428914217157,24.282247156346752,43.81656889106146,0.2027278055098563,28.242397333748954
36047102000,120682.0,0.3561066916237716,0.3079082826392138,26.967507358924234,48.66203841861747,0.21479748789098113,31.627438131519206
36047102200,88654.0,0.17815577439570277,0.18889883616830797,23.11366019258746,41.707889621261174,0.15057298113907125,25.91344874964671
36047102400,79087.0,0.21783235451147892,0.22477309129738388,21.83092347881853,39.39323063496305,0.16993284213397414,24.815336248292002
36047102600,87145.0,0.22286100777815354,0.19310111599594185,22.91610447737939,41.35140640331588,0.1528407788405694,25.73377038190057
36047102801,75875.0,0.2220532319391635,0.23041825095057034,21.383013419483152,38.584990695491946,0.17297930277229262,24.358599454991975
36047103401,17963.0,0.06014319809069212,0.10787589498806682,10.404207171729384,18.774072159042408,0.10684822997688409,11.298512430769277
36047105801,20899.0,0.18,0.09223140495867768,11.222311244622631,20.25031582130229,0.098405541725508,12.110716925691158
36047105804,44059.0,0.17445077298616762,0.13425549227013833,16.294343761450772,29.40264265334413,0.12108421437976298,17.8815518346308
36047107001,53108.0,0.13161993769470404,0.17938733125649015,17.88955467318731,32.281151728712295,0.145440012878613,19.982668734286673
36047107800,82540.0,0.25252028522252273,0.31841652323580033,22.302409653894728,40.24401295088266,0.22046835343282828,26.25796539072666
36047109800,74673.0,0.14473161033797216,0.16978131212723657,21.21296406337638,38.27814185737749,0.14025603917971385,23.60645830866058
36047110400,75833.0,0.12163640341281995,0.21592649310872894,21.377094402150774,38.57431001058492,0.1651586967031104,24.217364118962145
36047110600,30198.0,0.04145756054985817,0.10408029674885447,13.489897408753121,24.34210538004055,0.10479990161329134,14.62720773643102
36047111000,31218.0,0.07633053221288516,0.11589635854341737,13.715830030489728,24.74979385390046,0.11117654450181542,14.942548000534572
36047111600,71593.0,0.10696788241698421,0.14126292868807838,20.770877150548767,37.480409606856156,0.12486583979592347,22.85732695330283
36047111800,82773.0,0.13361638361638362,0.17932067932067933,22.33386591375452,40.300774805266535,0.14540404356837378,24.946327117004934
36047112000,67396.0,0.10869565217391304,0.20667483159828537,20.152856722703053,36.36521073426305,0.16016595524632923,22.74952388975622
36047112200,28888.0,0.0854563044179297,0.14995162850693325,13.194055123084501,23.80826706567762,0.1295547739665213,14.569176952139903
36047112400,49422.0,0.056838905775075985,0.21063829787234042,17.257572821501352,31.14075989578177,0.16230487508863978,19.510881765424653
36047112600,73493.0,0.18341654004775343,0.18385066203603212,21.044690562196905,37.97449749491397,0.14784868904917883,23.547740323054825
36047112800,54484.0,0.07243605068132919,0.2211331580205594,18.119827070292697,32.69667119388012,0.16796851975246418,20.56827800039408
36047113000,58547.0,0.13990239367882873,0.15291656983499885,18.78329933766343,33.893886514331214,0.13115483093670405,20.76512584417362
36047113200,49306.0,0.12264890282131662,0.1614420062695925,17.23730801537715,31.104192675792287,0.13575565856924326,19.119816074755544
36047113400,26745.0,0.07327905255366396,0.07142857142857142,12.695238306805331,22.90816744747554,0.08717910750425659,13.585592354293174
36047114201,41196.0,0.13396481732070364,0.2936400541271989,15.756040236428763,28.43129048249436,0.20709751141363725,18.38105301893404
36047114202,63049.0,0.0816967792615868,0.22309505106048705,19.49210121523801,35.172897723585905,0.16902727278867935,22.142583484198298
36047114400,75444.0,0.13083048919226395,0.16609783845278725,21.32219494283786,38.47524562310966,0.13826821983519663,23.69391672514195
36047114600,72438.0,0.09567496723460026,0.2762123197903014,20.89309514367313,37.7009482201476,0.1976924795041392,24.21588129350264
36047115000,68944.0,0.09533537623425264,0.1913517194416071,20.38298546753385,36.78047098331527,0.15189670142363,22.873709429022796
36047115600,21238.0,0.029712615684364344,0.10813443740867024,11.312962947057441,20.4138940329584,0.10698775469471193,12.286651129569291
36047115800,75764.0,0.09177215189873418,0.17405063291139242,21.367366742725626,38.5567567480468,0.14256001612993954,23.817886459148035
36047116000,73244.0,0.13756819953234606,0.2396726422447389,21.009009790047283,37.91011263790655,0.17797351738115097,24.016958511501386
36047116200,64100.0,0.13829787234042554,0.24901497241922774,19.653892271173742,35.46484471278837,0.1830151889892675,22.54753672037616
36047116400,80125.0,0.17436582109479307,0.17089452603471295,21.973719570401105,39.6509017946344,0.1408567949704276,24.46367080261482
36047116600,41086.0,0.049495586380832284,0.1882093316519546,15.734990584390518,28.393307032168366,0.1502008838915067,17.63628090342515
36047116800,83841.0,0.08605455243949289,0.2397233960814445,22.47748835236778,40.55993708276421,0.1780009071407444,25.696180629704344
36047117201,70179.0,0.18063872255489022,0.2155688622754491,20.564736265892787,37.108434714432235,0.16496569804167815,23.293879028647126
36047117202,77401.0,0.11206896551724138,0.24310344827586206,21.59697086013393,38.971070323034965,0.17982498238367267,24.721267989982287
36047117400,47444.0,0.1232508073196986,0.21743810548977396,16.90869946585671,30.511228645093393,0.16597445177509476,19.166371789135248
36047117601,67222.0,0.09840142095914742,0.2547069271758437,20.12682503469294,36.31823735310513,0.18608690302154157,23.139834808571102
36047117602,59071.0,0.13133940182054615,0.24967490247074123,18.867168060187097,34.04522504715325,0.18337132611372325,21.650388497716744
36047117800,52750.0,0.062243100411039344,0.1450381679389313,17.829156143858643,32.17216443835945,0.12690318125029074,19.649329525130103
36047118201,91167.0,0.14293737714125246,0.2384161752316765,23.438962726373965,42.29488804814967,0.1772954537773201,26.782032562689448
36047118202,88140.0,0.06700865662071177,0.27669124719461363,23.046558360867685,41.58680642771096,0.1979509369394441,26.716617836789027
36047118400,65766.0,0.10614754098360656,0.2836065573770492,19.907662550896053,35.92276538513645,0.20168284561286154,23.13763406328826
36047118600,83125.0,0.09893048128342247,0.24812834224598931,22.381303970615708,40.38637532127863,0.18253671112691128,25.66789047857109
36047118800,60197.0,0.08982602118003026,0.3095688350983359,19.046140360315153,34.36817506358545,0.21569361980139096,22.351005488186054
36047119000,46979.0,0.1342567927543953,0.2035162493340437,16.825634109844426,30.3613397624567,0.15846139822189298,18.970520953477347
36047119200,88705.0,0.09865716634694437,0.20937243080295972,23.120307536119235,41.719884548416275,0.16162173866077365,26.126403511201637
36047119400,71801.0,0.134394668641244,0.25731210662717513,20.801028205902,37.53481625981199,0.18749281129372963,23.93849317172301
36047119600,54177.0,0.07944915254237288,0.2751210653753027,18.06870522535515,32.60442339547326,0.19710357434893988,20.933747232414262
36047119800,46391.0,0.05155875299760192,0.1642685851318945,16.720005793292422,30.17073671080141,0.13728104700360674,18.566536216611837
36047120000,47656.0,0.11480804387568556,0.343327239488117,16.946434993839468,30.57932124586675,0.23391164311767648,20.135325817487555
36047120200,119522.0,0.13363139592647788,0.2757078986587183,26.837588051635052,48.42760302054817,0.1974202641520656,31.09989450984493
36047120801,58869.0,0.2002212389380531,0.18539823008849557,18.8348812213705,33.98696443856242,0.14868384791918313,21.087751258094272
36047120802,33662.0,0.06456555044867586,0.12759903698840008,14.242607768765565,25.700348096711046,0.11749199905683652,15.588800584570013
36047120803,49702.0,0.1162349968414403,0.20088439671509792,17.306390105534984,31.228849184848045,0.15704109553745998,19.492788331925766
36047121000,21985.0,0.016049382716049384,0.05851851851851852,11.510197919342897,20.76979848015506,0.08021208257576147,12.252929764145328
36047121400,37626.0,0.05898462186644196,0.16452496313461135,15.05787133989606,27.17146616081803,0.13741940367406277,16.722514316536373
36047122000,70268.0,0.06102543824963754,0.191907209700804,20.577772085849446,37.13195745100207,0.15219647668484118,23.09726077281344
36047123700,52649.0,0.03165236051502146,0.12618025751072962,17.81207929490513,32.14134978913049,0.1167263420871993,19.48468262447409
36047150200,126364.0,0.45992162451015317,0.29747060919130747,27.59505340502037,49.79442597665687,0.2091647045388363,32.238378609914264
36047152200,214297.0,0.6259791122715405,0.3730417754569191,35.935823547343674,64.84508941783244,0.24994735685763364,43.16161814036694
36061000201,38657.0,0.08138629283489096,0.16666666666666666,15.26277950242266,27.54121664403642,0.13857519304233534,16.96426629957997
36061000202,40182.0,0.28511681569079894,0.1768099221228728,15.56092219107516,28.07920596490099,0.14404909110548375,17.364169590895298
36061000600,34473.0,0.21171038412417723,0.2795952451124865,14.413156296363523,26.008097674443675,0.19951810525603275,16.726557030672847
36061000700,197058.0,0.6787300177619894,0.4328374777975133,34.460104635182546,62.18219998415621,0.28221663969685373,42.28374122992567
36061000800,33953.0,0.23680953988075149,0.20080998987512655,14.30403727534813,25.81119575384048,0.15700094122418623,16.110671987287304
36061000900,222237.0,0.7365591397849462,0.4736559139784946,36.59550456212361,66.03546353947445,0.3042446719904811,45.55245522460093
36061001001,130417.0,0.5593023255813954,0.3494186046511628,28.034102660711774,50.58667686821175,0.23719890252979403,33.383548511952505
36061001002,24350.0,0.07855034437520499,0.16890783863561823,12.113483141779625,21.858408127345356,0.13978466143766402,13.475674181622363
36061001200,105938.0,0.4406507791017415,0.26283226397800186,25.266520660579477,45.59266018640878,0.19047181332729046,29.138077314007695
36061001300,193984.0,0.6927946378700428,0.377583317817911,34.19026852114727,61.69528900743334,0.2523982406040673,41.1324872996647
36061001401,94076.0,0.5066273932253313,0.275699558173785,23.809977126118124,42.96437213260421,0.19741576313515646,27.591356633715804
36061001402,50347.0,0.39837634096839664,0.32473180632067267,17.41832362350781,31.43082977873197,0.22387645214391477,20.555393787184162
36061001501,123750.0,0.4362864857914363,0.22540825511122542,27.30814248977538,49.2767040457958,0.17027561393789653,31.04885279605923
36061001502,182348.0,0.6053034767236299,0.3998821449616971,33.1489715272808,59.81630057716033,0.26443200109051634,40.2006667116797
36061001800,79973.0,0.41912861832288867,0.3385556550283497,21.952867209050257,39.61327434929181,0.23133661510568965,26.03836601826209
36061002000,24655.0,0.0413102441059879,0.0913832672647611,12.18911178411305,21.994877688650924,0.09794783667212964,13.149565341375865
36061002100,250001.0,0.6377139979859013,0.3021148036253776,38.81418123587089,70.03899742562177,0.21167098538992013,45.42356884737459
36061002201,38594.0,0.24048469784060897,0.18253844958831755,15.250337419564767,27.51876528781799,0.14714054192550668,17.055520544673534
36061002202,137313.0,0.5068550062318239,0.4312422102201911,28.76572897511873,51.90687407242095,0.2813557393538219,35.27662296346426
36061002400,20876.0,0.11594924110475242,0.08758397611346105,11.216134293258406,20.23916970236014,0.09589751539566868,12.081420970318403
36061002500,23737.0,0.07810650887573964,0.10493096646942801,11.960035572341074,21.581516703162944,0.1052589730973855,12.972782795847255
36061002601,32837.0,0.2226842226842227,0.16724416724416724,14.066993699672365,25.383457904995385,0.13888684636767018,15.638701725182301
36061002602,73899.0,0.508306616146896,0.3066161468959487,21.102739469370995,38.07924496428397,0.21410017533951065,24.73741227248403
36061002700,135000.0,0.5247691015952981,0.20822837951301426,28.522424598745758,51.46783880108872,0.1610043412022148,32.21673589600593
36061002800,75100.0,0.4781841514276548,0.27863330125120306,21.27352828087743,38.387428126946425,0.19899898369177055,24.679176957247908
36061002901,11612.0,0.0025348542458808617,0.0025348542458808617,8.365137231770246,15.094633105373127,0.05,8.70161202545039
36061003001,102883.0,0.5094524920206236,0.3186840166953106,24.899542425604288,44.930459237263605,0.2206127086584499,29.31861724033653
36061003002,70346.0,0.44568151147098517,0.23582995951417005,20.589189950663254,37.152560637230344,0.1758997794528328,23.502683201425924
36061003100,225694.0,0.3458483754512635,0.355956678700361,36.87903625561192,66.54708776850643,0.24072723236720633,44.020944186038726
36061003200,92434.0,0.6585271317829458,0.3219638242894057,23.601273085114578,42.58777210330731,0.22238268601082267,27.823541734722127
36061003300,250001.0,0.7407606745604592,0.36239684248295656,38.81418123587089,70.03899742562177,0.24420272405802623,46.43936640761922
36061003400,112030.0,0.6258881680568428,0.34692616620327466,25.98284631004721,46.88524781086731,0.23585383594330045,30.912757884442634
36061003601,49869.0,0.35809199318568996,0.2504258943781942,17.335440681555404,31.281270056661427,0.1837766055790187,19.89835786609656
36061003602,136607.0,0.4371568910719445,0.3108928055475296,28.691683632192266,51.77326152624638,0.21640811223518575,33.68672433165391
36061003700,250001.0,0.7650226757369615,0.3081065759637188,38.81418123587089,70.03899742562177,0.214904498647994,45.52453470450507
36061003800,78526.0,0.5685107534153929,0.3415392939266874,21.753357354863645,39.253264947603114,0.23294676238604356,25.829904170647247
36061003900,184604.0,0.572168284789644,0.30097087378640774,33.35339985515208,60.18518521348671,0.211053653473461,39.01634618424432
36061004001,153701.0,0.5690179806362379,0.4702627939142462,30.433920584067934,54.91707457348571,0.30241354455531877,37.83795796390146
36061004002,154390.0,0.49536,0.28976,30.50205782536789,55.04002613180909,0.20500360567859138,35.53242980421533
36061004100,96461.0,0.4930300807043287,0.25487894350696993,24.109901517864223,43.50557648195611,0.18617973316526087,27.720983107238986
36061004200,166447.0,0.32402866842700867,0.24405884571859676,31.670691248307605,57.148789235772945,0.18034057111491403,36.26542599028885
36061004300,93816.0,0.5799442896935934,0.333983286908078,23.777052271504154,42.904960244110846,0.22886909596396843,28.15483927687663
36061004400,150697.0,0.7175737233277392,0.35279309518101176,30.135046074241565,54.37776470379902,0.23901997637094935,35.92954010824596
36061004500,185208.0,0.5644699140401146,0.3046800382043935,33.4079192645273,60.28356381252692,0.21305533705632768,39.13391877230742
36061004700,156000.0,0.7659411989308896,0.40588010691103477,30.66068516286655,55.3262642883011,0.2676688546272405,37.262892476089185
36061004800,171472.0,0.5521021021021021,0.32627627627627626,32.14520229189676,58.005029833981304,0.22470993909838127,37.956162563973216
36061004900,151546.0,0.7294220665499125,0.3585814360770578,30.21981458464418,54.53072687620151,0.24214370604102514,36.106548984160185
36061005000,190380.0,0.7048117154811715,0.3286610878661088,33.871171491316446,61.11948822176096,0.22599692389324527,40.02920725366575
36061005200,229963.0,0.5610630038817558,0.3177067781427292,37.22618568475858,67.173508246799,0.22008533317793427,43.817152148612315
36061005400,139891.0,0.7843677187036645,0.3323448421944503,29.034506172243372,52.39187426611514,0.22798489469513267,34.35963327748018
36061005501,230167.0,0.616018634653288,0.3157140297437735,37.242693684821525,67.20329642568353,0.219009928772664,43.80436315708379
36061005502,149853.0,0.6430419037765132,0.2990170719089498,30.050539778110952,54.225275688993506,0.20999926690506898,35.12721659701993
36061005600,228750.0,0.5337754851387866,0.33873741095553916,37.12787624640434,66.99611188596985,0.23143470130908889,44.040422440276664
36061005700,222237.0,0.7155322862129145,0.28307155322862126,36.59550456212361,66.03546353947445,0.20139412586361538,42.52453936582788
36061005800,221875.0,0.7155485040797824,0.3846328195829556,36.56568735849666,65.98165931170068,0.25620256695909654,44.102134882504316
36061005900,163583.0,0.6618281679089839,0.2563750490388388,31.397035263264986,56.65498541918765,0.18698711982810512,36.11994661568281
36061006000,206087.0,0.6381890509566206,0.24928963818905095,35.24072667362647,63.59080846693492,0.18316341481596976,40.4334244652009
36061006100,244014.0,0.5985915492957746,0.3468812877263581,38.34660576217031,69.19527185017324,0.23582961687389703,45.621634866774826
36061006200,101598.0,0.47757378573088544,0.2316988147803858,24.743557241444957,44.64898876528895,0.17367037043770134,28.20054090791324
36061006300,176827.0,0.7008386103029266,0.391579667978778,32.64328418452428,58.90380330503544,0.2599514955099999,39.4697454027701
36061006400,113556.0,0.5923919889154805,0.26250157450560524,26.159208508806447,47.203487979578114,0.19029335381098716,30.16379502783529
36061006500,119467.0,0.6389898603405395,0.2806581212932849,26.831412463914614,48.41645936225933,0.2000916958446321,31.15040110269032
36061006600,135367.0,0.5985230234578627,0.29643788010425715,28.56116765541987,51.53774945642803,0.20860738309763144,33.35425225745685
36061006700,129494.0,0.7948457792207793,0.4265422077922078,27.93472366257826,50.40735051962446,0.2788193412222349,34.20052667839299
36061006800,153913.0,0.5467525195968646,0.3002519596864502,30.454902125784574,54.95493512082915,0.2106656850824135,35.616218361227375
36061006900,239038.0,0.6603112840466926,0.35175097276264594,37.95360467764815,68.48611346860532,0.23845758573491682,45.234313010369924
36061007001,157802.0,0.6476758045292015,0.3387365911799762,30.83726181640351,55.64489143406891,0.23143425890991182,36.57859719227948
36061007002,158158.0,0.7010337323177367,0.4012513601741023,30.872026523362088,55.707623279586336,0.2651709102633729,37.457704322144146
36061007100,167963.0,0.668717375093214,0.30891126025354215,31.814592724027616,57.40845502715598,0.2153387536851985,37.32594313437386
36061007200,160880.0,0.7009966777408638,0.37070874861572534,31.13655682324582,56.18496007770056,0.24868831816316106,37.36580210126882
36061007300,170434.0,0.6768802228412256,0.3201601671309192,32.047759649722266,57.8291975802251,0.22140932637603383,37.75601045492043
36061007400,194636.0,0.6781434278105384,0.36922198972798176,34.24767881019578,61.798884110018086,0.24788597549998687,41.07723621214264
36061007500,157350.0,0.6790770844257997,0.3390141583639224,30.793065805572795,55.56514109050286,0.2315840505105628,36.5298833396095
36061007600,164188.0,0.5930753564154786,0.3837067209775967,31.455041521968724,56.75965593070334,0.25570278960615045,37.92550201619015
36061007700,170655.0,0.7331661891117478,0.3311246418338109,32.068530917195595,57.866678694157414,0.22732640271298804,37.9331310479904
36061007800,126617.0,0.658226343319068,0.3862339514978602,27.622664344347115,49.84424906829116,0.2570666320440865,33.33509228801373
36061007900,159763.0,0.7824545857332743,0.2651750110766504,31.02827700728375,55.98957247683046,0.19173609764519084,35.814258392783216
36061008000,176988.0,0.6948223733938019,0.37717309145880573,32.658141567747656,58.93061299655024,0.2521768582991205,39.283450872416495
36061008100,161474.0,0.7292686779339757,0.3672405623124309,31.193984950774997,56.288587369275554,0.24681668056414685,37.38775141978631
36061008200,191250.0,0.6084877465630604,0.3135086670651524,33.94847564674214,61.25898119495928,0.21781978517949863,39.8972440983983
36061008300,79036.0,0.5395425737117663,0.2504822265086801,21.82388340492361,39.38052703793478,0.18380700571448716,25.050917501503708
36061008400,250001.0,0.7120481927710843,0.38795180722891565,38.81418123587089,70.03899742562177,0.2579936881750882,46.86998672725393
36061008601,168320.0,0.6753206130747575,0.3619017829214889,31.848385228454845,57.46943256307774,0.24393556076056605,38.09826977729909
36061008603,189926.0,0.729568234387047,0.3097532767925983,33.83076102144283,61.04656877053651,0.21579315540288946,39.703746052458165
36061008700,147454.0,0.6988795518207283,0.40423669467787116,29.80902941327021,53.78947765634792,0.2667819725922855,36.20658069920569
36061008800,106033.0,0.7807215332581736,0.34850620067643745,25.27784700986738,45.61309823568248,0.2367065156061262,30.09133347150528
36061008900,98952.0,0.5635151307915883,0.3239870063258677,24.41922321333824,44.063737977141066,0.2234745141993763,28.80927160686155
36061009000,152716.0,0.7326217843459223,0.3531746031746032,30.33624524624292,54.74082242757801,0.23922586055440626,36.17445122391423
36061009100,188145.0,0.6553917765709852,0.3742435996896819,33.671766192503895,60.75966748703217,0.25059593199885616,40.45988406329923
36061009200,170341.0,0.7301136363636364,0.4140625,32.03901477387696,57.81341772045954,0.2720845558658603,39.0518317523056
36061009300,105682.0,0.5540777399731931,0.3168367872976596,25.235973823517966,45.53753935752125,0.21961583487708358,29.69451908757992
36061009400,120625.0,0.5454545454545454,0.5584415584415584,26.96113801856238,48.6505451396405,0.3499999994603411,34.552430499234845
36061009500,200455.0,0.4948305571510626,0.30183802412406663,34.75585711992626,62.7158762555094,0.21152161886921222,40.67000563109896
36061009600,91538.0,0.26582278481012656,0.2869198312236287,23.48660620635589,42.38085924387124,0.2034708833261753,27.33103656168741
36061009700,70816.0,0.5358498994862632,0.24748715657806566,20.657856325029783,37.27646699991408,0.1821906895758501,23.685612463679536
36061009800,141989.0,0.7165335558469424,0.253069495768268,29.251416843555734,52.783282907645265,0.18520324859233334,33.6095948840648
36061009901,250001.0,0.7213375796178344,0.4166666666666667,38.81418123587089,70.03899742562177,0.27348991757979213,47.35385364205002
36061009902,169241.0,0.5745501285347043,0.4071979434447301,31.93539909363381,57.6264464091828,0.2683800368389561,38.83036331861221
36061009903,139659.0,0.6606974552309143,0.38737040527803956,29.01042027481099,52.34841200426788,0.2576799294388962,35.024152336902986
36061010000,115536.0,0.8328285887341006,0.4572986069049061,26.386283257538974,47.61323738650888,0.29541730567845,32.65709285407931
36061010100,106528.0,0.5855434217368695,0.3712948517940718,25.33678132753307,45.71944340107923,0.24900461395858958,30.41215822860482
36061010200,96375.0,0.7172131147540983,0.48360655737704916,24.099151505506157,43.486178414963625,0.3096146252428269,30.10165857665043
36061010300,158343.0,0.6162828413882582,0.3091144988647421,30.89007700365828,55.74019481665712,0.2154484332101802,36.24399595155727
36061010400,188971.0,0.8666666666666667,0.40520833333333334,33.7455986607066,60.89289590730856,0.26730632603849197,41.00224294957063
36061010601,250001.0,0.7088071938640571,0.33588997619677335,38.81418123587089,70.03899742562177,0.22989805780461986,45.992705833200866
36061010602,202674.0,0.6857770675189773,0.435477427087495,34.94769814444667,63.06204748969986,0.28364131182185665,42.92208907375224
36061010801,162455.0,0.69102416570771,0.39355581127733025,31.28859758813285,56.459312966295585,0.2610179388250828,37.858605834893694
36061010802,157532.0,0.6756228627259404,0.28651685393258425,30.81086916858133,55.59726671202106,0.20325341304531086,35.84878906638336
36061010803,116758.0,0.6652173913043479,0.28043478260869564,26.525457309194316,47.864372686423266,0.19997116913619245,30.792625165277066
36061010900,150625.0,0.435,0.345,30.127846254265616,54.36477284987595,0.2348143632123878,35.81902473903924
36061011000,144856.0,0.6920201294033069,0.2635514018691589,29.545258952902167,53.31351196529274,0.19085990248925006,34.081665405186854
36061011100,104119.0,0.658275645059786,0.407384099014055,25.048663043345318,45.19954281005887,0.2684804973483824,30.45878126512003
36061011201,207850.0,0.728421052631579,0.27789473684210525,35.391141529464356,63.86222745260887,0.19860041083654417,41.0455108907634
36061011202,206295.0,0.8365384615384616,0.38653846153846155,35.25850611277781,63.62289091858789,0.257230963597073,42.55470414821451
36061011203,174453.0,0.6828110161443495,0.3181386514719848,32.42341668333059,58.50705915483677,0.22031839746294063,38.170122992649134
36061011300,91250.0,0.1885245901639344,0.06557377049180328,23.449629915810057,42.31413666372429,0.08401951208183372,25.034616568434274
36061011401,250001.0,0.7302284710017575,0.3163444639718805,38.81418123587089,70.03899742562177,0.21935014821356014,45.66334929503392
36061011402,217500.0,0.7731055628558914,0.316688567674113,36.20338569552652,65.32789709304507,0.21953584683835625,42.59725996893411
36061011500,130302.0,0.5960804275897175,0.3509798931025706,28.021739882766838,50.564368615272,0.23804146573517482,33.387820267776235
36061011600,105893.0,0.622534369396294,0.3493723849372385,25.261153775243372,45.58297580672407,0.23717395964990484,30.08096077375032
36061011700,114517.0,0.7438131063155811,0.4599089289249654,26.269665185514594,47.402803658777735,0.2968259891836114,32.542529917395164
36061011800,157480.0,0.7134855210314944,0.3307968716973156,30.80578354333079,55.58808985751869,0.2271495186422805,36.435072493444125
36061011900,15843.0,0.19335604770017037,0.10817717206132879,9.770983222512797,17.631438999282867,0.10701081683027847,10.612137015843244
36061012000,159605.0,0.6849015317286652,0.2522663332291341,31.012930273499894,55.961879767265174,0.18476981478142912,35.62274305045413
36061012101,68434.0,0.3977491961414791,0.322508038585209,20.307455919105085,36.64418023391588,0.2226763760980533,23.945258486840107
36061012102,58180.0,0.5222680412371135,0.22804123711340207,18.724335533161188,33.787488140843934,0.1716965261040395,21.310626508075316
36061012200,218869.0,0.7057845744680851,0.2576462765957447,36.317143603283554,65.53316974223793,0.18767314909076266,41.800207232699165
36061012400,157375.0,0.6520228851655088,0.32304863097670616,30.79551193226415,55.5695550509571,0.22296811159239682,36.31933354294773
36061012500,136865.0,0.5912713472485769,0.40037950664136623,28.718764830631656,51.8221287167264,0.26470040674654854,34.83423464849445
36061012601,118758.0,0.6546377607025247,0.24190450054884743,26.751675883444573,48.272577152807806,0.1791779595743727,30.607747061090603
36061012602,217106.0,0.6786813186813186,0.35428571428571426,36.17057971927173,65.26869971689815,0.23982548155235045,43.149050359970566
36061012700,145545.0,0.6788977306218685,0.5402298850574713,29.61544083850143,53.44015302142996,0.3401719078684201,37.719938636184224
36061012800,189583.0,0.6469271469271469,0.2830687830687831,33.800198605414174,60.991419829881444,0.20139263092220938,39.276310185797456
36061012901,120911.0,0.6984910449866027,0.416020307431956,26.993081315085902,48.70818583671925,0.2731411040673792,32.92436893906337
36061012902,102684.0,0.4159425765017,0.3944087646392142,24.875449974461272,44.88698514944688,0.2614782426965303,30.10803102567631
36061013000,169674.0,0.6463936430317848,0.22402200488997556,31.97622606350215,57.70011742185025,0.16952751167093685,36.33713335597642
36061013100,109764.0,0.6581143740340031,0.446676970633694,25.718729992065974,46.40865803037603,0.2896852451517794,31.712296868016498
36061013201,146250.0,0.6221934369602763,0.3018134715025907,29.687080754772747,53.56942504911507,0.21150836882855983,34.73839644027115
36061013202,93333.0,0.591120855028775,0.3165250753631132,23.71576669221426,42.79437229935869,0.2194476167579461,27.90252122376689
36061013203,117741.0,0.6662782568165929,0.3404800745746912,26.636883820408435,48.06543840218952,0.2323751452376463,31.616347303582643
36061013300,151250.0,0.7337941628264208,0.4682027649769585,30.190287453382222,54.47744607509753,0.3013018316088653,37.508052830680086
36061013400,128580.0,0.6058044519582981,0.23471400394477318,27.835964065663184,50.22914186150396,0.17529754409986792,31.76143313786577
36061013501,84129.0,0.5523864959254947,0.3092743500194024,22.516061168304063,40.62954054392297,0.21553469830817212,26.420144480839383
36061013502,97942.0,0.5839052848318462,0.32378174330816745,24.294280446265375,43.838282592981656,0.22336374218541327,28.659701903035675
36061013601,250001.0,0.7936879018118059,0.2706019871420222,38.81418123587089,70.03899742562177,0.19466481356891485,44.89255425817238
36061013602,164093.0,0.5952914798206278,0.269859064702114,31.445940182891732,56.74323284398899,0.19426388886358326,36.36029063295667
36061013603,153977.0,0.6464075915047447,0.22774514234071397,30.461233336138392,54.966359595378215,0.1715367359252627,34.66476270808484
36061013604,160556.0,0.786697247706422,0.4205848623853211,31.105187701012788,56.128355460486766,0.2756044067640565,38.00168300672008
36061013700,165600.0,0.8043136020151134,0.4239609571788413,31.590007040029732,57.00319706105924,0.277426346360377,38.64029549692594
36061013800,152500.0,0.6370913380519043,0.3480788675429727,30.314784012296876,54.70209629034576,0.2364759014781777,36.08179566787832
36061013900,106915.0,0.7399098325461572,0.3374838986689566,25.38276193916263,45.802414001952684,0.2307582322496945,30.094764752325894
36061014000,215987.0,0.5877458396369137,0.28996469994957136,36.07724474214457,65.10027961850669,0.20511407382782837,42.030277660482355
36061014200,250001.0,0.7656402737047898,0.2631964809384164,38.81418123587089,70.03899742562177,0.19066836625083528,44.76776592525332
36061014401,201585.0,0.7147096227214922,0.2598558711318355,34.85368188166686,62.89239803228154,0.1888655764434673,40.14923017018746
36061014402,156389.0,0.6521978779109825,0.3246520600799228,30.698888946580958,55.395201842154464,0.22383341637550008,36.22674903387549
36061014500,202780.0,0.6342423800495843,0.25113023187983086,34.95683590204129,63.078536292510265,0.18415670757907754,40.13563565747532
36061014601,145189.0,0.7423363711681856,0.2899751449875725,29.579199291614096,53.374756263638844,0.2051197105855272,34.460137050937234
36061014602,136671.0,0.7621444457450545,0.2783565492215849,28.698403832223157,51.78538792071553,0.1988496319964061,33.28924212212675
36061014700,224554.0,0.6885676741130092,0.32293035479632065,36.7857787356674,66.37880743922106,0.2229042827992126,43.38219157468954
36061014801,199167.0,0.6696990902729181,0.26836948915325404,34.644017343276715,62.514064814963014,0.19346002616417451,40.035757456345934
36061014802,171442.0,0.6114160263446762,0.25043123725889915,32.14239017606345,57.99995545736589,0.18377948891213292,36.894480307973325
36061014900,179732.0,0.6987910778137238,0.2446790396730802,32.910331734203346,59.38568240305967,0.18067526430102976,37.693772713761405
36061015001,172788.0,0.6912784935579782,0.30822596630327054,32.26831927333665,58.22719064406558,0.21496892870708623,37.8486700423473
36061015002,235643.0,0.7297060114085125,0.22619569986836333,37.68311780666918,67.99802822097288,0.17070056550788743,42.857890157711765
36061015102,174659.0,0.5576257949347316,0.3003458663393953,32.4425543686577,58.5415925199801,0.21071636264327082,37.94204875639231
36061015200,147285.0,0.5351941747572816,0.24599514563106797,29.791942151281955,53.75864421711772,0.18138551259216584,34.1391546906373
36061015301,181813.0,0.6741166453810132,0.2777777777777778,33.10030708602695,59.72848708819389,0.19853729283676058,38.38699385682714
36061015302,151935.0,0.6709156193895871,0.26068222621184917,30.258575006572247,54.600668866608025,0.18931152631542797,34.86681394892903
36061015401,118167.0,0.6925391095066186,0.2751704773365423,26.685027912418892,48.15231293693465,0.19713023995349788,30.916878960451815
36061015402,173737.0,0.4766987763603228,0.24342619109606872,32.35681124918136,58.38687169545017,0.17999915341841116,37.04220009293982
36061015403,126472.0,0.5521435692921236,0.1860418743768694,27.606843271006547,49.81570042757048,0.14903119628664738,30.916655821208536
36061015501,193056.0,0.7797112912794146,0.36800474589677673,34.10838907026626,61.54754005416761,0.2472290790352591,40.89214509752561
36061015502,152337.0,0.7452054794520548,0.2593607305936073,30.298578665139818,54.67285423933051,0.18859836944617775,34.89552729486398
36061015601,108368.0,0.5857371794871795,0.30388621794871795,25.554658733415515,46.11259648543694,0.21262694489182082,29.925830230904058
36061015602,58125.0,0.3922393641888733,0.3034128097241702,18.71548298970269,33.7715139981786,0.21237146593098633,21.912954366075105
36061015700,161886.0,0.6949967021577311,0.3439178366154716,31.233755236827328,56.360351628464954,0.23423036411267512,37.11916705855284
36061015801,180264.0,0.6909361069836553,0.300334323922734,32.95900242068671,59.47350716135088,0.21071013367541336,38.54587725892944
36061015802,93537.0,0.4873777575619741,0.3297702979304071,23.741670582856194,42.841115074092464,0.22659551897436114,28.06951911946988
36061015900,170824.0,0.7561399695718322,0.3466637687459248,32.084405754244656,57.89532434983813,0.23571223082058973,38.16835495594064
36061016001,250001.0,0.7405084186200066,0.2621327170683394,38.81418123587089,70.03899742562177,0.1900942966128179,44.74984070632612
36061016002,109762.0,0.5272901372486435,0.29013724864347273,25.71849568166231,46.408235224452106,0.2052071912658564,29.96417902126033
36061016100,152782.0,0.7468026550105229,0.2982030111704711,30.342799817829246,54.75264995060808,0.2095599517839145,35.45812683470696
36061016200,22923.0,0.2394493342360641,0.10844053261114872,11.753177192040248,21.208247111893854,0.10715294169441042,12.766315747878895
36061016300,122500.0,0.6621987737059746,0.2927420504776843,27.169872525418906,49.027200143633,0.2066128957536057,31.68587827805338
36061016400,29000.0,0.2778343949044586,0.15885350318471336,13.219607335666488,23.854375248157965,0.13435874984659996,14.648481457297578
36061016500,222391.0,0.6576588997656142,0.26347718185578384,36.60818186545127,66.05833934380314,0.19081984899861137,42.2278564684557
36061016600,60778.0,0.30693728165030776,0.22575278655797704,19.137832926576753,34.53363148203515,0.17046154339882846,21.762224510197644
36061016700,249141.0,0.6724413646055437,0.2314765458422175,38.7473635987445,69.9184270524831,0.1735504210274365,44.15711478501377
36061016800,33952.0,0.21366982124079917,0.16298633017875921,14.303826629122478,25.810815649198663,0.1365890667084506,15.875555519999072
36061016900,175647.0,0.7116556937332358,0.27066569129480617,32.53418446582203,58.70693621486322,0.19469919208181385,37.62999808591823
36061017000,48082.0,0.2318774296821404,0.18545620855248113,17.022009106596833,30.715692410227806,0.14871513651317397,19.058467088464482
36061017100,167801.0,0.6872823345742765,0.2862975861654858,31.799246465124945,57.3807631744992,0.2031350832437187,36.995749991384265
36061017200,30507.0,0.20173142742097847,0.26353935977451176,13.558739208065422,24.46632829164878,0.19085340386572136,15.64048971263589
36061017300,157896.0,0.6509584664536742,0.26277955271565495,30.84644506839701,55.661462330124216,0.19044336722553223,35.572300513480045
36061017401,39950.0,0.32847834419317745,0.19566883863549253,15.51593488294604,27.99802774967358,0.1542264732109837,17.441004044073406
36061017402,71435.0,0.35231316725978645,0.2957690786872281,20.747944662337552,37.439028636508546,0.20824645846183654,24.22380378784778
36061017500,184375.0,0.6540242340656093,0.29199093685351196,33.33270610329217,60.14784397409704,0.2062075506027995,38.86219000270721
36061017700,117398.0,0.6083872313790946,0.2615272272063426,26.598056585724528,47.995375850218004,0.18976753862105178,30.65857319563627
36061017800,55076.0,0.33901234567901234,0.271358024691358,18.21800228022167,32.87382534364022,0.19507281595974935,21.076954955410564
36061017900,132808.0,0.6238866831205065,0.2979933469256358,28.28991709562796,51.04828615579794,0.20944680460856524,33.056584773382994
36061018000,28413.0,0.2023863464733424,0.18894426823742638,13.085131821160024,23.611718314160267,0.15059749895943236,14.670409419586003
36061018100,120703.0,0.6280129511931887,0.20230243434464565,26.969853578825713,48.666272100339135,0.1578063521621567,30.393686240689203
36061018200,37257.0,0.19317073170731708,0.1873170731707317,14.983852780973502,27.037901945555536,0.1497193686626651,16.78857741172345
36061018300,150462.0,0.6085011185682326,0.282114682679854,30.111540301620607,54.33534925934892,0.20087774215759557,34.97756435150601
36061018400,39365.0,0.18431823995906882,0.20670248145305706,15.401913655025472,27.792279947336468,0.16018087673648934,17.38661339081409
36061018500,145511.0,0.7236363636363636,0.26606060606060605,29.61198148297225,53.433910720670596,0.19221401685843936,34.19089019106775
36061018600,51832.0,0.15559993343318357,0.14677983025461808,17.673336233098514,31.89099219715542,0.12784308481652334,19.49096523040359
36061018700,140838.0,0.48473985078965215,0.31799244259277204,29.132615774730684,52.56891002926263,0.22023949454028496,34.29421337524619
36061018800,40572.0,0.24511930585683298,0.3358311970025636,15.63625573701506,28.215143033831648,0.22986633708943843,18.527718484595155
36061018900,37210.0,0.3154951306527818,0.18628868961527337,14.974398674062988,27.020842300124833,0.14916439232625106,16.771299117236943
36061019000,87708.0,0.4702520135100026,0.24110158482722785,22.990010013588694,41.48476667256507,0.17874465896073632,26.295848985159232
36061019100,141698.0,0.6372549019607843,0.28673587081891583,29.221426745383408,52.72916669697676,0.20337160745686472,34.002233607016905
36061019200,19441.0,0.11958762886597939,0.17548682703321877,10.823777513293557,19.53117394856882,0.14333507106725363,12.071852800154488
36061019300,76250.0,0.4106920845420638,0.33340240364691254,21.43578934530066,38.680223232022975,0.2285556171432942,25.377101574567213
36061019400,38418.0,0.23446893787575152,0.22814860490211192,15.215524671361523,27.45594675335068,0.17175446808659142,17.31787185520894
36061019500,119547.0,0.5386884806222342,0.23990881051361138,26.840394667239,48.4326674721687,0.17810096768890865,30.685999348399882
36061019600,24665.0,0.16523235800344235,0.2043275141381854,12.191583468572018,21.99933776731152,0.15889920449220382,13.750027824496717
36061019701,60398.0,0.6096096096096096,0.2752752752752753,19.077911743020493,34.42550554746156,0.1971867950936429,22.104254577717278
36061019702,101667.0,0.5894736842105263,0.26842105263157895,24.751958074483564,44.66414781038096,0.1934878528540721,28.604724912105244
36061019800,98347.0,0.38279400157853194,0.27348066298342544,24.344458271170577,43.92882693624635,0.19621831660161704,28.187270122337203
36061019900,103636.0,0.5048263619216687,0.29623876622656165,24.990496100252827,45.094582348500914,0.20849992952178797,29.1821966661125
36061020000,65064.0,0.5172647257955315,0.2081922816519973,19.801128224785455,35.730527467070964,0.1609848606703128,22.365520342366572
36061020101,153826.0,0.22064777327935223,0.3699392712550607,30.446293525432452,54.93940116600381,0.24827306285855355,36.52727237828134
36061020102,78235.0,0.4185414091470952,0.27070457354758964,21.713013376515768,39.18046547829382,0.19472017523550855,25.114278710691842
36061020300,65806.0,0.19745547073791347,0.20712468193384223,19.913715720140445,35.93368814304672,0.16040872098274817,22.483459006677737
36061020500,208500.0,0.3749554049232965,0.22244024259721726,35.44643689878639,63.962006247530745,0.16867389957489198,40.25626917943736
36061020600,51100.0,0.3940193491644679,0.1961301671064204,17.54809619832118,31.66500040255721,0.15447543322528978,19.728811091070455
36061020701,82778.0,0.5423669467787114,0.31057422969187676,22.334540455230847,40.301991994634434,0.21623618993994698,26.21975371904211
36061020800,76513.0,0.43549255338237935,0.28045935761708235,21.47272547433602,38.74687334195829,0.19998443125814047,24.92728611111148
36061020901,28015.0,0.13956238911886457,0.1543465405085748,12.993162495406947,23.445762491711978,0.13192652733479263,14.372137714539136
36061021000,46942.0,0.2675521821631879,0.1609740670461733,16.81900698827987,30.3493813252201,0.13550313100353178,18.652415074585107
36061021100,79522.0,0.5387399726081001,0.33643122676579923,21.890879155704738,39.50141881169068,0.23019014849032332,25.94465189411087
36061021200,80909.0,0.4091743119266055,0.2271151885830785,22.080961129129605,39.844415892228284,0.1711967757745318,25.122007311188845
36061021303,55466.0,0.23319228960977903,0.27519197617928226,18.282390465111586,32.99001184486616,0.1971418419952824,21.1818780352856
36061021400,59615.0,0.4410751206064783,0.35354927636113026,18.953845255924474,34.20163138359556,0.23942805627341374,22.604593050945486
36061021500,66667.0,0.31968426245683274,0.31623088307844105,20.043567024829823,36.16800083251415,0.2192888532737558,23.5794756242055
36061021600,71833.0,0.3872800786799257,0.30805376461588896,20.805662951622242,37.54317951605578,0.2148759985342143,24.40215353638785
36061021800,41902.0,0.39386275501601753,0.26117012308211096,15.89047695168833,28.673877404443186,0.18957482420284422,18.31388784523389
36061021900,20912.0,0.14222222222222222,0.14037037037037037,11.225801061501352,20.25661308863093,0.1243841627576547,12.349091054517622
36061022000,89896.0,0.49098656178302197,0.25319567354965583,23.27500271931929,41.999027253296816,0.18527134155480807,26.744027864034443
36061022102,72083.0,0.4985200845665962,0.35602536997885836,20.841836423294826,37.608453434213565,0.24076430222687267,24.87863926863389
36061022200,82438.0,0.44958583261925167,0.24107397886318194,22.288625131162235,40.21913920315867,0.17872976115659694,25.493341628665156
36061022301,49410.0,0.2767537826685007,0.2797799174690509,17.255477565884874,31.136979071401196,0.19961776533649506,20.026471875931236
36061022302,39004.0,0.2961974649766511,0.29452968645763844,15.3311287326905,27.664550729938725,0.20757760941684072,17.891270986808365
36061022400,27551.0,0.10604530370797864,0.13389121338912133,12.885113245226151,23.25079093970976,0.12088762804021408,14.138195434741629
36061022500,58015.0,0.29033474776049034,0.29457802923149456,18.69776532895701,33.73954302376042,0.2076036980249134,21.82049400326686
36061022600,61521.0,0.33669833729216153,0.21872525732383213,19.25445584981031,34.74407396362419,0.16666907471561412,21.836096168537885
36061022700,70120.0,0.43888303477344576,0.26396206533192834,20.55608998596163,37.09283276796428,0.1910815206810786,23.715955943858546
36061022800,74614.0,0.3193341478313989,0.21701282834453267,21.204582103388027,38.263016868124765,0.16574494717948554,24.03193147243402
36061022900,59145.0,0.27422972494392633,0.2463699681265494,18.8789820929109,34.06654310620235,0.18158778888707916,21.636857715902103
36061023000,38636.0,0.21662926151544298,0.2197285454739767,15.258633268740287,27.53373489275482,0.16721050809324792,17.31115924818801
36061023100,67175.0,0.2993845252051583,0.2709554513481829,20.119787709243713,36.305538715562676,0.19485556367294693,23.273671345049962
36061023200,29571.0,0.14225670869705787,0.1687681862269641,13.349117694604088,24.08807271149229,0.13970929677268576,14.849449548087046
36061023300,83232.0,0.381840969224342,0.23283665227684167,22.395704147236266,40.41235999752689,0.17428441456731225,25.53572646456491
36061023400,72423.0,0.2768878718535469,0.3146453089244851,20.890931827092956,37.697044581849305,0.21843318407289708,24.561944548002515
36061023501,80337.0,0.36505503692350566,0.21736101435140032,22.002770124063755,39.70332262610387,0.16593284885630294,24.93987322705783
36061023502,44799.0,0.18856837606837606,0.19444444444444445,16.430611100850516,29.64853288030568,0.15356571799094165,18.460430749260652
36061023600,42692.0,0.19222741278202962,0.12374515455720107,16.039573161745142,28.94291693432224,0.11541221711041669,17.528776674676152
36061023700,60116.0,0.28929765886287623,0.31225296442687744,19.033321974942552,34.34504468104159,0.2171421340773233,22.358142119745107
36061023802,115000.0,0.49764428739693756,0.1735374950922654,26.325005866691445,47.502664217549366,0.14228309673987047,29.338228678550486
36061023803,73750.0,0.5577689243027888,0.3286852589641434,21.081454372679804,38.04083666131607,0.22600996804137768,24.914443821735997
36061023804,189327.0,0.6100294985250737,0.4218289085545723,33.777370150668,60.95022658472494,0.2762757673490021,41.28457191305135
36061023900,46458.0,0.3064839572192513,0.3064839572192513,16.732075334845643,30.19251582768236,0.2140288380042374,19.612997772552667
36061024100,61484.0,0.316931085770947,0.24467030242935053,19.24866496528373,34.733624490428184,0.18067054916970576,22.04634110656224
36061024200,38235.0,0.07620917365696948,0.16027128324112083,15.179242657957495,27.39047697497358,0.1351238674696596,16.829271865450938
36061024301,71706.0,0.2893820713664056,0.21366405570060923,20.787262716864845,37.5099768578064,0.16393775222431156,23.528746884220514
36061024302,22973.0,0.05280619297760575,0.1141830246060271,11.765988315278472,21.231364390139365,0.11025192859700068,12.809564282427793
36061024500,50184.0,0.25584554880228816,0.2177332856632106,17.390104579004273,31.379909379990952,0.16613374838224726,19.71428328972815
36061024900,76563.0,0.3883129123468426,0.3477851083883129,21.47974036677291,38.759531499819275,0.23631737173645262,25.563255191489283
36061025100,39115.0,0.18606375092661231,0.22535211267605634,15.352928372072464,27.703887509382156,0.17024531617319372,17.45562131544595
36061025300,70266.0,0.2827856792545365,0.30632663070132415,20.57747923677858,37.13142901385185,0.2139439353489231,24.119096397654065
36061025500,93149.0,0.4380708805261235,0.26251370113262695,23.6923781057396,42.752168313708886,0.19029989805316394,27.31945423923085
36061025700,90792.0,0.45511845251032385,0.3257987394044773,23.390706952335567,42.2078119866167,0.22445223207632037,27.614248178494528
36061025900,75406.0,0.3422448546573308,0.3172077233184808,21.31682443318591,38.46555470345837,0.21981601380136406,25.086389962951994
36061026100,47837.0,0.1453543442693533,0.23887023163695859,16.978586221442896,30.637337148190255,0.17754048935669253,19.4035675449788
36061026300,58184.0,0.23671376766287358,0.24796798799549832,18.724979191246774,33.78864960208217,0.18245017452877765,21.473348486747675
36061026500,91589.0,0.37543554006968644,0.26854156296665005,23.493148025727947,42.3926637559225,0.1935528873287123,27.151203864421518
36061026700,71719.0,0.21773015099853874,0.3901607403799318,20.789146953667444,37.51337690522114,0.25918575860545223,25.123829180752914
36061026900,66208.0,0.14942678478374152,0.35825951016154245,19.974448214703596,36.0432780634037,0.24196997585617225,23.8626225852305
36061027100,77021.0,0.33245417380983777,0.3199261506000264,21.543890495506794,38.875288436026224,0.2212830372728234,25.37903487196889
36061027300,119902.0,0.5791991253245866,0.34973349733497333,26.880216983505743,48.50452561828131,0.23736883716857465,32.01315397871679
36061027500,167955.0,0.7151181612172224,0.34088701845257363,31.81383505783776,57.40708784179663,0.2325947561223931,37.76669144750143
36061027700,55585.0,0.16661690056733353,0.2185727082711257,18.301992011988922,33.02538223392415,0.16658675026191677,20.754713741899195
36061027900,64509.0,0.31400099651220725,0.2920777279521674,19.71649492369519,35.57780927571814,0.20625438819146913,22.98796061128425
36061028100,119063.0,0.6511483550589696,0.2734326505276226,26.786006324801285,48.33452537939003,0.19619240625262102,31.0136621293015
36061028300,72444.0,0.338170191834727,0.21273979340875554,20.893960407589336,37.702509562298076,0.16343896585428835,23.641132298945905
36061028500,47846.0,0.14730290456431536,0.16273340248962656,16.98018331249607,30.640219049923076,0.1364525720304217,18.844130322895463
36061028700,88138.0,0.37865533616595853,0.3331667083229193,23.046296882661416,41.586334598322,0.2284284220644489,27.281368443065134
36061029100,58731.0,0.23912842766134243,0.26294894284922904,18.812792017732978,33.947105149317046,0.19053478011837427,21.696405042501972
36061029300,46227.0,0.1205485766970151,0.2120548576697015,16.690425608852273,30.11736017686751,0.16306933418804698,18.87994688904499
36061029500,75938.0,0.3511005038451339,0.3520286396181384,21.391888874683143,38.60100618169081,0.23860743112420463,25.498112147223335
36061029900,42607.0,0.1553935860058309,0.18571428571428572,16.02359776809685,28.914089827347947,0.1488544101499511,17.942404360119298
36061030300,96414.0,0.41014909756735546,0.343185979597175,24.104027105216332,43.49497628483171,0.23383541096057797,28.638317675547377
36061030700,120114.0,0.6907322068612392,0.4078341013824885,26.903970087221595,48.5473873640926,0.26872334513069607,32.720061577921875
36061030900,44217.0,0.1680121568999905,0.13923449520372305,16.323534191715257,29.455315887843735,0.12377117761678606,17.948870276451636
36061031703,250001.0,0.5859060402684564,0.35956375838926175,38.81418123587089,70.03899742562177,0.2426738250176571,46.391626816111
36061031704,242705.0,0.7101606386123978,0.38178772050852466,38.243613298303515,69.00942511369853,0.254667183927462,46.0786559545724
36081000101,128641.0,0.6769565217391305,0.26260869565217393,27.842566151789544,50.24105512306158,0.19035116269091296,32.10614456999077
36081000102,213452.0,0.6794750158127767,0.4010120177103099,35.86490383294554,64.71711697229837,0.26504174697308225,43.51194480743933
36081000200,74509.0,0.20392491467576793,0.29180887372013653,21.18965685496104,38.236084715935284,0.20610929861284838,24.703084145240958
36081000400,81326.0,0.09585824081981213,0.2143467122117848,22.13778995662783,39.94696176531167,0.16430615388494735,25.063946480388907
36081000600,104958.0,0.16306584362139917,0.21887860082304528,25.149382706283458,45.3812883470925,0.16675182789943793,28.523089953777315
36081000701,136827.0,0.5866816521494802,0.3866254565889295,28.714777730848223,51.81493411767585,0.257277911250153,34.65793771560311
36081000702,122125.0,0.49455337690631807,0.29750665698378115,27.1282541105985,48.952100992867685,0.20918415805080337,31.693457146095632
36081000800,112708.0,0.2120541885540503,0.2457837987282278,26.061351160524204,47.02690740139284,0.18127145735545175,29.86180809457415
36081001000,95476.0,0.2135129618289447,0.28311900387834255,23.98648796143267,43.282880511412024,0.20141973302896043,27.873162197271533
36081001200,84656.0,0.1829852045256745,0.28024369016536116,22.586473508574848,40.75659744843394,0.1998680443987778,26.218100646917904
36081001400,84063.0,0.15254664649520927,0.29954614220877457,22.507227403439718,40.61360028665379,0.21028478440011616,26.314722121454498
36081001600,75028.0,0.16273490603758498,0.28588564574170333,21.263328138870843,38.36902228410772,0.20291277592851692,24.734292022065038
36081001800,88409.0,0.16265270506108204,0.26666666666666666,23.081700187644476,41.65021877435288,0.19254108285731802,26.656902863385547
36081001901,201425.0,0.6854103343465046,0.36119554204660587,34.839847280657736,62.867433919846086,0.24355443158819834,41.66609021335424
36081001902,153000.0,0.7584849975405804,0.46401049352352847,30.364439711444625,54.791698473724104,0.2990394350155623,37.669153370695625
36081001903,144531.0,0.7012065294535131,0.3534421575585522,29.512096360026874,53.253671085411625,0.2393702486584433,35.19512300558524
36081002000,115000.0,0.18645121193287756,0.24114356743318832,26.325005866691445,47.502664217549366,0.17876731524761041,30.11087899330545
36081002200,81219.0,0.21772805507745266,0.28141135972461273,22.123221902298376,39.92067415889595,0.2004981876665266,25.691578824827722
36081002400,74489.0,0.16292906178489702,0.21967963386727687,21.186812758409122,38.23095263109579,0.16718411250946955,24.036322156511506
36081002500,26511.0,0.15053050397877984,0.17506631299734748,12.639579077033888,22.80773207755277,0.14310813692599877,14.094724508916649
36081002600,130089.0,0.30883678990081154,0.27366997294860235,27.998827449468774,50.52302383339896,0.19632047940883324,32.420788481860654
36081002800,90914.0,0.26962025316455696,0.36265822784810126,23.406417082368872,42.2361604335483,0.2443437829961727,28.007347805643082
36081003000,93981.0,0.21509686038744155,0.2511690046760187,23.79795217205667,42.94267347248215,0.1841776316635465,27.32398160002769
36081003100,109926.0,0.46662657847263983,0.3842453397474444,25.737702050703426,46.44289252724697,0.25599346001800927,31.038095401125744
36081003200,120000.0,0.18528610354223432,0.27574931880108994,26.891199799540157,48.524343772354584,0.19744261690045906,31.16250435731703
36081003301,173910.0,0.7475022706630337,0.46624280956706027,32.37291701693329,58.41593405848857,0.3002441242319368,40.19217986093246
36081003302,57949.0,0.3311546840958606,0.30610021786492375,18.687126669236353,33.720345889180685,0.21382174964710426,21.901555905673327
36081003400,82143.0,0.17807692307692308,0.25384615384615383,22.248710060666603,40.147113684890016,0.18562237903488438,25.57105432232155
36081003600,85508.0,0.13254060324825986,0.23636890951276102,22.699847039194577,40.96117650089301,0.17619062861523027,25.91732215640105
36081003800,98125.0,0.2017738359201774,0.2501108647450111,24.31696621203901,43.87921836027151,0.1836065970342906,27.908724759302718
36081003900,56201.0,0.2265943012211669,0.21913161465400272,18.403125086709817,33.207873759817154,0.16688836906466908,20.873865447177025
36081004001,84630.0,0.12407063197026022,0.3378252788104089,22.58300480341601,40.75033827655515,0.2309424610806809,26.778613506976193
36081004002,47150.0,0.24667472793228537,0.19528415961305925,16.856228311557395,30.41654605940245,0.15401887775359602,18.944773233062662
36081004200,81806.0,0.18078840054372453,0.2822836429542365,22.203024358641034,40.0646752393355,0.2009689230731,25.79266110044189
36081004300,26203.0,0.05910041841004184,0.14801255230125523,12.565942406739813,22.67485696858637,0.12850833423793656,13.865022178036336
36081004401,81071.0,0.20083449235048678,0.2767732962447844,22.103055870899887,39.88428517486404,0.19799521543945353,25.623654197716593
36081004500,91111.0,0.4621818181818182,0.23381818181818181,23.431762842971093,42.281896079774654,0.17481410571809342,26.727032027429814
36081004700,59125.0,0.23248707099200752,0.15044663845792194,18.87578984025147,34.060782784364385,0.12982191049124506,20.847134635052285
36081005100,87250.0,0.27895667550839964,0.3448275862068966,22.92990599558782,41.376310818854,0.2347213185747758,27.25967045866896
36081005200,81912.0,0.2620741295394983,0.3444402845376264,22.217404469408415,40.09062370736826,0.23451230778268584,26.408894360408276
36081005300,112438.0,0.5712470502813578,0.44400072608458885,26.030116536469325,46.970545482008895,0.28824098596722986,32.06600642230837
36081005400,80464.0,0.12977810926720118,0.21536453477531234,22.02015469357424,39.73469254762279,0.16485543088809268,24.94049246448684
36081005500,95833.0,0.36218181818181816,0.2676363636363636,24.03129077241304,43.36372580720342,0.19306438845552393,27.763695519760994
36081005700,112273.0,0.45695364238410596,0.41967132695609516,26.01101024644214,46.936068768719615,0.2751114092408996,31.767732584954192
36081005800,89354.0,0.19078509647371922,0.25615435795076513,23.204731941723548,41.872225794283274,0.1868680219186838,26.693089592130573
36081005900,87414.0,0.40383216104778075,0.289837496968227,22.951446047898475,41.415179181403396,0.20504542760707473,26.737350103480907
36081006100,121711.0,0.5017354415734671,0.4219051291939838,27.0822331008215,48.86905749477847,0.2763169004952832,33.10230088899471
36081006201,67394.0,0.2629605477665471,0.2310074991848712,20.1525576989296,36.36467115505173,0.17329729582515213,22.962073120486124
36081006202,83278.0,0.1732064421669107,0.20029282576866764,22.40189203223889,40.42352584588359,0.15672184901233194,25.226275805736453
36081006300,126799.0,0.591044282881692,0.3985459352280238,27.64250970330958,49.880059408765334,0.26371090361794514,33.50679403038429
36081006501,94926.0,0.40438051650866297,0.3922850604772802,23.917299774816446,43.15803255455705,0.2603321668485048,28.926281431119374
36081006502,89697.0,0.45678691928367504,0.3296132883467428,23.24922686911928,41.9525155236063,0.22651078735544194,27.485723508383238
36081006900,121090.0,0.5073935113661443,0.40631207239020084,27.013054578930397,48.74422697762301,0.267901968641766,32.83487844543376
36081007100,89167.0,0.5830806549423894,0.31109763493026077,23.18043779951898,41.82838776114319,0.21651865023417916,27.218066754844365
36081007300,95714.0,0.5511964385086255,0.3291597106288258,24.016365788773307,43.336794132814404,0.22626601010396552,28.387922023679053
36081007500,76490.0,0.416323879627625,0.2736523056938731,21.469497854151662,38.74104920050831,0.1963109451176127,24.86009242260231
36081007700,135903.0,0.45529715762273903,0.34677002583979327,28.617657278448643,51.63968324546878,0.2357695734067874,34.04555051965296
36081007900,121667.0,0.43607901602683563,0.39396198285501305,27.07733738074684,48.86022331833089,0.26123713293115486,32.76783605004766
36081008100,117350.0,0.5219062259800153,0.3920061491160646,26.59261851504549,47.98556301876924,0.2601816498506297,32.1586701111873
36081008300,98676.0,0.3007103393843725,0.30820836621941594,24.385144004116974,44.00224309122784,0.21495943066522588,28.60202445518565
36081008500,75625.0,0.24903474903474904,0.2413127413127413,21.347756984257714,38.52137154142593,0.17885861143704573,24.419405837307856
36081008600,72205.0,0.1835071707953064,0.24511082138200782,20.859466301877156,37.6402660084152,0.1809082791423109,23.89525189941875
36081008700,25293.0,0.15853288875416793,0.11458017581085177,12.345813966037483,22.27764196106205,0.11046625477859523,13.44294580775305
36081008800,119656.0,0.1879139072847682,0.23206401766004414,26.852628083591743,48.45474229609013,0.1738674554213389,30.608532713439978
36081009100,102256.0,0.453072625698324,0.3324022346368715,24.823553817497118,44.79334012877972,0.22801586703737187,29.37698195781526
36081009400,72130.0,0.127696590118302,0.23695198329853862,20.848630027114176,37.62071228356357,0.17650528957200307,23.80899126251423
36081009500,121458.0,0.545940690325717,0.35342732134175986,27.05407061188192,48.81823914881486,0.23936224216203644,32.26359079167463
36081009600,121042.0,0.18530834340991537,0.2587666263603386,27.00770006930633,48.73456492953042,0.1882777558102658,31.098385425982247
36081009700,118433.0,0.46099476439790577,0.32120418848167537,26.715045714771588,48.20647913894538,0.22197274178782778,31.48555811688601
36081009800,81027.0,0.14885496183206107,0.2858354537743851,22.097057015260663,39.873460424185446,0.20288568938673796,25.703634875697126
36081010000,112798.0,0.17054020100502512,0.3542713567839196,26.071754386349802,47.04567970274294,0.2398177333987518,31.1016736162019
36081010100,116477.0,0.409804672539257,0.31214094216775184,26.49351884004459,47.806740700192194,0.21708168026839536,31.120228853378528
36081010200,104201.0,0.14769122312301727,0.30560451180824816,25.058524769439313,45.217337991781555,0.21355423746275248,29.363524755290662
36081010300,83500.0,0.43283582089552236,0.30177238805970147,22.431731305973845,40.477369898489115,0.211486197783038,26.248134798471753
36081010400,84275.0,0.10506512301013024,0.2622286541244573,22.5355902244408,40.664780125666915,0.19014606989881422,25.98278443460822
36081010500,82730.0,0.25821501014198783,0.29858012170385395,22.328064015845168,40.29030545875972,0.20976346283884056,26.095885981258256
36081010600,112583.0,0.14809873248832556,0.29319546364242827,26.046895342683744,47.0008223222729,0.206857584202498,30.381374057237103
36081010800,105625.0,0.17050691244239632,0.3204301075268817,25.229167345031847,45.525257276230654,0.22155500211268508,29.725867592617846
36081011000,80388.0,0.13317519484920365,0.2690613351406303,22.00975297904823,39.71592297336636,0.19383338700741137,25.44179987997591
36081011100,96500.0,0.39298831385642735,0.27879799666110183,24.114774944103786,43.514370429863256,0.19908786303520687,27.976998953111085
36081011200,67444.0,0.1600798403193613,0.38243512974051896,20.160031962684513,36.37815823434133,0.2550165640802521,24.2959228003021
36081011300,86285.0,0.4385130754268424,0.36892154743894534,22.802749072435244,41.14686005808147,0.24772383914532786,27.347022671507514
36081011400,127917.0,0.15076013513513514,0.21663851351351351,27.764105705075433,50.099475657761815,0.1655429448502166,31.46156862136218
36081011500,110729.0,0.4867032503165893,0.33938370620514985,25.831536851508503,46.61221454210752,0.2317834802913733,30.64815464944884
36081011600,75438.0,0.2179797003383277,0.3073948767520541,21.321347057562928,38.473715640183386,0.21452042383561293,25.00088043569132
36081011700,139000.0,0.5213214620431116,0.3104498594189316,28.941894533929474,52.2247594103867,0.21616907241548683,33.97492983744836
36081011800,84109.0,0.20109760878087024,0.28381027048216384,22.51338463589383,40.62471082342853,0.20179278120270638,26.168119518545865
36081011900,80417.0,0.3786407766990291,0.3713592233009709,22.013722634230486,39.7230860941701,0.24903935261507498,26.424051045518915
36081012000,79342.0,0.15450468813697513,0.2723196086424786,21.866089848660184,39.45668726881139,0.1955917432952896,25.30666546367318
36081012100,100000.0,0.410829607550919,0.2697466467958271,24.54819454764424,44.29646278708989,0.19420322154014413,28.383371859583498
36081012200,98107.0,0.20628887353144437,0.2795438838977194,24.314735763800687,43.87519358495879,0.19949038771946392,28.21685907851374
36081012301,109250.0,0.4920013059092393,0.3176624224616389,25.658441830853096,46.299869895896926,0.2200613962399504,30.200823311233137
36081012400,86538.0,0.11373048741637465,0.3631729850270787,22.836155068552706,41.20714015163421,0.24462157628819436,27.33009439754301
36081012500,119074.0,0.5311004784688995,0.39097744360902253,26.787243649849547,48.33675809442125,0.2596264997701787,32.3820686568406
36081012601,79097.0,0.21225710014947682,0.24476831091180867,21.832303619260724,39.39572105598444,0.18072344031935844,25.00642484219044
36081012602,82188.0,0.2324906755076668,0.3025279734769996,22.254803427543553,40.15810897819312,0.21189395617679524,26.048405669312668
36081012800,113068.0,0.2546661136457901,0.28328494400663623,26.102939186845084,47.101951717044486,0.20150928409575425,30.334435168523342
36081013000,72675.0,0.284640171858217,0.2513426423200859,20.927245865622854,37.762572148582024,0.1842713367632211,24.029513944628732
36081013200,83984.0,0.37625250501002006,0.31462925851703405,22.496649093682024,40.5945120517279,0.2184245223276972,26.449666165445315
36081013400,83601.0,0.33766008999653857,0.2454136379370024,22.445293702188696,40.50184282573714,0.18107169679072077,25.714823690174615
36081013500,90694.0,0.35700197238658776,0.22287968441814596,23.37807969341369,42.18502648588057,0.1689110482637753,26.554780790770316
36081013600,84848.0,0.36346336822074216,0.28924833491912466,22.612072088957426,40.802789300185744,0.20472748106482447,26.33621180237475
36081013700,103603.0,0.48085758039816234,0.31495661051556917,24.986517019473137,45.08740221949622,0.21860118074653379,29.380594258248706
36081013800,83082.0,0.3183787917410145,0.2612796329339791,22.37551437324318,40.375928170712555,0.1896339221688399,25.789003442319398
36081014000,113347.0,0.32666015625,0.308837890625,26.135124389394328,47.16002892611379,0.2152991591123018,30.661768656566444
36081014100,96731.0,0.4684278350515464,0.40914948453608246,24.14362045367459,43.56642126556923,0.26943320335400944,29.376767894530218
36081014201,63409.0,0.12662123543635964,0.34579028357880853,19.547670440875027,35.273170683813596,0.23524084677775353,23.246950434027667
36081014202,102627.0,0.12686826555439695,0.2015988877302746,24.868544821405663,44.87452501292754,0.15742667697144816,28.018019802513567
36081014300,97582.0,0.35677352637021714,0.32549120992761116,24.249590770192718,43.75764144565502,0.22428627105768617,28.624978711796533
36081014400,76795.0,0.16227801592161667,0.21494182486221677,21.512259536572333,38.81821134252996,0.1646273117221545,24.361291859180305
36081014500,79135.0,0.39567747298420614,0.2510390689941812,21.837547357445928,39.40518322041919,0.1841075107166557,25.07188106535458
36081014700,82485.0,0.3557901272896616,0.2728966159577771,22.29497788179178,40.230602546473435,0.19590313042728796,25.80862289977179
36081014900,62740.0,0.34211663066954645,0.32138228941684666,19.444277640772274,35.086601552901925,0.2220688555422618,22.91795060996026
36081015000,98636.0,0.10601137286758733,0.3090982940698619,24.38020103607233,43.99332365727018,0.21543968814843034,28.60564605720012
36081015100,78542.0,0.43163340724316335,0.352549889135255,21.755573410629474,39.257263752141455,0.23888872806427286,25.936529955288037
36081015200,79626.0,0.11385767790262172,0.22846441947565543,21.90518907974636,39.52724062993338,0.17192490023136958,24.934858534384315
36081015300,85188.0,0.4525627044711014,0.3462377317339149,22.65733195380855,40.88445933564336,0.23548231615611742,26.949498126555604
36081015400,80469.0,0.14136904761904762,0.3239087301587302,22.020838844642526,39.73592707720411,0.22343227176926744,25.97896125303678
36081015500,105368.0,0.3573200992555831,0.32903225806451614,25.198455653370115,45.46983897228239,0.2261972291935438,29.783786392028297
36081015600,79539.0,0.19987756351392716,0.307927762473217,21.893218917397952,39.50564083977396,0.21480800035673547,25.676508051982672
36081015700,70353.0,0.44568868980963045,0.3717805151175812,20.590214321234765,37.15440908245156,0.2492667064926265,24.719116595065692
36081015801,97047.0,0.23869900771775082,0.31560088202866593,24.183024384775134,43.63752444850485,0.21894886760140087,28.442565143480135
36081015802,102838.0,0.1145734372031161,0.2449173475204256,24.8940964240414,44.92063209477862,0.18080386925134861,28.514971561010842
36081015900,87067.0,0.43932107496463935,0.3425742574257426,22.905846537747507,41.33289626643824,0.23350528964756895,27.208660121995592
36081016100,95066.0,0.2561029738126942,0.30892143808255657,23.934930288517727,43.189846274811316,0.21534424624118997,28.081365658023557
36081016300,40402.0,0.1508254127063532,0.19634817408704353,15.603462754110163,28.155969103785377,0.1545930826322418,17.543993405467244
36081016400,82273.0,0.13837244742456567,0.24535202682109114,22.266308570928878,40.17886965592194,0.18103844780379436,25.509170825946672
36081016600,69889.0,0.08454106280193237,0.18188405797101448,20.522202550034294,37.03168393106747,0.14678739366635443,22.94558629273936
36081016800,110208.0,0.11658195679796696,0.28081321473951715,25.770694168443182,46.502425789984066,0.2001753934029361,29.92067670170922
36081016900,93356.0,0.4323371078522369,0.2964544273250418,23.718688643900943,42.79964487139667,0.2086163129525675,27.699287379690432
36081017000,103958.0,0.14364859517214087,0.2508903838543728,25.02928908202587,45.16458309214724,0.18402727145793546,28.73473229871182
36081017200,71012.0,0.2240223463687151,0.19776536312849163,20.68642431892107,37.32801706710338,0.15535788130881972,23.271826909882893
36081017400,125694.0,0.15620542082738945,0.3027817403708987,27.52179971574802,49.662241945176596,0.21203090373914368,32.21625769083806
36081017600,82266.0,0.18698481561822125,0.2455531453362256,22.26536131316832,40.1771603583987,0.18114698320006933,25.510029673897684
36081017800,81298.0,0.14165890027958994,0.24277726001863933,22.133978681751238,39.94008443690307,0.17964895198819042,25.33282691965515
36081017901,69804.0,0.415158371040724,0.36990950226244346,20.509719055301982,37.00915784839408,0.24825699775679866,24.605820194747082
36081018000,79539.0,0.09636963696369637,0.20924092409240924,21.893218917397952,39.50564083977396,0.16155076989425865,24.738519238660317
36081018101,83817.0,0.348806010195868,0.36544137375905555,22.47427096271417,40.554131401992606,0.24584573245186853,26.919127495036136
36081018102,87273.0,0.42565914650720305,0.3066050557216635,22.932928076311374,41.38176407066242,0.21409418988861678,26.88271667290991
36081018200,95417.0,0.19423692636072573,0.30665243685521165,23.97907551489799,43.26950497939693,0.2141197595389404,28.109537633239395
36081018300,78164.0,0.3932954753617879,0.31782377724858035,21.70315861922667,39.162682871565444,0.22014847278648242,25.546846218957604
36081018401,57833.0,0.1494140625,0.2470703125,18.66841372692516,33.686578959758805,0.18196573595998095,21.401205216286336
36081018402,87021.0,0.11947684694238246,0.2368328031106398,22.899794829589347,41.32197614501318,0.17644097292312028,26.150222424248856
36081018501,87500.0,0.4106085083467959,0.33656435110393107,22.962733365289218,41.435546798817974,0.2302619902239565,27.216320151529388
36081018502,120286.0,0.5548473666554847,0.34116068433411606,26.923226075001832,48.58213420237761,0.23274244235048752,31.964173251212095
36081018600,94750.0,0.16127232142857142,0.33761160714285715,23.89511724458929,43.11800486034827,0.23082715126400405,28.33228163200304
36081018700,95795.0,0.3305256064690027,0.340633423180593,24.02652581883522,43.35512759488143,0.23245790117734005,28.519612020387534
36081018800,97056.0,0.07603686635944701,0.3294930875576037,24.184145708327765,43.6395478424015,0.2264459199300184,28.589742142186537
36081018900,91516.0,0.4014786242365799,0.2809386049501768,23.48378368245233,42.37576608621286,0.20024306134585945,27.266772073873447
36081019000,83636.0,0.14673485444531864,0.2950432730133753,22.449991630888277,40.510320093725774,0.2078547709716142,26.203917067203488
36081019200,102222.0,0.2320675105485232,0.23441162681669012,24.819426573135992,44.785892643144834,0.17513436359210094,28.316240901490268
36081019400,90000.0,0.19952413324269205,0.2685248130523453,23.288462164644784,42.0233144088283,0.19354384808841446,26.91447756135193
36081019600,94766.0,0.1160815402038505,0.2587768969422424,23.897134689111923,43.121645277000844,0.18828329842117936,27.516788953132533
36081019800,75682.0,0.1028393351800554,0.296398891966759,21.355800574003002,38.5358859519719,0.20858634280230826,24.939331752024945
36081020200,133409.0,0.19920091324200914,0.2054794520547945,28.353855444178183,51.16366094117069,0.1595208580390181,31.992495188761538
36081020400,63031.0,0.10418743768693918,0.317048853439681,19.489318594837638,35.16787657057294,0.21973027825762176,22.93437250152421
36081020500,74625.0,0.19027484143763213,0.2769556025369979,21.206145092954404,38.26583723477248,0.19809359865223525,24.58556090122641
36081020600,56818.0,0.11095505617977527,0.26474719101123595,18.50386825628159,33.3896617138489,0.19150522074008286,21.354575418264297
36081020800,60458.0,0.16280825364871665,0.25012581781580273,19.087385488531652,34.44260063014371,0.183614666591998,21.906828197207147
36081021200,63702.0,0.11052433044134288,0.3296869105997737,19.592781279384965,35.354571805817564,0.22655051825939188,23.163623091844244
36081021400,84304.0,0.28975265017667845,0.24617196702002356,22.539467269259514,40.671776133915216,0.18148093582809893,25.830135650741365
36081021601,103958.0,0.5967519004837595,0.3427781617138908,25.02928908202587,45.16458309214724,0.23361532841103905,29.7332024048532
36081021602,70296.0,0.16752767527675277,0.24206642066420664,20.581871535327352,37.13935478162421,0.17926534120541576,23.550054418977716
36081022001,76336.0,0.2946951934349355,0.26553341148886284,21.44787431826001,38.70203019440214,0.19192951161674182,24.759456028927104
36081022002,105068.0,0.40233236151603496,0.28002915451895044,25.16255801281367,45.40506278289841,0.19975226832822196,29.206044257282947
36081023000,115403.0,0.3909191583610188,0.25858250276854927,26.371091515506173,47.58582435479605,0.18817839187559737,30.36324582527417
36081023200,90250.0,0.36525172754195456,0.33484698914116484,23.32078482026203,42.08163964773539,0.2293352005594056,27.623309224786528
36081023501,58279.0,0.23297764227642276,0.3252032520325203,18.74025957331958,33.8162225820236,0.2241308720173079,22.11924830896109
36081023502,75958.0,0.2356902356902357,0.30864197530864196,21.39470570954184,38.606089073642536,0.21519343166854538,25.09848235942558
36081023600,80707.0,0.24019750217833286,0.2950914899796689,22.053379886038414,39.79464638653859,0.20788079168651635,25.74144841168386
36081023800,62500.0,0.11745896397356641,0.3033468343636751,19.40705180387065,35.01942867402358,0.2123358617406365,22.722119300414153
36081024000,63333.0,0.1143256464011181,0.2812019566736548,19.535952322189008,35.2520256986986,0.20038518144677742,22.68522053737175
36081024300,60243.0,0.18693009118541035,0.2847644376899696,19.05341609786493,34.381303908437836,0.2023077060267216,22.154365919056882
36081024500,66548.0,0.2899739843906344,0.22693616169701822,20.025670240737067,36.13570663551996,0.17110016232246134,22.78210008290518
36081024700,60234.0,0.2379943502824859,0.2853107344632768,19.051992802627733,34.37873561591485,0.20260251994146733,22.157229519094475
36081024900,77815.0,0.28115781710914456,0.2853982300884956,21.65465242610573,39.07515493649247,0.20264973773416584,25.18491269103298
36081025100,92929.0,0.32087072116982385,0.30890661349285475,23.664383149009428,42.701652274469524,0.215336246019446,27.763797216947907
36081025301,71371.0,0.3991607658012064,0.32835038027799635,20.738648336954604,37.4222537029963,0.2258292477785977,24.506294387002775
36081025302,64180.0,0.1922110552763819,0.3062185929648241,19.666152966234705,35.48696876030061,0.21388563182308484,23.04999814830513
36081025401,84550.0,0.11938534278959811,0.22245862884160755,22.572328521148886,40.731073253246315,0.16868382187528075,25.6354149830167
36081025402,35952.0,0.066655330726067,0.13007991838122768,14.719094175491,26.56015317700331,0.11883082877573027,16.12617703022303
36081025500,98714.0,0.3050445103857567,0.23204747774480713,24.389838895872817,44.01071487914481,0.17385852950890662,27.80109554200111
36081025700,84561.0,0.2496570644718793,0.3175582990397805,22.5737968093713,40.73372273422866,0.2200052051088387,26.56907503723086
36081025800,104698.0,0.1046875,0.2171875,25.118213600546557,45.325044653500214,0.16583921029261306,28.46929850488464
36081025900,72708.0,0.31521389514313286,0.3081376648440013,20.9319966102749,37.77114472133404,0.2149212760388719,24.55108780971129
36081026000,61202.0,0.0800996796012816,0.21537913848344606,19.204471663471846,34.65387903520339,0.164863311909133,21.751512129808884
36081026100,81192.0,0.2031877846236271,0.28971336726493435,22.119544335210353,39.91403810208349,0.2049784399081681,25.76703190649963
36081026200,80197.0,0.11401425178147269,0.21199524940617578,21.983590101132798,39.66871286405527,0.1630371660582321,24.866922397791605
36081026300,86974.0,0.236422370280638,0.3093074904098526,22.893609910304207,41.31081564820256,0.21555258281476675,26.86348617533914
36081026400,82500.0,0.15603112840466926,0.2463035019455253,22.29700497438876,40.234260372779715,0.18155191982106345,25.553548128287375
36081026501,63520.0,0.2661290322580645,0.3450940860215054,19.564772450624584,35.304030734925924,0.23486513757108474,23.26137551283385
36081026502,71927.0,0.1935007385524372,0.3604135893648449,20.819271550194124,37.56773581403744,0.24313244386555388,24.891366597657246
36081026600,65288.0,0.11614875191034131,0.22210901681100356,19.83518424443859,35.791980508121036,0.16849515063206508,22.52382703449294
36081026700,58077.0,0.3572862304295464,0.3946206342834203,18.707753710351952,33.75756675108202,0.2615925800352739,22.644673132725043
36081026901,63971.0,0.18858718710224862,0.26622825625795504,19.634105773710314,35.42914058608062,0.1923044907792153,22.671561900143164
36081026902,54111.0,0.2419953596287703,0.317169373549884,18.05769595978718,32.58455751402938,0.2197953180074988,21.25063211475275
36081027000,115613.0,0.131786771964462,0.2295162882527147,26.3950744802104,47.6291008776981,0.17249255057659557,30.057785852523814
36081027101,54460.0,0.1998894620486367,0.22973470891672806,18.11583577238379,32.68946901944114,0.1726104232314702,20.631396775178583
36081027102,69904.0,0.10161408657373441,0.3657373440939105,20.524404731513318,37.035657699881575,0.24600545547666136,24.58626303848713
36081027200,94464.0,0.12566560170394037,0.34291799787007454,23.859026646235975,43.052880484548716,0.23369079223700667,28.344453555792594
36081027301,67266.0,0.06358189081225034,0.24467376830892143,20.133410939867687,36.33012141663276,0.1806724195624561,23.059709810657417
36081027302,71818.0,0.12425041976493163,0.3523626769009355,20.803490543131794,37.539259471684744,0.23878769731617983,24.799786268396623
36081027400,65000.0,0.11116504854368932,0.20388349514563106,19.791387169848498,35.71295003274338,0.15865958569192434,22.317495737243327
36081027500,65993.0,0.13650392817059484,0.35830527497194165,19.94198991305645,35.98470805540354,0.2419946732433263,23.824242247848517
36081027701,63667.0,0.13512800211137505,0.3581419899709686,19.587398076630183,35.34485798185223,0.24190655503961678,23.399230918477336
36081027702,58984.0,0.26792223572296475,0.2761239368165249,18.853269121216524,34.02014483884322,0.19764478284589582,21.85092297887754
36081027800,55365.0,0.12658730158730158,0.16111111111111112,18.265737355078183,32.95996181949862,0.1355770880526141,20.25793751915579
36081027900,83614.0,0.15804764671702498,0.29006391632771644,22.447038761910953,40.504991732386806,0.2051676168291366,26.15194593767611
36081028000,64803.0,0.11512553582363748,0.12553582363747703,19.76137284733559,35.65879010999662,0.11637856761322939,21.611491497113906
36081028100,61699.0,0.35480784563865414,0.27555413809599744,19.28229039131948,34.794300538526215,0.19733728589620875,22.34338837256371
36081028200,80556.0,0.09347181008902077,0.24579624134520278,22.032739672497488,39.757401755400494,0.1812781721244186,25.245834016409134
36081028300,83750.0,0.3297057638049174,0.28187558780061805,22.46528664456075,40.537919475939226,0.20074871247851384,26.093344416556896
36081028400,87682.0,0.12510471935213627,0.30745601787210275,22.986602202641123,41.47861738241946,0.21455341918508997,26.95412728708515
36081028500,120758.0,0.4259399924041018,0.3680212685150019,26.975997473380847,48.67735856928499,0.24723799561320503,32.34139849281057
36081028700,80250.0,0.32716141555920564,0.3389577422726594,21.9908530775426,39.68181868182268,0.2315536050649139,26.087259940293045
36081028801,87946.0,0.08799093655589124,0.14954682779456194,23.021181146959318,41.54101402496011,0.12933631966011272,25.416468172120293
36081028802,79519.0,0.16247139588100687,0.17025171624713958,21.890466230621993,39.5006737010665,0.14050989694874583,24.364874667540185
36081028900,81644.0,0.44525547445255476,0.2575020275750203,22.18102919669008,40.024985645424,0.1875953038231793,25.5284716280979
36081029100,64051.0,0.3138584862031756,0.2811777400955758,19.646378816913916,35.451286915436846,0.20037211275493438,22.81324164451253
36081029300,55714.0,0.15746606334841629,0.3230769230769231,18.32321706143778,33.06368218348829,0.22298337967602622,21.610095792349192
36081029400,102472.0,0.10574824157167112,0.2540625757943245,24.84975794767751,44.8406246765354,0.18573917306496956,28.562845002747586
36081029500,81014.0,0.3017524644030668,0.35131434830230013,22.095284314406527,39.870261639962614,0.23822195745974134,26.329674206703018
36081029700,107979.0,0.22163265306122448,0.336734693877551,25.508751735105434,46.02975871753662,0.230353917217476,30.235846078755635
36081030600,99158.0,0.15746872700515085,0.2910228108903606,24.444628180548545,44.10958045987252,0.205685092812255,28.489415715269864
36081030903,74444.0,0.2481325863678805,0.277077497665733,21.18041214483067,38.21940292056037,0.19815938044309822,24.556848000324933
36081030904,55489.0,0.1536697247706422,0.31077981651376146,18.2861806374535,32.99685109439933,0.21634713669771943,21.468792069717463
36081030905,72857.0,0.12070844686648502,0.2727520435967302,20.953433530983126,37.8098269860757,0.1958251106662225,24.254338644760015
36081030906,81875.0,0.18136986301369862,0.33643835616438356,22.212386054423238,40.081568131724616,0.23019399593370782,26.325764480864237
36081031700,73846.0,0.30674002751031637,0.2094222833562586,21.095170721487598,38.06558739128768,0.16164864203475687,23.83841553092478
36081032000,97022.0,0.15197678636198766,0.2025752629669931,24.179909324287003,43.63190341756817,0.15795358655587646,27.252421556984487
36081032700,91830.0,0.16443745082612116,0.28743771308680827,23.52403671886774,42.44840145359933,0.20375036288183057,27.37988290087742
36081032800,100260.0,0.14802947773149633,0.17462351810317206,24.580086484254238,44.35401080678279,0.1428691787213017,27.405170812311066
36081032900,71680.0,0.13183363850379284,0.2511116923881768,20.783493730783483,37.50317583822942,0.18414670257743931,23.862368059012663
36081033000,103550.0,0.15560844986611128,0.20797381731627493,24.980125048145368,45.075868103636616,0.16086696444761184,28.21286623180142
36081033401,85547.0,0.1465,0.1765,22.70502312279146,40.970516584701905,0.14388183887414197,25.33309591003475
36081033403,52973.0,0.2042042042042042,0.1596211596211596,17.866802671434154,32.240096440632584,0.13477302247325015,19.80393491560496
36081033404,55366.0,0.22713081486106776,0.17686543865126444,18.265902311773544,32.9602594787869,0.1440790510940247,20.38305134883351
36081033405,79895.0,0.33838230839139655,0.20327173583762495,21.942158961480203,39.59395164557601,0.1583294443378329,24.736957488719714
36081033700,106250.0,0.17385057471264367,0.2984913793103448,25.30369975953719,45.659748728103416,0.20971557221654025,29.572680217047967
36081033900,64404.0,0.2153846153846154,0.2235897435897436,19.700442318074277,35.54884284211168,0.16929423801394086,22.38348520853093
36081034700,75583.0,0.14301430143014301,0.31298129812981296,21.341828188784426,38.51067321216408,0.2175351858409349,25.076656081619532
36081035100,89408.0,0.2877500685119211,0.29460126061934777,23.211742631031417,41.88487636772708,0.20761623505008475,27.08858835403089
36081035200,117031.0,0.13256484149855907,0.19704610951008644,26.556449711652704,47.9202975243789,0.15496972969362088,29.867199432406537
36081035300,100673.0,0.17507723995880536,0.3388259526261586,24.63066070564968,44.44527043533434,0.23148248360949575,29.217395777629967
36081035700,91494.0,0.20022346368715083,0.2757541899441341,23.480960819267878,42.37067231633254,0.19744524565614702,27.210644546179555
36081035800,95476.0,0.2330166270783848,0.22897862232779098,23.98648796143267,43.282880511412024,0.17220239437597856,27.30937296135791
36081036100,95096.0,0.15257910706545297,0.2795838751625488,23.9387065664139,43.196660452244075,0.19951196936137738,27.780898872046464
36081036300,75469.0,0.057984353428439946,0.34330418775885874,21.325727435289693,38.48161989719872,0.23389920304686457,25.338477009687928
36081036500,72125.0,0.06657608695652174,0.3376358695652174,20.84790740853166,37.61940834053478,0.2308402446961214,24.719444787596487
36081036600,91215.0,0.17999352541275493,0.25089025574619617,23.445132295191076,42.30602084551239,0.184027202323218,26.916048848436724
36081036700,69821.0,0.15409309791332262,0.21789727126805777,20.512216362033154,37.013664161657594,0.1662222446730715,23.25512405564225
36081036800,138750.0,0.16326530612244897,0.2804363124560169,28.915855937084487,52.17777356244854,0.19997199473191218,33.56758800591796
36081037100,74702.0,0.24634794156706508,0.23439575033200533,21.217082795997353,38.2855739838388,0.17512579570586945,24.206215896766707
36081037300,73352.0,0.09219001610305957,0.25684380032206117,21.024493223911378,37.93805201856634,0.1872400856291152,24.191389420915648
36081037501,78942.0,0.04661280298321939,0.3213175885643257,21.810901628485787,39.35710182123413,0.22203393915148095,25.706753574422176
36081037502,72100.0,0.09727916511367872,0.25792023853894896,20.844293939848914,37.612887947325135,0.18782099509116723,23.993787952612884
36081037600,96188.0,0.17000859352621026,0.17459180750501288,24.07575991273096,43.44396900453687,0.14285206581483945,26.842548592629186
36081037700,90714.0,0.04457030288106378,0.3794631864072888,23.380657238895385,42.189677587503965,0.2534127284156774,28.14710240426228
36081037900,81216.0,0.07607984293193717,0.3151178010471204,22.12281331392253,39.91993687372613,0.2186881686511829,26.0148336724748
36081038100,81484.0,0.10645867542419267,0.3712370005473454,22.159284150340675,39.98574737743038,0.24897339401852464,26.59759920333562
36081038400,101500.0,0.17703703703703705,0.21703703703703703,24.73162071887375,44.62744967707386,0.1657580116158081,28.02951376643321
36081039400,98646.0,0.1668228678537957,0.17525773195876287,24.3814368720315,43.99555368528589,0.14321143787180118,27.19040274344313
36081039800,93563.0,0.2504854368932039,0.2906148867313916,23.74497002877245,42.84706882286872,0.20546495291009703,27.669781857985463
36081039901,103981.0,0.14316702819956617,0.27114967462039047,25.032057708834,45.16957899415297,0.19496037799002153,28.95807647040189
36081039902,55481.0,0.04619289340101523,0.2949238578680203,18.28486240574797,32.99447238579103,0.20779032752584953,21.341377081278623
36081040000,110577.0,0.19464882943143813,0.3010033444816054,25.81380101903645,46.58021077736745,0.21107117657305347,30.196991559925515
36081040101,61203.0,0.09681008902077151,0.3252967359050445,19.204628556982,34.65416214472171,0.22418132142094904,22.668125412018824
36081040102,74181.0,0.06834842604570936,0.2895644674428633,21.142965359305602,38.15183134667994,0.2048980847942546,24.628049424640743
36081040200,146250.0,0.19626168224299065,0.24299065420560748,29.687080754772747,53.56942504911507,0.17976411206000126,33.98026917075643
36081040301,36921.0,0.0781633368384157,0.3603224675779881,14.916134271561205,26.91570597605737,0.24308326918246131,17.833029390279492
36081040302,79231.0,0.03983760466886577,0.4090332402943415,21.850789090786186,39.429077521362785,0.2693704711145953,26.585860926718844
36081040400,91556.0,0.18934467233616809,0.2968984492246123,23.48891529182294,42.385025917646985,0.20885593332164415,27.43548011272846
36081040501,100818.0,0.10030090270812438,0.34002006018054165,24.648392176516932,44.47726632969257,0.23212689437656647,29.251207152677363
36081040502,81144.0,0.029288702928870293,0.350418410041841,22.113004928020814,39.90223794274147,0.23773845640529168,26.342189725574556
36081040701,56375.0,0.10814950980392157,0.20863970588235295,18.431591387228163,33.259240324439645,0.16122631713747207,20.822198617182124
36081040702,100525.0,0.0522119341563786,0.400977366255144,24.612549203416997,44.41258878605414,0.26502304700696816,29.86001602446607
36081040901,117742.0,0.03218059558117195,0.28674351585014407,26.636996936601026,48.065642516883415,0.20337573316599372,30.995063442245183
36081040902,79800.0,0.06643576826196473,0.38287153652392947,21.929109802454235,39.57040483906546,0.25525207488413254,26.4320869641924
36081041100,70490.0,0.06708229426433915,0.3109725685785536,20.61025246755807,37.19056730179473,0.21645115706462126,24.1990807979243
36081041300,62361.0,0.05706039076376554,0.2830817051509769,19.385459150066733,34.98046539369584,0.2013996044388479,22.526287238754996
36081041400,91500.0,0.19778516057585824,0.19867109634551494,23.481730724700135,42.37206158702874,0.15584666829873622,26.42572585265484
36081041500,65833.0,0.0852575488454707,0.30753615833544784,19.917800569429517,35.94105912807672,0.21459666769923602,23.356338461798472
36081042400,79384.0,0.19621661721068248,0.19176557863501484,21.87187653332495,39.46712916348581,0.1521200442199336,24.548467141485926
36081042700,59773.0,0.10648367250354945,0.261239943208708,18.978945699835332,34.246924363390015,0.18961250325543227,21.873945353882466
36081043200,87083.0,0.1697674418604651,0.2062015503875969,22.90795110497068,41.33669389332699,0.15991054482965408,25.8549014047823
36081043400,101691.0,0.1445459430413756,0.19129500268672756,24.75487943509974,44.66941931585037,0.1518660937221851,27.779222815064006
36081043701,63333.0,0.12360211889346674,0.20011771630370806,19.535952322189008,35.2520256986986,0.15662734963141628,21.997519241764568
36081043702,66250.0,0.20101083032490974,0.2603610108303249,19.98078274996268,36.05470853764215,0.1891381795765658,23.02097581209319
36081043900,62333.0,0.04579710144927536,0.21420289855072464,19.381106639698164,34.972611422472106,0.16422854356308073,21.941676762129937
36081044000,61970.0,0.07873594001071238,0.18478843063738618,19.324590714519918,34.8706301720108,0.14835476421930505,21.63091973277999
36081044301,26859.0,0.09116567880327406,0.16483206322325714,12.722266129188753,22.956938322502612,0.13758513296952307,14.130404863805321
36081044302,63247.0,0.11326254424318134,0.2808661253383302,19.522683863113443,35.228083171986825,0.200203947078392,22.666966795192142
36081044400,44805.0,0.15643312101910828,0.22089171974522293,16.43171135270837,29.650518250976553,0.16783822543882487,18.650332444932197
36081044601,55278.0,0.15920529801324504,0.2503311258278146,18.25138041547463,32.93405516311903,0.1837254628875416,20.948961629912816
36081044602,44338.0,0.16884572282405677,0.23552484124019424,16.345853641621517,29.495590649406424,0.17573511966129363,18.65672424819914
36081044800,71765.0,0.18488628026412326,0.2747615553925165,20.795812882278323,37.52540536858044,0.19690956158775563,24.090029604297882
36081045000,134081.0,0.19045390734674777,0.23537669630322883,28.425176932758777,51.292358375871984,0.1756551719278444,32.44191562065404
36081045200,59896.0,0.27391742195367574,0.22860020140986909,18.998462962029937,34.28214266332776,0.171998176160376,21.627227995672524
36081045400,70000.0,0.30862646566164154,0.2627721943048576,20.53849310159568,37.06107973081232,0.19043939619366917,23.68504452282129
36081045500,76386.0,0.166274694261524,0.27516462841015993,21.454897336031507,38.71470301417976,0.19712708352833097,24.857272491630603
36081045600,74792.0,0.33556485355648535,0.28619246861924685,21.229859981690904,38.30863002282772,0.2030783556245392,24.698188517734607
36081045700,73684.0,0.23721063160903116,0.31180337239211203,21.072019203738357,38.023811188868656,0.21689950773522487,24.74885454054305
36081045800,80972.0,0.3041871921182266,0.2676518883415435,22.089556154778858,39.859925351919394,0.1930727665008154,25.520530497411656
36081045900,84846.0,0.21450939457202506,0.3368997912317328,22.611805586443033,40.80230840458715,0.23044301347372115,26.80367987245838
36081046000,67375.0,0.1550061371208136,0.27546905137646854,20.14971675175937,36.35954475317473,0.1972913680909006,23.347775894676797
36081046100,84844.0,0.11504777070063694,0.3515127388535032,22.61153908078761,40.801827503320666,0.23832902068600692,26.946812706525925
36081046200,56679.0,0.20362576885723535,0.2113952735513111,18.481220392241752,33.34879433907311,0.1627133837494793,20.900373657276283
36081046300,73555.0,0.08381924198250729,0.2728377065111759,21.053565528172655,37.990512098322725,0.1958713394202446,24.371027938557067
36081046400,113043.0,0.2567121997173811,0.23834196891191708,26.100053270601677,47.096744169856656,0.177255407676563,29.821830275807898
36081046500,88365.0,0.07236554438128552,0.385002186270223,23.075955743064366,41.63985310061335,0.25640189897856047,27.835774277983006
36081046600,75493.0,0.25070239896261076,0.26194078236438295,21.32911807763273,38.487738207124984,0.18999071734196404,24.58909662463323
36081046700,78932.0,0.11215580926796508,0.35124244459368703,21.809520133692285,39.35460895632742,0.2381831539835783,25.988464726389548
36081046800,81833.0,0.19330655957161982,0.23694779116465864,22.206688100916924,40.07128634969926,0.1765030272496525,25.359843772425844
36081046901,68601.0,0.18812965396408235,0.29610162067455104,20.332219038884148,36.68886452267922,0.20842591770430374,23.741367884408092
36081046902,88200.0,0.156794425087108,0.34431422236300285,23.054401328037333,41.60095882098357,0.23444427720843014,27.40253559417571
36081047000,77045.0,0.22089194851840765,0.25471415743789283,21.547246808066216,38.881344798912785,0.1860908048967923,24.772963055342725
36081047100,62635.0,0.2608895002292526,0.3436497019715727,19.428000113833388,35.057229255688185,0.23408566286619287,23.086578577592086
36081047200,117344.0,0.34691295546558704,0.2965587044534413,26.591938678016827,47.98433627373986,0.20867258703278185,31.055945627150216
36081047300,65083.0,0.3715585348336126,0.2453914292554465,19.80401917811002,35.735744103516964,0.18105971167810297,22.68861269963905
36081047500,84160.0,0.29997994786444754,0.30018046921997193,22.520209164881894,40.637025476295264,0.2106271046160456,26.33610172941564
36081047600,112567.0,0.48384728340675476,0.29515418502202645,26.04504441877249,46.99748238694701,0.2079146256239945,30.401362714835464
36081047801,54045.0,0.3788557213930348,0.2681592039800995,18.046679978086047,32.56467951352957,0.1933465438993327,20.85368501259617
36081047802,96050.0,0.18863636363636363,0.2840909090909091,24.058483082996013,43.41279349613247,0.2019442303250802,27.966974402849537
36081047900,89395.0,0.25176200622848716,0.25307326667759383,23.21005506602731,41.881831208529725,0.18520528359710514,26.668166661761127
36081048000,76250.0,0.20643198609300303,0.23381138635375923,21.43578934530066,38.680223232022975,0.17481043848525069,24.450296394468502
36081048100,69250.0,0.15007656967840735,0.22863705972434917,20.428169153589753,36.8620035564776,0.17201806707775597,23.255085582250448
36081048200,74907.0,0.2884770346494762,0.2328767123287671,21.24617520345915,38.33807033920282,0.1743060333307942,24.225395646676525
36081048301,68125.0,0.29190751445086704,0.23314065510597304,20.2615569266715,36.56135691237371,0.17444847239911576,23.105032134588377
36081048302,88051.0,0.21962379257752923,0.35739705134722927,23.034919707900908,41.565804836044656,0.24150454228274038,27.510212638867305
36081048400,82515.0,0.21046228710462286,0.2568937550689375,22.299031882712967,40.23791786657144,0.18726704415277184,25.658394036303733
36081048500,64159.0,0.2683860568204715,0.22566995768688294,19.662935273800723,35.48116253317114,0.17041684406151883,22.358627641990516
36081048900,59106.0,0.10538922155688622,0.29161676646706586,18.872756700089848,34.055309576139784,0.20600562622432972,22.000448013004515
36081049201,82750.0,0.21423862887277523,0.22808174027686223,22.330762760523648,40.29517526060971,0.171718383996604,25.41558264448682
36081049202,108053.0,0.23678982916170044,0.2173222089789432,25.517491047051443,46.04552853741685,0.1659119071917604,28.923336897981926
36081049301,65357.0,0.14587829089339663,0.2075960293482952,19.845662941084978,35.810888994248316,0.16066308780907765,22.410685456356134
36081049302,58384.0,0.15387076135636596,0.22168905950095968,18.75713393415216,33.84667184766005,0.16826851693285683,21.296228100060247
36081049500,97250.0,0.21247113163972287,0.2779060816012317,24.20830383404408,43.683140437967815,0.19860653313675414,28.07613361535413
36081049600,88125.0,0.2301988540613414,0.28547354229861815,23.044597202002638,41.58326757679806,0.2026903806384978,26.802207356801567
36081049700,61563.0,0.15942513368983957,0.2820855614973262,19.261027176441683,34.755931720618236,0.20086202665231984,22.373365105969228
36081049900,85759.0,0.2221591983361694,0.2864435621100397,22.733139166869556,41.02125112234004,0.20321386046111306,26.449536997885744
36081050000,74951.0,0.168141592920354,0.22187104930467763,21.252414236329102,38.349328482314526,0.1683667293498058,24.13096576989977
36081050201,93182.0,0.1277591973244147,0.30434782608695654,23.696574496700155,42.75974057225782,0.21287605583107966,27.75466610251771
36081050202,110357.0,0.1694915254237288,0.2333767926988266,25.788109131307,46.5338505553752,0.17457590615228685,29.40981573921474
36081050400,130179.0,0.24373177842565596,0.23381924198250728,28.008511046021713,50.54049758583806,0.17481467784520516,31.947433014192207
36081050500,109728.0,0.28397673188789,0.2659968270756214,25.714512078139773,46.40104693429691,0.19217959796167738,29.690042030016276
36081050600,106786.0,0.1913312693498452,0.22786377708978328,25.36744432903214,45.77477384512503,0.17160075822322773,28.869357547304936
36081050700,98274.0,0.315273951637588,0.2724211815120906,24.33542151683868,43.912520390720076,0.19564655799818637,28.165613527103748
36081050800,79432.0,0.2035264483627204,0.28513853904282116,21.87848801310717,39.479059375606795,0.2025095931505978,25.44277255894503
36081051000,91250.0,0.13329081632653061,0.20790816326530612,23.449629915810057,42.31413666372429,0.16083153365480693,26.48363746771856
36081051100,110357.0,0.1982690794649882,0.28206136900078677,25.788109131307,46.5338505553752,0.20084897095629384,29.954869948056455
36081051200,103214.0,0.16033120060218292,0.27625141136620246,24.939564247723638,45.00267738555718,0.1977135756209169,28.9063140842917
36081051300,104583.0,0.15577534440127164,0.2705757682797598,25.104414921459547,45.30014536106946,0.1946506643265956,29.03552726809047
36081051500,96792.0,0.1964342566061764,0.2572429162687042,24.151231916053035,43.58015591555939,0.18745547210111463,27.793290036797174
36081051600,122826.0,0.1714160455940377,0.24594476106970628,27.206001069922113,49.09239299209409,0.18135832211529768,31.175280386085028
36081051700,111413.0,0.2532705389848247,0.3212977498691784,25.911197866613517,46.755960396179695,0.22202323302311705,30.539219435026922
36081051800,114583.0,0.15047021943573669,0.25794894760412,26.277234141052585,47.41646160648036,0.18783648819364435,30.247952391285175
36081052000,102950.0,0.2189119170984456,0.15738341968911918,24.907648710540418,44.94508677935506,0.13356540620717935,27.583957265552844
36081052100,100806.0,0.23692992213570635,0.26140155728587317,24.64692522861047,44.474619267269176,0.1896997197302407,28.40823323064099
36081052200,92833.0,0.14654418197725283,0.21434820647419073,23.652156783722585,42.67959017397986,0.16430696027695088,26.778496525947915
36081052400,110357.0,0.20613441587731168,0.1984663960306721,25.788109131307,46.5338505553752,0.1557361999523772,29.018972065885997
36081052500,72031.0,0.17122990004345937,0.3307257714037375,20.83431751439181,37.594885794126,0.22711114873619004,24.64082942987359
36081052600,93000.0,0.16738754325259517,0.3044982698961938,23.673421503039247,42.71796170660155,0.2129572441714061,27.729094301301423
36081052800,81477.0,0.17848837209302326,0.18255813953488373,22.158332317339475,39.98402982402598,0.14715116778037524,24.78140452194812
36081053000,110938.0,0.13846153846153847,0.2686390532544379,25.85590375656862,46.656183873584716,0.19360549883000017,29.882952364427254
36081053100,64307.0,0.15473032714412024,0.278219864426761,19.685601136056,35.522062385173676,0.19877586883063758,22.83350748005209
36081053200,98850.0,0.13867276887871854,0.20823798627002288,24.40663426632556,44.04102160906791,0.16100952557411685,27.567957657318953
36081053401,104688.0,0.15388858246001103,0.24434638720353005,25.11701401634213,45.322880040662056,0.1804957454358455,28.76408686657858
36081053501,63816.0,0.18174539631705364,0.33466773418734985,19.610304894548268,35.38619263094464,0.22923846402854192,23.226745167926484
36081053800,117155.0,0.15833333333333333,0.2222222222222222,26.570514907852647,47.94567773875087,0.16855624293954793,30.17343204684992
36081053901,84183.0,0.3159144893111639,0.2890736342042755,22.523286217086675,40.64257792245249,0.20463320226954296,26.231094901611648
36081054000,80270.0,0.17691940867906533,0.2718168812589413,21.993593200047478,39.686763148689025,0.19532044198942017,25.449430974610074
36081054200,90461.0,0.14096673405623966,0.26667891931630217,23.34803032095368,42.13080331658122,0.19254769510871977,26.964609969012066
36081054500,60368.0,0.18266433973240256,0.29435718440954045,19.07317310564277,34.41695482191405,0.20748451715163557,22.256770246323413
36081054700,115076.0,0.22884615384615384,0.3004273504273504,26.333703127580755,47.51835815758985,0.2107603362563934,30.798588145181167
36081054800,83533.0,0.202880658436214,0.26872427983539093,22.436163485670587,40.485367630567595,0.19365149211277033,25.93141879977789
36081054900,95897.0,0.1949773282176491,0.31478897802581096,24.039313822482857,43.37820315453611,0.21851071638181674,28.265068384458488
36081055100,85947.0,0.2713283548314098,0.2505091649694501,22.758043202979707,41.066189690292994,0.1838215432945442,26.12347494514022
36081055200,61895.0,0.26559139784946234,0.2637992831541219,19.312893255337162,34.849522466334655,0.19099367383036514,22.28029114728574
36081055300,91604.0,0.272436921111466,0.3458958799105717,23.495071743603962,42.39613504572112,0.23529783277780153,27.942450975788166
36081055400,92679.0,0.21170331718225865,0.32128214685054046,23.632530443950532,42.644175046905154,0.22201481271527107,27.8533971598848
36081055500,108417.0,0.1809563066776587,0.3689200329760923,25.5604355160578,46.12302051221603,0.2477230218519733,30.654261208394168
36081055600,130338.0,0.2924317062248097,0.2664576802507837,28.02561055615815,50.57135312647532,0.19242830147839435,32.36404950453341
36081055700,85750.0,0.3222723652774091,0.284311122909477,22.731946268044435,41.019098573063424,0.20206307067176588,26.427104416638834
36081055800,72841.0,0.2148708254568368,0.25078764965343414,20.95113263096867,37.805675082697654,0.1839718300322546,24.051893650169575
36081055900,80221.0,0.29475587703435807,0.26491862567811936,21.98687929334119,39.67464811033075,0.19159773698351784,25.375815770964024
36081056000,96905.0,0.2529976019184652,0.2529976019184652,24.165325504113312,43.60558736217095,0.185164450436565,27.76497090740347
36081056200,100441.0,0.29200896191187453,0.20313666915608664,24.602263770880143,44.394029039074226,0.15825655440129716,27.734440347743803
36081056400,76875.0,0.11721366376423309,0.21098459477561957,21.523461651260618,38.83842521428592,0.1624917572938961,24.33700050809638
36081056500,129327.0,0.266064790228359,0.4115772703133298,27.91670505209816,50.37483649065757,0.27074337955150257,33.997095456185576
36081056600,74022.0,0.3119629874421679,0.2002643754130866,21.120294225092458,38.11092198159142,0.1567064955247871,23.782835957579586
36081056700,108750.0,0.22036139268400176,0.3210665491405906,25.599659527218854,46.193799035149105,0.2218984634926759,30.169467440982388
36081056800,103661.0,0.3074043261231281,0.26143926788685523,24.993510133645472,45.10002107914798,0.18972007059161528,28.80811880957729
36081057700,78854.0,0.18524747717443538,0.2885631907736665,21.798741469511512,39.33515918800122,0.2043577369302127,25.38244410832495
36081057900,73125.0,0.21577017114914426,0.3575794621026895,20.99193611533246,37.87930371649377,0.24160298187004275,25.071974483708587
36081058000,112034.0,0.18356603341725794,0.24719615472648204,25.98331016105831,46.886084815764434,0.18203364783726494,29.78831848137479
36081058100,74556.0,0.2651195499296765,0.29711673699015473,21.196338979717826,38.248142404742225,0.20897373425667637,24.75971801725596
36081058200,127837.0,0.15768678160919541,0.2435344827586207,27.755422434511118,50.08380696283291,0.18005759397770277,31.775817630089705
36081058300,101431.0,0.3014223194748359,0.2885667396061269,24.72321297529705,44.61227816212819,0.20435965208922802,28.78773541725784
36081058500,96897.0,0.35920281359906214,0.33223915592028136,24.1643279983389,43.60378739365064,0.22792786015686511,28.595122380918575
36081058700,93281.0,0.30403458213256485,0.2953890489913545,23.70915921315334,42.78244930641637,0.20804137205489714,27.67719265375686
36081058900,67801.0,0.3142523364485981,0.28407320872274144,20.213317891943692,36.47431105641236,0.20193467816389798,23.49697631323602
36081059000,76917.0,0.2626346313173157,0.2551781275890638,21.52934042818351,38.84903328661047,0.18634119051734765,24.756712614817594
36081059100,61314.0,0.24634146341463414,0.33191056910569106,19.222035776454792,34.685572937401666,0.22775053535855677,22.74386464339738
36081059200,91250.0,0.27773641102010427,0.23827252419955325,23.449629915810057,42.31413666372429,0.17721793121960638,26.79275877515372
36081059300,82917.0,0.2550467749876908,0.27671097981290005,22.353284559669447,40.33581515515772,0.19796158582248619,25.913134833453682
36081059400,147250.0,0.3488108720271801,0.2718006795016987,29.788402144054125,53.75225638284627,0.1953116985669585,34.468823219643625
36081059501,72222.0,0.28465608465608466,0.28994708994708995,20.861921741646714,37.6446967740329,0.2051045704332929,24.304145605342878
36081059502,56467.0,0.12322110378340854,0.21659146129816037,18.446624781050012,33.28636762167125,0.16551755270352364,20.902862698779277
36081059600,100625.0,0.2598684210526316,0.16710526315789473,24.62478816449335,44.43467361525895,0.13881188554152385,27.374635716275723
36081059800,87692.0,0.21237864077669902,0.19053398058252427,22.98791295894477,41.48098260189475,0.1514554013719631,25.788788244317423
36081059900,89583.0,0.2286309937456567,0.31758165392633775,23.234447921490457,41.92584736671183,0.22001780878118465,27.346888670481913
36081060000,100000.0,0.287223823246878,0.30931796349663787,24.54819454764424,44.29646278708989,0.21555823470924151,28.805096387903724
36081060100,83125.0,0.21205821205821207,0.29313929313929316,22.381303970615708,40.38637532127863,0.20682727129066758,26.105243747467092
36081060300,107067.0,0.25902335456475584,0.27123142250530785,25.400798741784435,45.834960858080294,0.19500449396352215,29.385552184841284
36081060600,135147.0,0.2304075235109718,0.22884012539184953,28.53794924935557,51.49585255609972,0.17212765327213125,32.489639269593944
36081060800,148583.0,0.3754243041412084,0.2355736591989138,29.92293008698106,53.99500792231778,0.17576146470710619,34.15387374586331
36081061000,87500.0,0.2576,0.2032,22.962733365289218,41.435546798817974,0.15829073145474234,25.886808515709472
36081061200,132969.0,0.31995987963891676,0.18004012036108324,28.307059500854855,51.07921909930793,0.14579229632752194,31.627064941050147
36081061301,83125.0,0.1989795918367347,0.30494505494505497,22.381303970615708,40.38637532127863,0.2131983556985843,26.21995557681273
36081061400,143468.0,0.26461143224149003,0.16570327552986513,29.403367941088412,53.05747399425451,0.13805529044296172,32.66894242242688
36081061601,105192.0,0.24202780049059688,0.2179067865903516,25.17740190982966,45.431848138966366,0.16622737970141616,28.54424543380228
36081061602,105682.0,0.2553191489361702,0.29509713228492135,25.235973823517966,45.53753935752125,0.20788383660675191,29.45634115584997
36081061800,91638.0,0.2804532577903683,0.25609065155807365,23.49943158776365,42.40400225054558,0.18683364219699883,27.03144137886173
36081061900,77794.0,0.25968619916746716,0.4450848543067563,21.65173024923832,39.06988195812278,0.2888260454090579,26.68254612565044
36081062000,118646.0,0.31043956043956045,0.24793956043956045,26.739058230510945,48.24980898578232,0.18243483334526311,30.66336845968037
36081062100,91940.0,0.23914411579609818,0.2577092511013216,23.53812181954503,42.47381758498908,0.18770713384305382,27.092486999000585
36081062200,119632.0,0.24760536398467434,0.22701149425287356,26.849934965849886,48.449882647874375,0.17114081620654903,30.546567642170317
36081062300,79107.0,0.1803783545974483,0.2410910690717114,21.833683672462143,39.39821131958253,0.17873898403970112,24.973149499245682
36081062500,75375.0,0.1807465618860511,0.2263261296660118,21.31244222561205,38.457647144540175,0.17077095310877227,24.240345210862618
36081062600,115167.0,0.1530955585464334,0.253028263795424,26.344113175814172,47.53714276976524,0.18518099739129978,30.268659533765366
36081062700,76382.0,0.12898799313893652,0.2751286449399657,21.45433557921172,38.71368934125913,0.19710766472845437,24.856286493971147
36081062900,96908.0,0.1966153846153846,0.29723076923076924,24.165699558163336,43.606262331210935,0.20903527276999995,28.229462900229645
36081063000,124773.0,0.3802325581395349,0.16744186046511628,27.420783832417005,49.47996188754577,0.13899353327345923,30.486866931407707
36081063200,112500.0,0.23273761169780666,0.2636068237205524,26.037292245788812,46.98349382899322,0.1908898113845065,30.03570871522855
36081063301,128114.0,0.21593030491599252,0.23833229620410704,27.785476690134967,50.13803894365137,0.17725018771372408,31.747472545453455
36081063302,142891.0,0.16148751910341314,0.22414671421293939,29.344181098345683,52.950673155115396,0.16959481216675654,33.347719684629574
36081063500,89688.0,0.26241941600303376,0.23018581721653394,23.248060451675936,41.95041075916943,0.1728538678394897,26.480834040015253
36081063700,91705.0,0.18351214003387917,0.18746470920383965,23.508020678721586,42.41950100126856,0.14979904176161934,26.340942309332846
36081063800,140870.0,0.3108108108108108,0.2764394829612221,29.135925218051046,52.574881818047416,0.19781507013065852,33.77250406166879
36081063900,115156.0,0.28033866415804326,0.24553151458137348,26.342855036916472,47.534872496782235,0.18113530997073968,30.18147768841458
36081064101,96094.0,0.2964046822742475,0.23494983277591974,24.063992984358332,43.422735943842135,0.17542481122703646,27.4599968136185
36081064500,85000.0,0.2838709677419355,0.16236559139784945,22.632317097828096,40.83932079663953,0.13625407950190596,25.113095627297447
36081064600,128750.0,0.2670157068062827,0.23714197720973207,27.854359425758208,50.26233572357487,0.1766078214767729,31.81178330341877
36081065000,136111.0,0.26825792661204134,0.2543640897755611,28.63954861596611,51.67918549138019,0.18590188776786049,32.9226606045916
36081065401,98821.0,0.1794403892944039,0.22110705596107055,24.403053870203784,44.034560894278336,0.16795443354380096,27.700252512043374
36081065600,110875.0,0.3107960741548528,0.28200654307524536,25.84856112707133,46.64293432426838,0.20081938365772617,30.024474336081184
36081065702,61786.0,0.21967963386727687,0.2387490465293669,19.295880306156008,34.818823122281515,0.1774750907350574,22.05081599092299
36081065703,115896.0,0.3078170613039247,0.22348361985079468,26.427359951895646,47.68735901934242,0.16923696739391214,30.02533772086774
36081065900,99107.0,0.18381201044386422,0.17389033942558746,24.43834106110597,44.09823554601804,0.14247351232400945,27.239355280290813
36081066000,121705.0,0.3066012002182215,0.2231314784506274,27.081565554744042,48.86785292839288,0.16904693115390496,30.764470576496446
36081066100,111806.0,0.2904820766378245,0.23671199011124847,25.956857424100942,46.83835166471846,0.17637577511298658,29.63984715630722
36081066301,102917.0,0.2677079549582274,0.2041409371594624,24.90365639249294,44.93788276410738,0.15879851656544608,28.085061820841656
36081066401,145333.0,0.08579881656804733,0.23550295857988165,29.59386413912543,53.40121853037717,0.17572331048894074,33.77737126673961
36081066402,109863.0,0.252441125789776,0.23520964962665136,25.73032569016155,46.4295821112971,0.17556502370242305,29.364391134360744
36081066403,87031.0,0.18815093051050025,0.19463889363155198,22.901110554356134,41.32435032992755,0.15367065422500223,25.732221863612274
36081066501,86773.0,0.22529644268774704,0.28952569169960474,22.867140636195106,41.26305265637441,0.2048771591193727,26.636042830299363
36081066701,123229.0,0.19548598471059336,0.19111758281761923,27.25059683849999,49.172864686231826,0.1517703475111122,30.577747047981937
36081066900,94375.0,0.2712915961646926,0.24873096446700507,23.847784512913556,43.03259440039709,0.18286192157070524,27.35595571390746
36081067100,116076.0,0.324553950722175,0.27994902293967716,26.447874375212958,47.72437666588707,0.1997090246084443,30.696983894762816
36081067700,108000.0,0.2792887029288703,0.2850418410041841,25.51123211436307,46.034234485694256,0.2024574091936137,29.666266003337174
36081067900,72875.0,0.2426768278161467,0.32269587997142174,20.956021741526392,37.814497332475,0.2227777463735638,24.711714940971653
36081068000,124789.0,0.21898342138823101,0.2251776279832392,27.42254189897482,49.48313426463054,0.170151153956124,31.176177146946802
36081068200,93750.0,0.213768115942029,0.1721014492753623,23.76868716562147,42.889865667573936,0.14150812183662786,26.474489222735667
36081068300,73466.0,0.26424211597151576,0.21083418107833163,21.04082448759129,37.96752128207814,0.16241058520375107,23.789899219550357
36081068700,69348.0,0.3450737743931461,0.23084245597334602,20.442618632311124,36.88807719685192,0.17320822878747336,23.29110738187302
36081069000,131683.0,0.14445549477871705,0.22725012431626057,28.16984209047997,50.83161449846386,0.17126959504362188,32.051114673766094
36081069300,58605.0,0.3124792013311148,0.259234608985025,18.792600938786677,33.91067096775473,0.18853030679785732,21.642815319539515
36081069400,101782.0,0.2088482451804251,0.1930301532377657,24.765953130353644,44.68940145868283,0.15280248315668238,27.8103055079662
36081069500,112949.0,0.30821626223925075,0.2950191570881226,26.089199368781504,47.07715863752193,0.2078417565979645,30.45137369060305
36081069701,102700.0,0.35,0.2851851851851852,24.877387918525795,44.89048210996554,0.20253476615638893,28.93073527065483
36081069702,89065.0,0.3099183197199533,0.2382730455075846,23.167175711439416,41.80445673069794,0.1772182125481242,26.470041340429493
36081070300,102833.0,0.43897026187305815,0.2303595206391478,24.893491239211375,44.9195400573479,0.17294760843714233,28.35694848875355
36081070700,127188.0,0.4845201238390093,0.2503869969040248,27.684878735433358,49.95651302539092,0.18375561421096764,31.77741657386656
36081070900,115000.0,0.5013550135501355,0.2567750677506775,26.325005866691445,47.502664217549366,0.18720299348537528,30.2895269049826
36081071100,100625.0,0.5464743589743589,0.3092948717948718,24.62478816449335,44.43467361525895,0.21554577306691003,28.894725238345554
36081071303,96641.0,0.5301521698290438,0.36276535788089426,24.13238604326352,43.54614911717384,0.24440159667162853,28.877140735931903
36081071304,89959.0,0.5201962387571545,0.22485690923957483,23.28315696621307,42.01374134126716,0.1699780752323021,26.466945646261
36081071305,114158.0,0.42201834862385323,0.2831919681495586,26.228456401733144,47.328443674635785,0.20145910884716922,30.47924103441872
36081071306,75560.0,0.4596406160867085,0.25755847119224184,21.338580769414285,38.5048133436917,0.18762576412345672,24.55940827328406
36081071701,57300.0,0.4385708315921438,0.2590890096113665,18.58218876315628,33.53098866200826,0.18845173280029748,21.39931600737985
36081071702,99527.0,0.49534883720930234,0.27325581395348836,24.490069252908285,44.1915774787116,0.19609697482187116,28.353475415416526
36081071900,58606.0,0.2267711962833914,0.28339140534262486,18.792761270846853,33.91096028203091,0.20156673690302945,21.84008731338183
36081072100,100167.0,0.36748786860768945,0.23796192609182532,24.568683739422376,44.33343490409736,0.1770503141870225,28.068039142956398
36081072300,221534.0,0.5500427715996579,0.24807527801539778,36.53757762567054,65.93093616252281,0.18250807454269907,41.902102896574654
36081072900,124250.0,0.44144838212634824,0.30970724191063176,27.36325484147711,49.37615259104529,0.21576831226921095,32.11294063705615
36081073100,166481.0,0.47652838427947597,0.27565502183406115,31.673925756945803,57.154625807226225,0.19739172870313348,36.703605188436676
36081073700,124545.0,0.6168032786885246,0.2535860655737705,27.395719125321204,49.434733393736025,0.1854820200843883,31.48356001249544
36081073900,113609.0,0.5824508320726173,0.24167927382753404,26.16531244129626,47.21450233820498,0.17905641397011485,29.934304901212705
36081074100,92857.0,0.4431891542930923,0.26145900581020015,23.65521396747715,42.68510676812916,0.18973072233757932,27.26576927455156
36081074300,72344.0,0.41573631047315257,0.35752259436469963,20.879534660963152,37.67647874576033,0.24157229268921887,24.93721095370022
36081074500,65885.0,0.26840039254170756,0.2686457311089303,19.92566532712151,35.95525084167736,0.19360910259359754,23.029138993542
36081074700,88924.0,0.37372262773722625,0.30656934306569344,23.148830314043607,41.7713530247826,0.21407491723604594,27.135445322071444
36081074900,227054.0,0.5138522427440633,0.2994722955145119,36.98998328707658,66.74728827779741,0.21024493237445835,43.24630586249681
36081075701,111042.0,0.4461506536625856,0.24610915127619837,25.868020362577226,46.6780479168293,0.18144703675299978,29.64393819704454
36081075702,124360.0,0.4464843032862126,0.36882687718009916,27.375364668999836,49.398004402720375,0.24767274949775137,32.829772403048835
36081076901,100710.0,0.48922539312754804,0.32187924674820423,24.635186500682074,44.453437093409555,0.22233704298812967,29.041517734666847
36081076902,133438.0,0.5321158690176322,0.22544080604534006,28.35693700961833,51.169221531322464,0.17029318033913457,32.241713491620544
36081077300,105326.0,0.5948352626892253,0.3468388245770258,25.193433062914032,45.46077586212979,0.2358067012575164,29.972608311652376
36081077500,81058.0,0.47661250615460365,0.30132939438700146,22.10128365120227,39.88108725887337,0.21124713230574138,25.857216176282066
36081077902,106588.0,0.3907555858775371,0.2106430155210643,25.343915568683503,45.732316920026655,0.16230742100975196,28.653104410531753
36081077903,90781.0,0.28708272859216255,0.25195936139332364,23.389289946595834,42.20525504329863,0.18460415469875258,26.862795278113886
36081077904,108542.0,0.282159970512348,0.29745669001105784,25.57516629642875,46.14960175277367,0.20915719292935964,29.878457462584144
36081077905,87375.0,0.45451559934318553,0.3021346469622332,22.946325550857384,41.40593940182645,0.21168169402322323,26.853887881845072
36081077906,85590.0,0.3627232142857143,0.2689732142857143,22.710728719360393,40.98081215839892,0.19378583180394338,26.251212035721924
36081077907,69718.0,0.2976432935699738,0.1437299970904859,20.49708095831319,36.98635279069922,0.12619721521162697,22.57798114442783
36081077908,74705.0,0.2637492607924305,0.2764636309875813,21.21750882615283,38.286342742164045,0.19782810182795602,24.594203840173968
36081078800,98468.0,0.11959654178674352,0.28097982708933716,24.35942961733669,43.955842270389674,0.2002653072400581,28.283911218103306
36081079000,74135.0,0.17263475310968715,0.24575951752732755,21.136408914743395,38.14000044392244,0.1812583537893282,24.218451923828553
36081079200,73676.0,0.15127222028581389,0.21017776228651097,21.07087525980528,38.02174697719053,0.16205634296183227,23.817871540339887
36081079701,55800.0,0.25832540437678403,0.25816682524579765,18.337353445803913,33.089190854718794,0.1879540678016836,21.110021294358514
36081079702,40786.0,0.14548747358889225,0.30274675520676125,15.67743879350869,28.289456593873226,0.21201202368401367,18.351338210102778
36081079900,53981.0,0.18581418581418582,0.3116883116883117,18.035991388440518,32.54539228193457,0.21683741420259167,21.18217235981454
36081080301,67600.0,0.11005692599620494,0.24644212523719164,20.183333876025475,36.42020582098452,0.18162672911390199,23.132383818429666
36081080302,92887.0,0.3051681706316653,0.20836751435602954,23.65903489163898,42.692001508376485,0.16107942655829066,26.72485423996615
36081080900,61345.0,0.3029762721163078,0.21656837196543685,19.226894436869628,34.694340240831785,0.16550509233966704,21.78683548291318
36081081400,141705.0,0.15445544554455445,0.29042904290429045,29.22214851795975,52.7304691134134,0.20536466063513575,34.04992679914706
36081081800,127697.0,0.20908130939809927,0.34134107708553324,27.740220170726733,50.056374944942654,0.23283979290395151,32.936309026767695
36081083700,63732.0,0.23459119496855346,0.2758909853249476,19.597394276242,35.362895816905954,0.19751906850062884,22.711381454999174
36081083800,96551.0,0.15839971035481534,0.28819695872556117,24.121146400432668,43.52586752703772,0.204160096546665,28.082816139101464
36081084000,99424.0,0.1512920456185939,0.24310668399018334,24.47739364681273,44.1687047369861,0.17982672856569804,28.018417701328055
36081084500,29589.0,0.1952047528113728,0.21514958625079567,13.353179910358087,24.095402855003698,0.16473943200419305,15.122847616721414
36081084601,104659.0,0.21283659166359278,0.3094798967170786,25.113534898118544,45.316602078727875,0.21564562341255844,29.470237915126845
36081084602,83000.0,0.07619738751814223,0.20029027576197386,22.36446959142251,40.355998201281956,0.1567204728785293,25.18411046296727
36081084901,67219.0,0.10536713862364175,0.33849193282844914,20.126375917225534,36.317426934434906,0.2313022268535036,23.871402072604745
36081084902,45658.0,0.09429997373259785,0.2077751510375624,16.587387804189003,29.931431624318705,0.1607597524225423,18.73257298502861
36081085300,33756.0,0.15133829744415375,0.20627892936204467,14.262479906352793,25.736206758390793,0.15995230308174452,16.09772894126713
36081085500,40199.0,0.1362526452873189,0.18297248901188345,15.564213561633581,28.08514514194216,0.14737477516258185,17.40948303810763
36081085700,57813.0,0.2139222101054162,0.20828789531079608,18.665185461402142,33.68075365381504,0.16103645943206824,21.083239399469097
36081085900,57706.0,0.2574326687653026,0.24886323889471842,18.64790474780211,33.64957113709543,0.18293330464261842,21.392209155541632
36081086100,43750.0,0.14823756639304683,0.2491549975857074,16.237104477174597,29.299356123616732,0.18309075481632314,18.628681990722445
36081086300,56774.0,0.1383583612771541,0.3402828400641493,18.496702147933934,33.37673069152324,0.2322687058790101,21.952867121196157
36081086400,124141.0,0.127734375,0.32421875,27.351249814534476,49.35448988879685,0.2235995767352117,32.27116498194279
36081086500,62688.0,0.2975446428571429,0.2546875,19.436218093202985,35.07205834695287,0.18607641897323157,22.34567925525827
36081086900,86165.0,0.2652838427947598,0.45360262008733626,22.786887208080607,41.11823781122925,0.29342273350490394,28.16572221089325
36081087100,47662.0,0.3516056453262426,0.22888116179177745,16.947501757833212,30.581246188715795,0.17214979893050042,19.29454812027948
36081088400,98921.0,0.19379760609358,0.2132752992383025,24.415397847416227,44.056835221873975,0.16372795634021448,27.6312502483205
36081088902,47661.0,0.25502697400686614,0.28788621873467385,16.947323968497336,30.58092537332201,0.2039924029455717,19.728475079869643
36081088903,57807.0,0.21528224940974458,0.23395578450311225,18.66421687286142,33.67900586555441,0.17488836423142542,21.29012875907351
36081089201,165529.0,0.27607430617726053,0.2403760071620412,31.583234301630483,56.99097586271869,0.17835309451741954,36.11478363374941
36081090700,107917.0,0.13527508090614887,0.2809061488673139,25.501427303051177,46.0165420049471,0.20022554613194343,29.60907734819775
36081091603,134844.0,0.3878243997089498,0.2187727382973563,28.505940212111593,51.43809323191086,0.16669469824546926,32.32860853986596
36081091900,104375.0,0.12915057915057915,0.2523166023166023,25.07943802658383,45.255075321712724,0.18479694294178317,28.807834120625877
36081092200,160357.0,0.4852240228789323,0.2449952335557674,31.085905171680213,56.09356072878609,0.18084590114336246,35.60843717638784
36081092500,69250.0,0.12711650240080868,0.23426838514025777,20.428169153589753,36.8620035564776,0.1750570619468283,23.305027920680008
36081092800,159600.0,0.40988372093023256,0.23372093023255813,31.012444493399563,55.961003192000334,0.1747616230345524,35.37249510393983
36081092900,105682.0,0.21983611189601582,0.24851653009324667,25.235973823517966,45.53753935752125,0.18274620015283732,28.946007782010874
36081093401,117143.0,0.2993767976989454,0.25047938638542666,26.569154085249945,47.94322217617728,0.18380547301670164,30.497824780994033
36081093402,102324.0,0.3387884709330728,0.2540302882266732,24.831806248276607,44.80823138655499,0.18572174879178693,28.54186285956588
36081093800,77802.0,0.21373745325723284,0.18893918519976383,21.65284350597458,39.07189079569715,0.15059475585292814,24.27606067976096
36081093900,94050.0,0.1952560477536915,0.2469368520263902,23.80668668974802,42.95843464127715,0.1818937128278461,27.290269231794746
36081094201,67727.0,0.23812217194570134,0.22313348416289594,20.20228417649016,36.454401055901236,0.16904801355437782,22.949672251008174
36081094202,55694.0,0.18521739130434783,0.19252173913043477,18.31992796681949,33.057747113311144,0.15252811295971636,20.567859710375437
36081094203,56784.0,0.31167247386759583,0.14773519163763066,18.498331052690638,33.37967000010657,0.1283586540878148,20.408479691005525
36081094500,79700.0,0.22569444444444445,0.22296626984126985,21.915365451494196,39.545603580070534,0.1689577748578142,24.89413125591185
36081094700,84125.0,0.1443791329904482,0.2891256429096253,22.515525887275835,40.62857464575472,0.2046612692301662,26.222565435814012
36081095400,70795.0,0.16596764529658478,0.2182444577591372,20.654793124984522,37.27093954955308,0.16640960695229995,23.419879520558837
36081096400,106425.0,0.22830422225278504,0.2567734837023793,25.32452952708131,45.697335403615995,0.1872021386396161,29.13836235725834
36081097202,22941.0,0.04706565950029053,0.03137710633352702,11.757790804462116,21.216572233750078,0.06556497798177867,12.377955600607839
36081097204,73250.0,0.10320617832904283,0.12754505031593727,21.009870280171544,37.91166536589614,0.11746286466866046,22.99520354898344
36081097205,20744.0,0.07725453985841797,0.10372422283779624,11.180617970178687,20.17508158864646,0.10460774315878976,12.121508510230445
36081097206,48980.0,0.0662172878667724,0.1895321173671689,17.18022894049714,31.001195238997635,0.15091473697306756,19.266016434148973
36081097300,88889.0,0.2625231910946197,0.25139146567717996,23.14427423919234,41.76313172770462,0.1842976847223145,26.57568656649988
36081098100,124519.0,0.3127035830618892,0.25773615635179153,27.392859412464546,49.42957312975446,0.18772165350087688,31.529627749199662
36081098700,102639.0,0.26957192441187816,0.2560740455071346,24.869998697163787,44.877148487060914,0.18682468059384644,28.607828066254555
36081099100,108224.0,0.36874723328906595,0.22015641139147116,25.537674503159824,46.08194896380237,0.16744140974283883,28.97763678099361
36081099200,35529.0,0.09975609756097562,0.1770731707317073,14.632247836132384,26.40344162609363,0.14419115555966686,16.32954987102367
36081099701,95063.0,0.364367816091954,0.210727969348659,23.93455262795895,43.1891647979371,0.16235326709874534,27.060601820474165
36081099703,116319.0,0.44158571803623,0.27881333683381465,26.4755436324928,47.77430499047584,0.19909614149591048,30.716044837509422
36081099704,95653.0,0.42000548847420416,0.17549396267837541,24.00871156993386,43.32298233010411,0.14333892188165645,26.777198317627064
36081099705,147807.0,0.42456008985398724,0.29988768251591164,29.844688999406515,53.85382428384528,0.21046909966593952,34.89787008648008
36081099801,68297.0,0.12262887748270475,0.20319125195268914,20.28711869448922,36.60748233698334,0.1582860104931696,22.870403945257387
36081099802,45210.0,0.1811726147123088,0.1822651128914785,16.505808798532065,29.784224815228253,0.14699303334486663,18.4576434468413
36081100801,142717.0,0.22357463164638053,0.25624599615631005,29.32630928405163,52.91842401535573,0.1869174752917166,33.736087806419505
36081100803,48320.0,0.12762036397143514,0.19096982262151577,17.064085530765258,30.791618024788708,0.1516906074064926,19.14642327297604
36081100804,99318.0,0.21756601607347875,0.2060849598163031,24.464341991031485,44.145153425157375,0.159847625690415,27.61027297043728
36081101002,52716.0,0.2395781842148624,0.16262975778546712,17.823409328498453,32.16179448662012,0.13639663924357592,19.779116876246217
36081101003,70299.0,0.2030888030888031,0.19665379665379665,20.58231071362943,37.14014726537601,0.15475801456986554,23.144768623950082
36081101004,42361.0,0.13030021665119157,0.24295883627359952,15.977273088644003,28.83049836665929,0.17974694122987245,18.287601017305725
36081101700,109963.0,0.2809164650633272,0.22641240927849723,25.742033213740836,46.450707977867545,0.17081751466937897,29.27943756904545
36081102900,100161.0,0.35080645161290325,0.2658410138248848,24.567947896729677,44.33210709856808,0.19209551195446778,28.36455417695643
36081103201,53469.0,0.04994340690435767,0.15718732314657613,17.95025354761012,32.39068098255905,0.13345958096309957,19.87746694200645
36081103202,81060.0,0.17315102548166564,0.19701678060907396,22.101556309636017,39.88157926263929,0.15495390209121657,24.85664024547527
36081103300,101816.0,0.26441569831177375,0.25674194255645694,24.77008928457385,44.696865021884655,0.1871851171795612,28.500085135973208
36081103900,74272.0,0.20119940029985006,0.2262368815592204,21.155929731244292,38.17522515749668,0.17072278957379927,24.061511322994704
36081104700,77454.0,0.259061534138803,0.23531890980612533,21.604363810973815,38.98441067566784,0.17562398693048958,24.656716934390136
36081105900,99740.0,0.3070414847161572,0.2336244541484716,24.51626112449782,44.23883990621674,0.17470955885731648,27.961984162980606
36081107201,112949.0,0.30822212656048215,0.2668962548428756,26.089199368781504,47.07715863752193,0.19266498215951916,30.132844166858092
36081108500,67226.0,0.2932031814895155,0.2650036153289949,20.12742384239385,36.31931788320231,0.1916436024048635,23.23049674613222
36081109300,139605.0,0.3190930003286231,0.2744002628984555,29.00481120502542,52.33829061018553,0.19671458687850085,33.5948469666495
36081109700,131142.0,0.3407008086253369,0.24366576819407007,28.11191673372801,50.72708997203434,0.18012844333114053,32.1855526848082
36081109900,93456.0,0.3274515475846109,0.3011281457911484,23.731388599107817,42.82256155034539,0.21113852671024913,27.762270729202676
36081111300,138173.0,0.3004024881083059,0.21551408708379072,28.855669159243327,52.06916837114857,0.16493613812210184,32.68441407155543
36081112300,100929.0,0.344275420336269,0.29383506805444354,24.661957308110008,44.50174419284655,0.20720275241473796,28.77281575794924
36081112900,100201.0,0.34775010921799915,0.18872870249017037,24.572853098463025,44.340958384377416,0.15048116698578937,27.547580650985374
36081113300,118412.0,0.4581560283687943,0.2765957446808511,26.71267711467105,48.202205072842176,0.19789939815809648,30.965441764294702
36081113900,87850.0,0.2913770913770914,0.26640926640926643,23.008612998175014,41.518335186651,0.19240217451802594,26.569923796962346
36081114100,126429.0,0.4229848363926576,0.26536312849162014,27.60214976106088,49.80723113308751,0.19183761688207618,31.86191965414305
36081114700,98188.0,0.32575356953992596,0.20729772607086197,24.324771170279128,43.89330216759865,0.16050210579106355,27.46556160258661
36081115100,121719.0,0.4883720930232558,0.2843551797040169,27.08312313666346,48.87066353710781,0.2020868463129633,31.48609846510554
36081115500,89118.0,0.24338624338624337,0.24723424723424722,23.17406774366877,41.816893191089456,0.18205420479803325,26.56807250568748
36081115700,62255.0,0.33150015276504735,0.29514207149404215,19.368976632027415,34.95072319633997,0.20790808845082975,22.608547774938923
36081115900,63132.0,0.34675324675324676,0.2677922077922078,19.504927051521847,35.196041551070145,0.1931484911409499,22.535642141429484
36081116100,42750.0,0.24190005491488192,0.2215815485996705,16.05046489193361,28.96257072678523,0.16821049771832802,18.22241664100573
36081116301,41154.0,0.18144611186903137,0.23601637107776263,15.748006417087577,28.41679370234239,0.1760003781118436,17.977717769510942
36081116302,61359.0,0.1971356360572873,0.20893007582139847,19.229088268202034,34.69829894206289,0.1613830178588332,21.725556170643777
36081116700,55216.0,0.17953861584754263,0.19759277833500502,18.241142137484992,32.915580505070686,0.1552647443893293,20.51956505968515
36081117100,76658.0,0.30572228891556624,0.24009603841536614,21.493062354786606,38.78357061785516,0.17820200689207255,24.574265627449385
36081117500,87938.0,0.2978723404255319,0.21144987935950865,23.020134063307957,41.53912459468419,0.16274285225976376,26.033967403355682
36081118100,98056.0,0.32432432432432434,0.2811850311850312,24.308415049054886,43.863788049411895,0.20037604745623616,28.226843397398824
36081118500,60536.0,0.19247787610619468,0.2782079646017699,19.099694332505347,34.46481156088954,0.19876944698419474,22.153810186838594
36081118700,67443.0,0.1985674492638281,0.2825308396339037,20.159882504565985,36.377888541758736,0.20110232496087543,23.421361224874964
36081118900,54135.0,0.3109919571045576,0.4380697050938338,18.06170010551183,32.5917828719571,0.2850402577144555,22.20335864187176
36081119300,50966.0,0.16882034180908712,0.19966652771988327,17.525072827783013,31.62345543784309,0.15638386169741159,19.72983234403184
36081119500,104706.0,0.2128463476070529,0.22229219143576825,25.119173226663452,45.32677626934243,0.16859400244823458,28.526053903513823
36081119900,120625.0,0.2092130518234165,0.2827895073576456,26.96113801856238,48.6505451396405,0.2012419172996569,31.325955892700975
36081120100,84167.0,0.2593059936908517,0.2586750788643533,22.52114570353646,40.6387154315211,0.18822835138945404,25.93138598461849
36081120300,58646.0,0.25748502994011974,0.3040585495675316,18.799173431969315,33.922530829754685,0.21271994518334614,22.016213188614373
36081120500,31250.0,0.22073079791200598,0.2412378821774795,13.722857933355556,24.762475488680696,0.17881821303859385,15.696942617228288
36081120701,106705.0,0.27746870653685674,0.3327538247566064,25.357821565811808,45.75740986456544,0.22820560577398835,30.013121971068845
36081121500,89858.0,0.24055712936732768,0.26109537299339,23.270082903144367,41.99014959617671,0.18953448465232847,26.81818109646547
36081122300,94397.0,0.22146050670640835,0.2786885245901639,23.85056396026267,43.037609827736546,0.19902878545802632,27.669338395793435
36081122702,26694.0,0.16189047261815454,0.1980495123780945,12.683128265544251,22.886315250116162,0.1555112249797705,14.269838372212678
36081122703,71465.0,0.18947933440687065,0.2290660225442834,20.75230088130196,37.446889299779514,0.1722495606805089,23.62793640212663
36081122704,84904.0,0.3062089425725789,0.20915448188175462,22.619532884551678,40.81625207659325,0.16150412058610314,25.558378015214615
36081124100,93417.0,0.35769628099173556,0.2577479338842975,23.72643642518194,42.813625504657914,0.18772800935109196,27.309636435179865
36081124700,120685.0,0.34657236126224156,0.24483133841131666,26.967842545693177,48.662643252843,0.18075745367029605,30.889339479402118
36081125700,82031.0,0.2586496472959355,0.3261672824991602,22.233537097038617,40.1197345382317,0.22465111963671763,26.251691378246036
36081126500,138424.0,0.3179460580912863,0.37863070539419086,28.881866342138185,52.11644038274097,0.25296347262941826,34.7593648765144
36081126700,117743.0,0.19968588736818488,0.20484630917657617,26.637110052313254,48.06584663071051,0.1591791768509874,30.048118701819178
36081127700,121577.0,0.5348133198789102,0.24924318869828457,27.067320649831526,48.842148435170856,0.18313834793496314,31.055126637006907
36081129102,144154.0,0.4490968801313629,0.24794745484400657,29.473581006184027,53.18417131283486,0.18243909363086808,33.799319611182256
36081129103,76705.0,0.3652556095304187,0.22183668748554244,21.499650180848366,38.795458147564375,0.16834818568835286,24.41136807205917
36081129104,109891.0,0.4182397088924267,0.27132135546963837,25.733604333659542,46.435498322748785,0.19505302708796007,29.771571422685447
36081130100,91389.0,0.36828022378983216,0.16565312576015567,23.467483385477596,42.346352701169074,0.13802822667349784,26.073300238723206
36081133300,134083.0,0.5049986490137801,0.339908132937044,28.425388932005006,51.29274092199786,0.23206649184366762,33.73213508607696
36081133900,141563.0,0.3691860465116279,0.23328488372093023,29.20750335668589,52.70404236988571,0.17452630665454522,33.308267529824086
36081134100,64324.0,0.30158730158730157,0.3399778516057586,19.68820297648652,35.52675732628573,0.2321041161436066,23.364396634839142
36081134701,89671.0,0.406198347107438,0.26673553719008264,23.245857059040333,41.94643480486049,0.1925782494480997,26.847181584998474
36081134702,86058.0,0.3808440215142739,0.2511377741001241,22.772734394629694,41.092699494220064,0.18416077780537066,26.1465534167375
36081136700,95803.0,0.35382492718074504,0.19254944044151465,24.02752904548446,43.356937886544586,0.15254306221873104,26.976096260977585
36081137700,109481.0,0.4186710763680096,0.2521046301864101,25.68555382298755,46.348792652653515,0.18468255029556518,29.50169346741661
36081138501,96563.0,0.3041656969979055,0.3078892250407261,24.122645322057274,43.52857228505307,0.21478720328837986,28.290790101657706
36081139900,159300.0,0.45666235446313064,0.259379042690815,30.983283749298455,55.908383525270395,0.18860825173237966,35.68436324229965
36081140300,79375.0,0.22041862451943614,0.25074754378470737,21.87063665836025,39.46489184720872,0.18395018654332818,25.107103182439847
36081140901,125038.0,0.195357833655706,0.24081237911025144,27.449887298518124,49.532478197884664,0.1785885865221742,31.393585993983425
36081140902,107321.0,0.3059418457648546,0.24905183312262957,25.43091063870368,45.889296850845184,0.18303508119585038,29.175513020179068
36081141700,71500.0,0.2795363352652697,0.24632189032545698,20.757381981298323,37.45605798859977,0.18156184327391617,23.789224377417895
36081142900,95227.0,0.2595438770451165,0.24863658899355479,23.955189338087834,43.226403107275814,0.18281099100669068,27.47817902513487
36081143500,113974.0,0.3846493162770181,0.24261138067931187,26.20731034889705,47.290286272032105,0.1795594337267032,29.992957566928897
36081144100,118001.0,0.4351851851851852,0.27925925925925926,26.666277874618427,48.11847906984219,0.19933678750068623,30.942490745692716
36081144700,97917.0,0.21900250766230148,0.23989969350794094,24.29117965307377,43.83268730694317,0.1780960476156741,27.771444930679355
36081145101,78125.0,0.24518388791593695,0.31961471103327493,21.697743538157347,39.15291152416103,0.22111496613939002,25.557342416339914
36081145102,93750.0,0.291311093871218,0.23235065942591157,23.76868716562147,42.889865667573936,0.17402214420087064,27.096195648178828
36081145900,119017.0,0.31368821292775667,0.2870722433460076,26.780831437032383,48.32518745341598,0.20355313388420299,31.16625262168425
36081146300,88620.0,0.2682108089963075,0.2168512923799933,23.10922756795465,41.69989108630923,0.16565777285885064,26.188915482373556
36081146700,112500.0,0.5195394277739009,0.4005582693649686,26.037292245788812,46.98349382899322,0.264796877640998,31.58378102346027
36081147100,94773.0,0.42544910179640716,0.2616766467065868,23.898017267535916,43.12323786264861,0.1898481741839157,27.547890295801075
36081147900,90781.0,0.350939226519337,0.2634254143646409,23.389289946595834,42.20525504329863,0.1907919122113812,26.979223907498366
36081148300,139643.0,0.5133779264214047,0.22909698996655517,29.00875844127557,52.345413276715135,0.17226627252549065,33.02887698299071
36081150701,143472.0,0.4866666666666667,0.21523809523809523,29.403777832673942,53.05821363102616,0.1647871966667555,33.301725996618146
36081150702,114821.0,0.44491803278688524,0.22262295081967212,26.304510166127525,47.465680355637936,0.16877249969290486,29.875933755438176
36081152901,92750.0,0.3258426966292135,0.21615837346174424,23.64158097551195,42.66050645301877,0.1652838329989212,26.785101877955114
36081152902,129235.0,0.4436980166346769,0.28774792066538707,27.906773661939816,50.356915602271286,0.20391776916188414,32.484756523779865
36081155101,91719.0,0.7047835990888383,0.14259681093394078,23.509815017795834,42.42273883099472,0.1255856812189872,25.88500743871922
36081155103,113622.0,0.41112899517130375,0.2904115888710048,26.166809414826904,47.21720358094464,0.2053552414107645,30.489618190601764
36081155104,90192.0,0.3830113462128181,0.19319227230910763,23.313289956519338,42.06811539640082,0.15288997215609185,26.18071469581518
36081156700,60625.0,0.14508060033351863,0.1473040578098944,19.11372935684126,34.490137331059934,0.12812598888138355,21.083846833981625
36081157101,90857.0,0.36122648424138776,0.25262643537747376,23.399078416385255,42.2229180362706,0.18496414711002346,26.880813857013216
36081157102,114844.0,0.21845386533665836,0.29625935162094763,26.307144585961485,47.470434085282456,0.20851103861304027,30.71992405993335
36081157901,114219.0,0.3755948981534361,0.22901199314677329,26.23546301610668,47.3410868949858,0.1722204032353809,29.870282071061524
36081157902,109875.0,0.2750370004933399,0.19067587567834238,25.73173087424267,46.43211772279543,0.15153197632302515,28.868501404055028
36081157903,121000.0,0.3240790176187934,0.24853176721836626,27.003014002408666,48.72610906579888,0.18275442300299033,30.973005706557657
36081161700,115125.0,0.27246134559130797,0.2946092770580861,26.33930904941842,47.52847387129693,0.20762056119258138,30.738615340938942
36081162100,131094.0,0.29056779398076327,0.3149239838659634,28.106771564756308,50.71780567271669,0.2185835734847572,33.04917220026002
36085000300,76563.0,0.44884169884169883,0.33542471042471045,21.47974036677291,38.759531499819275,0.2296469729907215,25.447992094388916
36085000600,34421.0,0.2978486646884273,0.1661721068249258,14.402281597667713,25.988474614785872,0.13830829942307232,16.0047482506528
36085000700,61533.0,0.2662175168431184,0.14148219441770934,19.25633360053155,34.74746230710442,0.12498416849797814,21.19247944101772
36085000800,102717.0,0.19947025264873675,0.2997147514262429,24.879446818694674,44.89419733205799,0.21037577586463302,29.090065486680544
36085000900,64233.0,0.27080394922425954,0.2637517630465444,19.674271468971423,35.50161834903782,0.19096802918146993,22.69678870982919
36085001100,58516.0,0.13585534142279324,0.24411134903640258,18.778325902834027,33.8849121039966,0.18036890499755037,21.503084314188825
36085001700,52833.0,0.3241106719367589,0.1857707509881423,17.843177360049925,32.197465292157126,0.14888488213742426,19.980313826988358
36085001800,89750.0,0.3010752688172043,0.08387096774193549,23.25609458518818,41.96490810623342,0.0938937573890701,25.012735382970558
36085002001,81932.0,0.3128654970760234,0.24451754385964913,22.220116654248216,40.09551776157639,0.18058811164829774,25.448201585176502
36085002002,83581.0,0.32628797886393657,0.30416116248348746,22.44260872996724,40.496997875862675,0.21277532115650682,26.28413717876969
36085002100,47755.0,0.223841059602649,0.30274361400189215,16.964028021593823,30.611067323881592,0.21201032850485518,19.857341307190524
36085002700,36753.0,0.05775316455696203,0.13686708860759494,14.882159464604607,26.85439948082284,0.12249358558164694,16.348682071635253
36085002900,61591.0,0.06760665220535068,0.21348517715112075,19.265406815615876,34.76383464493814,0.16384121882339195,21.804688121018415
36085003300,97188.0,0.2355682112347916,0.236862542065752,24.200585817929138,43.669213515034144,0.17645702181486828,27.635961880182744
36085003600,86695.0,0.22579453067257946,0.23577235772357724,22.85686072207199,41.24450286720253,0.17586869413399003,26.09067133433922
36085003900,80882.0,0.34025629695095005,0.27132125497127707,22.07727652236875,39.83776713254249,0.19505297285312517,25.54151301521315
36085004001,61118.0,0.35858031467252105,0.36297109403585803,19.191288029583422,34.63008957293545,0.2445126240183259,22.966269906646605
36085004003,23021.0,0.0658682634730539,0.12090105503279155,11.778273883975237,21.253533321363136,0.1138773734948454,12.857291541887218
36085004004,112609.0,0.12963973799126638,0.24072052401746724,26.04990281354544,47.00624921103451,0.17853901610401285,29.791428280488013
36085004700,125982.0,0.23471800067544749,0.3005741303613644,27.553311733759507,49.719104413431964,0.21083954735385385,32.22673742908102
36085005000,79539.0,0.2705530642750374,0.2746102925475123,21.893218917397952,39.50564083977396,0.19682793124748965,25.359835488637156
36085005901,93977.0,0.4113821138211382,0.2032520325203252,23.79744572489398,42.9417596041383,0.158318811267329,26.828350740784565
36085006400,62188.0,0.16059457883998834,0.28825415330807347,19.35855119808314,34.931910821122095,0.20419096211204374,22.538490482828323
36085006700,104602.0,0.4506363949088407,0.29274165806673547,25.106695226201218,45.304260100910575,0.2066126839855454,29.279768314937094
36085007001,75600.0,0.2204861111111111,0.2791666666666667,21.344228137719966,38.51500384627681,0.19928681908419088,24.766137409886355
36085007002,103971.0,0.14215445154943435,0.23807181505164782,25.03085399567583,45.167406930744654,0.17710961674199915,28.597231168510845
36085007400,76259.0,0.21893608574831283,0.2905915045653037,21.43705437095089,38.68250593193932,0.20545233451610972,24.98017265394045
36085007500,113673.0,0.24489795918367346,0.25347530316474415,26.172681330314706,47.22779927202039,0.1854222461647767,30.076768592330062
36085007700,86875.0,0.12063655030800821,0.2402464065708419,22.880576631898627,41.287297497783555,0.1782831544051734,26.162184890124117
36085008100,82248.0,0.1985042735042735,0.23653846153846153,22.26292532242638,40.172764687953745,0.17628212887459888,25.420109933583642
36085009601,101159.0,0.29203152364273205,0.2760507880910683,24.690041517478324,44.55242128572905,0.1976053074853148,28.614953178973604
36085009602,87816.0,0.2758060146301815,0.2988350040639393,23.00416013222177,41.510300126858276,0.20990101237244208,26.888617652202115
36085009701,95000.0,0.2232101076275152,0.21899859616284512,23.926620379224914,43.17485129882485,0.1668165844522974,27.137544517981677
36085010500,102500.0,0.18716577540106952,0.2601880877742947,24.853152756495813,44.84675050473825,0.18904486011068383,28.63283964592159
36085011201,107602.0,0.25201716738197427,0.25527896995708155,25.464181919861957,45.94933385539336,0.18639561099855895,29.282524331283646
36085011203,78505.0,0.19643374891272833,0.23224122934183822,21.750448439026147,39.248015898354446,0.17396308928227516,24.79437932917591
36085011401,45259.0,0.14566687154271665,0.18500307314074985,16.514751129911634,29.800360977438313,0.1484705979561664,18.48727356818625
36085011402,93625.0,0.2917163289630513,0.19189511323003575,23.75283608872301,42.86126288635493,0.1521899487167549,26.660946583112477
36085012100,177083.0,0.326935380678183,0.2930262316058861,32.66690517667413,58.94642665958516,0.20676625662812603,38.100623459674054
36085012200,114946.0,0.22434464539727697,0.20178825441983336,26.318824487414755,47.49151010857523,0.15752887039048172,29.65413373644896
36085012500,129583.0,0.23618739903069466,0.30080775444264946,27.944321649237583,50.424669791641,0.21096562466814145,32.68690233785701
36085012804,86977.0,0.1929786775791514,0.2993754038337282,22.894004742308528,41.31152811042265,0.21019264391676679,26.765232673451273
36085012805,130469.0,0.2814207650273224,0.325591985428051,28.039690996803305,50.59676084898027,0.22434065545321408,33.100158832544615
36085012806,61378.0,0.1955538809344386,0.2763752825923135,19.232065210446315,34.703670742872404,0.19778042383031247,22.292045909984953
36085013201,135500.0,0.27816236626809315,0.2718691000629327,28.575195087153507,51.563061525980906,0.19534862233164485,33.06584312632229
36085013203,123693.0,0.29569154774972556,0.27826564215148186,27.30185261743629,49.265354164424146,0.19880057318712024,31.668209314173676
36085013204,105833.0,0.23163064833005895,0.26031434184675833,25.253996153938946,45.57006009900715,0.18911299424431655,29.096027837849796
36085013301,32750.0,0.020480854853072127,0.15316117542297417,14.048346439787652,25.34980949749392,0.13128683451879208,15.532079750064977
36085013302,124188.0,0.15253748558246827,0.2234717416378316,27.35642694010276,49.36383185281113,0.1692305572105925,31.080752336239527
36085013400,91912.0,0.2819672131147541,0.19863387978142077,23.534537320971243,42.4673494674509,0.15582658404876423,26.48477276419412
36085013800,149661.0,0.32413793103448274,0.26255012028869285,30.031282396081167,54.19052633482803,0.19031955197479805,34.62925887855333
36085014100,72500.0,0.19585755813953487,0.25799418604651164,20.902034476888083,37.71707897226174,0.18786090152161944,24.06092389491512
36085014604,122083.0,0.27225364691872583,0.24173861268234595,27.123588871494754,48.94368271225031,0.17908843671112012,31.031315366325607
36085014605,143125.0,0.27866323907455015,0.23676092544987146,29.368198459464494,52.99401174529068,0.17640218350390846,33.535843510139884
36085014606,93159.0,0.2982619490999379,0.20965238981998757,23.693649817849593,42.754463079136414,0.16177282103543,26.7771713503575
36085014607,113333.0,0.2989499691167387,0.27383158328186125,26.133510305914463,47.15711636206912,0.19640769386320933,30.2627082880924
36085014608,108958.0,0.24777448071216618,0.2522255192878338,25.6241293457762,46.237954070869904,0.18474778917483786,29.43248789017487
36085014700,121000.0,0.30988816951147735,0.2672160094173043,27.003014002408666,48.72610906579888,0.19283754056083374,31.19204222780202
36085015100,114919.0,0.22166634596882817,0.248412545699442,26.315733253290595,47.48593207158024,0.18269008404945192,30.183318654747538
36085015601,136434.0,0.2636444974649568,0.305547271100507,28.673510208548056,51.74046814168169,0.2135233470054836,33.59884427166544
36085015602,134313.0,0.2977543665095647,0.22484058774604934,28.449758308349747,51.336714712832226,0.16996926719308997,32.33983751669983
36085015603,104668.0,0.2476916900843035,0.29887595343235646,25.114614676041068,45.31855050481154,0.209923111063482,29.355887740943515
36085016901,148153.0,0.19357429718875502,0.30495314591700134,29.879600154812916,53.91682039108699,0.21320272206358987,35.00440094002855
36085017005,100558.0,0.3091421143847487,0.24870017331022531,24.616588733269968,44.41987799355419,0.18284530484896472,28.237527195078865
36085017007,101971.0,0.24722134010797078,0.27405525563671007,24.78893653713005,44.730874310016794,0.19652840063977361,28.70809367329337
36085017009,117222.0,0.2930280957336108,0.24807492195629552,26.57811155352535,47.95938565245077,0.18250788239223625,30.480362612168197
36085017011,127585.0,0.2909691629955947,0.1962555066079295,27.728052358616527,50.034418501861104,0.15454307380256882,31.175346747759097
36085017012,122917.0,0.3061895551257253,0.28336557059961315,27.216077469487637,49.11057554550004,0.20155279495408174,31.628974750824703
36085017013,95875.0,0.22506448839208942,0.17777300085984524,24.036556201078277,43.37322711144292,0.14456882511550984,26.83203599623495
36085017014,108828.0,0.3361762615493959,0.2170101871594409,25.6088384491928,46.210362117817176,0.1657435218404491,29.023407537309975
36085017015,118598.0,0.34104245771487746,0.2699344149119779,26.733648841936855,48.240047910310636,0.19430455227481375,30.912440083960696
36085017016,121371.0,0.2778757161745262,0.2783164389598942,27.044379501448454,48.80075183780922,0.1988279861367776,31.37015519872896
36085017300,49500.0,0.18754745634016703,0.2589217919514047,17.271185787222322,31.165324074149776,0.1883614923021713,19.888306409200712
36085017600,140795.0,0.2959859703819174,0.269485580670304,29.12816811816701,52.56088436965332,0.19406233488250008,33.67557574656955
36085017701,136602.0,0.4249538380374571,0.3173305196518069,28.691158550275237,51.772314032060905,0.21988228193530368,33.766295687313814
36085017702,116073.0,0.26988879384088965,0.2570573139435415,26.44753259855028,47.72375994040078,0.18735531015482326,30.43374677110721
36085018100,95282.0,0.2540628385698808,0.1936619718309859,23.96210620634566,43.238884383517586,0.15314344968253019,26.914218515162684
36085018701,102109.0,0.26704254228600716,0.27370579190158895,24.80570462136721,44.76113180280228,0.19633980942553486,28.723749391175307
36085018703,100881.0,0.24164278892072588,0.2531041069723018,24.65609222112006,44.49116082358536,0.18522192683656585,28.329981846604156
36085018704,134583.0,0.3235898606987897,0.24731673898150264,28.478339228499575,51.388288105057896,0.18209872220346357,32.65021164466752
36085018901,147587.0,0.27967883769833685,0.2534888166698528,29.82246990088327,53.81373060326981,0.18542953884805374,34.27115830931024
36085018902,112800.0,0.2592652795838752,0.18384265279583875,26.071985521997767,47.04609677991776,0.14784436679144106,29.172889719938183
36085019700,115240.0,0.3505747126436782,0.2507836990595611,26.35246112101594,47.55220638038072,0.18396969805911806,30.252571855311494
36085019800,134592.0,0.35786130227633667,0.25370566437268394,28.47929143185443,51.39000632675409,0.18554656264042996,32.73029582823796
36085020100,97100.0,0.27990101732196865,0.25680505911465495,24.189626986335895,43.64943864014801,0.18721917859181336,27.832876939713998
36085020701,68371.0,0.13407067709738332,0.18991097922848665,20.298106295351797,36.627309125132015,0.15111919314769728,22.76576225173328
36085020702,43176.0,0.19392789373814043,0.2379506641366224,16.13023739043639,29.106517749223205,0.1770442365726867,18.42761304011095
36085020803,147917.0,0.3101768777236606,0.2550628044091259,29.855792347757244,53.87385993477983,0.18627895533713124,34.32985288708443
36085020804,101382.0,0.28309104820198927,0.20026778882938026,24.717240522207927,44.60150105404,0.1567083376052631,27.833269934661274
36085020805,119347.0,0.21228128095080884,0.22862330802244965,26.817933518115325,48.39213701872207,0.17201064584946119,30.528926195942397
36085020806,96188.0,0.2111779271312345,0.2730810045985143,24.07575991273096,43.44396900453687,0.19600263739797957,27.871979976400446
36085021300,83009.0,0.2205527731404192,0.26655537006121316,22.365682090038334,40.35818611777867,0.1924810206538512,25.82889762941632
36085022300,62063.0,0.20521067867481504,0.21035702798327435,19.339085737680826,34.896785995926855,0.16215308529022365,21.861814834575927
36085022601,104792.0,0.2780778285556017,0.2629829663481512,25.129486893028638,45.34538696339805,0.1905531412023138,28.981690153669607
36085023100,83750.0,0.161029259182403,0.25544718821332224,22.46528664456075,40.537919475939226,0.18648639147737045,25.835586725779972
36085023900,83864.0,0.2353870458135861,0.27361769352290677,22.48057125203017,40.565500080479026,0.19629226635156644,26.030502918573173
36085024401,144702.0,0.25995068686157097,0.2803804156393096,29.529549628406123,53.28516497192837,0.19994182951739786,34.27929082150153
36085024402,117981.0,0.29619067019759626,0.23955999185170096,26.66401794394938,48.1144010943891,0.17791272459416796,30.48031405383294
36085024700,82853.0,0.1304791029561672,0.21100917431192662,22.34465613380535,40.32024542580519,0.1625050218593766,25.26577966463696
36085024800,148914.0,0.2555717558841908,0.32618204540720686,29.956241367238043,54.05511710401055,0.2246590865714076,35.37027277765921
36085025100,120592.0,0.26000920386562354,0.3001994170885105,26.957449817882228,48.64388989483776,0.21063733000190343,31.525423652938414
36085027301,113711.0,0.273073476702509,0.2663530465949821,26.17705562669936,47.23569255544074,0.19237183499499505,30.228144255174705
36085027302,100676.0,0.30074677528852684,0.2222222222222222,24.631027692983125,44.445932652701394,0.16855624293954793,27.97095362719745
36085027702,74318.0,0.33322658126501203,0.27301841473178545,21.162480127974103,38.187045147126454,0.19596886021946536,24.49876473050957
36085027704,98583.0,0.20519429024583663,0.2486122125297383,24.37365005935429,43.981502621069474,0.18279783603108668,27.957923076852428
36085027705,96684.0,0.22825730226452248,0.287331801772235,24.13775424721583,43.55583587626097,0.20369320689850634,28.09308556605301
36085027706,66349.0,0.294478527607362,0.18957055214723925,19.995706214540153,36.08163747093,0.15093547864413095,22.423643948159942
36085027900,163780.0,0.35090218423551756,0.14957264957264957,31.415935011043945,56.689089433336285,0.12935025461242378,34.68502397042656
36085029102,120038.0,0.2167094382663245,0.3213572854291417,26.89545723582139,48.532026185308986,0.22205536191780761,31.699973384559456
36085029104,109896.0,0.20708927783497574,0.3013678482129725,25.734189761756994,46.436554709762625,0.21126788425509457,30.107934603398974
36085029105,113185.0,0.27229339361969357,0.21451896508414972,26.1164410363113,47.12631538954497,0.16439911168025095,29.5704457164966
36085029106,114000.0,0.32114882506527415,0.18766318537859009,26.210299413128595,47.29567994659518,0.14990615119539413,29.37112765539086
36085030301,109225.0,0.23030092189946078,0.2790050443555401,25.65550591439165,46.294572124851975,0.19919959816585187,29.766799610033758
36085030302,91607.0,0.24730852045524454,0.23592740695170716,23.49545646827837,42.39682926957494,0.1759523678296016,26.821197767896532
36085031901,49161.0,0.09156378600823045,0.19521604938271606,17.211943455822738,31.058423107434326,0.1539821214617363,19.344053767354655
36085031902,65921.0,0.209240337627721,0.19546868058640604,19.931108341395618,35.96507259369153,0.15411845613875785,22.402238157743497
36085032300,81691.0,0.23747680890538034,0.2541743970315399,22.1874127544544,40.036504579266875,0.18579951839063497,25.50376541921478
