GEOID,median_household_income,share_bach_plus,share_mgmt_prof,vot_personal
36005000200,121171.0,0.24492949584701565,0.2696542399072822,27.022087907992365
36005000400,98242.0,0.2612251195803117,0.3112174047214936,24.331459141786777
36005001600,42957.0,0.1172849775411745,0.16985526534686407,16.089276985874157
36005001901,67361.0,0.221990837151187,0.30903790087463556,20.147623165930902
36005001902,76429.0,0.09297625063163213,0.2405255179383527,21.46093529316786
36005002001,23208.0,0.025116279069767444,0.13279069767441862,11.826014696245295
36005002002,18029.0,0.07237733803198698,0.21116833830306317,10.423303315980375
36005002300,18750.0,0.03269273249392534,0.10315882482880495,10.629680047651279
36005002500,27207.0,0.08608058608058608,0.2141025641025641,12.8044192245964
36005002701,18788.0,0.05618374558303887,0.13780918727915195,10.640446004775567
36005002702,31379.0,0.06380915438324282,0.15205585725368503,13.751152741960134
36005002800,66235.0,0.32214022140221404,0.20129151291512914,19.978520646506183
36005003100,43480.0,0.14577811435062477,0.1904581597879591,16.186923870603117
36005003300,37957.0,0.1256237158790725,0.17053125917229234,15.123959175782323
36005003500,34508.0,0.10427883253046188,0.1700198356474922,14.42047118761539
36005003800,42614.0,0.031275720164609055,0.1094650205761317,16.024913990522595
36005003900,28508.0,0.08966277970375039,0.22360542073747242,13.106988896764435
36005004001,76050.0,0.19811320754716982,0.2358490566037736,21.407658376034668
36005004100,21819.0,0.06552933673469388,0.1611926020408163,11.466661115696855
36005004200,52974.0,0.13603309929789367,0.15922768304914744,17.866971311291746
36005004300,29704.0,0.09363221583019242,0.10216226939099385,13.379103843392208
36005004400,21016.0,0.04371963913948647,0.09599814943326394,11.253680637114945
36005004600,21346.0,0.1289237668161435,0.15134529147982062,11.341690950007742
36005004800,45118.0,0.08383667552548925,0.27542884754771685,16.48900601451141
36005005001,35164.0,0.0626495540569937,0.1553186860996302,14.556893080779531
36005005002,36066.0,0.03660460713158725,0.21426317450299778,14.742412053063056
36005005100,25468.0,0.05047829286239882,0.07108167770419425,12.388450134347593
36005005200,35147.0,0.05036373810856184,0.10464465584778959,14.553373897821896
36005005300,22352.0,0.034377719756309835,0.17123585726718887,11.605871315515708
36005005400,58452.0,0.0638899359215982,0.24538258575197888,18.768053997298065
36005005600,47628.0,0.1442117740023706,0.2568154879494271,16.9414558737103
36005005902,46902.0,0.2457293035479632,0.23653088042049936,16.811839593857286
36005006000,53371.0,0.12704918032786885,0.17704918032786884,17.93379605228775
36005006100,75608.0,0.305606258148631,0.1877444589308996,21.345357432085336
36005006200,27243.0,0.07831131163390267,0.1795037060908798,12.812887756755362
36005006301,58118.0,0.17456758488148622,0.27962844330557335,18.71435600195642
36005006400,40778.0,0.07642318689888225,0.16844294255263842,15.675901186718656
36005006500,24184.0,0.08394442300270166,0.13527595522964106,12.072122217156677
36005006800,33996.0,0.05837466615795498,0.12170927127050744,14.313092130369132
36005006900,32199.0,0.10576333537706928,0.2208767627222563,13.92966745289418
36005007000,43672.0,0.09473934777433944,0.20209473934777433,16.222623801202907
36005007100,34853.0,0.2392661982825917,0.1760343481654957,14.492377550784745
36005007200,64464.0,0.11133867063861479,0.2396201824613666,19.709616836486223
36005007300,31442.0,0.0566410537870472,0.17738748627881448,13.76494999851847
36005007400,52641.0,0.18012800975312404,0.17037488570557757,17.810725973399965
36005007500,35892.0,0.12517193947730398,0.1508482347546997,14.706806758560598
36005007600,53650.0,0.1453827346247884,0.25371450065826595,17.980609931313047
36005007700,44447.0,0.11773547094188377,0.1908817635270541,16.365933532061646
36005007800,58513.0,0.10652099692727894,0.2302833731649027,18.77784453278333
36005007900,36514.0,0.11736081293831402,0.17460998998139401,14.833692163961013
36005008300,53560.0,0.12128111718275653,0.19201578627808136,17.96552200833695
36005008400,57083.0,0.19329896907216496,0.23048600883652431,18.54696921771938
36005008500,43531.0,0.12003530450132392,0.15569285083848192,16.19641433957007
36005008600,24023.0,0.047364585863492834,0.11440369200874423,12.031871280833002
36005008700,40708.0,0.10588982378155262,0.19685664391173202,15.662440688375582
36005008900,36625.0,0.0701637153357835,0.2499164717674574,14.856221746959008
36005009000,33275.0,0.07598107431116059,0.11912051210687448,14.160500006494352
36005009200,56913.0,0.08370044052863436,0.23665198237885463,18.51933107886451
36005009301,54241.0,0.09955476402493321,0.23472840605520925,18.079374474475824
36005009600,53523.0,0.133078231292517,0.1836734693877551,17.95931551884665
36005009800,67500.0,0.22100279750376586,0.23821820529373788,20.168399849655117
36005011502,30172.0,0.08415584415584415,0.19532467532467532,13.484088864148047
36005011701,35298.0,0.10849772382397573,0.16995447647951442,14.58460279650024
36005011800,100500.0,0.20819790538100397,0.27843986998916576,24.60948851209093
36005011900,36250.0,0.061470538291730346,0.21259976226863644,14.779970319202574
36005012101,51205.0,0.1233518898329915,0.19455024904775858,17.56611581237755
36005012102,43032.0,0.02274247491638796,0.1705685618729097,16.103316252245733
36005012300,36154.0,0.10263929618768329,0.23949169110459434,14.760386625531934
36005012500,58333.0,0.10926193921852388,0.2337192474674385,18.7489397128849
36005012701,49784.0,0.08050314465408805,0.2561844863731656,17.320660548792862
36005012901,35521.0,0.06519673065957042,0.13457517582208706,14.630600385136521
36005013000,65357.0,0.16027088036117382,0.24153498871331827,19.845662941084978
36005013100,18408.0,0.09289827255278311,0.12821497120921305,10.532291228857003
36005013200,108582.0,0.19786696603985404,0.2681728880157171,25.579878354523203
36005013300,31762.0,0.08256252141144227,0.16015758821514217,13.834818856763913
36005013500,30865.0,0.021547799696509863,0.08224582701062215,13.638063151166147
36005013800,90032.0,0.22691917483936422,0.23165370307744335,23.292601967746478
36005014100,35238.0,0.13694638694638694,0.18269230769230768,14.572201975623083
36005014300,16734.0,0.07418397626112759,0.16142433234421366,10.041982004941458
36005014400,32197.0,0.07300850734725445,0.12095901005413766,13.929234834372938
36005014500,28022.0,0.03871951219512195,0.10426829268292682,12.994785669719148
36005014701,23500.0,0.050669772859638904,0.12774218598330422,11.900178824455235
36005014702,21533.0,0.07301905717151454,0.10631895687061184,11.391261629659995
36005014900,35213.0,0.11167192429022083,0.18696109358569926,14.567031851220275
36005015100,30558.0,0.05688954562246029,0.2009604728481714,13.570067869346142
36005015200,84265.0,0.14109957708573626,0.2979623221837755,22.53425315776755
36005015300,34704.0,0.07167332952598515,0.14962878355225587,14.461366202047495
36005015500,42118.0,0.10970196575776792,0.17596702599873176,15.931381097699086
36005015700,45731.0,0.11931532136264474,0.283436818258097,16.600642827345837
36005015800,81000.0,0.15261538461538462,0.288,22.093375092879818
36005015900,24654.0,0.14212726428239666,0.15234556432884347,12.188864588100406
36005016000,97445.0,0.19542210189515136,0.25670686684715727,24.232562215740078
36005016100,23466.0,0.15243265817498433,0.14804760910419712,11.89156706843661
36005016200,102361.0,0.18423973362930077,0.2025527192008879,24.83629538958059
36005016400,95781.0,0.21138211382113822,0.21318879855465223,24.024770071394617
36005016500,59000.0,0.11273317112733171,0.26277372262773724,18.855826016748892
36005016600,107344.0,0.20444072056975282,0.223292836196062,25.43363554627038
36005016700,36181.0,0.06931002185451139,0.22135497970652512,14.7658971646216
36005016900,47610.0,0.15747583854462763,0.13700966458214894,16.938254237874528
36005017701,46070.0,0.09329829172141918,0.22120017520805957,16.66205879390119
36005017702,38897.0,0.08575248281130635,0.17016806722689076,15.310085283658312
36005017901,45292.0,0.10174243941518125,0.2179050670939315,16.520770788775227
36005017902,46230.0,0.1304956594791375,0.21450574068888267,16.690967180493114
36005018101,55400.0,0.06457399103139014,0.18863976083707026,18.27150995331641
36005018102,36334.0,0.0936161533754844,0.2272078319396288,14.797084789754035
36005018301,54226.0,0.25570363677433927,0.2243053986898577,18.07687443420448
36005018302,65196.0,0.0884580430172675,0.2275068161163284,19.82120403163541
36005018400,101705.0,0.17401101652478718,0.271657486229344,24.756583402927404
36005018502,32656.0,0.05181736257134274,0.1479423250225293,14.028170966597118
36005018900,48054.0,0.12692537313432836,0.20608955223880596,17.017052099159592
36005019300,41268.0,0.12258737610850287,0.215962441314554,15.769802976193374
36005019400,87188.0,0.150559511698881,0.23245167853509666,22.92175753244183
36005019500,37374.0,0.10527038155366457,0.22701070546253088,15.0073616059879
36005019700,24383.0,0.06672907194437015,0.22719978603904786,12.121688677676486
36005019900,31228.0,0.07863013698630136,0.1789041095890411,13.718026636905133
36005020000,47161.0,0.1480203045685279,0.22030456852791877,16.858194458940716
36005020100,36218.0,0.04126582278481013,0.15240506329113923,14.773445305775269
36005020200,52061.0,0.15209857527916826,0.2849441663457836,17.712334666479173
36005020400,60504.0,0.10182063385030343,0.2437626432906271,19.09464551023038
36005020501,20821.0,0.03060527394452794,0.15384615384615385,11.201349510833742
36005020502,41125.0,0.10870470637234486,0.31445231153685965,15.742456863352757
36005020601,59138.0,0.15783274440518258,0.24303101688260698,18.877864865883588
36005020900,39795.0,0.06870813397129187,0.20478468899521532,15.485805882023731
36005021001,46223.0,0.1961697034180077,0.22782284878308284,16.689703485994286
36005021002,70500.0,0.21924057426539648,0.22353414732322555,20.61171434311174
36005021100,50204.0,0.08567795263074234,0.18137021141312987,17.39356950254361
36005021200,69088.0,0.18806198584273962,0.2092978764109432,20.404260842326206
36005021301,47959.0,0.0707395498392283,0.23633440514469453,17.000222909795635
36005021302,30473.0,0.08779443254817987,0.15613847251962884,13.551181505737567
36005021501,43750.0,0.12250650477016478,0.20923677363399826,16.237104477174597
36005021601,54565.0,0.0698869475847893,0.265775950668037,18.133291214787974
36005021602,59408.0,0.21847414880201765,0.25756620428751575,18.92091010772326
36005021700,41416.0,0.1450980392156863,0.23941176470588235,15.798055399768982
36005021800,58807.0,0.10163880152292666,0.2872041052805827,18.824960292991186
36005021900,48623.0,0.19373776908023482,0.28864970645792565,17.117503760291267
36005022000,23468.0,0.039978958442924775,0.13992635455023672,11.892073814950741
36005022101,58186.0,0.13384985305904354,0.21346513491851457,18.72530101199272
36005022102,37022.0,0.06343283582089553,0.17961329715061058,14.936522406549232
36005022200,56029.0,0.16348773841961853,0.2591583409022101,18.374942642782422
36005022300,45007.0,0.07086614173228346,0.20722104858843865,16.46871027029543
36005022401,67824.0,0.2634493670886076,0.26186708860759494,20.216746063289893
36005022403,91225.0,0.25753228120516497,0.31384505021520803,23.446417417690206
36005022404,59482.0,0.18159426780116436,0.24160322436184506,18.932690605343197
36005022500,53191.0,0.0625,0.23713860544217688,17.903528588104177
36005022701,37134.0,0.09349349349349349,0.1977977977977978,14.959098539670167
36005022702,27446.0,0.18245888801879404,0.14956930305403288,12.860536489352842
36005022703,66146.0,0.16087962962962962,0.15856481481481483,19.96509356079844
36005022800,87961.0,0.2701404943980082,0.29592744086786416,23.023144300452262
36005022901,52763.0,0.11460025266197438,0.24796968056307525,17.831352966146845
36005022902,35313.0,0.18555109601728928,0.2942266131522075,14.587701354566285
36005023000,55460.0,0.06457925636007827,0.24735812133072407,18.281401595268076
36005023100,59388.0,0.04203821656050955,0.2178343949044586,18.917724930166273
36005023200,45125.0,0.12632006498781478,0.28310316815597075,16.49028508899958
36005023301,42778.0,0.08043826830571886,0.21779796900053447,16.055720324132054
36005023302,65156.0,0.0965893587994543,0.24474761255115962,19.81512260172771
36005023501,37194.0,0.04966887417218543,0.20650210716435882,14.971178892555239
36005023502,47484.0,0.13258636788048553,0.17763772175536882,16.915825819890753
36005023600,54583.0,0.14107365792759052,0.2877652933832709,18.136281889469668
36005023702,44583.0,0.07506702412868632,0.32439678284182305,16.390952846598225
36005023703,27763.0,0.06514465656366857,0.17004526667978745,12.934592560883633
36005023704,32984.0,0.06559169171904893,0.18775621754577754,14.09844509562239
36005023800,67750.0,0.14578111946532998,0.2819548872180451,20.205714219854766
36005023900,51172.0,0.0792838874680307,0.24605711849957373,17.560454497578625
36005024000,72608.0,0.13817217265493129,0.2572944297082228,20.917597095197408
36005024100,29527.0,0.13064926798217696,0.14974538510502863,13.33918262593141
36005024300,24293.0,0.06725744149057032,0.12133605998636673,12.099296836118878
36005024400,78854.0,0.2140221402214022,0.253690036900369,21.798741469511512
36005024501,49904.0,0.08685306365258774,0.25639500297441997,17.341522957144456
36005024502,37448.0,0.0860377358490566,0.2389937106918239,15.022211442593461
36005024600,95703.0,0.1865847897968824,0.273972602739726,24.01498570010089
36005024700,47283.0,0.20372460496613995,0.304176072234763,16.87998546561072
36005024800,78839.0,0.19160997732426305,0.2508503401360544,21.796668038401386
36005025000,109667.0,0.22831215970961888,0.3161524500907441,25.707363477511876
36005025100,50410.0,0.14903699174564353,0.29746254967899727,17.42921812882741
36005025200,80583.0,0.23047177107501934,0.23588553750966745,22.036431726054083
36005025300,43421.0,0.062086240830202186,0.2288423689389873,16.17593775389628
36005025400,66053.0,0.19572953736654805,0.22877478393492628,19.951053355794894
36005025500,55042.0,0.04508758568164509,0.18461538461538463,18.21237816352591
36005025600,58924.0,0.13641826923076922,0.28125,18.843677672993856
36005025700,55962.0,0.17486662714878481,0.2839359810314167,18.3639528926189
36005026100,60357.0,0.39876718824087243,0.23992413466097676,19.071435310267137
36005026300,44709.0,0.1055120437416876,0.21235407122801833,16.414098472879896
36005026400,58307.0,0.1961639058413252,0.24707933740191804,18.744760888177524
36005026500,60495.0,0.08277720739219713,0.25667351129363447,19.09322528842002
36005026601,47266.0,0.1497905027932961,0.25593575418994413,16.87695070099412
36005026602,51442.0,0.1806993553428404,0.2389138503613987,17.606720863679065
36005026701,44750.0,0.11758446395317904,0.21415270018621974,16.42162295140688
36005026702,61494.0,0.13477018956115294,0.17982342248766553,19.250230240994423
36005026900,29140.0,0.11302270011947431,0.3058542413381123,13.251478314021261
36005027300,54096.0,0.12556179775280898,0.23174157303370788,18.055192917766952
36005027401,104811.0,0.2925063588338877,0.27137546468401486,25.13176492289096
36005027402,101667.0,0.36851161456839693,0.23917407513622024,24.751958074483564
36005027700,54482.0,0.16141356255969436,0.2034383954154728,18.119494495713752
36005027900,65000.0,0.20710059171597633,0.19280078895463512,19.791387169848498
36005028100,79886.0,0.37585421412300685,0.1958997722095672,21.94092305815474
36005028300,14194.0,0.1504424778761062,0.14601769911504425,9.248513970180491
36005028500,74965.0,0.4418253248715624,0.3366576004835298,21.254398999084888
36005028600,72857.0,0.3165680473372781,0.33925049309664695,20.953433530983126
36005028700,64127.0,0.22399767576990123,0.2568274259151656,19.658031110665714
36005028800,97424.0,0.309932785660941,0.2419716206123973,24.22995094155266
36005028900,55977.0,0.21022727272727273,0.2711363636363636,18.36641385574926
36005029301,119643.0,0.6128857606930157,0.20682187330806714,26.851169345011375
36005029302,132405.0,0.5431575064551826,0.20103282921431206,28.246962233833937
36005029500,100600.0,0.35568010347057555,0.2563052381978875,24.621728994574777
36005029600,56747.0,0.37676206749252455,0.21999145664246048,18.49230338839339
36005029700,90714.0,0.47278830016782547,0.2047470630544234,23.380657238895385
36005030000,84279.0,0.2394655704008222,0.27558361474086035,22.53612502889824
36005030100,86672.0,0.4356687898089172,0.17388535031847133,22.853828582568415
36005030201,75000.0,0.2185124864277959,0.24429967426710097,21.259360095302558
36005030202,78435.0,0.20074772431729518,0.22464239271781533,21.74074924191553
36005030701,121764.0,0.5706482155863074,0.21576839038601603,27.08812904337752
36005030900,122500.0,0.517939034259509,0.1475586727812247,27.169872525418906
36005031000,142671.0,0.3095940122476752,0.26105692900884553,29.32158273099016
36005031200,124474.0,0.2534869617950273,0.25894481503941785,27.387909203808356
36005031400,111917.0,0.2442817932296432,0.21225983531564502,25.96973909600872
36005031600,78864.0,0.23289902280130292,0.23072747014115091,21.80012364735934
36005031800,98017.0,0.1987242394504416,0.23748773307163887,24.30358045213614
36005032300,101512.0,0.562876740802328,0.22926626480981085,24.73308264339266
36005032400,40955.0,0.12487343908201147,0.22848464394195073,15.709885567377281
36005032600,99962.0,0.26133720930232557,0.24593023255813953,24.54352994750107
36005032800,49422.0,0.10996055226824458,0.21794871794871795,17.257572821501352
36005033000,48750.0,0.13257575757575757,0.1646730462519936,17.139844065222203
36005033201,35400.0,0.24642250788260975,0.22532136793596896,14.6056600283706
36005033202,47557.0,0.16339677891654467,0.15051244509516837,16.92882368280305
36005033500,106597.0,0.37731586082241303,0.26344328965205605,25.344985531650185
36005033601,23453.0,0.08461384953103172,0.20714428257832768,11.888272689583829
36005033602,47398.0,0.20952380952380953,0.22164502164502164,16.90050044386587
36005033700,147543.0,0.426367461430575,0.18478260869565216,29.81802409437364
36005033801,70418.0,0.10429447852760736,0.14016045304388863,20.59972390107421
36005033802,70508.0,0.16804864566058597,0.21890547263681592,20.612883768907306
36005034000,50208.0,0.10773842982949222,0.20835675473112236,17.394262404426268
36005034200,70910.0,0.1785243741765481,0.34782608695652173,20.67156222857356
36005034300,89554.0,0.27238403451995685,0.2777777777777778,23.23068686454068
36005034400,71920.0,0.17010309278350516,0.2737113402061856,20.818258450476446
36005034500,115461.0,0.3193742478941035,0.22695547533092658,26.377717561521884
36005034800,53024.0,0.15698612455630848,0.1792513714101323,17.875401275672015
36005035000,69293.0,0.3158675234799802,0.2713791398912506,20.434510489012503
36005035100,105086.0,0.3325275315605694,0.29196884233145315,25.16471331531937
36005035600,86014.0,0.1677917068466731,0.21745419479267117,22.766911993327263
36005035800,85296.0,0.20146764509673115,0.2752501667778519,22.671689708291858
36005035900,28955.0,0.04967801287948482,0.14259429622815087,13.209346761827787
36005036000,83351.0,0.2563469675599436,0.1847672778561354,22.4117084297168
36005036100,26083.0,0.06989986255645003,0.13979972511290006,12.537135715259812
36005036300,28259.0,0.07301883854896465,0.14510353417406197,13.049622578434567
36005036400,60313.0,0.13020189534404614,0.23939019365471775,19.064482544702404
36005036501,54097.0,0.08811692438042787,0.23935606862952763,18.055359798030537
36005036502,26886.0,0.1509581540868205,0.24794681267109894,12.72865904967611
36005036700,31815.0,0.1095579901775595,0.23687193048734417,13.846356854527162
36005036800,71875.0,0.26498855835240276,0.16613272311212815,20.81174448900997
36005036901,16277.0,0.04806629834254143,0.16353591160220995,9.903911210613167
36005036902,21976.0,0.08376511226252159,0.16839378238341968,11.507841713173072
36005037000,113182.0,0.19703770197486534,0.26526032315978454,26.116094922240162
36005037100,22791.0,0.12689969604863222,0.15577507598784193,11.719288537200985
36005037200,69972.0,0.21894635089415176,0.28999516674722087,20.534384992123325
36005037300,51283.0,0.0794040853939487,0.1566579634464752,17.57948985440672
36005037400,35884.0,0.08065821418937145,0.18451578095495008,14.705167660560681
36005037504,44198.0,0.04829026363873662,0.2417123466457844,16.320026711851387
36005037600,70429.0,0.18459152016546018,0.28490175801447776,20.601332780298428
36005037800,65500.0,0.17947141979102643,0.20743700061462814,19.86736206406348
36005037900,46430.0,0.12670864690523728,0.15742589463984027,16.727032406598497
36005038000,46250.0,0.13410818059901655,0.1790344210996871,16.694577209124166
36005038100,44741.0,0.08267823258335592,0.2624017348875034,16.41997153198427
36005038200,85972.0,0.19272603670972127,0.21481985044187626,22.761352857257364
36005038301,43900.0,0.05549603599742876,0.20955646025283908,16.26491569563171
36005038303,23958.0,0.03976801988400994,0.06987020160176746,12.015582695501168
36005038304,22551.0,0.03173076923076923,0.12115384615384615,11.657420407828347
36005038500,17598.0,0.044671689989235736,0.09436670254754216,10.297960298015882
36005038600,66161.0,0.14396228695757282,0.18965308835972441,19.96735718541058
36005038700,41088.0,0.08483221476510067,0.2523489932885906,15.735373556670627
36005038800,68125.0,0.16183315431435732,0.22448979591836735,20.2615569266715
36005038900,48796.0,0.09548342778636441,0.23767817276318048,17.147928649072618
36005039000,65478.0,0.10863239573229874,0.23698674426123506,19.864025280299256
36005039100,36027.0,0.11914569031273836,0.3318077803203661,14.734439037120987
36005039200,65815.0,0.2851511169513798,0.2542706964520368,19.915077429665395
36005039300,30854.0,0.1065528329083047,0.14901873821931477,13.635632694931523
36005039400,66188.0,0.09725016767270288,0.219763022579924,19.971431063165348
36005039600,43552.0,0.11597602293458431,0.16914255929111285,16.20032056376343
36005039700,21987.0,0.03464322647362978,0.14322647362978283,11.510721455215416
36005039800,29325.0,0.08418367346938775,0.16723356009070295,13.293476337653049
36005039901,41065.0,0.04213036565977742,0.22774244833068363,15.73096881254276
36005039902,48929.0,0.05688037529319781,0.2621188428459734,17.171282228813478
36005040100,26875.0,0.07775377969762419,0.2099352051835853,12.726054914182603
36005040302,40865.0,0.07814992025518341,0.19047619047619047,15.692614570876804
36005040303,40027.0,0.09985279685966635,0.2070657507360157,15.530880463148069
36005040304,41336.0,0.14919129949804796,0.24595649749023982,15.782790099653822
36005040400,97500.0,0.13889682766504716,0.25464418405258643,24.239399933997248
36005040501,42639.0,0.07078651685393259,0.2205056179775281,16.029613902634527
36005040502,39518.0,0.13049180327868853,0.17950819672131146,15.431815947446045
36005040600,49375.0,0.14255654918463967,0.16964755391899,17.249364949971753
36005040701,47198.0,0.10363440086362001,0.21230658510255487,16.864806181572693
36005040702,35440.0,0.10350877192982456,0.2038011695906433,14.613909484000583
36005040800,39738.0,0.07345651194231635,0.21045515998197387,15.474711432464835
36005040900,65925.0,0.23791273584905662,0.2653301886792453,19.931713029006612
36005041100,61750.0,0.08489322436066438,0.21724228842604798,19.290258054300406
36005041300,65845.0,0.17635295588051494,0.2852143482064742,19.919615789121856
36005041400,123548.0,0.23636705528394134,0.26288078224896577,27.285845529388798
36005041500,44973.0,0.14703820539782686,0.23729407641079564,16.46248854991394
36005041800,61706.0,0.23242660921088068,0.24697010503635874,19.283384187041964
36005041900,50768.0,0.2011577424023155,0.2551857211770381,17.490997746987205
36005042000,32279.0,0.11725616291532691,0.16162915326902466,13.946961189902934
36005042100,55830.0,0.2403426268055089,0.2601612361437689,18.342282179516303
36005042200,63365.0,0.11777150916784203,0.32475317348377997,19.540887123378454
36005042300,65682.0,0.14298766560073092,0.245317496573778,19.89494490069495
36005042400,108550.0,0.24105102817974106,0.11614623000761615,25.57610877749837
36005042500,47021.0,0.1260927544821455,0.24448066380204475,16.833153626628935
36005042600,95876.0,0.23338140815523797,0.22053231939163498,24.03668155436915
36005042800,101163.0,0.24899955535793686,0.14895509115162295,24.690529655902996
36005042901,42775.0,0.13427109974424553,0.2528772378516624,16.055157324395196
36005042902,42647.0,0.14648537711646997,0.21523858388917394,16.031117583499224
36005043000,84316.0,0.18801338606632187,0.15059324612108305,22.541071368608165
36005043101,42637.0,0.09631147540983606,0.2584016393442623,16.029237960377998
36005043102,48835.0,0.13430085233817093,0.2874913614374568,17.154779985687647
36005043400,74048.0,0.22930268999738834,0.25985897101070776,21.124003118654297
36005043501,30885.0,0.14782608695652175,0.11690821256038647,13.642481053177448
36005043503,105625.0,0.5714285714285714,0.4107142857142857,25.229167345031847
36005043600,88833.0,0.114726741760534,0.2060909470171047,23.136982653315766
36005044400,100000.0,0.31934679065547744,0.21705602177364483,24.54819454764424
36005044800,102760.0,0.2907309105757452,0.25438954675377706,24.88465386462393
36005044901,78083.0,0.37059415911379656,0.3293051359516616,21.691910400615207
36005044902,99250.0,0.3517151541467651,0.24142422926617454,24.45596556328073
36005045101,70855.0,0.4968789013732834,0.2815230961298377,20.663543920374288
36005045102,96901.0,0.36340598073998986,0.26609224531170805,24.16482675637314
36005045600,76943.0,0.2266065388951522,0.2922773393461105,21.532978866730442
36005045800,31225.0,0.09328160818197849,0.06824193263974608,13.717367691914227
36005046000,31768.0,0.1454399357171555,0.19967858577742065,13.836125528152863
36005046203,40020.0,0.12134831460674157,0.17036516853932585,15.529522368402255
36005046204,64922.0,0.2176614573526643,0.18715872717002446,19.779508772957826
36005046205,63924.0,0.2509298998569385,0.1876967095851216,19.626891781969366
36005046206,63601.0,0.24306987399770905,0.30057273768613973,19.577242866852153
36005046207,73464.0,0.2435265104808878,0.24583847102342787,21.040538083435756
36005046208,110724.0,0.23780245934153113,0.14597381991273303,25.830953629668112
36005046209,27500.0,0.11603620329542817,0.1042005105592945,12.873181824085776
36005048401,86273.0,0.23401717557251908,0.25286259541984735,22.80116338255091
36005051601,100306.0,0.38403931663936347,0.20149777673765504,24.58572459674456
36047000100,167778.0,0.7088241372184335,0.26327753668113246,31.797067074857473
36047000200,81154.0,0.16874480465502908,0.2310889443059019,22.114367463986568
36047000301,179250.0,0.6293723641776234,0.2607293475564376,32.86617312787671
36047000501,144125.0,0.5599467140319716,0.2622113676731794,29.47061620173529
36047000502,179185.0,0.6785073555794762,0.2866881951919627,32.86021358825074
36047000700,189145.0,0.6419784082349987,0.3449661059502887,33.7611311581549
36047000900,236222.0,0.7260016694490818,0.30446577629382304,37.729385124262706
36047001100,164250.0,0.7192429022082019,0.43785488958990537,31.460979923378368
36047001300,173000.0,0.7022425249169435,0.31976744186046513,32.288108803393136
36047001501,114828.0,0.38050761421319795,0.24040609137055838,26.305311974006212
36047001502,135022.0,0.6059431524547804,0.27703949796973054,28.524748553481725
36047002000,78839.0,0.09415041782729805,0.18384401114206128,21.796668038401386
36047002100,250001.0,0.7275080906148867,0.3233009708737864,38.81418123587089
36047002200,41429.0,0.24620938628158845,0.24356197352587244,15.800534618024518
36047002300,25968.0,0.05134541460735859,0.08649093904448106,12.50946705535299
36047002901,23832.0,0.10269461077844311,0.08413173652694611,11.983944845268415
36047003000,128506.0,0.39933993399339934,0.35203520352035206,27.827952874974216
36047003101,149650.0,0.5046518184381167,0.27262475331265856,30.030178734550752
36047003300,131173.0,0.6471567927670712,0.2793242921722579,28.115239154936546
36047003400,111088.0,0.3829302987197724,0.29160739687055476,25.873377820691726
36047003500,147829.0,0.5618823529411765,0.376,29.846909999521174
36047003600,89487.0,0.43868179362506754,0.24149108589951376,23.22199519669068
36047003700,167917.0,0.651309635173059,0.28811973807296537,31.810235896990743
36047003800,144028.0,0.5335868187579215,0.26425855513307983,29.4606972739971
36047003900,181518.0,0.6163472819710598,0.2631990614000782,33.07344279501934
36047004100,221452.0,0.6126634958382877,0.3171819262782402,36.530814874436494
36047004300,155859.0,0.6275303643724697,0.326417004048583,30.646825759287065
36047004400,139375.0,0.47182175622542594,0.22935779816513763,28.980908563594163
36047004500,174609.0,0.6960811953763744,0.40118409923879333,32.43791033706606
36047004600,139375.0,0.33361702127659576,0.2765957446808511,28.980908563594163
36047004700,158125.0,0.5187406296851574,0.2688655672163918,30.86880559864345
36047004900,143750.0,0.5812173913043478,0.21565217391304348,29.432251313001416
36047005000,124167.0,0.45712037765538943,0.2073170731707317,27.354113877431946
36047005100,173125.0,0.6725773195876289,0.3150515463917526,32.29977147626883
36047005201,49125.0,0.45767659077641565,0.2183304144775248,17.205640253662217
36047005202,106087.0,0.5046695402298851,0.2984913793103448,25.284282883567364
36047005301,121136.0,0.4858532272325376,0.34261715296198053,27.01818498822275
36047005302,134750.0,0.5225225225225225,0.17117117117117117,28.496002708314453
36047005400,81641.0,0.44002429395687825,0.25113877922866684,22.1806216731802
36047005601,112569.0,0.43710470836261417,0.3236120871398454,26.04527579145483
36047005602,99643.0,0.4037057832678271,0.29927007299270075,24.504336842377118
36047005800,76111.0,0.36363636363636365,0.2649071358748778,21.416242238004596
36047005900,99896.0,0.48872180451127817,0.3349282296650718,24.535426165836604
36047006000,74107.0,0.31789191003692513,0.2131587781134609,21.132417039508056
36047006200,80739.0,0.4049981624402793,0.25652333700845276,22.057751490841024
36047006300,184091.0,0.6216879293424926,0.33464180569185475,33.30702437652892
36047006400,100547.0,0.4149401809162533,0.2057192880070032,24.61524229697614
36047006500,196433.0,0.5604715000807363,0.28806717261424186,34.405413452980746
36047006600,101622.0,0.3944389763779528,0.31176181102362205,24.74647959379263
36047006700,235455.0,0.6025051124744376,0.28962167689161555,37.66808269056013
36047006800,76279.0,0.2823198773633112,0.19391926417986716,21.43986527182982
36047006901,154531.0,0.7238979118329466,0.3648491879350348,30.51598297807905
36047006902,229141.0,0.6693589096415952,0.3407370015143867,37.159593845244224
36047007000,83138.0,0.31816486385676984,0.23088399850801938,22.38305401919764
36047007100,65115.0,0.2886503767983558,0.1957067823704042,19.808887198445174
36047007200,73125.0,0.18873994638069705,0.2809651474530831,20.99193611533246
36047007400,72860.0,0.15578358208955223,0.29328358208955224,20.953864921608005
36047007500,156556.0,0.6078181431909921,0.3516039940514128,30.71527547806266
36047007600,61975.0,0.10871404399323181,0.23096446700507614,19.32537029338602
36047007700,207551.0,0.6343770384866275,0.3558382257012394,35.36567662763552
36047007800,71616.0,0.1998046875,0.25703125,20.774213313383612
36047008000,77552.0,0.24583215597626448,0.2786097767730997,21.618027136058302
36047008200,43142.0,0.24320794148380356,0.26332288401253917,16.123885064119797
36047008400,105670.0,0.2603043753963221,0.3642993024730501,25.234541033246835
36047008500,24672.0,0.06329445682086227,0.12960293539509893,12.193313349580045
36047008800,83438.0,0.31237484981978375,0.3988786543852623,22.42340181134358
36047009001,49500.0,0.09615384615384616,0.3330769230769231,17.271185787222322
36047009002,61801.0,0.09608540925266904,0.2763938315539739,19.29822242767016
36047009201,59148.0,0.2145945945945946,0.23243243243243245,18.87946088425506
36047009202,54667.0,0.21528262386601535,0.34473133286810886,18.15023185562561
36047009401,48304.0,0.1052896725440806,0.2256926952141058,17.0612601171304
36047009402,82691.0,0.2172224020718679,0.28747167368080284,22.322800525292873
36047009600,80253.0,0.2381274294405949,0.26635119148217,21.991264117683897
36047009800,57341.0,0.05814469596094097,0.27518863737239235,18.58883565235721
36047010000,56350.0,0.09237749546279492,0.21288566243194193,18.427504106684015
36047010100,112857.0,0.33340616124098754,0.33952370548394145,26.078572026798636
36047010200,51250.0,0.0835343126507345,0.24753343565007674,17.573832847983322
36047010401,56121.0,0.14750343563902885,0.20293174530462665,18.39002234562669
36047010402,29803.0,0.10424502955400322,0.18108543793659324,13.401380800845324
36047010601,46172.0,0.07399103139013453,0.26188340807174887,16.680493679267407
36047010602,65615.0,0.19160583941605838,0.17335766423357665,19.884795229483004
36047010801,62813.0,0.13121476166068682,0.3054843669912865,19.455586372196223
36047010802,65227.0,0.13075435203094776,0.21392649903288202,19.825915856750225
36047011000,83083.0,0.11494252873563218,0.26807563959955505,22.37564903205643
36047011200,61400.0,0.13229391787588762,0.2610373572090151,19.235511620621903
36047011400,72043.0,0.09033047735618115,0.16572827417380662,20.83605288803902
36047011600,48469.0,0.12081339712918661,0.208433014354067,17.09037476610856
36047011700,124675.0,0.47388535031847134,0.3560509554140127,27.41001321425628
36047011800,63125.0,0.19326424870466322,0.26735751295336785,19.503845680154985
36047011901,139750.0,0.5954979536152797,0.30218281036834926,29.01987014322625
36047012000,71292.0,0.13168086754453912,0.28272656855151046,20.727167435469475
36047012100,119801.0,0.5094798249878464,0.3169664560038892,26.868893261283507
36047012200,50107.0,0.18856159965598795,0.2889701139539884,17.376758172913977
36047012600,67679.0,0.24046076313894887,0.2750179985601152,20.195123948542662
36047012700,73646.0,0.36363636363636365,0.20956155561060194,21.066584916820513
36047012801,80433.0,0.2593167701863354,0.265527950310559,22.015912482423243
36047012901,244837.0,0.6302061421960454,0.3264619267984855,38.41121822476452
36047012902,162377.0,0.6720741599073001,0.38296639629200463,31.28108534281994
36047013000,79219.0,0.2590827873734366,0.277744689299186,21.84913431299636
36047013100,109875.0,0.5905649388468258,0.31391962725684336,25.73173087424267
36047013200,83281.0,0.21468682505399567,0.2004319654427646,22.402295530586922
36047013300,209286.0,0.6118960802187785,0.3124430264357338,35.51318675822067
36047013400,105057.0,0.30527311421139747,0.27406006148025536,25.161240792617978
36047013500,214028.0,0.6218955904713634,0.3256462240243284,35.913261934199085
36047013600,92414.0,0.4400630914826498,0.314931650893796,23.59871963618035
36047013700,160652.0,0.580354367423065,0.30338824992228786,31.114485552818707
36047013800,99984.0,0.3738651994497937,0.29491059147180193,24.546230613519924
36047013900,173226.0,0.5982421321236178,0.30195633683016726,32.30919184091881
36047014000,59417.0,0.39424083769633506,0.20785340314136125,18.922343262702526
36047014101,155625.0,0.5770081061164333,0.2579218865143699,30.623811204651137
36047014102,148125.0,0.5023786869647955,0.27450047573739295,29.87677649164886
36047014200,79444.0,0.28109808407206177,0.21990277380611953,21.880140570899904
36047014300,128828.0,0.4416551724137931,0.3522758620689655,27.86279558527201
36047014500,142200.0,0.5548329221798609,0.37205651491365777,29.27314302548779
36047014700,159297.0,0.5053214133673903,0.2473392933163048,30.982992003256808
36047014800,76103.0,0.278030303030303,0.2356060606060606,21.41511668164449
36047014901,162279.0,0.6098654708520179,0.2729019859064702,31.27164432271425
36047014902,150202.0,0.5840929808568824,0.3340929808568824,30.085512515356864
36047015000,103750.0,0.3954983922829582,0.1762057877813505,25.004237143573842
36047015100,185357.0,0.6420089064819396,0.2991093518060366,33.42135491313813
36047015200,79783.0,0.2962671905697446,0.25579567779960705,21.92677387060511
36047015300,149956.0,0.6102661596958175,0.3015209125475285,30.060865477012538
36047015500,214340.0,0.6483926521239954,0.2873134328358209,35.9394287375816
36047015700,198203.0,0.7232572744400251,0.3592212685786058,34.560074364991834
36047015900,212109.0,0.7111601397315683,0.3789299503585218,35.75189817151543
36047016000,88944.0,0.36479296784640297,0.26648160999306036,23.151433382827385
36047016100,170893.0,0.5825405707890319,0.29882484611080024,32.0908849389252
36047016200,98125.0,0.3921998247151621,0.310692375109553,24.31696621203901
36047016300,151923.0,0.6337579617834395,0.31259186673199413,30.257380054553515
36047016400,126696.0,0.2956926658905704,0.13969732246798602,27.63128028930887
36047016500,250001.0,0.6549525988885256,0.3576332134684537,38.81418123587089
36047016600,126250.0,0.3289070480081716,0.20684371807967314,27.58260307930708
36047016700,193594.0,0.6382189239332097,0.28798185941043086,34.15588188748041
36047016800,116991.0,0.30253807106598984,0.29441624365482233,26.551910962213615
36047016900,154155.0,0.5789250952179433,0.3076597545493017,30.478835099484137
36047017000,94926.0,0.23297991071428573,0.23604910714285715,23.917299774816446
36047017100,168973.0,0.5487485101311085,0.23766388557806914,31.91010357452316
36047017200,131513.0,0.296113074204947,0.24946996466431096,28.151652879505033
36047017400,107143.0,0.2885181550539745,0.310107948969578,25.409812341905536
36047017600,97955.0,0.2229669347631814,0.3136729222520107,24.29589270232756
36047017800,75655.0,0.3085908063300678,0.22720422004521476,21.351990830261908
36047017900,106106.0,0.3637042569081404,0.21782424695046054,25.286546968077943
36047018000,58667.0,0.2692434753881731,0.23059134456557648,18.80253894118893
36047018100,163382.0,0.6804481194985329,0.3966391037610029,31.377740031319203
36047018200,73229.0,0.16502890173410403,0.24653179190751445,21.006858410527983
36047018300,191944.0,0.7269885376866968,0.3601945119833275,34.01001527337138
36047018400,76118.0,0.3243868579361407,0.22952336881073576,21.41722705129636
36047018501,46029.0,0.16035994462390402,0.20466082141209044,16.65464294335501
36047018600,83250.0,0.25372417107160017,0.24363286881307064,22.398125697132215
36047018700,122115.0,0.5379834254143646,0.24861878453038674,27.127143412155466
36047018800,50265.0,0.19443478260869565,0.23478260869565218,17.404133258846876
36047019000,60645.0,0.16833618372831663,0.28634253603713655,19.116881876961138
36047019100,160471.0,0.5207079646017699,0.3263716814159292,31.096952907608497
36047019200,69327.0,0.14345718901453958,0.22294022617124395,20.439523175369054
36047019300,75986.0,0.37412119183126885,0.16002678272514229,21.39864865540476
36047019400,56140.0,0.1592999110056363,0.34559477899733015,18.393135091799962
36047019500,116479.0,0.4859862506610259,0.2554204124801692,26.49374629615277
36047019600,82044.0,0.1288384512683578,0.27770360480640854,22.23529877574425
36047019700,131875.0,0.5796099728462109,0.28733646013330044,28.190371086689
36047019800,76973.0,0.2488962472406181,0.2980132450331126,21.537176301263923
36047019900,131250.0,0.6024217961654894,0.29919273461150353,28.12348992227049
36047020000,97875.0,0.232766761095373,0.21340887629839472,24.28596942925224
36047020100,153250.0,0.5881925961771111,0.35930316961045244,30.389237134696682
36047020200,77434.0,0.35088723526044646,0.25186033199771035,21.601574315447596
36047020300,171250.0,0.623991935483871,0.3644153225806452,32.12438680547297
36047020400,102368.0,0.42360319270239455,0.26567844925883694,24.837144595311084
36047020500,162596.0,0.6589497459062676,0.2941840767927724,31.302172841009558
36047020600,70806.0,0.2644694533762058,0.20056270096463022,20.656397714994213
36047020700,184638.0,0.7049775688955351,0.24076052125614186,33.356471195384934
36047020800,67114.0,0.27055414704817093,0.38355668236146323,20.110650487071506
36047021000,72341.0,0.17337778917671198,0.24236983842010773,20.8791017345741
36047021100,95236.0,0.3697784235379586,0.29822012350163457,23.95632132591806
36047021200,61989.0,0.21809744779582366,0.2624709976798144,19.327552946926925
36047021300,70109.0,0.3119369369369369,0.2222972972972973,20.554477565407538
36047021400,69088.0,0.07051792828685259,0.21195219123505976,20.404260842326206
36047021500,112650.0,0.6073234524847428,0.2816041848299913,26.05464465840856
36047021600,41250.0,0.10817438692098093,0.1673024523160763,15.766363417540473
36047021700,103269.0,0.4982314300151592,0.2657908034360788,24.946208178536615
36047021800,68062.0,0.09263578807064311,0.14761746084638455,20.252186113201553
36047021900,130970.0,0.5031505250875146,0.2744457409568261,28.093475516790598
36047022000,51198.0,0.12470588235294118,0.19185520361990951,17.564915079896405
36047022100,78156.0,0.4490016189962223,0.2512142471667566,21.702047943520654
36047022200,50731.0,0.0648711943793911,0.18711943793911007,17.4846228171659
36047022400,53084.0,0.08416119962511714,0.16738519212746017,17.885511988188266
36047022600,84194.0,0.049766718506998445,0.18973561430793157,22.5247577021578
36047022700,121250.0,0.4309604519774011,0.2440677966101695,27.03089528397369
36047022800,65208.0,0.17051316861254412,0.1927776269345642,19.823028096796556
36047022900,129886.0,0.614014598540146,0.34043795620437955,27.976973253344646
36047023000,51250.0,0.07693881727030898,0.12584407612031923,17.573832847983322
36047023100,162933.0,0.580936266215454,0.3090806542583192,31.334594831617604
36047023200,67750.0,0.07776774969915765,0.16817087845968712,20.205714219854766
36047023300,75990.0,0.3950617283950617,0.20664315108759554,21.39921187407793
36047023400,37450.0,0.06117308384310903,0.1486146095717884,15.022612585802008
36047023500,84175.0,0.23467192542129794,0.1710290426676228,22.522215985740896
36047023600,32500.0,0.08877865206979131,0.11529250769757099,13.994624076888305
36047023800,50566.0,0.09307692307692307,0.13807692307692307,17.456165735833927
36047024000,47750.0,0.10603461718384531,0.13316700452206456,16.963139922332864
36047024100,135968.0,0.4746218487394958,0.32201680672268906,28.62450011987723
36047024200,60091.0,0.08691341705221414,0.1807666886979511,19.029363939394923
36047024300,114142.0,0.45906976744186045,0.31953488372093025,26.226618291360566
36047024400,67500.0,0.15877738707059777,0.1817690018934271,20.168399849655117
36047024500,91758.0,0.46923597025016905,0.30268199233716475,23.5148128118138
36047024600,80398.0,0.20378331900257954,0.23846374319289196,22.011121906533464
36047024700,61250.0,0.4889955982392957,0.32372949179671867,19.212001106697777
36047024800,75150.0,0.15589660743134087,0.2386914378029079,21.280608836334224
36047024900,88771.0,0.45190380761523047,0.29158316633266534,23.1289071447268
36047025000,48125.0,0.14472900536033353,0.22096486003573557,17.0296188443239
36047025100,52011.0,0.2801735828586927,0.16842961757526445,17.70382705545853
36047025200,54172.0,0.2550030946977512,0.20239323292758407,18.067871424935454
36047025300,77328.0,0.39437037037037037,0.29155555555555557,21.586783971192265
36047025400,85819.0,0.2212566844919786,0.3302139037433155,22.741090226582987
36047025500,26833.0,0.07395367736692401,0.1621292157659488,12.716106945895849
36047025600,68269.0,0.18721901091843288,0.22800256904303148,20.282959671722967
36047025700,95263.0,0.22598353156450138,0.33638304361085697,23.959716968521032
36047025800,65234.0,0.2179830432842481,0.21664435519857206,19.826979662289173
36047025901,71964.0,0.2510402219140083,0.3042071197411003,20.824625687086805
36047025902,21953.0,0.09415674328440875,0.09194129050124619,11.501818104485476
36047026000,66120.0,0.15474642392717816,0.2539011703511053,19.961169336714534
36047026100,86822.0,0.36178787323685657,0.2187213775416743,22.87359616817488
36047026200,114625.0,0.19497334348819498,0.2319116527037319,26.282049614195437
36047026300,82778.0,0.31277533039647576,0.2854625550660793,22.334540455230847
36047026400,70151.0,0.17011834319526628,0.2969146238377008,20.56063339992648
36047026500,84179.0,0.40956041316358394,0.27552245976459283,22.522751107770663
36047026600,52192.0,0.20657276995305165,0.23210093896713616,17.734605253236655
36047026700,106063.0,0.4544303797468354,0.3220253164556962,25.28142269752487
36047026800,87836.0,0.1780373831775701,0.25537383177570094,23.00677956950975
36047026900,83426.0,0.4199743918053777,0.2573623559539053,22.421789293682625
36047027000,57792.0,0.2467948717948718,0.19831730769230768,18.66179518157009
36047027100,98088.0,0.2874331550802139,0.2748663101604278,24.312381179779447
36047027200,68250.0,0.14350112697220135,0.33433508640120213,20.280136991948204
36047027300,111989.0,0.39228690739376076,0.281012036354704,25.97809135965841
36047027400,53949.0,0.15606204495093384,0.20481164925609371,18.030644717539218
36047027500,104537.0,0.3562134640769376,0.23477277013011502,25.098893325707575
36047027600,61811.0,0.17778950145080455,0.17093115273015036,19.29978368410865
36047027700,75724.0,0.25617140195621796,0.1481136469492315,21.36172549154018
36047027800,67913.0,0.19539857420609202,0.32274789371354506,20.230006122564223
36047027900,83438.0,0.3417447728911319,0.25594808940158614,22.42340181134358
36047028000,91250.0,0.23606168446026096,0.3487544483985765,23.449629915810057
36047028100,57019.0,0.21005104043973302,0.21790341578327443,18.536569107995117
36047028200,54219.0,0.22972972972972974,0.22263513513513514,18.07570763041124
36047028300,49986.0,0.21888726207906295,0.20839433870180576,17.355764513115474
36047028400,61587.0,0.2848616386326641,0.2650569723277265,19.264781213835697
36047028501,56667.0,0.3629976580796253,0.41217798594847777,18.479263879385087
36047028502,28466.0,0.06388132001211021,0.1901301846805934,13.097330266912246
36047028600,43329.0,0.25778379423709147,0.1931928060336492,16.158791955799856
36047028700,79350.0,0.27497763197136893,0.2567849686847599,21.86719219237175
36047028800,70000.0,0.27270334298499604,0.2521716241116083,20.53849310159568
36047028900,66691.0,0.24524759446139405,0.2586247359774701,20.04717452421107
36047029000,60701.0,0.31717661314753104,0.16479854589518328,19.125706168839695
36047029100,82356.0,0.3945961995249406,0.288895486935867,22.277537271339636
36047029200,48750.0,0.27211394302848574,0.222263868065967,17.139844065222203
36047029300,51364.0,0.23020706455542023,0.20188794153471376,17.59336752200054
36047029400,61188.0,0.188987400839944,0.1885207652823145,19.202275019729207
36047029500,98603.0,0.42408376963350786,0.2787334829219646,24.376122332868512
36047029600,76714.0,0.2289490861618799,0.18929503916449086,21.50091144918867
36047029700,71382.0,0.3308123932666504,0.2568919248597219,20.740246439422567
36047029800,60057.0,0.20390292719539654,0.2094070552914686,19.02397968951442
36047029900,45395.0,0.22351993556182037,0.171163914619412,16.539545330100953
36047030000,75179.0,0.1468498342018001,0.2318806252960682,21.28471447924955
36047030100,95441.0,0.265556253928347,0.251414204902577,23.98209102381425
36047030200,72300.0,0.21800461656835085,0.25596306745319314,20.873184174004695
36047030300,45197.0,0.09846903270702853,0.20789839944328461,16.50343552998821
36047030400,65000.0,0.29077471967380225,0.22986748216106015,19.791387169848498
36047030500,124792.0,0.5187299818966717,0.3336582648656176,27.42287152390676
36047030600,70417.0,0.17306707629288273,0.23860727086533537,20.599577633095603
36047030700,51134.0,0.2612996499771724,0.15751027240907015,17.55393314606219
36047030800,77500.0,0.2866507747318236,0.2270560190703218,21.61077828423742
36047030900,76278.0,0.22721700040866366,0.20310584389047814,21.43972473553844
36047031100,90250.0,0.31808793154322806,0.23546768958394806,23.32078482026203
36047031300,102782.0,0.4509894155545329,0.34836631385181777,24.887317513351324
36047031401,87411.0,0.2869582827055488,0.2669096800324018,22.9510522040696
36047031500,96461.0,0.5716510903426791,0.27453271028037385,24.109901517864223
36047031701,94335.0,0.3944578313253012,0.2166265060240964,23.84273014216577
36047031702,112113.0,0.48530954879328436,0.2660020986358867,25.992469522375895
36047031900,98201.0,0.35458879618593564,0.25,24.326381405537163
36047032100,67292.0,0.3330739299610895,0.34571984435797665,20.137301598675695
36047032300,84015.0,0.38716119828815976,0.2833095577746077,22.50080066885364
36047032500,92274.0,0.3612349347861978,0.22370810632326235,23.58083775164223
36047032600,48238.0,0.10490827962320277,0.14387704511650967,17.049600336656635
36047032700,71980.0,0.44131803035912626,0.344687152906331,20.826940563226355
36047032800,47587.0,0.12795347146492184,0.14467466375863322,16.934162377870894
36047032900,102868.0,0.30943907812235216,0.1528554482291137,24.897727224108944
36047033000,19619.0,0.14032220406257295,0.11347186551482606,10.873215362539106
36047033100,50293.0,0.17262047470630545,0.2414289139295133,17.408980049711523
36047033300,62253.0,0.19481062983887842,0.21092278719397364,19.36866550629942
36047033500,92935.0,0.2015900056785917,0.23083475298126066,23.665147087107957
36047033600,82798.0,0.2629911280101394,0.24693705111956063,22.337238417437664
36047033701,90083.0,0.2323049001814882,0.1898366606170599,23.2991982586139
36047033702,84941.0,0.25013535462912834,0.1889550622631294,22.62446098897978
36047033900,57475.0,0.31138573743922204,0.18253646677471638,18.6105430731288
36047034000,31413.0,0.12371638141809291,0.043031784841075796,13.758600599029117
36047034100,49638.0,0.27831957989497375,0.22918229557389347,17.295244017284286
36047034200,20120.0,0.15408320493066255,0.07781201848998459,11.011171951089352
36047034300,50417.0,0.2831365560258409,0.15036756515927824,17.430428209086966
36047034500,57937.0,0.2952416635443986,0.2529037092544024,18.685191716688877
36047034700,52644.0,0.21634463097877732,0.2511878365536902,17.81123348101446
36047034800,53485.0,0.17110799438990182,0.24158485273492286,17.952939052990114
36047034901,65868.0,0.21205643437366395,0.20478837109876016,19.923094497918967
36047034902,46571.0,0.18519577022006287,0.1660474421263218,16.75241172690429
36047035000,54150.0,0.3977936404931862,0.22647631408176508,18.064202245872313
36047035101,52987.0,0.13850415512465375,0.1296398891966759,17.869163484610677
36047035102,49688.0,0.17891177374731018,0.1865969873962496,17.303952512220505
36047035200,12170.0,0.3004891684136967,0.039832285115303984,8.563767057803016
36047035301,49222.0,0.17854763491005995,0.21652231845436376,17.222618615597458
36047035302,84052.0,0.17372216995923487,0.24709940420194418,22.505754772191878
36047035400,50559.0,0.4528512858740216,0.1468505404398062,17.454957439851125
36047035500,75965.0,0.14922937443336357,0.24460562103354488,21.395691514129442
36047035601,31525.0,0.5367424242424242,0.12613636363636363,13.783106252286501
36047035602,58372.0,0.40990923969647375,0.20919506025889004,18.755206204173195
36047035701,49288.0,0.09936018065487391,0.14151298456906286,17.2341613408656
36047035900,66582.0,0.1083270817704426,0.18154538634658665,20.0307852392668
36047036001,32071.0,0.49057873485868103,0.1806864064602961,13.901952726617823
36047036002,25085.0,0.35689700820757214,0.13238019592268996,12.294945533204459
36047036100,26250.0,0.10716747070985527,0.09131633356305996,12.57720704614542
36047036200,52340.0,0.28058629973078075,0.2677236015554891,17.759732317643238
36047036300,45565.0,0.20065186392340598,0.22957832552454674,16.570485909619475
36047036400,59938.0,0.3598781549173194,0.2484769364664926,19.005122802522322
36047036501,63864.0,0.2394000576867609,0.17911739255840783,19.61767857591227
36047036502,62740.0,0.03326713008937438,0.18669314796425024,19.444277640772274
36047036600,48278.0,0.18791485465781643,0.2767223620965896,17.056667821762304
36047036700,68438.0,0.14833501513622604,0.28355196770938446,20.30804940068391
36047036900,39513.0,0.17890772128060264,0.26760828625235406,15.430839664226719
36047037000,82500.0,0.28720817120622566,0.2821011673151751,22.29700497438876
36047037100,91285.0,0.22887994918484014,0.280753758204531,23.454126673954327
36047037300,81220.0,0.26759224039558765,0.19722327881323698,22.123358096746752
36047037401,58560.0,0.2653895824365045,0.2264313387860525,18.78538457976011
36047037402,62857.0,0.3719948614424665,0.22536245182602313,19.462399419969493
36047037500,92955.0,0.3950041174855888,0.2852045017842438,23.667693369349795
36047037700,66302.0,0.307991007561823,0.25464949928469244,19.988622726593537
36047037900,59333.0,0.16301199834505586,0.1894911046752172,18.90896292536644
36047038100,68790.0,0.22670697012802277,0.2594238975817923,20.360208035090174
36047038200,24170.0,0.09028701767724767,0.07622125071279225,12.0686274648856
36047038300,85254.0,0.32386363636363635,0.23295454545454544,22.66610721782054
36047038500,96602.0,0.48318356867779205,0.26238767650834405,24.1275161742239
36047038600,74886.0,0.2627337201805287,0.22437137330754353,21.24319683725632
36047038700,79550.0,0.2602484472049689,0.2492753623188406,21.894732747608998
36047038800,94612.0,0.23724744948989798,0.254250850170034,23.877709710355614
36047038900,95330.0,0.3669141039236479,0.3425238600212089,23.96814111471419
36047039000,79682.0,0.17327844311377247,0.22679640718562874,21.912890552789847
36047039100,101785.0,0.49685294678619113,0.3816517261110052,24.766318112923848
36047039200,56375.0,0.23481546062191225,0.24033711130485325,18.431591387228163
36047039300,115435.0,0.4048603929679421,0.35832471561530505,26.374747470885428
36047039400,40833.0,0.12138728323699421,0.197495183044316,15.686469189601569
36047039500,82875.0,0.341222366710013,0.26527958387516254,22.34762253095899
36047039600,86500.0,0.22093608454957223,0.23603422244589833,22.83114068656835
36047039700,85486.0,0.2762364294330519,0.27593486127864897,22.696926676416126
36047039800,87245.0,0.159369527145359,0.23257443082311735,22.929248968810924
36047039900,50592.0,0.21853986551392893,0.2687319884726225,17.460652960280303
36047040000,51307.0,0.17791970802919707,0.2258211678832117,17.583602897771563
36047040100,76250.0,0.25197072072072074,0.2713963963963964,21.43578934530066
36047040200,70486.0,0.20350194552529183,0.24863813229571985,20.609667688302533
36047040300,90773.0,0.29050416054821343,0.24987763093489965,23.388259343044002
36047040400,100833.0,0.2722753346080306,0.23709369024856597,24.650225738636017
36047040500,70091.0,0.21596578759800428,0.33499643620812547,20.55183878617295
36047040600,77763.0,0.21355759429153925,0.2321610601427115,21.647415838629826
36047040800,92739.0,0.1686358754027927,0.27201933404940926,23.640179007308262
36047040900,66864.0,0.2392431311560394,0.276049766718507,20.073159401904746
36047041000,75288.0,0.23272727272727273,0.20424242424242425,21.300138956488617
36047041100,80169.0,0.23058980339886703,0.3488837054315228,21.979752088116694
36047041200,98056.0,0.16055625790139064,0.22376738305941846,24.308415049054886
36047041300,107131.0,0.2845303867403315,0.3243093922651934,25.40838935446694
36047041401,58750.0,0.23857868020304568,0.18189509306260576,18.815834824291798
36047041402,56579.0,0.19990525817148272,0.20180009474182853,18.464909783994703
36047041500,94470.0,0.2878116989046842,0.29410393847587973,23.859784352276346
36047041600,67679.0,0.25653206650831356,0.2180522565320665,20.195123948542662
36047041700,33981.0,0.12123893805309735,0.17728613569321533,14.309934110753357
36047041800,60833.0,0.17992831541218637,0.16702508960573476,19.146490193926336
36047041900,65046.0,0.1732513901082821,0.2350014632718759,19.798389037504954
36047042000,85332.0,0.1910828025477707,0.2009264620729589,22.67647360629656
36047042100,92635.0,0.38664710198092445,0.34531670335045245,23.6269199238455
36047042200,68684.0,0.20502901353965183,0.26531270148291425,20.344515244784493
36047042300,113750.0,0.3447240821981067,0.2964673285615331,26.181544276206793
36047042400,70585.0,0.21804290332059947,0.2618277990008816,20.6241361016469
36047042500,90392.0,0.3161688980432544,0.368692070030896,23.339124154685916
36047042600,62219.0,0.2562358276643991,0.26848072562358277,19.363375604063112
36047042700,84779.0,0.3774614472123369,0.4398576512455516,22.602875936390895
36047042800,85625.0,0.3130841121495327,0.2284527518172378,22.715371751609595
36047042900,66250.0,0.24635396137169885,0.293653921955065,19.98078274996268
36047043000,57487.0,0.26035986913849507,0.29116684841875684,18.61248578614496
36047043100,89548.0,0.47775292070594083,0.38926174496644295,23.229908638800325
36047043200,88088.0,0.21766715470961445,0.3321132259638848,23.039758963061978
36047043300,44975.0,0.19165976249654793,0.15465341066003865,16.462854598554845
36047043400,68333.0,0.24969219404087664,0.16769268653041122,20.292464756955763
36047043500,86367.0,0.23737678535505935,0.27539730436531884,22.81358167018052
36047043600,79464.0,0.25549989109126553,0.2718362012633413,21.88289455655832
36047043700,62054.0,0.2591813312930375,0.34410864575363426,19.337683468357074
36047043800,74808.0,0.21863197650020982,0.25094418799832147,21.232130676384994
36047043900,91742.0,0.21211372064276884,0.30951792336217554,23.512762563292192
36047044000,89831.0,0.18669690098261527,0.21201814058956917,23.26658661209705
36047044100,66866.0,0.24324324324324326,0.3368140868140868,20.07345960843292
36047044200,72857.0,0.26902059688944935,0.20638923917612442,20.953433530983126
36047044300,91908.0,0.3958333333333333,0.3714887640449438,23.53402520517827
36047044400,71929.0,0.2240596627756161,0.23022049286640725,20.819560998201506
36047044500,85741.0,0.3235591506572295,0.25151668351870576,22.730753306616567
36047044600,65037.0,0.16224188790560473,0.23942969518190757,19.797019301738253
36047044700,90774.0,0.32793522267206476,0.27530364372469635,23.38838817097152
36047044800,86932.0,0.38052602126468943,0.18746502518186905,22.888081547081406
36047044901,61451.0,0.17880794701986755,0.23802103622906115,19.243498652100925
36047045000,88558.0,0.2190034762456547,0.22711471610660486,23.101142356971767
36047045200,74236.0,0.2340909090909091,0.22916666666666666,21.150801918729904
36047045300,66856.0,0.3157894736842105,0.27038183694530443,20.071958530891624
36047045400,90859.0,0.2788313685289595,0.23731419784725782,23.399335952399532
36047045600,76047.0,0.23251670378619155,0.22271714922049,21.4072361300879
36047045800,68393.0,0.3621908127208481,0.18639575971731448,20.301371732610114
36047046000,105900.0,0.3604197901049475,0.2572713643178411,25.261988698959964
36047046201,43711.0,0.2407766990291262,0.19223300970873786,16.22986575418969
36047046202,91328.0,0.30644288034650785,0.24526258798050893,23.459650082552002
36047046400,68315.0,0.11596820809248555,0.15895953757225434,20.28979190179862
36047046800,40250.0,0.15440180586907448,0.17878103837471784,15.574083499791206
36047047000,67303.0,0.12992759452936445,0.1830249396621078,20.13894742036279
36047047200,72153.0,0.12778904665314403,0.11561866125760649,20.85195375005093
36047047400,64625.0,0.10188298587760591,0.1476126429051782,19.734214049425308
36047047600,75026.0,0.08856473039854129,0.17426413128418858,21.263044731744923
36047047700,174977.0,0.5794734275962945,0.35470502194051684,32.472074864781234
36047047800,57591.0,0.10708752904725019,0.15375677769171184,18.629314145969495
36047048000,43074.0,0.13355970571590267,0.19185059422750425,16.11117289768725
36047048100,96031.0,0.4235010337698139,0.328394210889042,24.056103417267124
36047048200,58071.0,0.23281393217231897,0.2234647112740605,18.706787325883997
36047048400,86908.0,0.32358964811022156,0.29100726121765036,22.884921882770687
36047048500,125417.0,0.44875579924082665,0.40573597638127373,27.491457204263973
36047048600,61281.0,0.1665625,0.2078125,19.21686230421025
36047048800,74012.0,0.4163788850518007,0.23680315737543167,21.118867554130805
36047048900,33102.0,0.07156133828996282,0.06536555142503098,14.12364111919539
36047049000,73988.0,0.3192176224838587,0.25902012913026967,21.115443150537644
36047049100,46933.0,0.201534170153417,0.20781032078103207,16.817394590863582
36047049200,111964.0,0.4092062341428054,0.2747372236317506,25.975191572476835
36047049301,22521.0,0.04426002766251729,0.07422775472568004,11.649663789491443
36047049302,71328.0,0.3272223406523129,0.20763163504583246,20.732400027155176
36047049400,100878.0,0.3942307692307692,0.29517416545718433,24.655725606858752
36047049500,96875.0,0.5270500170125894,0.2980605648179653,24.16158464511557
36047049600,79213.0,0.30778831752371444,0.318771842236645,21.848306877101987
36047049700,142054.0,0.5689969604863222,0.3617021276595745,29.25811146266216
36047049800,79632.0,0.4143646408839779,0.31659860677396107,21.906014367081294
36047049900,112321.0,0.5851203501094092,0.3715536105032823,26.016569887115818
36047050001,120787.0,0.47871873628784556,0.25362000877577884,26.979236418067117
36047050002,167604.0,0.5353418308227115,0.3174971031286211,31.780574671555733
36047050100,132159.0,0.4775008093234056,0.3331175137584979,28.220709511899063
36047050202,96310.0,0.5015344147303814,0.24375274002630426,24.091023313243312
36047050300,168029.0,0.4868593955321945,0.48455978975032854,31.820842781743117
36047050401,152739.0,0.5286827195467422,0.33888101983002833,30.338529575887037
36047050402,171681.0,0.4532299741602067,0.3297157622739018,32.164786542818256
36047050500,82541.0,0.40476190476190477,0.3011204481792717,22.30254475410132
36047050600,69977.0,0.2777092511013216,0.28704845814977975,20.535118643375718
36047050700,58125.0,0.09614887567846989,0.13000775394158698,18.71548298970269
36047050801,69446.0,0.23722431414739106,0.22108660570199032,20.457057904902943
36047050803,79242.0,0.3485429447852761,0.34930981595092025,21.852305860346434
36047050804,108871.0,0.38403547671840355,0.3049519586104952,25.613897217618824
36047050900,40598.0,0.05846884706742189,0.17339667458432304,15.64126507274201
36047051001,58877.0,0.1470335339638865,0.21625107480653483,18.83616096054552
36047051002,64128.0,0.2509930486593843,0.32522343594836145,19.65818438428271
36047051100,85383.0,0.4145843957164712,0.3187149413564508,22.683249068054483
36047051200,82240.0,0.28158905024202974,0.29377399432482054,22.261842574312887
36047051300,133132.0,0.4939587775408671,0.3253375977256574,28.32440428622431
36047051400,88929.0,0.2565844191849182,0.28236761851954534,23.14948110868064
36047051500,226450.0,0.6780556533990841,0.42726312081718915,36.94075088422932
36047051601,68202.0,0.2124792703150912,0.24004975124378108,20.273004260876643
36047051602,80341.0,0.17177589852008457,0.33773784355179703,22.003317879052116
36047051700,220795.0,0.5881528215913074,0.35856992639327023,36.476585124698744
36047051800,101985.0,0.4927494199535963,0.3619489559164733,24.790638164065847
36047051900,212881.0,0.7848034934497816,0.5159825327510917,35.81690106404024
36047052000,121325.0,0.3033295711060948,0.2748306997742664,27.039254062285313
36047052300,77976.0,0.30596465390279826,0.28258468335787923,21.677042695046776
36047052500,51393.0,0.20622679234504426,0.27306483861753783,17.59833340922636
36047052600,88520.0,0.4547563805104408,0.23949471513276618,23.096185506095296
36047052700,63608.0,0.2806958284073636,0.2703935146090187,19.57832018426509
36047052800,120670.0,0.48630887185104055,0.2858707557502738,26.96616657018507
36047052900,41576.0,0.17796337937680695,0.24670735624799228,15.828541833758669
36047053000,76684.0,0.36879823594266814,0.24035281146637266,21.49670693360236
36047053102,68487.0,0.035496305814327014,0.1511403790555734,20.315318142963875
36047053200,67273.0,0.29921602787456447,0.2269163763066202,20.134458498888723
36047053300,34889.0,0.07572597465105085,0.13733354724851596,14.499860277343616
36047053400,67240.0,0.20075757575757575,0.20298573975044562,20.129519529068276
36047053500,24912.0,0.06339181286549708,0.12678362573099416,12.252475818966733
36047053700,42471.0,0.028462090408993064,0.1380052618990672,15.998003956438183
36047053800,70978.0,0.31174646916982435,0.20771615570099897,20.681471475491353
36047053900,43688.0,0.06739811912225706,0.1700626959247649,16.225595249858877
36047054200,57472.0,0.3051224944320713,0.19178421182875527,18.61005736318714
36047054400,67500.0,0.4185867895545315,0.20404505888376856,20.168399849655117
36047054500,36559.0,0.11483767104910116,0.13120472229675342,14.842829900330848
36047054600,71667.0,0.3659378596087457,0.21595703874184888,20.781608981411786
36047054700,91108.0,0.23424170616113743,0.23732227488151658,23.43137707249777
36047054800,100104.0,0.24731663685152058,0.17173524150268335,24.560956291617828
36047054900,171250.0,0.46006458557588803,0.32055974165769646,32.12438680547297
36047055000,59632.0,0.26708428246013666,0.2744874715261959,18.956547532210976
36047055100,162577.0,0.5103722230395763,0.35751066647050167,31.30034389485014
36047055200,107734.0,0.37142857142857144,0.309479305740988,25.479796136098685
36047055300,141250.0,0.5723308270676691,0.3843609022556391,29.175196159802404
36047055400,61740.0,0.3960371819960861,0.24094911937377692,19.288696026842942
36047055500,188015.0,0.6855058259827943,0.40760100185124687,33.66013132045736
36047055600,68589.0,0.32114183764495985,0.21082366934284866,20.33044065883711
36047055700,146765.0,0.6985915492957746,0.46535211267605636,29.73930438151632
36047055800,69063.0,0.28109995635093843,0.27717154081187256,20.400568792506725
36047056000,72283.0,0.335559265442404,0.20228158041179745,20.87073005925947
36047056100,160810.0,0.5670391061452514,0.3905027932960894,31.129782220701955
36047056200,92500.0,0.2975871313672922,0.2353887399463807,23.60969750722817
36047056301,146458.0,0.5313938886563415,0.3949351192967769,29.708184067019992
36047056302,74732.0,0.4051401869158878,0.2714953271028037,21.221342712676584
36047056400,84128.0,0.3654446177847114,0.23868954758190328,22.51592734924002
36047056500,118032.0,0.5844311377245509,0.3476047904191617,26.669780388701827
36047056600,73929.0,0.29037875489769266,0.22464083587287767,21.1070224633607
36047056800,74476.0,0.2991178829190056,0.23817161186848437,21.18496389089833
36047056900,164519.0,0.6456422018348624,0.2826834862385321,31.486731951897514
36047057000,78184.0,0.27395747031206846,0.22231427782380558,21.70593505984994
36047057100,117832.0,0.44024856596558315,0.33460803059273425,26.64717542762246
36047057200,40428.0,0.10692853246044735,0.16566648481542098,15.608482614314111
36047057300,148875.0,0.5116841257050766,0.36744560838033846,29.952318398557388
36047057400,94231.0,0.36450747412801837,0.2399386738213875,23.829583760996943
36047057500,128304.0,0.5882112992045686,0.36977360799510506,27.806072740025275
36047057600,92719.0,0.2814994793474488,0.203748698368622,23.637629761176743
36047057800,46746.0,0.2752752752752753,0.2702702702702703,16.78385750996865
36047057901,137366.0,0.48423265592151365,0.27049754730203224,28.771279930052234
36047058000,41278.0,0.2285054818234276,0.2351413733410271,15.771713517988852
36047058200,57143.0,0.28459958932238194,0.3010266940451745,18.556714026905723
36047058400,69643.0,0.3694303440496334,0.22870840383530738,20.48605299758798
36047058600,84176.0,0.37527304499781566,0.2809086937527305,22.5223497674403
36047058800,115865.0,0.4471008518823853,0.3064028579280022,26.423825304672253
36047058901,110313.0,0.49093816631130066,0.24893390191897655,25.78296768162575
36047059000,97567.0,0.25434674615002484,0.21212121212121213,24.247726912918733
36047059100,135339.0,0.527927927927928,0.3418275418275418,28.5582136339346
36047059200,58063.0,0.37750385208012327,0.21956856702619415,18.705498735596716
36047059300,106544.0,0.4149058778332693,0.29888590088359585,25.338683988244465
36047059402,74917.0,0.34432809773123907,0.26457242582897034,21.247593326342567
36047059403,63750.0,0.2824938358576964,0.24269108841141246,19.60016155322403
36047059404,62854.0,0.30230914231856737,0.30230914231856737,19.461934969749603
36047059600,56359.0,0.2912751677852349,0.2912751677852349,18.42897563210868
36047059800,81724.0,0.3234069804674992,0.22574447646493756,22.191893729667527
36047060000,99383.0,0.46070376685785147,0.2272515889009456,24.47234619034826
36047060600,64353.0,0.4945770065075922,0.23282718727404195,19.69264061677463
36047060800,65705.0,0.3929611008203228,0.26435564964276265,19.89842792253861
36047061002,75132.0,0.6062366840983924,0.24268835948092193,21.278060107798066
36047061003,50361.0,0.17244748412310698,0.180752320468979,17.42074521348117
36047061004,38443.0,0.42551687577310476,0.23237321081463155,15.220474515884792
36047061200,153854.0,0.4826325411334552,0.3080438756855576,30.44906437505665
36047061600,168438.0,0.5898261429491307,0.23245331616226658,31.859546858196346
36047062000,91486.0,0.44493635860542335,0.22468179302711677,23.479934239421315
36047062200,68997.0,0.2794880664130059,0.2193012798339675,20.390818568981896
36047062600,65694.0,0.28403100775193796,0.22573643410852715,19.89676220555379
36047062800,111894.0,0.2262758762041402,0.22176675548268088,25.96707044562377
36047063200,79500.0,0.26975476839237056,0.2840599455040872,21.88785085752933
36047063600,142986.0,0.3552158273381295,0.27967625899280574,29.353934105929984
36047063800,104091.0,0.31820637493246895,0.24959481361426256,25.045294735329023
36047064000,144857.0,0.31562302340290954,0.18785578747628084,29.54536093420761
36047064200,68319.0,0.2917752139933011,0.21213248976553778,20.29038590003933
36047064400,95833.0,0.3220269718022068,0.20228851655087862,24.03129077241304
36047064600,96462.0,0.24279835390946503,0.20759030635573844,24.11002648981679
36047064800,110156.0,0.2669425763062597,0.2405587170201759,25.764613692398843
36047065000,90254.0,0.24847560975609756,0.24009146341463414,23.321301618631534
36047065200,92969.0,0.26016949152542374,0.15,23.669475603936412
36047065400,127143.0,0.2586696986924389,0.21716884593519045,27.679980750727644
36047065600,122708.0,0.3383947939262473,0.25108459869848154,27.192929409444933
36047065800,94400.0,0.35714285714285715,0.20703125,23.850942950714693
36047066000,150219.0,0.39644351464435146,0.23326359832635984,30.087215020123384
36047066200,63681.0,0.22727272727272727,0.2263986013986014,19.58955153524839
36047067000,88920.0,0.24403387220939185,0.22093918398768284,23.148309665160486
36047067200,81834.0,0.2065426555484285,0.2065426555484285,22.20682378346712
36047067400,122609.0,0.25026178010471206,0.2324607329842932,27.18195765852897
36047067600,124934.0,0.2835654596100279,0.2796657381615599,27.438469241041414
36047067800,95044.0,0.18504672897196262,0.19177570093457944,23.932160639356876
36047068000,93994.0,0.2291557420031463,0.25013109596224437,23.79959805090662
36047068200,118611.0,0.299929676511955,0.22011251758087202,26.73511399274768
36047068600,107431.0,0.2633410672853828,0.27784222737819025,25.443940165682594
36047068800,91000.0,0.31142506142506143,0.2868550368550369,23.417485103007568
36047069000,127989.0,0.2326388888888889,0.27199074074074076,27.771918327306764
36047069200,92717.0,0.2972027972027972,0.2784090909090909,23.637374821442368
36047069601,98607.0,0.22313564298297123,0.28772753963593656,24.376616757482836
36047069602,101724.0,0.40017761989342804,0.27726465364120784,24.758895743119385
36047069800,126500.0,0.25895316804407714,0.21074380165289255,27.60989908111714
36047070000,93493.0,0.28245363766048504,0.2724679029957204,23.736085860318624
36047070201,117604.0,0.3168724279835391,0.2173721340388007,26.621382358544697
36047070601,145577.0,0.4326625386996904,0.25541795665634676,29.61869633344037
36047072000,72619.0,0.21517027863777088,0.2585139318885449,20.919181527036887
36047072200,55068.0,0.19524462734339276,0.2940100594421582,18.216679114858394
36047072400,65722.0,0.27744982290436837,0.21369539551357733,19.90100193819164
36047072600,101250.0,0.2576501700037779,0.14544767661503588,24.701144280039998
36047072800,64654.0,0.27545909849749584,0.19782971619365608,19.738641345509176
36047073000,137244.0,0.3801551653736219,0.18946508779093507,28.75850065475696
36047073200,87908.0,0.22625843279709393,0.21380384016606124,23.016207075363365
36047073400,124205.0,0.27518593644354294,0.2420554428668019,27.358299276172556
36047073600,79256.0,0.23940149625935161,0.2504453152832205,21.854236142082566
36047073800,57222.0,0.1504041570438799,0.22979214780600463,18.569536893047264
36047074000,79688.0,0.20885744234800838,0.24475890985324947,21.913715550081406
36047074200,72635.0,0.19364058592354413,0.2222222222222222,20.921485940965315
36047074400,145929.0,0.24739243807040417,0.16753585397653195,29.65448318996786
36047074600,85587.0,0.2824569567240577,0.2280130293159609,22.710330700998487
36047074800,79808.0,0.3404388714733542,0.2031347962382445,21.930208978405524
36047075000,105881.0,0.3546572934973638,0.22987697715289981,25.259722413237768
36047075200,162938.0,0.3344917463075586,0.18158123370981755,31.33507561749954
36047075400,116726.0,0.3940809968847352,0.2749221183800623,26.521822128732307
36047075600,87885.0,0.4155977424320164,0.24114930733709594,23.013195930796538
36047075800,58314.0,0.36095890410958903,0.17534246575342466,18.745886048006327
36047076000,65795.0,0.3832470892626132,0.27652005174644245,19.912051282036675
36047076200,43365.0,0.32766164316966456,0.20442391832766163,16.16550334690571
36047076400,79868.0,0.28029580152671757,0.25047709923664124,21.938451042629872
36047076600,74773.0,0.2478713339640492,0.2833491012298959,21.22716321625776
36047076800,61354.0,0.3461730865432716,0.21635817908954477,19.22830478574561
36047077000,84476.0,0.2865003668378577,0.23624358033749082,22.562448462291613
36047077200,75739.0,0.3388837496145544,0.2143077397471477,21.363841135297974
36047077400,76061.0,0.2553122987765615,0.26754668383773345,21.409206539923836
36047077600,72240.0,0.30948225712623617,0.24898196625945318,20.864521304084374
36047078000,117232.0,0.29311121116614136,0.2305267897343539,26.579245195023738
36047078200,59422.0,0.12488083889418494,0.17183031458531936,18.92313941301287
36047078400,93409.0,0.31191088260497,0.258783204798629,23.725420466869636
36047078601,84458.0,0.3698441796516957,0.22089825847846012,22.560044550478317
36047078602,62237.0,0.29168539325842696,0.22696629213483147,19.366176320534347
36047078801,58493.0,0.24113856068743286,0.20784103114930183,18.77463508370458
36047078802,51037.0,0.11978609625668449,0.15508021390374332,17.537275542584663
36047079001,68977.0,0.2178164041281912,0.12656165127648017,20.387863035198837
36047079002,59896.0,0.22250157133878065,0.19736015084852293,18.998462962029937
36047079201,86434.0,0.20944992947813823,0.191114245416079,22.822428878303345
36047079202,91143.0,0.2179176755447942,0.145682001614205,23.43587733290598
36047079400,97500.0,0.21509433962264152,0.1828092243186583,24.239399933997248
36047079601,71509.0,0.3953488372093023,0.28077141236528647,20.758688348846313
36047079602,87847.0,0.24692168773600395,0.2748317189295682,23.008220132902974
36047079801,79054.0,0.43143297380585516,0.24622496147919876,21.826368396178484
36047079802,98516.0,0.4386594853381209,0.3393177737881508,24.365366115300695
36047080000,106250.0,0.4686946249261666,0.25132900177200235,25.30369975953719
36047080200,96627.0,0.3752446183953033,0.24584148727984345,24.13063799822381
36047080400,56250.0,0.3055651572761839,0.2350501209816799,18.411145910733183
36047080600,68400.0,0.23361667123663285,0.24622977789964354,20.302410625231413
36047080800,12132.0,0.07629164654756157,0.061323032351521006,8.550386713781052
36047081000,83362.0,0.37421231216674744,0.19486185167232187,22.41318724016621
36047081400,52250.0,0.15449010654490106,0.2511415525114155,17.744456585772006
36047081600,109043.0,0.24230254350736277,0.23427041499330656,25.634122308093282
36047081800,73463.0,0.32769973661106233,0.21992976294995611,21.040394879896024
36047082000,61548.0,0.23623188405797102,0.2701863354037267,19.258680531471846
36047082200,87104.0,0.3117677688102057,0.30656079146055715,22.91071305606599
36047082400,69886.0,0.16769020812009552,0.22040259297168202,20.52176208538067
36047082600,69732.0,0.299327110918168,0.22965053179943565,20.499138853898767
36047082800,74076.0,0.19912416280267903,0.25244719216898504,21.127996583596612
36047083000,81016.0,0.18990066225165564,0.3177152317880795,22.095557046871892
36047083200,97104.0,0.30803771890435566,0.22900763358778625,24.190125222749298
36047083400,90625.0,0.2936708860759494,0.14873417721518986,23.369184979183007
36047083600,82464.0,0.22388059701492538,0.20095948827292112,22.292139642482045
36047083800,58625.0,0.24750277469478357,0.18590455049944507,18.795807320133807
36047084000,76607.0,0.14760302775441547,0.1576955424726661,21.485911577599285
36047084600,68555.0,0.15871421396283275,0.2169763937719739,20.325401070375225
36047084800,92578.0,0.23209549071618038,0.34681697612732093,23.619649768574988
36047085000,120179.0,0.19448183041722747,0.288021534320323,26.911248678948755
36047085400,71042.0,0.2151839776432231,0.23893805309734514,20.690793490321095
36047085600,91061.0,0.23626373626373626,0.2683632157316368,23.42533250567569
36047085800,57105.0,0.14175399889685603,0.19415333701047988,18.55054290880057
36047086000,75528.0,0.1152567417805689,0.26006649427410417,21.334061798425576
36047086200,56386.0,0.19088712461166724,0.19710044874007593,18.433389503557226
36047086400,62206.0,0.16674218396012688,0.22202084277299503,19.36135261242884
36047086600,77728.0,0.21525215252152521,0.2859778597785978,21.642543696181356
36047086800,47708.0,0.1649951472015529,0.22581688773859593,16.95567805206599
36047087000,57366.0,0.11430395913154534,0.24872286079182632,18.59288746736864
36047087200,80372.0,0.23375394321766563,0.20441640378548895,22.007562517958107
36047087401,35298.0,0.1401107852720756,0.15347018572825025,14.58460279650024
36047087600,46789.0,0.14553990610328638,0.21387584767866458,16.79157517545085
36047087800,57900.0,0.1289483463396507,0.18171683389074694,18.679224351210774
36047088001,60500.0,0.17375132837407015,0.12964930924548354,19.094014313578462
36047088002,103529.0,0.2607204116638079,0.2521440823327616,24.977591927792286
36047088200,48028.0,0.12768377648229773,0.1407649651642258,17.012447870399754
36047088400,47269.0,0.14563990533406154,0.1602038958674677,16.87748628734304
36047088600,54158.0,0.11108331248436328,0.24893670252689518,18.065536579028652
36047088800,61346.0,0.15031568722680913,0.20568237008256435,19.227051147409053
36047089000,59583.0,0.1410608469431999,0.19121260297730885,18.948757572773868
36047089200,31496.0,0.10323997803404723,0.10406370126304229,13.776765220606398
36047089400,62157.0,0.14796879203658864,0.15523271455474846,19.353725589497905
36047089800,79554.0,0.2628318584070796,0.18451327433628317,21.89528320537197
36047090000,22396.0,0.07748024582967515,0.14442493415276558,11.617288801125326
36047090200,42424.0,0.09804426145136387,0.15362840967575914,15.989149510780857
36047090600,27706.0,0.02838328792007266,0.05835603996366939,12.921307782821494
36047090800,31003.0,0.04197645600991326,0.16062577447335813,13.668517609303999
36047091000,17028.0,0.04529382050850311,0.09580737497895268,10.129811810832525
36047091200,21840.0,0.08286140089418778,0.16870342771982116,11.472177912318983
36047091600,43109.0,0.09870967741935484,0.14344086021505376,16.11771717671626
36047091800,46657.0,0.1453260015710919,0.14846818538884524,16.76787245250549
36047092000,43901.0,0.19473684210526315,0.11649122807017544,16.265100944186063
36047092200,50603.0,0.05953177257525084,0.23578595317725753,17.462551054283438
36047092400,33231.0,0.1427627230667548,0.09715796430931924,14.151134595412659
36047092800,86313.0,0.17784256559766765,0.1657642648896293,22.806448586748445
36047093000,96250.0,0.20358684822318165,0.16937894387246763,24.08351793168729
36047093400,83357.0,0.25267489711934155,0.20534979423868313,22.412515065694254
36047093600,78929.0,0.2824281150159744,0.25303514376996805,21.809105668189666
36047093800,74781.0,0.23735563520509756,0.23257666268418956,21.22829873819592
36047094401,85607.0,0.2850130890052356,0.25752617801047123,22.712984024998217
36047094402,27044.0,0.02114029468289558,0.12780269058295965,12.766005291189133
36047094600,93819.0,0.23727959697732998,0.19546599496221662,23.777432433665062
36047095000,92895.0,0.16165123456790123,0.2638888888888889,23.660053700535734
36047095400,95081.0,0.2174226061915047,0.20830333573314136,23.936818501934123
36047095600,100404.0,0.2099161322150962,0.23951652688702516,24.597731918317354
36047095800,67091.0,0.1419484432541011,0.219953130231001,20.10720422700215
36047096200,96500.0,0.09614126880313931,0.2537606278613473,24.114774944103786
36047096400,82350.0,0.2084006462035541,0.23465266558966075,22.276725747842605
36047096600,72396.0,0.20813844714686622,0.11786716557530402,20.887037292618768
36047096800,90357.0,0.21060171919770773,0.2621776504297994,23.33460523468099
36047097000,102566.0,0.17209908735332463,0.20686657974793568,24.861152971702207
36047097400,80769.0,0.18481717011128776,0.1685214626391097,22.06184908361863
36047098200,23580.0,0.05625606207565471,0.11711930164888458,11.92041723843809
36047098400,114292.0,0.16540975364504776,0.1975867269984917,26.243845522027677
36047098600,98750.0,0.27916331456154464,0.24658085277554304,24.39428585457316
36047098800,78892.0,0.127136021872864,0.16233766233766234,21.803993279207127
36047099000,91848.0,0.20619946091644206,0.32547169811320753,23.526342130570082
36047099200,90897.0,0.23933518005540166,0.22548476454293628,23.40422859823339
36047099400,92730.0,0.16344086021505377,0.18978494623655914,23.63903188056945
36047099600,83462.0,0.2169327251995439,0.21493728620296465,22.42662649883612
36047099800,99609.0,0.2649973917579551,0.24517475221700574,24.500155823459448
36047100400,80772.0,0.2413299964247408,0.16017161244190203,22.062258801039178
36047100600,108088.0,0.2779313067508883,0.2656928543229372,25.52162346297337
36047100800,87800.0,0.2075386012715713,0.21435059037238874,23.00206436761739
36047101000,69700.0,0.1874125874125874,0.1737762237762238,20.494434788928586
36047101200,101953.0,0.2853860294117647,0.2665441176470588,24.786748559419046
36047101400,74219.0,0.26835196888672824,0.22168206125425377,21.148380019516985
36047101600,173292.0,0.33597285067873306,0.20248868778280543,32.31534623917801
36047101800,97845.0,0.34553089382123575,0.2855428914217157,24.282247156346752
36047102000,120682.0,0.3561066916237716,0.3079082826392138,26.967507358924234
36047102200,88654.0,0.17815577439570277,0.18889883616830797,23.11366019258746
36047102400,79087.0,0.21783235451147892,0.22477309129738388,21.83092347881853
36047102600,87145.0,0.22286100777815354,0.19310111599594185,22.91610447737939
36047102801,75875.0,0.2220532319391635,0.23041825095057034,21.383013419483152
36047103401,17963.0,0.06014319809069212,0.10787589498806682,10.404207171729384
36047105801,20899.0,0.18,0.09223140495867768,11.222311244622631
36047105804,44059.0,0.17445077298616762,0.13425549227013833,16.294343761450772
36047107001,53108.0,0.13161993769470404,0.17938733125649015,17.88955467318731
36047107800,82540.0,0.25252028522252273,0.31841652323580033,22.302409653894728
36047109800,74673.0,0.14473161033797216,0.16978131212723657,21.21296406337638
36047110400,75833.0,0.12163640341281995,0.21592649310872894,21.377094402150774
36047110600,30198.0,0.04145756054985817,0.10408029674885447,13.489897408753121
36047111000,31218.0,0.07633053221288516,0.11589635854341737,13.715830030489728
36047111600,71593.0,0.10696788241698421,0.14126292868807838,20.770877150548767
36047111800,82773.0,0.13361638361638362,0.17932067932067933,22.33386591375452
36047112000,67396.0,0.10869565217391304,0.20667483159828537,20.152856722703053
36047112200,28888.0,0.0854563044179297,0.14995162850693325,13.194055123084501
36047112400,49422.0,0.056838905775075985,0.21063829787234042,17.257572821501352
36047112600,73493.0,0.18341654004775343,0.18385066203603212,21.044690562196905
36047112800,54484.0,0.07243605068132919,0.2211331580205594,18.119827070292697
36047113000,58547.0,0.13990239367882873,0.15291656983499885,18.78329933766343
36047113200,49306.0,0.12264890282131662,0.1614420062695925,17.23730801537715
36047113400,26745.0,0.07327905255366396,0.07142857142857142,12.695238306805331
36047114201,41196.0,0.13396481732070364,0.2936400541271989,15.756040236428763
36047114202,63049.0,0.0816967792615868,0.22309505106048705,19.49210121523801
36047114400,75444.0,0.13083048919226395,0.16609783845278725,21.32219494283786
36047114600,72438.0,0.09567496723460026,0.2762123197903014,20.89309514367313
36047115000,68944.0,0.09533537623425264,0.1913517194416071,20.38298546753385
36047115600,21238.0,0.029712615684364344,0.10813443740867024,11.312962947057441
36047115800,75764.0,0.09177215189873418,0.17405063291139242,21.367366742725626
36047116000,73244.0,0.13756819953234606,0.2396726422447389,21.009009790047283
36047116200,64100.0,0.13829787234042554,0.24901497241922774,19.653892271173742
36047116400,80125.0,0.17436582109479307,0.17089452603471295,21.973719570401105
36047116600,41086.0,0.049495586380832284,0.1882093316519546,15.734990584390518
36047116800,83841.0,0.08605455243949289,0.2397233960814445,22.47748835236778
36047117201,70179.0,0.18063872255489022,0.2155688622754491,20.564736265892787
36047117202,77401.0,0.11206896551724138,0.24310344827586206,21.59697086013393
36047117400,47444.0,0.1232508073196986,0.21743810548977396,16.90869946585671
36047117601,67222.0,0.09840142095914742,0.2547069271758437,20.12682503469294
36047117602,59071.0,0.13133940182054615,0.24967490247074123,18.867168060187097
36047117800,52750.0,0.062243100411039344,0.1450381679389313,17.829156143858643
36047118201,91167.0,0.14293737714125246,0.2384161752316765,23.438962726373965
36047118202,88140.0,0.06700865662071177,0.27669124719461363,23.046558360867685
36047118400,65766.0,0.10614754098360656,0.2836065573770492,19.907662550896053
36047118600,83125.0,0.09893048128342247,0.24812834224598931,22.381303970615708
36047118800,60197.0,0.08982602118003026,0.3095688350983359,19.046140360315153
36047119000,46979.0,0.1342567927543953,0.2035162493340437,16.825634109844426
36047119200,88705.0,0.09865716634694437,0.20937243080295972,23.120307536119235
36047119400,71801.0,0.134394668641244,0.25731210662717513,20.801028205902
36047119600,54177.0,0.07944915254237288,0.2751210653753027,18.06870522535515
36047119800,46391.0,0.05155875299760192,0.1642685851318945,16.720005793292422
36047120000,47656.0,0.11480804387568556,0.343327239488117,16.946434993839468
36047120200,119522.0,0.13363139592647788,0.2757078986587183,26.837588051635052
36047120801,58869.0,0.2002212389380531,0.18539823008849557,18.8348812213705
36047120802,33662.0,0.06456555044867586,0.12759903698840008,14.242607768765565
36047120803,49702.0,0.1162349968414403,0.20088439671509792,17.306390105534984
36047121000,21985.0,0.016049382716049384,0.05851851851851852,11.510197919342897
36047121400,37626.0,0.05898462186644196,0.16452496313461135,15.05787133989606
36047122000,70268.0,0.06102543824963754,0.191907209700804,20.577772085849446
36047123700,52649.0,0.03165236051502146,0.12618025751072962,17.81207929490513
36047150200,126364.0,0.45992162451015317,0.29747060919130747,27.59505340502037
36047152200,214297.0,0.6259791122715405,0.3730417754569191,35.935823547343674
36061000201,38657.0,0.08138629283489096,0.16666666666666666,15.26277950242266
36061000202,40182.0,0.28511681569079894,0.1768099221228728,15.56092219107516
36061000600,34473.0,0.21171038412417723,0.2795952451124865,14.413156296363523
36061000700,197058.0,0.6787300177619894,0.4328374777975133,34.460104635182546
36061000800,33953.0,0.23680953988075149,0.20080998987512655,14.30403727534813
36061000900,222237.0,0.7365591397849462,0.4736559139784946,36.59550456212361
36061001001,130417.0,0.5593023255813954,0.3494186046511628,28.034102660711774
36061001002,24350.0,0.07855034437520499,0.16890783863561823,12.113483141779625
36061001200,105938.0,0.4406507791017415,0.26283226397800186,25.266520660579477
36061001300,193984.0,0.6927946378700428,0.377583317817911,34.19026852114727
36061001401,94076.0,0.5066273932253313,0.275699558173785,23.809977126118124
36061001402,50347.0,0.39837634096839664,0.32473180632067267,17.41832362350781
36061001501,123750.0,0.4362864857914363,0.22540825511122542,27.30814248977538
36061001502,182348.0,0.6053034767236299,0.3998821449616971,33.1489715272808
36061001800,79973.0,0.41912861832288867,0.3385556550283497,21.952867209050257
36061002000,24655.0,0.0413102441059879,0.0913832672647611,12.18911178411305
36061002100,250001.0,0.6377139979859013,0.3021148036253776,38.81418123587089
36061002201,38594.0,0.24048469784060897,0.18253844958831755,15.250337419564767
36061002202,137313.0,0.5068550062318239,0.4312422102201911,28.76572897511873
36061002400,20876.0,0.11594924110475242,0.08758397611346105,11.216134293258406
36061002500,23737.0,0.07810650887573964,0.10493096646942801,11.960035572341074
36061002601,32837.0,0.2226842226842227,0.16724416724416724,14.066993699672365
36061002602,73899.0,0.508306616146896,0.3066161468959487,21.102739469370995
36061002700,135000.0,0.5247691015952981,0.20822837951301426,28.522424598745758
36061002800,75100.0,0.4781841514276548,0.27863330125120306,21.27352828087743
36061002901,11612.0,0.0025348542458808617,0.0025348542458808617,8.365137231770246
36061003001,102883.0,0.5094524920206236,0.3186840166953106,24.899542425604288
36061003002,70346.0,0.44568151147098517,0.23582995951417005,20.589189950663254
36061003100,225694.0,0.3458483754512635,0.355956678700361,36.87903625561192
36061003200,92434.0,0.6585271317829458,0.3219638242894057,23.601273085114578
36061003300,250001.0,0.7407606745604592,0.36239684248295656,38.81418123587089
36061003400,112030.0,0.6258881680568428,0.34692616620327466,25.98284631004721
36061003601,49869.0,0.35809199318568996,0.2504258943781942,17.335440681555404
36061003602,136607.0,0.4371568910719445,0.3108928055475296,28.691683632192266
36061003700,250001.0,0.7650226757369615,0.3081065759637188,38.81418123587089
36061003800,78526.0,0.5685107534153929,0.3415392939266874,21.753357354863645
36061003900,184604.0,0.572168284789644,0.30097087378640774,33.35339985515208
36061004001,153701.0,0.5690179806362379,0.4702627939142462,30.433920584067934
36061004002,154390.0,0.49536,0.28976,30.50205782536789
36061004100,96461.0,0.4930300807043287,0.25487894350696993,24.109901517864223
36061004200,166447.0,0.32402866842700867,0.24405884571859676,31.670691248307605
36061004300,93816.0,0.5799442896935934,0.333983286908078,23.777052271504154
36061004400,150697.0,0.7175737233277392,0.35279309518101176,30.135046074241565
36061004500,185208.0,0.5644699140401146,0.3046800382043935,33.4079192645273
36061004700,156000.0,0.7659411989308896,0.40588010691103477,30.66068516286655
36061004800,171472.0,0.5521021021021021,0.32627627627627626,32.14520229189676
36061004900,151546.0,0.7294220665499125,0.3585814360770578,30.21981458464418
36061005000,190380.0,0.7048117154811715,0.3286610878661088,33.871171491316446
36061005200,229963.0,0.5610630038817558,0.3177067781427292,37.22618568475858
36061005400,139891.0,0.7843677187036645,0.3323448421944503,29.034506172243372
36061005501,230167.0,0.616018634653288,0.3157140297437735,37.242693684821525
36061005502,149853.0,0.6430419037765132,0.2990170719089498,30.050539778110952
36061005600,228750.0,0.5337754851387866,0.33873741095553916,37.12787624640434
36061005700,222237.0,0.7155322862129145,0.28307155322862126,36.59550456212361
36061005800,221875.0,0.7155485040797824,0.3846328195829556,36.56568735849666
36061005900,163583.0,0.6618281679089839,0.2563750490388388,31.397035263264986
36061006000,206087.0,0.6381890509566206,0.24928963818905095,35.24072667362647
36061006100,244014.0,0.5985915492957746,0.3468812877263581,38.34660576217031
36061006200,101598.0,0.47757378573088544,0.2316988147803858,24.743557241444957
36061006300,176827.0,0.7008386103029266,0.391579667978778,32.64328418452428
36061006400,113556.0,0.5923919889154805,0.26250157450560524,26.159208508806447
36061006500,119467.0,0.6389898603405395,0.2806581212932849,26.831412463914614
36061006600,135367.0,0.5985230234578627,0.29643788010425715,28.56116765541987
36061006700,129494.0,0.7948457792207793,0.4265422077922078,27.93472366257826
36061006800,153913.0,0.5467525195968646,0.3002519596864502,30.454902125784574
36061006900,239038.0,0.6603112840466926,0.35175097276264594,37.95360467764815
36061007001,157802.0,0.6476758045292015,0.3387365911799762,30.83726181640351
36061007002,158158.0,0.7010337323177367,0.4012513601741023,30.872026523362088
36061007100,167963.0,0.668717375093214,0.30891126025354215,31.814592724027616
36061007200,160880.0,0.7009966777408638,0.37070874861572534,31.13655682324582
36061007300,170434.0,0.6768802228412256,0.3201601671309192,32.047759649722266
36061007400,194636.0,0.6781434278105384,0.36922198972798176,34.24767881019578
36061007500,157350.0,0.6790770844257997,0.3390141583639224,30.793065805572795
36061007600,164188.0,0.5930753564154786,0.3837067209775967,31.455041521968724
36061007700,170655.0,0.7331661891117478,0.3311246418338109,32.068530917195595
36061007800,126617.0,0.658226343319068,0.3862339514978602,27.622664344347115
36061007900,159763.0,0.7824545857332743,0.2651750110766504,31.02827700728375
36061008000,176988.0,0.6948223733938019,0.37717309145880573,32.658141567747656
36061008100,161474.0,0.7292686779339757,0.3672405623124309,31.193984950774997
36061008200,191250.0,0.6084877465630604,0.3135086670651524,33.94847564674214
36061008300,79036.0,0.5395425737117663,0.2504822265086801,21.82388340492361
36061008400,250001.0,0.7120481927710843,0.38795180722891565,38.81418123587089
36061008601,168320.0,0.6753206130747575,0.3619017829214889,31.848385228454845
36061008603,189926.0,0.729568234387047,0.3097532767925983,33.83076102144283
36061008700,147454.0,0.6988795518207283,0.40423669467787116,29.80902941327021
36061008800,106033.0,0.7807215332581736,0.34850620067643745,25.27784700986738
36061008900,98952.0,0.5635151307915883,0.3239870063258677,24.41922321333824
36061009000,152716.0,0.7326217843459223,0.3531746031746032,30.33624524624292
36061009100,188145.0,0.6553917765709852,0.3742435996896819,33.671766192503895
36061009200,170341.0,0.7301136363636364,0.4140625,32.03901477387696
36061009300,105682.0,0.5540777399731931,0.3168367872976596,25.235973823517966
36061009400,120625.0,0.5454545454545454,0.5584415584415584,26.96113801856238
36061009500,200455.0,0.4948305571510626,0.30183802412406663,34.75585711992626
36061009600,91538.0,0.26582278481012656,0.2869198312236287,23.48660620635589
36061009700,70816.0,0.5358498994862632,0.24748715657806566,20.657856325029783
36061009800,141989.0,0.7165335558469424,0.253069495768268,29.251416843555734
36061009901,250001.0,0.7213375796178344,0.4166666666666667,38.81418123587089
36061009902,169241.0,0.5745501285347043,0.4071979434447301,31.93539909363381
36061009903,139659.0,0.6606974552309143,0.38737040527803956,29.01042027481099
36061010000,115536.0,0.8328285887341006,0.4572986069049061,26.386283257538974
36061010100,106528.0,0.5855434217368695,0.3712948517940718,25.33678132753307
36061010200,96375.0,0.7172131147540983,0.48360655737704916,24.099151505506157
36061010300,158343.0,0.6162828413882582,0.3091144988647421,30.89007700365828
36061010400,188971.0,0.8666666666666667,0.40520833333333334,33.7455986607066
36061010601,250001.0,0.7088071938640571,0.33588997619677335,38.81418123587089
36061010602,202674.0,0.6857770675189773,0.435477427087495,34.94769814444667
36061010801,162455.0,0.69102416570771,0.39355581127733025,31.28859758813285
36061010802,157532.0,0.6756228627259404,0.28651685393258425,30.81086916858133
36061010803,116758.0,0.6652173913043479,0.28043478260869564,26.525457309194316
36061010900,150625.0,0.435,0.345,30.127846254265616
36061011000,144856.0,0.6920201294033069,0.2635514018691589,29.545258952902167
36061011100,104119.0,0.658275645059786,0.407384099014055,25.048663043345318
36061011201,207850.0,0.728421052631579,0.27789473684210525,35.391141529464356
36061011202,206295.0,0.8365384615384616,0.38653846153846155,35.25850611277781
36061011203,174453.0,0.6828110161443495,0.3181386514719848,32.42341668333059
36061011300,91250.0,0.1885245901639344,0.06557377049180328,23.449629915810057
36061011401,250001.0,0.7302284710017575,0.3163444639718805,38.81418123587089
36061011402,217500.0,0.7731055628558914,0.316688567674113,36.20338569552652
36061011500,130302.0,0.5960804275897175,0.3509798931025706,28.021739882766838
36061011600,105893.0,0.622534369396294,0.3493723849372385,25.261153775243372
36061011700,114517.0,0.7438131063155811,0.4599089289249654,26.269665185514594
36061011800,157480.0,0.7134855210314944,0.3307968716973156,30.80578354333079
36061011900,15843.0,0.19335604770017037,0.10817717206132879,9.770983222512797
36061012000,159605.0,0.6849015317286652,0.2522663332291341,31.012930273499894
36061012101,68434.0,0.3977491961414791,0.322508038585209,20.307455919105085
36061012102,58180.0,0.5222680412371135,0.22804123711340207,18.724335533161188
36061012200,218869.0,0.7057845744680851,0.2576462765957447,36.317143603283554
36061012400,157375.0,0.6520228851655088,0.32304863097670616,30.79551193226415
36061012500,136865.0,0.5912713472485769,0.40037950664136623,28.718764830631656
36061012601,118758.0,0.6546377607025247,0.24190450054884743,26.751675883444573
36061012602,217106.0,0.6786813186813186,0.35428571428571426,36.17057971927173
36061012700,145545.0,0.6788977306218685,0.5402298850574713,29.61544083850143
36061012800,189583.0,0.6469271469271469,0.2830687830687831,33.800198605414174
36061012901,120911.0,0.6984910449866027,0.416020307431956,26.993081315085902
36061012902,102684.0,0.4159425765017,0.3944087646392142,24.875449974461272
36061013000,169674.0,0.6463936430317848,0.22402200488997556,31.97622606350215
36061013100,109764.0,0.6581143740340031,0.446676970633694,25.718729992065974
36061013201,146250.0,0.6221934369602763,0.3018134715025907,29.687080754772747
36061013202,93333.0,0.591120855028775,0.3165250753631132,23.71576669221426
36061013203,117741.0,0.6662782568165929,0.3404800745746912,26.636883820408435
36061013300,151250.0,0.7337941628264208,0.4682027649769585,30.190287453382222
36061013400,128580.0,0.6058044519582981,0.23471400394477318,27.835964065663184
36061013501,84129.0,0.5523864959254947,0.3092743500194024,22.516061168304063
36061013502,97942.0,0.5839052848318462,0.32378174330816745,24.294280446265375
36061013601,250001.0,0.7936879018118059,0.2706019871420222,38.81418123587089
36061013602,164093.0,0.5952914798206278,0.269859064702114,31.445940182891732
36061013603,153977.0,0.6464075915047447,0.22774514234071397,30.461233336138392
36061013604,160556.0,0.786697247706422,0.4205848623853211,31.105187701012788
36061013700,165600.0,0.8043136020151134,0.4239609571788413,31.590007040029732
36061013800,152500.0,0.6370913380519043,0.3480788675429727,30.314784012296876
36061013900,106915.0,0.7399098325461572,0.3374838986689566,25.38276193916263
36061014000,215987.0,0.5877458396369137,0.28996469994957136,36.07724474214457
36061014200,250001.0,0.7656402737047898,0.2631964809384164,38.81418123587089
36061014401,201585.0,0.7147096227214922,0.2598558711318355,34.85368188166686
36061014402,156389.0,0.6521978779109825,0.3246520600799228,30.698888946580958
36061014500,202780.0,0.6342423800495843,0.25113023187983086,34.95683590204129
36061014601,145189.0,0.7423363711681856,0.2899751449875725,29.579199291614096
36061014602,136671.0,0.7621444457450545,0.2783565492215849,28.698403832223157
36061014700,224554.0,0.6885676741130092,0.32293035479632065,36.7857787356674
36061014801,199167.0,0.6696990902729181,0.26836948915325404,34.644017343276715
36061014802,171442.0,0.6114160263446762,0.25043123725889915,32.14239017606345
36061014900,179732.0,0.6987910778137238,0.2446790396730802,32.910331734203346
36061015001,172788.0,0.6912784935579782,0.30822596630327054,32.26831927333665
36061015002,235643.0,0.7297060114085125,0.22619569986836333,37.68311780666918
36061015102,174659.0,0.5576257949347316,0.3003458663393953,32.4425543686577
36061015200,147285.0,0.5351941747572816,0.24599514563106797,29.791942151281955
36061015301,181813.0,0.6741166453810132,0.2777777777777778,33.10030708602695
36061015302,151935.0,0.6709156193895871,0.26068222621184917,30.258575006572247
36061015401,118167.0,0.6925391095066186,0.2751704773365423,26.685027912418892
36061015402,173737.0,0.4766987763603228,0.24342619109606872,32.35681124918136
36061015403,126472.0,0.5521435692921236,0.1860418743768694,27.606843271006547
36061015501,193056.0,0.7797112912794146,0.36800474589677673,34.10838907026626
36061015502,152337.0,0.7452054794520548,0.2593607305936073,30.298578665139818
36061015601,108368.0,0.5857371794871795,0.30388621794871795,25.554658733415515
36061015602,58125.0,0.3922393641888733,0.3034128097241702,18.71548298970269
36061015700,161886.0,0.6949967021577311,0.3439178366154716,31.233755236827328
36061015801,180264.0,0.6909361069836553,0.300334323922734,32.95900242068671
36061015802,93537.0,0.4873777575619741,0.3297702979304071,23.741670582856194
36061015900,170824.0,0.7561399695718322,0.3466637687459248,32.084405754244656
36061016001,250001.0,0.7405084186200066,0.2621327170683394,38.81418123587089
36061016002,109762.0,0.5272901372486435,0.29013724864347273,25.71849568166231
36061016100,152782.0,0.7468026550105229,0.2982030111704711,30.342799817829246
36061016200,22923.0,0.2394493342360641,0.10844053261114872,11.753177192040248
36061016300,122500.0,0.6621987737059746,0.2927420504776843,27.169872525418906
36061016400,29000.0,0.2778343949044586,0.15885350318471336,13.219607335666488
36061016500,222391.0,0.6576588997656142,0.26347718185578384,36.60818186545127
36061016600,60778.0,0.30693728165030776,0.22575278655797704,19.137832926576753
36061016700,249141.0,0.6724413646055437,0.2314765458422175,38.7473635987445
36061016800,33952.0,0.21366982124079917,0.16298633017875921,14.303826629122478
36061016900,175647.0,0.7116556937332358,0.27066569129480617,32.53418446582203
36061017000,48082.0,0.2318774296821404,0.18545620855248113,17.022009106596833
36061017100,167801.0,0.6872823345742765,0.2862975861654858,31.799246465124945
36061017200,30507.0,0.20173142742097847,0.26353935977451176,13.558739208065422
36061017300,157896.0,0.6509584664536742,0.26277955271565495,30.84644506839701
36061017401,39950.0,0.32847834419317745,0.19566883863549253,15.51593488294604
36061017402,71435.0,0.35231316725978645,0.2957690786872281,20.747944662337552
36061017500,184375.0,0.6540242340656093,0.29199093685351196,33.33270610329217
36061017700,117398.0,0.6083872313790946,0.2615272272063426,26.598056585724528
36061017800,55076.0,0.33901234567901234,0.271358024691358,18.21800228022167
36061017900,132808.0,0.6238866831205065,0.2979933469256358,28.28991709562796
36061018000,28413.0,0.2023863464733424,0.18894426823742638,13.085131821160024
36061018100,120703.0,0.6280129511931887,0.20230243434464565,26.969853578825713
36061018200,37257.0,0.19317073170731708,0.1873170731707317,14.983852780973502
36061018300,150462.0,0.6085011185682326,0.282114682679854,30.111540301620607
36061018400,39365.0,0.18431823995906882,0.20670248145305706,15.401913655025472
36061018500,145511.0,0.7236363636363636,0.26606060606060605,29.61198148297225
36061018600,51832.0,0.15559993343318357,0.14677983025461808,17.673336233098514
36061018700,140838.0,0.48473985078965215,0.31799244259277204,29.132615774730684
36061018800,40572.0,0.24511930585683298,0.3358311970025636,15.63625573701506
36061018900,37210.0,0.3154951306527818,0.18628868961527337,14.974398674062988
36061019000,87708.0,0.4702520135100026,0.24110158482722785,22.990010013588694
36061019100,141698.0,0.6372549019607843,0.28673587081891583,29.221426745383408
36061019200,19441.0,0.11958762886597939,0.17548682703321877,10.823777513293557
36061019300,76250.0,0.4106920845420638,0.33340240364691254,21.43578934530066
36061019400,38418.0,0.23446893787575152,0.22814860490211192,15.215524671361523
36061019500,119547.0,0.5386884806222342,0.23990881051361138,26.840394667239
36061019600,24665.0,0.16523235800344235,0.2043275141381854,12.191583468572018
36061019701,60398.0,0.6096096096096096,0.2752752752752753,19.077911743020493
36061019702,101667.0,0.5894736842105263,0.26842105263157895,24.751958074483564
36061019800,98347.0,0.38279400157853194,0.27348066298342544,24.344458271170577
36061019900,103636.0,0.5048263619216687,0.29623876622656165,24.990496100252827
36061020000,65064.0,0.5172647257955315,0.2081922816519973,19.801128224785455
36061020101,153826.0,0.22064777327935223,0.3699392712550607,30.446293525432452
36061020102,78235.0,0.4185414091470952,0.27070457354758964,21.713013376515768
36061020300,65806.0,0.19745547073791347,0.20712468193384223,19.913715720140445
36061020500,208500.0,0.3749554049232965,0.22244024259721726,35.44643689878639
36061020600,51100.0,0.3940193491644679,0.1961301671064204,17.54809619832118
36061020701,82778.0,0.5423669467787114,0.31057422969187676,22.334540455230847
36061020800,76513.0,0.43549255338237935,0.28045935761708235,21.47272547433602
36061020901,28015.0,0.13956238911886457,0.1543465405085748,12.993162495406947
36061021000,46942.0,0.2675521821631879,0.1609740670461733,16.81900698827987
36061021100,79522.0,0.5387399726081001,0.33643122676579923,21.890879155704738
36061021200,80909.0,0.4091743119266055,0.2271151885830785,22.080961129129605
36061021303,55466.0,0.23319228960977903,0.27519197617928226,18.282390465111586
36061021400,59615.0,0.4410751206064783,0.35354927636113026,18.953845255924474
36061021500,66667.0,0.31968426245683274,0.31623088307844105,20.043567024829823
36061021600,71833.0,0.3872800786799257,0.30805376461588896,20.805662951622242
36061021800,41902.0,0.39386275501601753,0.26117012308211096,15.89047695168833
36061021900,20912.0,0.14222222222222222,0.14037037037037037,11.225801061501352
36061022000,89896.0,0.49098656178302197,0.25319567354965583,23.27500271931929
36061022102,72083.0,0.4985200845665962,0.35602536997885836,20.841836423294826
36061022200,82438.0,0.44958583261925167,0.24107397886318194,22.288625131162235
36061022301,49410.0,0.2767537826685007,0.2797799174690509,17.255477565884874
36061022302,39004.0,0.2961974649766511,0.29452968645763844,15.3311287326905
36061022400,27551.0,0.10604530370797864,0.13389121338912133,12.885113245226151
36061022500,58015.0,0.29033474776049034,0.29457802923149456,18.69776532895701
36061022600,61521.0,0.33669833729216153,0.21872525732383213,19.25445584981031
36061022700,70120.0,0.43888303477344576,0.26396206533192834,20.55608998596163
36061022800,74614.0,0.3193341478313989,0.21701282834453267,21.204582103388027
36061022900,59145.0,0.27422972494392633,0.2463699681265494,18.8789820929109
36061023000,38636.0,0.21662926151544298,0.2197285454739767,15.258633268740287
36061023100,67175.0,0.2993845252051583,0.2709554513481829,20.119787709243713
36061023200,29571.0,0.14225670869705787,0.1687681862269641,13.349117694604088
36061023300,83232.0,0.381840969224342,0.23283665227684167,22.395704147236266
36061023400,72423.0,0.2768878718535469,0.3146453089244851,20.890931827092956
36061023501,80337.0,0.36505503692350566,0.21736101435140032,22.002770124063755
36061023502,44799.0,0.18856837606837606,0.19444444444444445,16.430611100850516
36061023600,42692.0,0.19222741278202962,0.12374515455720107,16.039573161745142
36061023700,60116.0,0.28929765886287623,0.31225296442687744,19.033321974942552
36061023802,115000.0,0.49764428739693756,0.1735374950922654,26.325005866691445
36061023803,73750.0,0.5577689243027888,0.3286852589641434,21.081454372679804
36061023804,189327.0,0.6100294985250737,0.4218289085545723,33.777370150668
36061023900,46458.0,0.3064839572192513,0.3064839572192513,16.732075334845643
36061024100,61484.0,0.316931085770947,0.24467030242935053,19.24866496528373
36061024200,38235.0,0.07620917365696948,0.16027128324112083,15.179242657957495
36061024301,71706.0,0.2893820713664056,0.21366405570060923,20.787262716864845
36061024302,22973.0,0.05280619297760575,0.1141830246060271,11.765988315278472
36061024500,50184.0,0.25584554880228816,0.2177332856632106,17.390104579004273
36061024900,76563.0,0.3883129123468426,0.3477851083883129,21.47974036677291
36061025100,39115.0,0.18606375092661231,0.22535211267605634,15.352928372072464
36061025300,70266.0,0.2827856792545365,0.30632663070132415,20.57747923677858
36061025500,93149.0,0.4380708805261235,0.26251370113262695,23.6923781057396
36061025700,90792.0,0.45511845251032385,0.3257987394044773,23.390706952335567
36061025900,75406.0,0.3422448546573308,0.3172077233184808,21.31682443318591
36061026100,47837.0,0.1453543442693533,0.23887023163695859,16.978586221442896
36061026300,58184.0,0.23671376766287358,0.24796798799549832,18.724979191246774
36061026500,91589.0,0.37543554006968644,0.26854156296665005,23.493148025727947
36061026700,71719.0,0.21773015099853874,0.3901607403799318,20.789146953667444
36061026900,66208.0,0.14942678478374152,0.35825951016154245,19.974448214703596
36061027100,77021.0,0.33245417380983777,0.3199261506000264,21.543890495506794
36061027300,119902.0,0.5791991253245866,0.34973349733497333,26.880216983505743
36061027500,167955.0,0.7151181612172224,0.34088701845257363,31.81383505783776
36061027700,55585.0,0.16661690056733353,0.2185727082711257,18.301992011988922
36061027900,64509.0,0.31400099651220725,0.2920777279521674,19.71649492369519
36061028100,119063.0,0.6511483550589696,0.2734326505276226,26.786006324801285
36061028300,72444.0,0.338170191834727,0.21273979340875554,20.893960407589336
36061028500,47846.0,0.14730290456431536,0.16273340248962656,16.98018331249607
36061028700,88138.0,0.37865533616595853,0.3331667083229193,23.046296882661416
36061029100,58731.0,0.23912842766134243,0.26294894284922904,18.812792017732978
36061029300,46227.0,0.1205485766970151,0.2120548576697015,16.690425608852273
36061029500,75938.0,0.3511005038451339,0.3520286396181384,21.391888874683143
36061029900,42607.0,0.1553935860058309,0.18571428571428572,16.02359776809685
36061030300,96414.0,0.41014909756735546,0.343185979597175,24.104027105216332
36061030700,120114.0,0.6907322068612392,0.4078341013824885,26.903970087221595
36061030900,44217.0,0.1680121568999905,0.13923449520372305,16.323534191715257
36061031703,250001.0,0.5859060402684564,0.35956375838926175,38.81418123587089
36061031704,242705.0,0.7101606386123978,0.38178772050852466,38.243613298303515
36081000101,128641.0,0.6769565217391305,0.26260869565217393,27.842566151789544
36081000102,213452.0,0.6794750158127767,0.4010120177103099,35.86490383294554
36081000200,74509.0,0.20392491467576793,0.29180887372013653,21.18965685496104
36081000400,81326.0,0.09585824081981213,0.2143467122117848,22.13778995662783
36081000600,104958.0,0.16306584362139917,0.21887860082304528,25.149382706283458
36081000701,136827.0,0.5866816521494802,0.3866254565889295,28.714777730848223
36081000702,122125.0,0.49455337690631807,0.29750665698378115,27.1282541105985
36081000800,112708.0,0.2120541885540503,0.2457837987282278,26.061351160524204
36081001000,95476.0,0.2135129618289447,0.28311900387834255,23.98648796143267
36081001200,84656.0,0.1829852045256745,0.28024369016536116,22.586473508574848
36081001400,84063.0,0.15254664649520927,0.29954614220877457,22.507227403439718
36081001600,75028.0,0.16273490603758498,0.28588564574170333,21.263328138870843
36081001800,88409.0,0.16265270506108204,0.26666666666666666,23.081700187644476
36081001901,201425.0,0.6854103343465046,0.36119554204660587,34.839847280657736
36081001902,153000.0,0.7584849975405804,0.46401049352352847,30.364439711444625
36081001903,144531.0,0.7012065294535131,0.3534421575585522,29.512096360026874
36081002000,115000.0,0.18645121193287756,0.24114356743318832,26.325005866691445
36081002200,81219.0,0.21772805507745266,0.28141135972461273,22.123221902298376
36081002400,74489.0,0.16292906178489702,0.21967963386727687,21.186812758409122
36081002500,26511.0,0.15053050397877984,0.17506631299734748,12.639579077033888
36081002600,130089.0,0.30883678990081154,0.27366997294860235,27.998827449468774
36081002800,90914.0,0.26962025316455696,0.36265822784810126,23.406417082368872
36081003000,93981.0,0.21509686038744155,0.2511690046760187,23.79795217205667
36081003100,109926.0,0.46662657847263983,0.3842453397474444,25.737702050703426
36081003200,120000.0,0.18528610354223432,0.27574931880108994,26.891199799540157
36081003301,173910.0,0.7475022706630337,0.46624280956706027,32.37291701693329
36081003302,57949.0,0.3311546840958606,0.30610021786492375,18.687126669236353
36081003400,82143.0,0.17807692307692308,0.25384615384615383,22.248710060666603
36081003600,85508.0,0.13254060324825986,0.23636890951276102,22.699847039194577
36081003800,98125.0,0.2017738359201774,0.2501108647450111,24.31696621203901
36081003900,56201.0,0.2265943012211669,0.21913161465400272,18.403125086709817
36081004001,84630.0,0.12407063197026022,0.3378252788104089,22.58300480341601
36081004002,47150.0,0.24667472793228537,0.19528415961305925,16.856228311557395
36081004200,81806.0,0.18078840054372453,0.2822836429542365,22.203024358641034
36081004300,26203.0,0.05910041841004184,0.14801255230125523,12.565942406739813
36081004401,81071.0,0.20083449235048678,0.2767732962447844,22.103055870899887
36081004500,91111.0,0.4621818181818182,0.23381818181818181,23.431762842971093
36081004700,59125.0,0.23248707099200752,0.15044663845792194,18.87578984025147
36081005100,87250.0,0.27895667550839964,0.3448275862068966,22.92990599558782
36081005200,81912.0,0.2620741295394983,0.3444402845376264,22.217404469408415
36081005300,112438.0,0.5712470502813578,0.44400072608458885,26.030116536469325
36081005400,80464.0,0.12977810926720118,0.21536453477531234,22.02015469357424
36081005500,95833.0,0.36218181818181816,0.2676363636363636,24.03129077241304
36081005700,112273.0,0.45695364238410596,0.41967132695609516,26.01101024644214
36081005800,89354.0,0.19078509647371922,0.25615435795076513,23.204731941723548
36081005900,87414.0,0.40383216104778075,0.289837496968227,22.951446047898475
36081006100,121711.0,0.5017354415734671,0.4219051291939838,27.0822331008215
36081006201,67394.0,0.2629605477665471,0.2310074991848712,20.1525576989296
36081006202,83278.0,0.1732064421669107,0.20029282576866764,22.40189203223889
36081006300,126799.0,0.591044282881692,0.3985459352280238,27.64250970330958
36081006501,94926.0,0.40438051650866297,0.3922850604772802,23.917299774816446
36081006502,89697.0,0.45678691928367504,0.3296132883467428,23.24922686911928
36081006900,121090.0,0.5073935113661443,0.40631207239020084,27.013054578930397
36081007100,89167.0,0.5830806549423894,0.31109763493026077,23.18043779951898
36081007300,95714.0,0.5511964385086255,0.3291597106288258,24.016365788773307
36081007500,76490.0,0.416323879627625,0.2736523056938731,21.469497854151662
36081007700,135903.0,0.45529715762273903,0.34677002583979327,28.617657278448643
36081007900,121667.0,0.43607901602683563,0.39396198285501305,27.07733738074684
36081008100,117350.0,0.5219062259800153,0.3920061491160646,26.59261851504549
36081008300,98676.0,0.3007103393843725,0.30820836621941594,24.385144004116974
36081008500,75625.0,0.24903474903474904,0.2413127413127413,21.347756984257714
36081008600,72205.0,0.1835071707953064,0.24511082138200782,20.859466301877156
36081008700,25293.0,0.15853288875416793,0.11458017581085177,12.345813966037483
36081008800,119656.0,0.1879139072847682,0.23206401766004414,26.852628083591743
36081009100,102256.0,0.453072625698324,0.3324022346368715,24.823553817497118
36081009400,72130.0,0.127696590118302,0.23695198329853862,20.848630027114176
36081009500,121458.0,0.545940690325717,0.35342732134175986,27.05407061188192
36081009600,121042.0,0.18530834340991537,0.2587666263603386,27.00770006930633
36081009700,118433.0,0.46099476439790577,0.32120418848167537,26.715045714771588
36081009800,81027.0,0.14885496183206107,0.2858354537743851,22.097057015260663
36081010000,112798.0,0.17054020100502512,0.3542713567839196,26.071754386349802
36081010100,116477.0,0.409804672539257,0.31214094216775184,26.49351884004459
36081010200,104201.0,0.14769122312301727,0.30560451180824816,25.058524769439313
36081010300,83500.0,0.43283582089552236,0.30177238805970147,22.431731305973845
36081010400,84275.0,0.10506512301013024,0.2622286541244573,22.5355902244408
36081010500,82730.0,0.25821501014198783,0.29858012170385395,22.328064015845168
36081010600,112583.0,0.14809873248832556,0.29319546364242827,26.046895342683744
36081010800,105625.0,0.17050691244239632,0.3204301075268817,25.229167345031847
36081011000,80388.0,0.13317519484920365,0.2690613351406303,22.00975297904823
36081011100,96500.0,0.39298831385642735,0.27879799666110183,24.114774944103786
36081011200,67444.0,0.1600798403193613,0.38243512974051896,20.160031962684513
36081011300,86285.0,0.4385130754268424,0.36892154743894534,22.802749072435244
36081011400,127917.0,0.15076013513513514,0.21663851351351351,27.764105705075433
36081011500,110729.0,0.4867032503165893,0.33938370620514985,25.831536851508503
36081011600,75438.0,0.2179797003383277,0.3073948767520541,21.321347057562928
36081011700,139000.0,0.5213214620431116,0.3104498594189316,28.941894533929474
36081011800,84109.0,0.20109760878087024,0.28381027048216384,22.51338463589383
36081011900,80417.0,0.3786407766990291,0.3713592233009709,22.013722634230486
36081012000,79342.0,0.15450468813697513,0.2723196086424786,21.866089848660184
36081012100,100000.0,0.410829607550919,0.2697466467958271,24.54819454764424
36081012200,98107.0,0.20628887353144437,0.2795438838977194,24.314735763800687
36081012301,109250.0,0.4920013059092393,0.3176624224616389,25.658441830853096
36081012400,86538.0,0.11373048741637465,0.3631729850270787,22.836155068552706
36081012500,119074.0,0.5311004784688995,0.39097744360902253,26.787243649849547
36081012601,79097.0,0.21225710014947682,0.24476831091180867,21.832303619260724
36081012602,82188.0,0.2324906755076668,0.3025279734769996,22.254803427543553
36081012800,113068.0,0.2546661136457901,0.28328494400663623,26.102939186845084
36081013000,72675.0,0.284640171858217,0.2513426423200859,20.927245865622854
36081013200,83984.0,0.37625250501002006,0.31462925851703405,22.496649093682024
36081013400,83601.0,0.33766008999653857,0.2454136379370024,22.445293702188696
36081013500,90694.0,0.35700197238658776,0.22287968441814596,23.37807969341369
36081013600,84848.0,0.36346336822074216,0.28924833491912466,22.612072088957426
36081013700,103603.0,0.48085758039816234,0.31495661051556917,24.986517019473137
36081013800,83082.0,0.3183787917410145,0.2612796329339791,22.37551437324318
36081014000,113347.0,0.32666015625,0.308837890625,26.135124389394328
36081014100,96731.0,0.4684278350515464,0.40914948453608246,24.14362045367459
36081014201,63409.0,0.12662123543635964,0.34579028357880853,19.547670440875027
36081014202,102627.0,0.12686826555439695,0.2015988877302746,24.868544821405663
36081014300,97582.0,0.35677352637021714,0.32549120992761116,24.249590770192718
36081014400,76795.0,0.16227801592161667,0.21494182486221677,21.512259536572333
36081014500,79135.0,0.39567747298420614,0.2510390689941812,21.837547357445928
36081014700,82485.0,0.3557901272896616,0.2728966159577771,22.29497788179178
36081014900,62740.0,0.34211663066954645,0.32138228941684666,19.444277640772274
36081015000,98636.0,0.10601137286758733,0.3090982940698619,24.38020103607233
36081015100,78542.0,0.43163340724316335,0.352549889135255,21.755573410629474
36081015200,79626.0,0.11385767790262172,0.22846441947565543,21.90518907974636
36081015300,85188.0,0.4525627044711014,0.3462377317339149,22.65733195380855
36081015400,80469.0,0.14136904761904762,0.3239087301587302,22.020838844642526
36081015500,105368.0,0.3573200992555831,0.32903225806451614,25.198455653370115
36081015600,79539.0,0.19987756351392716,0.307927762473217,21.893218917397952
36081015700,70353.0,0.44568868980963045,0.3717805151175812,20.590214321234765
36081015801,97047.0,0.23869900771775082,0.31560088202866593,24.183024384775134
36081015802,102838.0,0.1145734372031161,0.2449173475204256,24.8940964240414
36081015900,87067.0,0.43932107496463935,0.3425742574257426,22.905846537747507
36081016100,95066.0,0.2561029738126942,0.30892143808255657,23.934930288517727
36081016300,40402.0,0.1508254127063532,0.19634817408704353,15.603462754110163
36081016400,82273.0,0.13837244742456567,0.24535202682109114,22.266308570928878
36081016600,69889.0,0.08454106280193237,0.18188405797101448,20.522202550034294
36081016800,110208.0,0.11658195679796696,0.28081321473951715,25.770694168443182
36081016900,93356.0,0.4323371078522369,0.2964544273250418,23.718688643900943
36081017000,103958.0,0.14364859517214087,0.2508903838543728,25.02928908202587
36081017200,71012.0,0.2240223463687151,0.19776536312849163,20.68642431892107
36081017400,125694.0,0.15620542082738945,0.3027817403708987,27.52179971574802
36081017600,82266.0,0.18698481561822125,0.2455531453362256,22.26536131316832
36081017800,81298.0,0.14165890027958994,0.24277726001863933,22.133978681751238
36081017901,69804.0,0.415158371040724,0.36990950226244346,20.509719055301982
36081018000,79539.0,0.09636963696369637,0.20924092409240924,21.893218917397952
36081018101,83817.0,0.348806010195868,0.36544137375905555,22.47427096271417
36081018102,87273.0,0.42565914650720305,0.3066050557216635,22.932928076311374
36081018200,95417.0,0.19423692636072573,0.30665243685521165,23.97907551489799
36081018300,78164.0,0.3932954753617879,0.31782377724858035,21.70315861922667
36081018401,57833.0,0.1494140625,0.2470703125,18.66841372692516
36081018402,87021.0,0.11947684694238246,0.2368328031106398,22.899794829589347
36081018501,87500.0,0.4106085083467959,0.33656435110393107,22.962733365289218
36081018502,120286.0,0.5548473666554847,0.34116068433411606,26.923226075001832
36081018600,94750.0,0.16127232142857142,0.33761160714285715,23.89511724458929
36081018700,95795.0,0.3305256064690027,0.340633423180593,24.02652581883522
36081018800,97056.0,0.07603686635944701,0.3294930875576037,24.184145708327765
36081018900,91516.0,0.4014786242365799,0.2809386049501768,23.48378368245233
36081019000,83636.0,0.14673485444531864,0.2950432730133753,22.449991630888277
36081019200,102222.0,0.2320675105485232,0.23441162681669012,24.819426573135992
36081019400,90000.0,0.19952413324269205,0.2685248130523453,23.288462164644784
36081019600,94766.0,0.1160815402038505,0.2587768969422424,23.897134689111923
36081019800,75682.0,0.1028393351800554,0.296398891966759,21.355800574003002
36081020200,133409.0,0.19920091324200914,0.2054794520547945,28.353855444178183
36081020400,63031.0,0.10418743768693918,0.317048853439681,19.489318594837638
36081020500,74625.0,0.19027484143763213,0.2769556025369979,21.206145092954404
36081020600,56818.0,0.11095505617977527,0.26474719101123595,18.50386825628159
36081020800,60458.0,0.16280825364871665,0.25012581781580273,19.087385488531652
36081021200,63702.0,0.11052433044134288,0.3296869105997737,19.592781279384965
36081021400,84304.0,0.28975265017667845,0.24617196702002356,22.539467269259514
36081021601,103958.0,0.5967519004837595,0.3427781617138908,25.02928908202587
36081021602,70296.0,0.16752767527675277,0.24206642066420664,20.581871535327352
36081022001,76336.0,0.2946951934349355,0.26553341148886284,21.44787431826001
36081022002,105068.0,0.40233236151603496,0.28002915451895044,25.16255801281367
36081023000,115403.0,0.3909191583610188,0.25858250276854927,26.371091515506173
36081023200,90250.0,0.36525172754195456,0.33484698914116484,23.32078482026203
36081023501,58279.0,0.23297764227642276,0.3252032520325203,18.74025957331958
36081023502,75958.0,0.2356902356902357,0.30864197530864196,21.39470570954184
36081023600,80707.0,0.24019750217833286,0.2950914899796689,22.053379886038414
36081023800,62500.0,0.11745896397356641,0.3033468343636751,19.40705180387065
36081024000,63333.0,0.1143256464011181,0.2812019566736548,19.535952322189008
36081024300,60243.0,0.18693009118541035,0.2847644376899696,19.05341609786493
36081024500,66548.0,0.2899739843906344,0.22693616169701822,20.025670240737067
36081024700,60234.0,0.2379943502824859,0.2853107344632768,19.051992802627733
36081024900,77815.0,0.28115781710914456,0.2853982300884956,21.65465242610573
36081025100,92929.0,0.32087072116982385,0.30890661349285475,23.664383149009428
36081025301,71371.0,0.3991607658012064,0.32835038027799635,20.738648336954604
36081025302,64180.0,0.1922110552763819,0.3062185929648241,19.666152966234705
36081025401,84550.0,0.11938534278959811,0.22245862884160755,22.572328521148886
36081025402,35952.0,0.066655330726067,0.13007991838122768,14.719094175491
36081025500,98714.0,0.3050445103857567,0.23204747774480713,24.389838895872817
36081025700,84561.0,0.2496570644718793,0.3175582990397805,22.5737968093713
36081025800,104698.0,0.1046875,0.2171875,25.118213600546557
36081025900,72708.0,0.31521389514313286,0.3081376648440013,20.9319966102749
36081026000,61202.0,0.0800996796012816,0.21537913848344606,19.204471663471846
36081026100,81192.0,0.2031877846236271,0.28971336726493435,22.119544335210353
36081026200,80197.0,0.11401425178147269,0.21199524940617578,21.983590101132798
36081026300,86974.0,0.236422370280638,0.3093074904098526,22.893609910304207
36081026400,82500.0,0.15603112840466926,0.2463035019455253,22.29700497438876
36081026501,63520.0,0.2661290322580645,0.3450940860215054,19.564772450624584
36081026502,71927.0,0.1935007385524372,0.3604135893648449,20.819271550194124
36081026600,65288.0,0.11614875191034131,0.22210901681100356,19.83518424443859
36081026700,58077.0,0.3572862304295464,0.3946206342834203,18.707753710351952
36081026901,63971.0,0.18858718710224862,0.26622825625795504,19.634105773710314
36081026902,54111.0,0.2419953596287703,0.317169373549884,18.05769595978718
36081027000,115613.0,0.131786771964462,0.2295162882527147,26.3950744802104
36081027101,54460.0,0.1998894620486367,0.22973470891672806,18.11583577238379
36081027102,69904.0,0.10161408657373441,0.3657373440939105,20.524404731513318
36081027200,94464.0,0.12566560170394037,0.34291799787007454,23.859026646235975
36081027301,67266.0,0.06358189081225034,0.24467376830892143,20.133410939867687
36081027302,71818.0,0.12425041976493163,0.3523626769009355,20.803490543131794
36081027400,65000.0,0.11116504854368932,0.20388349514563106,19.791387169848498
36081027500,65993.0,0.13650392817059484,0.35830527497194165,19.94198991305645
36081027701,63667.0,0.13512800211137505,0.3581419899709686,19.587398076630183
36081027702,58984.0,0.26792223572296475,0.2761239368165249,18.853269121216524
36081027800,55365.0,0.12658730158730158,0.16111111111111112,18.265737355078183
36081027900,83614.0,0.15804764671702498,0.29006391632771644,22.447038761910953
36081028000,64803.0,0.11512553582363748,0.12553582363747703,19.76137284733559
36081028100,61699.0,0.35480784563865414,0.27555413809599744,19.28229039131948
36081028200,80556.0,0.09347181008902077,0.24579624134520278,22.032739672497488
36081028300,83750.0,0.3297057638049174,0.28187558780061805,22.46528664456075
36081028400,87682.0,0.12510471935213627,0.30745601787210275,22.986602202641123
36081028500,120758.0,0.4259399924041018,0.3680212685150019,26.975997473380847
36081028700,80250.0,0.32716141555920564,0.3389577422726594,21.9908530775426
36081028801,87946.0,0.08799093655589124,0.14954682779456194,23.021181146959318
36081028802,79519.0,0.16247139588100687,0.17025171624713958,21.890466230621993
36081028900,81644.0,0.44525547445255476,0.2575020275750203,22.18102919669008
36081029100,64051.0,0.3138584862031756,0.2811777400955758,19.646378816913916
36081029300,55714.0,0.15746606334841629,0.3230769230769231,18.32321706143778
36081029400,102472.0,0.10574824157167112,0.2540625757943245,24.84975794767751
36081029500,81014.0,0.3017524644030668,0.35131434830230013,22.095284314406527
36081029700,107979.0,0.22163265306122448,0.336734693877551,25.508751735105434
36081030600,99158.0,0.15746872700515085,0.2910228108903606,24.444628180548545
36081030903,74444.0,0.2481325863678805,0.277077497665733,21.18041214483067
36081030904,55489.0,0.1536697247706422,0.31077981651376146,18.2861806374535
36081030905,72857.0,0.12070844686648502,0.2727520435967302,20.953433530983126
36081030906,81875.0,0.18136986301369862,0.33643835616438356,22.212386054423238
36081031700,73846.0,0.30674002751031637,0.2094222833562586,21.095170721487598
36081032000,97022.0,0.15197678636198766,0.2025752629669931,24.179909324287003
36081032700,91830.0,0.16443745082612116,0.28743771308680827,23.52403671886774
36081032800,100260.0,0.14802947773149633,0.17462351810317206,24.580086484254238
36081032900,71680.0,0.13183363850379284,0.2511116923881768,20.783493730783483
36081033000,103550.0,0.15560844986611128,0.20797381731627493,24.980125048145368
36081033401,85547.0,0.1465,0.1765,22.70502312279146
36081033403,52973.0,0.2042042042042042,0.1596211596211596,17.866802671434154
36081033404,55366.0,0.22713081486106776,0.17686543865126444,18.265902311773544
36081033405,79895.0,0.33838230839139655,0.20327173583762495,21.942158961480203
36081033700,106250.0,0.17385057471264367,0.2984913793103448,25.30369975953719
36081033900,64404.0,0.2153846153846154,0.2235897435897436,19.700442318074277
36081034700,75583.0,0.14301430143014301,0.31298129812981296,21.341828188784426
36081035100,89408.0,0.2877500685119211,0.29460126061934777,23.211742631031417
36081035200,117031.0,0.13256484149855907,0.19704610951008644,26.556449711652704
36081035300,100673.0,0.17507723995880536,0.3388259526261586,24.63066070564968
36081035700,91494.0,0.20022346368715083,0.2757541899441341,23.480960819267878
36081035800,95476.0,0.2330166270783848,0.22897862232779098,23.98648796143267
36081036100,95096.0,0.15257910706545297,0.2795838751625488,23.9387065664139
36081036300,75469.0,0.057984353428439946,0.34330418775885874,21.325727435289693
36081036500,72125.0,0.06657608695652174,0.3376358695652174,20.84790740853166
36081036600,91215.0,0.17999352541275493,0.25089025574619617,23.445132295191076
36081036700,69821.0,0.15409309791332262,0.21789727126805777,20.512216362033154
36081036800,138750.0,0.16326530612244897,0.2804363124560169,28.915855937084487
36081037100,74702.0,0.24634794156706508,0.23439575033200533,21.217082795997353
36081037300,73352.0,0.09219001610305957,0.25684380032206117,21.024493223911378
36081037501,78942.0,0.04661280298321939,0.3213175885643257,21.810901628485787
36081037502,72100.0,0.09727916511367872,0.25792023853894896,20.844293939848914
36081037600,96188.0,0.17000859352621026,0.17459180750501288,24.07575991273096
36081037700,90714.0,0.04457030288106378,0.3794631864072888,23.380657238895385
36081037900,81216.0,0.07607984293193717,0.3151178010471204,22.12281331392253
36081038100,81484.0,0.10645867542419267,0.3712370005473454,22.159284150340675
36081038400,101500.0,0.17703703703703705,0.21703703703703703,24.73162071887375
36081039400,98646.0,0.1668228678537957,0.17525773195876287,24.3814368720315
36081039800,93563.0,0.2504854368932039,0.2906148867313916,23.74497002877245
36081039901,103981.0,0.14316702819956617,0.27114967462039047,25.032057708834
36081039902,55481.0,0.04619289340101523,0.2949238578680203,18.28486240574797
36081040000,110577.0,0.19464882943143813,0.3010033444816054,25.81380101903645
36081040101,61203.0,0.09681008902077151,0.3252967359050445,19.204628556982
36081040102,74181.0,0.06834842604570936,0.2895644674428633,21.142965359305602
36081040200,146250.0,0.19626168224299065,0.24299065420560748,29.687080754772747
36081040301,36921.0,0.0781633368384157,0.3603224675779881,14.916134271561205
36081040302,79231.0,0.03983760466886577,0.4090332402943415,21.850789090786186
36081040400,91556.0,0.18934467233616809,0.2968984492246123,23.48891529182294
36081040501,100818.0,0.10030090270812438,0.34002006018054165,24.648392176516932
36081040502,81144.0,0.029288702928870293,0.350418410041841,22.113004928020814
36081040701,56375.0,0.10814950980392157,0.20863970588235295,18.431591387228163
36081040702,100525.0,0.0522119341563786,0.400977366255144,24.612549203416997
36081040901,117742.0,0.03218059558117195,0.28674351585014407,26.636996936601026
36081040902,79800.0,0.06643576826196473,0.38287153652392947,21.929109802454235
36081041100,70490.0,0.06708229426433915,0.3109725685785536,20.61025246755807
36081041300,62361.0,0.05706039076376554,0.2830817051509769,19.385459150066733
36081041400,91500.0,0.19778516057585824,0.19867109634551494,23.481730724700135
36081041500,65833.0,0.0852575488454707,0.30753615833544784,19.917800569429517
36081042400,79384.0,0.19621661721068248,0.19176557863501484,21.87187653332495
36081042700,59773.0,0.10648367250354945,0.261239943208708,18.978945699835332
36081043200,87083.0,0.1697674418604651,0.2062015503875969,22.90795110497068
36081043400,101691.0,0.1445459430413756,0.19129500268672756,24.75487943509974
36081043701,63333.0,0.12360211889346674,0.20011771630370806,19.535952322189008
36081043702,66250.0,0.20101083032490974,0.2603610108303249,19.98078274996268
36081043900,62333.0,0.04579710144927536,0.21420289855072464,19.381106639698164
36081044000,61970.0,0.07873594001071238,0.18478843063738618,19.324590714519918
36081044301,26859.0,0.09116567880327406,0.16483206322325714,12.722266129188753
36081044302,63247.0,0.11326254424318134,0.2808661253383302,19.522683863113443
36081044400,44805.0,0.15643312101910828,0.22089171974522293,16.43171135270837
36081044601,55278.0,0.15920529801324504,0.2503311258278146,18.25138041547463
36081044602,44338.0,0.16884572282405677,0.23552484124019424,16.345853641621517
36081044800,71765.0,0.18488628026412326,0.2747615553925165,20.795812882278323
36081045000,134081.0,0.19045390734674777,0.23537669630322883,28.425176932758777
36081045200,59896.0,0.27391742195367574,0.22860020140986909,18.998462962029937
36081045400,70000.0,0.30862646566164154,0.2627721943048576,20.53849310159568
36081045500,76386.0,0.166274694261524,0.27516462841015993,21.454897336031507
36081045600,74792.0,0.33556485355648535,0.28619246861924685,21.229859981690904
36081045700,73684.0,0.23721063160903116,0.31180337239211203,21.072019203738357
36081045800,80972.0,0.3041871921182266,0.2676518883415435,22.089556154778858
36081045900,84846.0,0.21450939457202506,0.3368997912317328,22.611805586443033
36081046000,67375.0,0.1550061371208136,0.27546905137646854,20.14971675175937
36081046100,84844.0,0.11504777070063694,0.3515127388535032,22.61153908078761
36081046200,56679.0,0.20362576885723535,0.2113952735513111,18.481220392241752
36081046300,73555.0,0.08381924198250729,0.2728377065111759,21.053565528172655
36081046400,113043.0,0.2567121997173811,0.23834196891191708,26.100053270601677
36081046500,88365.0,0.07236554438128552,0.385002186270223,23.075955743064366
36081046600,75493.0,0.25070239896261076,0.26194078236438295,21.32911807763273
36081046700,78932.0,0.11215580926796508,0.35124244459368703,21.809520133692285
36081046800,81833.0,0.19330655957161982,0.23694779116465864,22.206688100916924
36081046901,68601.0,0.18812965396408235,0.29610162067455104,20.332219038884148
36081046902,88200.0,0.156794425087108,0.34431422236300285,23.054401328037333
36081047000,77045.0,0.22089194851840765,0.25471415743789283,21.547246808066216
36081047100,62635.0,0.2608895002292526,0.3436497019715727,19.428000113833388
36081047200,117344.0,0.34691295546558704,0.2965587044534413,26.591938678016827
36081047300,65083.0,0.3715585348336126,0.2453914292554465,19.80401917811002
36081047500,84160.0,0.29997994786444754,0.30018046921997193,22.520209164881894
36081047600,112567.0,0.48384728340675476,0.29515418502202645,26.04504441877249
36081047801,54045.0,0.3788557213930348,0.2681592039800995,18.046679978086047
36081047802,96050.0,0.18863636363636363,0.2840909090909091,24.058483082996013
36081047900,89395.0,0.25176200622848716,0.25307326667759383,23.21005506602731
36081048000,76250.0,0.20643198609300303,0.23381138635375923,21.43578934530066
36081048100,69250.0,0.15007656967840735,0.22863705972434917,20.428169153589753
36081048200,74907.0,0.2884770346494762,0.2328767123287671,21.24617520345915
36081048301,68125.0,0.29190751445086704,0.23314065510597304,20.2615569266715
36081048302,88051.0,0.21962379257752923,0.35739705134722927,23.034919707900908
36081048400,82515.0,0.21046228710462286,0.2568937550689375,22.299031882712967
36081048500,64159.0,0.2683860568204715,0.22566995768688294,19.662935273800723
36081048900,59106.0,0.10538922155688622,0.29161676646706586,18.872756700089848
36081049201,82750.0,0.21423862887277523,0.22808174027686223,22.330762760523648
36081049202,108053.0,0.23678982916170044,0.2173222089789432,25.517491047051443
36081049301,65357.0,0.14587829089339663,0.2075960293482952,19.845662941084978
36081049302,58384.0,0.15387076135636596,0.22168905950095968,18.75713393415216
36081049500,97250.0,0.21247113163972287,0.2779060816012317,24.20830383404408
36081049600,88125.0,0.2301988540613414,0.28547354229861815,23.044597202002638
36081049700,61563.0,0.15942513368983957,0.2820855614973262,19.261027176441683
36081049900,85759.0,0.2221591983361694,0.2864435621100397,22.733139166869556
36081050000,74951.0,0.168141592920354,0.22187104930467763,21.252414236329102
36081050201,93182.0,0.1277591973244147,0.30434782608695654,23.696574496700155
36081050202,110357.0,0.1694915254237288,0.2333767926988266,25.788109131307
36081050400,130179.0,0.24373177842565596,0.23381924198250728,28.008511046021713
36081050500,109728.0,0.28397673188789,0.2659968270756214,25.714512078139773
36081050600,106786.0,0.1913312693498452,0.22786377708978328,25.36744432903214
36081050700,98274.0,0.315273951637588,0.2724211815120906,24.33542151683868
36081050800,79432.0,0.2035264483627204,0.28513853904282116,21.87848801310717
36081051000,91250.0,0.13329081632653061,0.20790816326530612,23.449629915810057
36081051100,110357.0,0.1982690794649882,0.28206136900078677,25.788109131307
36081051200,103214.0,0.16033120060218292,0.27625141136620246,24.939564247723638
36081051300,104583.0,0.15577534440127164,0.2705757682797598,25.104414921459547
36081051500,96792.0,0.1964342566061764,0.2572429162687042,24.151231916053035
36081051600,122826.0,0.1714160455940377,0.24594476106970628,27.206001069922113
36081051700,111413.0,0.2532705389848247,0.3212977498691784,25.911197866613517
36081051800,114583.0,0.15047021943573669,0.25794894760412,26.277234141052585
36081052000,102950.0,0.2189119170984456,0.15738341968911918,24.907648710540418
36081052100,100806.0,0.23692992213570635,0.26140155728587317,24.64692522861047
36081052200,92833.0,0.14654418197725283,0.21434820647419073,23.652156783722585
36081052400,110357.0,0.20613441587731168,0.1984663960306721,25.788109131307
36081052500,72031.0,0.17122990004345937,0.3307257714037375,20.83431751439181
36081052600,93000.0,0.16738754325259517,0.3044982698961938,23.673421503039247
36081052800,81477.0,0.17848837209302326,0.18255813953488373,22.158332317339475
36081053000,110938.0,0.13846153846153847,0.2686390532544379,25.85590375656862
36081053100,64307.0,0.15473032714412024,0.278219864426761,19.685601136056
36081053200,98850.0,0.13867276887871854,0.20823798627002288,24.40663426632556
36081053401,104688.0,0.15388858246001103,0.24434638720353005,25.11701401634213
36081053501,63816.0,0.18174539631705364,0.33466773418734985,19.610304894548268
36081053800,117155.0,0.15833333333333333,0.2222222222222222,26.570514907852647
36081053901,84183.0,0.3159144893111639,0.2890736342042755,22.523286217086675
36081054000,80270.0,0.17691940867906533,0.2718168812589413,21.993593200047478
36081054200,90461.0,0.14096673405623966,0.26667891931630217,23.34803032095368
36081054500,60368.0,0.18266433973240256,0.29435718440954045,19.07317310564277
36081054700,115076.0,0.22884615384615384,0.3004273504273504,26.333703127580755
36081054800,83533.0,0.202880658436214,0.26872427983539093,22.436163485670587
36081054900,95897.0,0.1949773282176491,0.31478897802581096,24.039313822482857
36081055100,85947.0,0.2713283548314098,0.2505091649694501,22.758043202979707
36081055200,61895.0,0.26559139784946234,0.2637992831541219,19.312893255337162
36081055300,91604.0,0.272436921111466,0.3458958799105717,23.495071743603962
36081055400,92679.0,0.21170331718225865,0.32128214685054046,23.632530443950532
36081055500,108417.0,0.1809563066776587,0.3689200329760923,25.5604355160578
36081055600,130338.0,0.2924317062248097,0.2664576802507837,28.02561055615815
36081055700,85750.0,0.3222723652774091,0.284311122909477,22.731946268044435
36081055800,72841.0,0.2148708254568368,0.25078764965343414,20.95113263096867
36081055900,80221.0,0.29475587703435807,0.26491862567811936,21.98687929334119
36081056000,96905.0,0.2529976019184652,0.2529976019184652,24.165325504113312
36081056200,100441.0,0.29200896191187453,0.20313666915608664,24.602263770880143
36081056400,76875.0,0.11721366376423309,0.21098459477561957,21.523461651260618
36081056500,129327.0,0.266064790228359,0.4115772703133298,27.91670505209816
36081056600,74022.0,0.3119629874421679,0.2002643754130866,21.120294225092458
36081056700,108750.0,0.22036139268400176,0.3210665491405906,25.599659527218854
36081056800,103661.0,0.3074043261231281,0.26143926788685523,24.993510133645472
36081057700,78854.0,0.18524747717443538,0.2885631907736665,21.798741469511512
36081057900,73125.0,0.21577017114914426,0.3575794621026895,20.99193611533246
36081058000,112034.0,0.18356603341725794,0.24719615472648204,25.98331016105831
36081058100,74556.0,0.2651195499296765,0.29711673699015473,21.196338979717826
36081058200,127837.0,0.15768678160919541,0.2435344827586207,27.755422434511118
36081058300,101431.0,0.3014223194748359,0.2885667396061269,24.72321297529705
36081058500,96897.0,0.35920281359906214,0.33223915592028136,24.1643279983389
36081058700,93281.0,0.30403458213256485,0.2953890489913545,23.70915921315334
36081058900,67801.0,0.3142523364485981,0.28407320872274144,20.213317891943692
36081059000,76917.0,0.2626346313173157,0.2551781275890638,21.52934042818351
36081059100,61314.0,0.24634146341463414,0.33191056910569106,19.222035776454792
36081059200,91250.0,0.27773641102010427,0.23827252419955325,23.449629915810057
36081059300,82917.0,0.2550467749876908,0.27671097981290005,22.353284559669447
36081059400,147250.0,0.3488108720271801,0.2718006795016987,29.788402144054125
36081059501,72222.0,0.28465608465608466,0.28994708994708995,20.861921741646714
36081059502,56467.0,0.12322110378340854,0.21659146129816037,18.446624781050012
36081059600,100625.0,0.2598684210526316,0.16710526315789473,24.62478816449335
36081059800,87692.0,0.21237864077669902,0.19053398058252427,22.98791295894477
36081059900,89583.0,0.2286309937456567,0.31758165392633775,23.234447921490457
36081060000,100000.0,0.287223823246878,0.30931796349663787,24.54819454764424
36081060100,83125.0,0.21205821205821207,0.29313929313929316,22.381303970615708
36081060300,107067.0,0.25902335456475584,0.27123142250530785,25.400798741784435
36081060600,135147.0,0.2304075235109718,0.22884012539184953,28.53794924935557
36081060800,148583.0,0.3754243041412084,0.2355736591989138,29.92293008698106
36081061000,87500.0,0.2576,0.2032,22.962733365289218
36081061200,132969.0,0.31995987963891676,0.18004012036108324,28.307059500854855
36081061301,83125.0,0.1989795918367347,0.30494505494505497,22.381303970615708
36081061400,143468.0,0.26461143224149003,0.16570327552986513,29.403367941088412
36081061601,105192.0,0.24202780049059688,0.2179067865903516,25.17740190982966
36081061602,105682.0,0.2553191489361702,0.29509713228492135,25.235973823517966
36081061800,91638.0,0.2804532577903683,0.25609065155807365,23.49943158776365
36081061900,77794.0,0.25968619916746716,0.4450848543067563,21.65173024923832
36081062000,118646.0,0.31043956043956045,0.24793956043956045,26.739058230510945
36081062100,91940.0,0.23914411579609818,0.2577092511013216,23.53812181954503
36081062200,119632.0,0.24760536398467434,0.22701149425287356,26.849934965849886
36081062300,79107.0,0.1803783545974483,0.2410910690717114,21.833683672462143
36081062500,75375.0,0.1807465618860511,0.2263261296660118,21.31244222561205
36081062600,115167.0,0.1530955585464334,0.253028263795424,26.344113175814172
36081062700,76382.0,0.12898799313893652,0.2751286449399657,21.45433557921172
36081062900,96908.0,0.1966153846153846,0.29723076923076924,24.165699558163336
36081063000,124773.0,0.3802325581395349,0.16744186046511628,27.420783832417005
36081063200,112500.0,0.23273761169780666,0.2636068237205524,26.037292245788812
36081063301,128114.0,0.21593030491599252,0.23833229620410704,27.785476690134967
36081063302,142891.0,0.16148751910341314,0.22414671421293939,29.344181098345683
36081063500,89688.0,0.26241941600303376,0.23018581721653394,23.248060451675936
36081063700,91705.0,0.18351214003387917,0.18746470920383965,23.508020678721586
36081063800,140870.0,0.3108108108108108,0.2764394829612221,29.135925218051046
36081063900,115156.0,0.28033866415804326,0.24553151458137348,26.342855036916472
36081064101,96094.0,0.2964046822742475,0.23494983277591974,24.063992984358332
36081064500,85000.0,0.2838709677419355,0.16236559139784945,22.632317097828096
36081064600,128750.0,0.2670157068062827,0.23714197720973207,27.854359425758208
36081065000,136111.0,0.26825792661204134,0.2543640897755611,28.63954861596611
36081065401,98821.0,0.1794403892944039,0.22110705596107055,24.403053870203784
36081065600,110875.0,0.3107960741548528,0.28200654307524536,25.84856112707133
36081065702,61786.0,0.21967963386727687,0.2387490465293669,19.295880306156008
36081065703,115896.0,0.3078170613039247,0.22348361985079468,26.427359951895646
36081065900,99107.0,0.18381201044386422,0.17389033942558746,24.43834106110597
36081066000,121705.0,0.3066012002182215,0.2231314784506274,27.081565554744042
36081066100,111806.0,0.2904820766378245,0.23671199011124847,25.956857424100942
36081066301,102917.0,0.2677079549582274,0.2041409371594624,24.90365639249294
36081066401,145333.0,0.08579881656804733,0.23550295857988165,29.59386413912543
36081066402,109863.0,0.252441125789776,0.23520964962665136,25.73032569016155
36081066403,87031.0,0.18815093051050025,0.19463889363155198,22.901110554356134
36081066501,86773.0,0.22529644268774704,0.28952569169960474,22.867140636195106
36081066701,123229.0,0.19548598471059336,0.19111758281761923,27.25059683849999
36081066900,94375.0,0.2712915961646926,0.24873096446700507,23.847784512913556
36081067100,116076.0,0.324553950722175,0.27994902293967716,26.447874375212958
36081067700,108000.0,0.2792887029288703,0.2850418410041841,25.51123211436307
36081067900,72875.0,0.2426768278161467,0.32269587997142174,20.956021741526392
36081068000,124789.0,0.21898342138823101,0.2251776279832392,27.42254189897482
36081068200,93750.0,0.213768115942029,0.1721014492753623,23.76868716562147
36081068300,73466.0,0.26424211597151576,0.21083418107833163,21.04082448759129
36081068700,69348.0,0.3450737743931461,0.23084245597334602,20.442618632311124
36081069000,131683.0,0.14445549477871705,0.22725012431626057,28.16984209047997
36081069300,58605.0,0.3124792013311148,0.259234608985025,18.792600938786677
36081069400,101782.0,0.2088482451804251,0.1930301532377657,24.765953130353644
36081069500,112949.0,0.30821626223925075,0.2950191570881226,26.089199368781504
36081069701,102700.0,0.35,0.2851851851851852,24.877387918525795
36081069702,89065.0,0.3099183197199533,0.2382730455075846,23.167175711439416
36081070300,102833.0,0.43897026187305815,0.2303595206391478,24.893491239211375
36081070700,127188.0,0.4845201238390093,0.2503869969040248,27.684878735433358
36081070900,115000.0,0.5013550135501355,0.2567750677506775,26.325005866691445
36081071100,100625.0,0.5464743589743589,0.3092948717948718,24.62478816449335
36081071303,96641.0,0.5301521698290438,0.36276535788089426,24.13238604326352
36081071304,89959.0,0.5201962387571545,0.22485690923957483,23.28315696621307
36081071305,114158.0,0.42201834862385323,0.2831919681495586,26.228456401733144
36081071306,75560.0,0.4596406160867085,0.25755847119224184,21.338580769414285
36081071701,57300.0,0.4385708315921438,0.2590890096113665,18.58218876315628
36081071702,99527.0,0.49534883720930234,0.27325581395348836,24.490069252908285
36081071900,58606.0,0.2267711962833914,0.28339140534262486,18.792761270846853
36081072100,100167.0,0.36748786860768945,0.23796192609182532,24.568683739422376
36081072300,221534.0,0.5500427715996579,0.24807527801539778,36.53757762567054
36081072900,124250.0,0.44144838212634824,0.30970724191063176,27.36325484147711
36081073100,166481.0,0.47652838427947597,0.27565502183406115,31.673925756945803
36081073700,124545.0,0.6168032786885246,0.2535860655737705,27.395719125321204
36081073900,113609.0,0.5824508320726173,0.24167927382753404,26.16531244129626
36081074100,92857.0,0.4431891542930923,0.26145900581020015,23.65521396747715
36081074300,72344.0,0.41573631047315257,0.35752259436469963,20.879534660963152
36081074500,65885.0,0.26840039254170756,0.2686457311089303,19.92566532712151
36081074700,88924.0,0.37372262773722625,0.30656934306569344,23.148830314043607
36081074900,227054.0,0.5138522427440633,0.2994722955145119,36.98998328707658
36081075701,111042.0,0.4461506536625856,0.24610915127619837,25.868020362577226
36081075702,124360.0,0.4464843032862126,0.36882687718009916,27.375364668999836
36081076901,100710.0,0.48922539312754804,0.32187924674820423,24.635186500682074
36081076902,133438.0,0.5321158690176322,0.22544080604534006,28.35693700961833
36081077300,105326.0,0.5948352626892253,0.3468388245770258,25.193433062914032
36081077500,81058.0,0.47661250615460365,0.30132939438700146,22.10128365120227
36081077902,106588.0,0.3907555858775371,0.2106430155210643,25.343915568683503
36081077903,90781.0,0.28708272859216255,0.25195936139332364,23.389289946595834
36081077904,108542.0,0.282159970512348,0.29745669001105784,25.57516629642875
36081077905,87375.0,0.45451559934318553,0.3021346469622332,22.946325550857384
36081077906,85590.0,0.3627232142857143,0.2689732142857143,22.710728719360393
36081077907,69718.0,0.2976432935699738,0.1437299970904859,20.49708095831319
36081077908,74705.0,0.2637492607924305,0.2764636309875813,21.21750882615283
36081078800,98468.0,0.11959654178674352,0.28097982708933716,24.35942961733669
36081079000,74135.0,0.17263475310968715,0.24575951752732755,21.136408914743395
36081079200,73676.0,0.15127222028581389,0.21017776228651097,21.07087525980528
36081079701,55800.0,0.25832540437678403,0.25816682524579765,18.337353445803913
36081079702,40786.0,0.14548747358889225,0.30274675520676125,15.67743879350869
36081079900,53981.0,0.18581418581418582,0.3116883116883117,18.035991388440518
36081080301,67600.0,0.11005692599620494,0.24644212523719164,20.183333876025475
36081080302,92887.0,0.3051681706316653,0.20836751435602954,23.65903489163898
36081080900,61345.0,0.3029762721163078,0.21656837196543685,19.226894436869628
36081081400,141705.0,0.15445544554455445,0.29042904290429045,29.22214851795975
36081081800,127697.0,0.20908130939809927,0.34134107708553324,27.740220170726733
36081083700,63732.0,0.23459119496855346,0.2758909853249476,19.597394276242
36081083800,96551.0,0.15839971035481534,0.28819695872556117,24.121146400432668
36081084000,99424.0,0.1512920456185939,0.24310668399018334,24.47739364681273
36081084500,29589.0,0.1952047528113728,0.21514958625079567,13.353179910358087
36081084601,104659.0,0.21283659166359278,0.3094798967170786,25.113534898118544
36081084602,83000.0,0.07619738751814223,0.20029027576197386,22.36446959142251
36081084901,67219.0,0.10536713862364175,0.33849193282844914,20.126375917225534
36081084902,45658.0,0.09429997373259785,0.2077751510375624,16.587387804189003
36081085300,33756.0,0.15133829744415375,0.20627892936204467,14.262479906352793
36081085500,40199.0,0.1362526452873189,0.18297248901188345,15.564213561633581
36081085700,57813.0,0.2139222101054162,0.20828789531079608,18.665185461402142
36081085900,57706.0,0.2574326687653026,0.24886323889471842,18.64790474780211
36081086100,43750.0,0.14823756639304683,0.2491549975857074,16.237104477174597
36081086300,56774.0,0.1383583612771541,0.3402828400641493,18.496702147933934
36081086400,124141.0,0.127734375,0.32421875,27.351249814534476
36081086500,62688.0,0.2975446428571429,0.2546875,19.436218093202985
36081086900,86165.0,0.2652838427947598,0.45360262008733626,22.786887208080607
36081087100,47662.0,0.3516056453262426,0.22888116179177745,16.947501757833212
36081088400,98921.0,0.19379760609358,0.2132752992383025,24.415397847416227
36081088902,47661.0,0.25502697400686614,0.28788621873467385,16.947323968497336
36081088903,57807.0,0.21528224940974458,0.23395578450311225,18.66421687286142
36081089201,165529.0,0.27607430617726053,0.2403760071620412,31.583234301630483
36081090700,107917.0,0.13527508090614887,0.2809061488673139,25.501427303051177
36081091603,134844.0,0.3878243997089498,0.2187727382973563,28.505940212111593
36081091900,104375.0,0.12915057915057915,0.2523166023166023,25.07943802658383
36081092200,160357.0,0.4852240228789323,0.2449952335557674,31.085905171680213
36081092500,69250.0,0.12711650240080868,0.23426838514025777,20.428169153589753
36081092800,159600.0,0.40988372093023256,0.23372093023255813,31.012444493399563
36081092900,105682.0,0.21983611189601582,0.24851653009324667,25.235973823517966
36081093401,117143.0,0.2993767976989454,0.25047938638542666,26.569154085249945
36081093402,102324.0,0.3387884709330728,0.2540302882266732,24.831806248276607
36081093800,77802.0,0.21373745325723284,0.18893918519976383,21.65284350597458
36081093900,94050.0,0.1952560477536915,0.2469368520263902,23.80668668974802
36081094201,67727.0,0.23812217194570134,0.22313348416289594,20.20228417649016
36081094202,55694.0,0.18521739130434783,0.19252173913043477,18.31992796681949
36081094203,56784.0,0.31167247386759583,0.14773519163763066,18.498331052690638
36081094500,79700.0,0.22569444444444445,0.22296626984126985,21.915365451494196
36081094700,84125.0,0.1443791329904482,0.2891256429096253,22.515525887275835
36081095400,70795.0,0.16596764529658478,0.2182444577591372,20.654793124984522
36081096400,106425.0,0.22830422225278504,0.2567734837023793,25.32452952708131
36081097202,22941.0,0.04706565950029053,0.03137710633352702,11.757790804462116
36081097204,73250.0,0.10320617832904283,0.12754505031593727,21.009870280171544
36081097205,20744.0,0.07725453985841797,0.10372422283779624,11.180617970178687
36081097206,48980.0,0.0662172878667724,0.1895321173671689,17.18022894049714
36081097300,88889.0,0.2625231910946197,0.25139146567717996,23.14427423919234
36081098100,124519.0,0.3127035830618892,0.25773615635179153,27.392859412464546
36081098700,102639.0,0.26957192441187816,0.2560740455071346,24.869998697163787
36081099100,108224.0,0.36874723328906595,0.22015641139147116,25.537674503159824
36081099200,35529.0,0.09975609756097562,0.1770731707317073,14.632247836132384
36081099701,95063.0,0.364367816091954,0.210727969348659,23.93455262795895
36081099703,116319.0,0.44158571803623,0.27881333683381465,26.4755436324928
36081099704,95653.0,0.42000548847420416,0.17549396267837541,24.00871156993386
36081099705,147807.0,0.42456008985398724,0.29988768251591164,29.844688999406515
36081099801,68297.0,0.12262887748270475,0.20319125195268914,20.28711869448922
36081099802,45210.0,0.1811726147123088,0.1822651128914785,16.505808798532065
36081100801,142717.0,0.22357463164638053,0.25624599615631005,29.32630928405163
36081100803,48320.0,0.12762036397143514,0.19096982262151577,17.064085530765258
36081100804,99318.0,0.21756601607347875,0.2060849598163031,24.464341991031485
36081101002,52716.0,0.2395781842148624,0.16262975778546712,17.823409328498453
36081101003,70299.0,0.2030888030888031,0.19665379665379665,20.58231071362943
36081101004,42361.0,0.13030021665119157,0.24295883627359952,15.977273088644003
36081101700,109963.0,0.2809164650633272,0.22641240927849723,25.742033213740836
36081102900,100161.0,0.35080645161290325,0.2658410138248848,24.567947896729677
36081103201,53469.0,0.04994340690435767,0.15718732314657613,17.95025354761012
36081103202,81060.0,0.17315102548166564,0.19701678060907396,22.101556309636017
36081103300,101816.0,0.26441569831177375,0.25674194255645694,24.77008928457385
36081103900,74272.0,0.20119940029985006,0.2262368815592204,21.155929731244292
36081104700,77454.0,0.259061534138803,0.23531890980612533,21.604363810973815
36081105900,99740.0,0.3070414847161572,0.2336244541484716,24.51626112449782
36081107201,112949.0,0.30822212656048215,0.2668962548428756,26.089199368781504
36081108500,67226.0,0.2932031814895155,0.2650036153289949,20.12742384239385
36081109300,139605.0,0.3190930003286231,0.2744002628984555,29.00481120502542
36081109700,131142.0,0.3407008086253369,0.24366576819407007,28.11191673372801
36081109900,93456.0,0.3274515475846109,0.3011281457911484,23.731388599107817
36081111300,138173.0,0.3004024881083059,0.21551408708379072,28.855669159243327
36081112300,100929.0,0.344275420336269,0.29383506805444354,24.661957308110008
36081112900,100201.0,0.34775010921799915,0.18872870249017037,24.572853098463025
36081113300,118412.0,0.4581560283687943,0.2765957446808511,26.71267711467105
36081113900,87850.0,0.2913770913770914,0.26640926640926643,23.008612998175014
36081114100,126429.0,0.4229848363926576,0.26536312849162014,27.60214976106088
36081114700,98188.0,0.32575356953992596,0.20729772607086197,24.324771170279128
36081115100,121719.0,0.4883720930232558,0.2843551797040169,27.08312313666346
36081115500,89118.0,0.24338624338624337,0.24723424723424722,23.17406774366877
36081115700,62255.0,0.33150015276504735,0.29514207149404215,19.368976632027415
36081115900,63132.0,0.34675324675324676,0.2677922077922078,19.504927051521847
36081116100,42750.0,0.24190005491488192,0.2215815485996705,16.05046489193361
36081116301,41154.0,0.18144611186903137,0.23601637107776263,15.748006417087577
36081116302,61359.0,0.1971356360572873,0.20893007582139847,19.229088268202034
36081116700,55216.0,0.17953861584754263,0.19759277833500502,18.241142137484992
36081117100,76658.0,0.30572228891556624,0.24009603841536614,21.493062354786606
36081117500,87938.0,0.2978723404255319,0.21144987935950865,23.020134063307957
36081118100,98056.0,0.32432432432432434,0.2811850311850312,24.308415049054886
36081118500,60536.0,0.19247787610619468,0.2782079646017699,19.099694332505347
36081118700,67443.0,0.1985674492638281,0.2825308396339037,20.159882504565985
36081118900,54135.0,0.3109919571045576,0.4380697050938338,18.06170010551183
36081119300,50966.0,0.16882034180908712,0.19966652771988327,17.525072827783013
36081119500,104706.0,0.2128463476070529,0.22229219143576825,25.119173226663452
36081119900,120625.0,0.2092130518234165,0.2827895073576456,26.96113801856238
36081120100,84167.0,0.2593059936908517,0.2586750788643533,22.52114570353646
36081120300,58646.0,0.25748502994011974,0.3040585495675316,18.799173431969315
36081120500,31250.0,0.22073079791200598,0.2412378821774795,13.722857933355556
36081120701,106705.0,0.27746870653685674,0.3327538247566064,25.357821565811808
36081121500,89858.0,0.24055712936732768,0.26109537299339,23.270082903144367
36081122300,94397.0,0.22146050670640835,0.2786885245901639,23.85056396026267
36081122702,26694.0,0.16189047261815454,0.1980495123780945,12.683128265544251
36081122703,71465.0,0.18947933440687065,0.2290660225442834,20.75230088130196
36081122704,84904.0,0.3062089425725789,0.20915448188175462,22.619532884551678
36081124100,93417.0,0.35769628099173556,0.2577479338842975,23.72643642518194
36081124700,120685.0,0.34657236126224156,0.24483133841131666,26.967842545693177
36081125700,82031.0,0.2586496472959355,0.3261672824991602,22.233537097038617
36081126500,138424.0,0.3179460580912863,0.37863070539419086,28.881866342138185
36081126700,117743.0,0.19968588736818488,0.20484630917657617,26.637110052313254
36081127700,121577.0,0.5348133198789102,0.24924318869828457,27.067320649831526
36081129102,144154.0,0.4490968801313629,0.24794745484400657,29.473581006184027
36081129103,76705.0,0.3652556095304187,0.22183668748554244,21.499650180848366
36081129104,109891.0,0.4182397088924267,0.27132135546963837,25.733604333659542
36081130100,91389.0,0.36828022378983216,0.16565312576015567,23.467483385477596
36081133300,134083.0,0.5049986490137801,0.339908132937044,28.425388932005006
36081133900,141563.0,0.3691860465116279,0.23328488372093023,29.20750335668589
36081134100,64324.0,0.30158730158730157,0.3399778516057586,19.68820297648652
36081134701,89671.0,0.406198347107438,0.26673553719008264,23.245857059040333
36081134702,86058.0,0.3808440215142739,0.2511377741001241,22.772734394629694
36081136700,95803.0,0.35382492718074504,0.19254944044151465,24.02752904548446
36081137700,109481.0,0.4186710763680096,0.2521046301864101,25.68555382298755
36081138501,96563.0,0.3041656969979055,0.3078892250407261,24.122645322057274
36081139900,159300.0,0.45666235446313064,0.259379042690815,30.983283749298455
36081140300,79375.0,0.22041862451943614,0.25074754378470737,21.87063665836025
36081140901,125038.0,0.195357833655706,0.24081237911025144,27.449887298518124
36081140902,107321.0,0.3059418457648546,0.24905183312262957,25.43091063870368
36081141700,71500.0,0.2795363352652697,0.24632189032545698,20.757381981298323
36081142900,95227.0,0.2595438770451165,0.24863658899355479,23.955189338087834
36081143500,113974.0,0.3846493162770181,0.24261138067931187,26.20731034889705
36081144100,118001.0,0.4351851851851852,0.27925925925925926,26.666277874618427
36081144700,97917.0,0.21900250766230148,0.23989969350794094,24.29117965307377
36081145101,78125.0,0.24518388791593695,0.31961471103327493,21.697743538157347
36081145102,93750.0,0.291311093871218,0.23235065942591157,23.76868716562147
36081145900,119017.0,0.31368821292775667,0.2870722433460076,26.780831437032383
36081146300,88620.0,0.2682108089963075,0.2168512923799933,23.10922756795465
36081146700,112500.0,0.5195394277739009,0.4005582693649686,26.037292245788812
36081147100,94773.0,0.42544910179640716,0.2616766467065868,23.898017267535916
36081147900,90781.0,0.350939226519337,0.2634254143646409,23.389289946595834
36081148300,139643.0,0.5133779264214047,0.22909698996655517,29.00875844127557
36081150701,143472.0,0.4866666666666667,0.21523809523809523,29.403777832673942
36081150702,114821.0,0.44491803278688524,0.22262295081967212,26.304510166127525
36081152901,92750.0,0.3258426966292135,0.21615837346174424,23.64158097551195
36081152902,129235.0,0.4436980166346769,0.28774792066538707,27.906773661939816
36081155101,91719.0,0.7047835990888383,0.14259681093394078,23.509815017795834
36081155103,113622.0,0.41112899517130375,0.2904115888710048,26.166809414826904
36081155104,90192.0,0.3830113462128181,0.19319227230910763,23.313289956519338
36081156700,60625.0,0.14508060033351863,0.1473040578098944,19.11372935684126
36081157101,90857.0,0.36122648424138776,0.25262643537747376,23.399078416385255
36081157102,114844.0,0.21845386533665836,0.29625935162094763,26.307144585961485
36081157901,114219.0,0.3755948981534361,0.22901199314677329,26.23546301610668
36081157902,109875.0,0.2750370004933399,0.19067587567834238,25.73173087424267
36081157903,121000.0,0.3240790176187934,0.24853176721836626,27.003014002408666
36081161700,115125.0,0.27246134559130797,0.2946092770580861,26.33930904941842
36081162100,131094.0,0.29056779398076327,0.3149239838659634,28.106771564756308
36085000300,76563.0,0.44884169884169883,0.33542471042471045,21.47974036677291
36085000600,34421.0,0.2978486646884273,0.1661721068249258,14.402281597667713
36085000700,61533.0,0.2662175168431184,0.14148219441770934,19.25633360053155
36085000800,102717.0,0.19947025264873675,0.2997147514262429,24.879446818694674
36085000900,64233.0,0.27080394922425954,0.2637517630465444,19.674271468971423
36085001100,58516.0,0.13585534142279324,0.24411134903640258,18.778325902834027
36085001700,52833.0,0.3241106719367589,0.1857707509881423,17.843177360049925
36085001800,89750.0,0.3010752688172043,0.08387096774193549,23.25609458518818
36085002001,81932.0,0.3128654970760234,0.24451754385964913,22.220116654248216
36085002002,83581.0,0.32628797886393657,0.30416116248348746,22.44260872996724
36085002100,47755.0,0.223841059602649,0.30274361400189215,16.964028021593823
36085002700,36753.0,0.05775316455696203,0.13686708860759494,14.882159464604607
36085002900,61591.0,0.06760665220535068,0.21348517715112075,19.265406815615876
36085003300,97188.0,0.2355682112347916,0.236862542065752,24.200585817929138
36085003600,86695.0,0.22579453067257946,0.23577235772357724,22.85686072207199
36085003900,80882.0,0.34025629695095005,0.27132125497127707,22.07727652236875
36085004001,61118.0,0.35858031467252105,0.36297109403585803,19.191288029583422
36085004003,23021.0,0.0658682634730539,0.12090105503279155,11.778273883975237
36085004004,112609.0,0.12963973799126638,0.24072052401746724,26.04990281354544
36085004700,125982.0,0.23471800067544749,0.3005741303613644,27.553311733759507
36085005000,79539.0,0.2705530642750374,0.2746102925475123,21.893218917397952
36085005901,93977.0,0.4113821138211382,0.2032520325203252,23.79744572489398
36085006400,62188.0,0.16059457883998834,0.28825415330807347,19.35855119808314
36085006700,104602.0,0.4506363949088407,0.29274165806673547,25.106695226201218
36085007001,75600.0,0.2204861111111111,0.2791666666666667,21.344228137719966
36085007002,103971.0,0.14215445154943435,0.23807181505164782,25.03085399567583
36085007400,76259.0,0.21893608574831283,0.2905915045653037,21.43705437095089
36085007500,113673.0,0.24489795918367346,0.25347530316474415,26.172681330314706
36085007700,86875.0,0.12063655030800821,0.2402464065708419,22.880576631898627
36085008100,82248.0,0.1985042735042735,0.23653846153846153,22.26292532242638
36085009601,101159.0,0.29203152364273205,0.2760507880910683,24.690041517478324
36085009602,87816.0,0.2758060146301815,0.2988350040639393,23.00416013222177
36085009701,95000.0,0.2232101076275152,0.21899859616284512,23.926620379224914
36085010500,102500.0,0.18716577540106952,0.2601880877742947,24.853152756495813
36085011201,107602.0,0.25201716738197427,0.25527896995708155,25.464181919861957
36085011203,78505.0,0.19643374891272833,0.23224122934183822,21.750448439026147
36085011401,45259.0,0.14566687154271665,0.18500307314074985,16.514751129911634
36085011402,93625.0,0.2917163289630513,0.19189511323003575,23.75283608872301
36085012100,177083.0,0.326935380678183,0.2930262316058861,32.66690517667413
36085012200,114946.0,0.22434464539727697,0.20178825441983336,26.318824487414755
36085012500,129583.0,0.23618739903069466,0.30080775444264946,27.944321649237583
36085012804,86977.0,0.1929786775791514,0.2993754038337282,22.894004742308528
36085012805,130469.0,0.2814207650273224,0.325591985428051,28.039690996803305
36085012806,61378.0,0.1955538809344386,0.2763752825923135,19.232065210446315
36085013201,135500.0,0.27816236626809315,0.2718691000629327,28.575195087153507
36085013203,123693.0,0.29569154774972556,0.27826564215148186,27.30185261743629
36085013204,105833.0,0.23163064833005895,0.26031434184675833,25.253996153938946
36085013301,32750.0,0.020480854853072127,0.15316117542297417,14.048346439787652
36085013302,124188.0,0.15253748558246827,0.2234717416378316,27.35642694010276
36085013400,91912.0,0.2819672131147541,0.19863387978142077,23.534537320971243
36085013800,149661.0,0.32413793103448274,0.26255012028869285,30.031282396081167
36085014100,72500.0,0.19585755813953487,0.25799418604651164,20.902034476888083
36085014604,122083.0,0.27225364691872583,0.24173861268234595,27.123588871494754
36085014605,143125.0,0.27866323907455015,0.23676092544987146,29.368198459464494
36085014606,93159.0,0.2982619490999379,0.20965238981998757,23.693649817849593
36085014607,113333.0,0.2989499691167387,0.27383158328186125,26.133510305914463
36085014608,108958.0,0.24777448071216618,0.2522255192878338,25.6241293457762
36085014700,121000.0,0.30988816951147735,0.2672160094173043,27.003014002408666
36085015100,114919.0,0.22166634596882817,0.248412545699442,26.315733253290595
36085015601,136434.0,0.2636444974649568,0.305547271100507,28.673510208548056
36085015602,134313.0,0.2977543665095647,0.22484058774604934,28.449758308349747
36085015603,104668.0,0.2476916900843035,0.29887595343235646,25.114614676041068
36085016901,148153.0,0.19357429718875502,0.30495314591700134,29.879600154812916
36085017005,100558.0,0.3091421143847487,0.24870017331022531,24.616588733269968
36085017007,101971.0,0.24722134010797078,0.27405525563671007,24.78893653713005
36085017009,117222.0,0.2930280957336108,0.24807492195629552,26.57811155352535
36085017011,127585.0,0.2909691629955947,0.1962555066079295,27.728052358616527
36085017012,122917.0,0.3061895551257253,0.28336557059961315,27.216077469487637
36085017013,95875.0,0.22506448839208942,0.17777300085984524,24.036556201078277
36085017014,108828.0,0.3361762615493959,0.2170101871594409,25.6088384491928
36085017015,118598.0,0.34104245771487746,0.2699344149119779,26.733648841936855
36085017016,121371.0,0.2778757161745262,0.2783164389598942,27.044379501448454
36085017300,49500.0,0.18754745634016703,0.2589217919514047,17.271185787222322
36085017600,140795.0,0.2959859703819174,0.269485580670304,29.12816811816701
36085017701,136602.0,0.4249538380374571,0.3173305196518069,28.691158550275237
36085017702,116073.0,0.26988879384088965,0.2570573139435415,26.44753259855028
36085018100,95282.0,0.2540628385698808,0.1936619718309859,23.96210620634566
36085018701,102109.0,0.26704254228600716,0.27370579190158895,24.80570462136721
36085018703,100881.0,0.24164278892072588,0.2531041069723018,24.65609222112006
36085018704,134583.0,0.3235898606987897,0.24731673898150264,28.478339228499575
36085018901,147587.0,0.27967883769833685,0.2534888166698528,29.82246990088327
36085018902,112800.0,0.2592652795838752,0.18384265279583875,26.071985521997767
36085019700,115240.0,0.3505747126436782,0.2507836990595611,26.35246112101594
36085019800,134592.0,0.35786130227633667,0.25370566437268394,28.47929143185443
36085020100,97100.0,0.27990101732196865,0.25680505911465495,24.189626986335895
36085020701,68371.0,0.13407067709738332,0.18991097922848665,20.298106295351797
36085020702,43176.0,0.19392789373814043,0.2379506641366224,16.13023739043639
36085020803,147917.0,0.3101768777236606,0.2550628044091259,29.855792347757244
36085020804,101382.0,0.28309104820198927,0.20026778882938026,24.717240522207927
36085020805,119347.0,0.21228128095080884,0.22862330802244965,26.817933518115325
36085020806,96188.0,0.2111779271312345,0.2730810045985143,24.07575991273096
36085021300,83009.0,0.2205527731404192,0.26655537006121316,22.365682090038334
36085022300,62063.0,0.20521067867481504,0.21035702798327435,19.339085737680826
36085022601,104792.0,0.2780778285556017,0.2629829663481512,25.129486893028638
36085023100,83750.0,0.161029259182403,0.25544718821332224,22.46528664456075
36085023900,83864.0,0.2353870458135861,0.27361769352290677,22.48057125203017
36085024401,144702.0,0.25995068686157097,0.2803804156393096,29.529549628406123
36085024402,117981.0,0.29619067019759626,0.23955999185170096,26.66401794394938
36085024700,82853.0,0.1304791029561672,0.21100917431192662,22.34465613380535
36085024800,148914.0,0.2555717558841908,0.32618204540720686,29.956241367238043
36085025100,120592.0,0.26000920386562354,0.3001994170885105,26.957449817882228
36085027301,113711.0,0.273073476702509,0.2663530465949821,26.17705562669936
36085027302,100676.0,0.30074677528852684,0.2222222222222222,24.631027692983125
36085027702,74318.0,0.33322658126501203,0.27301841473178545,21.162480127974103
36085027704,98583.0,0.20519429024583663,0.2486122125297383,24.37365005935429
36085027705,96684.0,0.22825730226452248,0.287331801772235,24.13775424721583
36085027706,66349.0,0.294478527607362,0.18957055214723925,19.995706214540153
36085027900,163780.0,0.35090218423551756,0.14957264957264957,31.415935011043945
36085029102,120038.0,0.2167094382663245,0.3213572854291417,26.89545723582139
36085029104,109896.0,0.20708927783497574,0.3013678482129725,25.734189761756994
36085029105,113185.0,0.27229339361969357,0.21451896508414972,26.1164410363113
36085029106,114000.0,0.32114882506527415,0.18766318537859009,26.210299413128595
36085030301,109225.0,0.23030092189946078,0.2790050443555401,25.65550591439165
36085030302,91607.0,0.24730852045524454,0.23592740695170716,23.49545646827837
36085031901,49161.0,0.09156378600823045,0.19521604938271606,17.211943455822738
36085031902,65921.0,0.209240337627721,0.19546868058640604,19.931108341395618
36085032300,81691.0,0.23747680890538034,0.2541743970315399,22.1874127544544
